================================================================================
DrugAssist-7B Baseline Evaluation - 2000 samples
================================================================================

Configuration:
  - Text-only input (no scaffold images/SMILES)
  - Property constraints only (MW, LogP, HBD, HBA, TPSA, QED)
  - Save all generation results

Starting 2000 samples evaluation...
Estimated time: 1-2 hours

================================================================================
Running DrugAssistEvaluator
================================================================================
[1/3] Loading model...
Loading DrugAssist-7B from /root/autodl-tmp/multimodel/models/DrugAssist-7B...

Loading checkpoint shards:   0%|                                                                                                                                                  | 0/2 [00:00<?, ?it/s]
Loading checkpoint shards:  50%|████████████████████████████████████████████████████████████████████▌                                                                    | 1/2 [03:10<03:10, 190.96s/it]
Loading checkpoint shards: 100%|█████████████████████████████████████████████████████████████████████████████████████████████████████████████████████████████████████████| 2/2 [04:08<00:00, 112.55s/it]
Loading checkpoint shards: 100%|█████████████████████████████████████████████████████████████████████████████████████████████████████████████████████████████████████████| 2/2 [04:08<00:00, 124.32s/it]DrugAssist-7B model loaded successfully
[2/3] Running inference on 2000 samples...

Progress: 1/2000
Progress: 2/2000[10:31:45] SMILES Parse Error: syntax error while parsing: molecule
[10:31:45] SMILES Parse Error: Failed parsing SMILES 'molecule' for input: 'molecule'
[10:31:45] SMILES Parse Error: syntax error while parsing: 2-Cc1ccc(Sca2cc(Br)ccc2SC)cc11[I-]OC(C(C)(C)C)OC1C(C)(C)C)O7
[10:31:45] SMILES Parse Error: Failed parsing SMILES '2-Cc1ccc(Sca2cc(Br)ccc2SC)cc11[I-]OC(C(C)(C)C)OC1C(C)(C)C)O7' for input: '2-Cc1ccc(Sca2cc(Br)ccc2SC)cc11[I-]OC(C(C)(C)C)OC1C(C)(C)C)O7'

Progress: 3/2000[10:31:46] non-ring atom 3 marked aromatic

Progress: 4/2000
Progress: 5/2000
Progress: 6/2000
Progress: 7/2000[10:31:59] Can't kekulize mol.  Unkekulized atoms: 8 9 10 12 14
[10:31:59] SMILES Parse Error: syntax error while parsing: Taking
[10:31:59] SMILES Parse Error: Failed parsing SMILES 'Taking' for input: 'Taking'

Progress: 8/2000
Progress: 9/2000
Progress: 10/2000[10:32:09] non-ring atom 7 marked aromatic

Progress: 11/2000[10:32:14] SMILES Parse Error: syntax error while parsing: represented
[10:32:14] SMILES Parse Error: Failed parsing SMILES 'represented' for input: 'represented'

Progress: 12/2000[10:32:18] SMILES Parse Error: syntax error while parsing: NC(=[NH2+])S(=O)(=O)ol1cc(C(=O)ve)cc(C(=O)ve)c1
[10:32:18] SMILES Parse Error: Failed parsing SMILES 'NC(=[NH2+])S(=O)(=O)ol1cc(C(=O)ve)cc(C(=O)ve)c1' for input: 'NC(=[NH2+])S(=O)(=O)ol1cc(C(=O)ve)cc(C(=O)ve)c1'
[10:32:18] SMILES Parse Error: syntax error while parsing: represented
[10:32:18] SMILES Parse Error: Failed parsing SMILES 'represented' for input: 'represented'
[10:32:18] SMILES Parse Error: syntax error while parsing: Taking
[10:32:18] SMILES Parse Error: Failed parsing SMILES 'Taking' for input: 'Taking'

Progress: 13/2000
Progress: 14/2000
Progress: 15/2000[10:32:31] SMILES Parse Error: extra open parentheses for input: 'CCC(CC)(CC)Sc1cc(C(=O)'
[10:32:31] SMILES Parse Error: syntax error while parsing: Taking
[10:32:31] SMILES Parse Error: Failed parsing SMILES 'Taking' for input: 'Taking'

Progress: 16/2000[10:32:36] SMILES Parse Error: extra close parentheses while parsing: CC(C)C(C)C(C)C(C)C(C)C(C)C(C)C(C)C(C)C(C)C)C(C)C
[10:32:36] SMILES Parse Error: Failed parsing SMILES 'CC(C)C(C)C(C)C(C)C(C)C(C)C(C)C(C)C(C)C(C)C)C(C)C' for input: 'CC(C)C(C)C(C)C(C)C(C)C(C)C(C)C(C)C(C)C(C)C)C(C)C'
[10:32:36] SMILES Parse Error: extra close parentheses while parsing: CC(C)C(C)C(C)C(C)C(C)C(C)C(C)C(C)C(C)C(C)C)C(C)C
[10:32:36] SMILES Parse Error: Failed parsing SMILES 'CC(C)C(C)C(C)C(C)C(C)C(C)C(C)C(C)C(C)C(C)C)C(C)C' for input: 'CC(C)C(C)C(C)C(C)C(C)C(C)C(C)C(C)C(C)C(C)C)C(C)C'
[10:32:36] SMILES Parse Error: syntax error while parsing: The
[10:32:36] SMILES Parse Error: Failed parsing SMILES 'The' for input: 'The'

Progress: 17/2000[10:32:43] SMILES Parse Error: syntax error while parsing: C[NH+](C)CC(C[NH3+])C(=O)reru([nH]1)c([nH]2)c([nH]3)c([nH]4)c([nH]5)c([nH]6)c([nH]7)c([nH]8)c([nH]9)c([nH]0)c1c2c3c4c5c6c7c8c([nH]9)C1
[10:32:43] SMILES Parse Error: Failed parsing SMILES 'C[NH+](C)CC(C[NH3+])C(=O)reru([nH]1)c([nH]2)c([nH]3)c([nH]4)c([nH]5)c([nH]6)c([nH]7)c([nH]8)c([nH]9)c([nH]0)c1c2c3c4c5c6c7c8c([nH]9)C1' for input: 'C[NH+](C)CC(C[NH3+])C(=O)reru([nH]1)c([nH]2)c([nH]3)c([nH]4)c([nH]5)c([nH]6)c([nH]7)c([nH]8)c([nH]9)c([nH]0)c1c2c3c4c5c6c7c8c([nH]9)C1'

Progress: 18/2000[10:32:51] SMILES Parse Error: syntax error while parsing: Taking
[10:32:51] SMILES Parse Error: Failed parsing SMILES 'Taking' for input: 'Taking'

Progress: 19/2000
Progress: 20/2000[10:33:05] SMILES Parse Error: extra open parentheses for input: 'O=C(O)C(=O)N[C@@H]([NH+](C)CC(O)CC(O)CC(O)CC(O)CC(O)CC(O)CC(O)CC(O)CC(O)CC(O)CC(O)CC(O)CC(O)CC(O)CC(O)CC(O)CC(O)CC(O)CC(O)CC(O)CC(O)CC(O)CC(O)CC(O)CC(O)CC(O)'

Progress: 21/2000
Progress: 22/2000[10:33:11] SMILES Parse Error: syntax error while parsing: CCC(C)(C)C(C)(
[10:33:11] SMILES Parse Error: Failed parsing SMILES 'CCC(C)(C)C(C)(' for input: 'CCC(C)(C)C(C)('

Progress: 23/2000
Progress: 24/2000[10:33:18] SMILES Parse Error: syntax error while parsing: CCC(CC)(CC)Sc1c(Cl)cccc1C(=O)C(=O)NCCONC(=O)C(=O)M
[10:33:18] SMILES Parse Error: Failed parsing SMILES 'CCC(CC)(CC)Sc1c(Cl)cccc1C(=O)C(=O)NCCONC(=O)C(=O)M' for input: 'CCC(CC)(CC)Sc1c(Cl)cccc1C(=O)C(=O)NCCONC(=O)C(=O)M'
[10:33:18] SMILES Parse Error: syntax error while parsing: CCC(CC)(CC)Sc1c(Cl)cccc1C(=O)C(=O)NCCONC(=O)C(=O)M
[10:33:18] SMILES Parse Error: Failed parsing SMILES 'CCC(CC)(CC)Sc1c(Cl)cccc1C(=O)C(=O)NCCONC(=O)C(=O)M' for input: 'CCC(CC)(CC)Sc1c(Cl)cccc1C(=O)C(=O)NCCONC(=O)C(=O)M'
[10:33:18] SMILES Parse Error: syntax error while parsing: The
[10:33:18] SMILES Parse Error: Failed parsing SMILES 'The' for input: 'The'

Progress: 25/2000
Progress: 26/2000[10:33:22] SMILES Parse Error: syntax error while parsing: 585.00
[10:33:22] SMILES Parse Error: Failed parsing SMILES '585.00' for input: '585.00'

Progress: 27/2000
Progress: 28/2000
Progress: 29/2000
Progress: 30/2000
Progress: 31/2000
Progress: 32/2000[10:33:43] SMILES Parse Error: unclosed ring for input: 'NC(=[NH2+])C1CC1C2CC2C2CC2C2CCC2C2(C)C1C2'
[10:33:43] SMILES Parse Error: unclosed ring for input: 'NC(=[NH2+])C1CC1C2CC2C2CC2C2CCC2C2(C)C1C2'
[10:33:43] SMILES Parse Error: syntax error while parsing: The
[10:33:43] SMILES Parse Error: Failed parsing SMILES 'The' for input: 'The'

Progress: 33/2000[10:33:46] SMILES Parse Error: syntax error while parsing: NC(=[NH2+])C(F)(F)C(=O)NC(=O)NHD(C)HD1CC1
[10:33:46] SMILES Parse Error: Failed parsing SMILES 'NC(=[NH2+])C(F)(F)C(=O)NC(=O)NHD(C)HD1CC1' for input: 'NC(=[NH2+])C(F)(F)C(=O)NC(=O)NHD(C)HD1CC1'

Progress: 34/2000[10:33:47] SMILES Parse Error: syntax error while parsing: 5-CSc6ccccc6-c1ccccc1
[10:33:47] SMILES Parse Error: Failed parsing SMILES '5-CSc6ccccc6-c1ccccc1' for input: '5-CSc6ccccc6-c1ccccc1'

Progress: 35/2000[10:33:54] SMILES Parse Error: syntax error while parsing: 614.0.CCCCCC.B.C.B.C.B.C.B.C.B.C.B.C.B.C.B.C.B.B.B.B.B.B.B.B.B.B.B.B.B.B.B.B.B.B.B.B.B.B.B.B.B.B.B.B.B.B.B.B.B.B.B.B.B.B.B.B.B.B.B.
[10:33:54] SMILES Parse Error: Failed parsing SMILES '614.0.CCCCCC.B.C.B.C.B.C.B.C.B.C.B.C.B.C.B.C.B.B.B.B.B.B.B.B.B.B.B.B.B.B.B.B.B.B.B.B.B.B.B.B.B.B.B.B.B.B.B.B.B.B.B.B.B.B.B.B.B.B.B.' for input: '614.0.CCCCCC.B.C.B.C.B.C.B.C.B.C.B.C.B.C.B.C.B.B.B.B.B.B.B.B.B.B.B.B.B.B.B.B.B.B.B.B.B.B.B.B.B.B.B.B.B.B.B.B.B.B.B.B.B.B.B.B.B.B.B.'

Progress: 36/2000
Progress: 37/2000
Progress: 38/2000
Progress: 39/2000
Progress: 40/2000
Progress: 41/2000
Progress: 42/2000[10:34:21] Explicit valence for atom # 23 O, 3, is greater than permitted

Progress: 43/2000
Progress: 44/2000
Progress: 45/2000[10:34:30] SMILES Parse Error: syntax error while parsing: NCC(=O)NC(=O)NC(=O)N(C)C(=O)C(=O)NC(=O)N(C)C(=O)C(=O)NC(=O)N(C)C(=O)C(=O)NC(=O)N(C)C(=O)C(=O)NC(=O)N(C)C(=O)C(=O)NC(=O)N(C)C(=O)C(=O)NC(=
[10:34:30] SMILES Parse Error: Failed parsing SMILES 'NCC(=O)NC(=O)NC(=O)N(C)C(=O)C(=O)NC(=O)N(C)C(=O)C(=O)NC(=O)N(C)C(=O)C(=O)NC(=O)N(C)C(=O)C(=O)NC(=O)N(C)C(=O)C(=O)NC(=O)N(C)C(=O)C(=O)NC(=' for input: 'NCC(=O)NC(=O)NC(=O)N(C)C(=O)C(=O)NC(=O)N(C)C(=O)C(=O)NC(=O)N(C)C(=O)C(=O)NC(=O)N(C)C(=O)C(=O)NC(=O)N(C)C(=O)C(=O)NC(=O)N(C)C(=O)C(=O)NC(='

Progress: 46/2000[10:34:36] SMILES Parse Error: syntax error while parsing: O=C(O)CC(=O)NCC(=O)Taking
[10:34:36] SMILES Parse Error: Failed parsing SMILES 'O=C(O)CC(=O)NCC(=O)Taking' for input: 'O=C(O)CC(=O)NCC(=O)Taking'
[10:34:36] SMILES Parse Error: syntax error while parsing: represented
[10:34:36] SMILES Parse Error: Failed parsing SMILES 'represented' for input: 'represented'
[10:34:36] SMILES Parse Error: syntax error while parsing: Towards
[10:34:36] SMILES Parse Error: Failed parsing SMILES 'Towards' for input: 'Towards'

Progress: 47/2000[10:34:41] SMILES Parse Error: syntax error while parsing: Taking
[10:34:41] SMILES Parse Error: Failed parsing SMILES 'Taking' for input: 'Taking'

Progress: 48/2000
Progress: 49/2000[10:34:44] SMILES Parse Error: extra open parentheses for input: 'CCC(CC)(CC)Sc1cc(C(=O)'

Progress: 50/2000
Progress: 51/2000[10:34:47] SMILES Parse Error: syntax error while parsing: NC(=[NH2+])Scaffold:
[10:34:47] SMILES Parse Error: Failed parsing SMILES 'NC(=[NH2+])Scaffold:' for input: 'NC(=[NH2+])Scaffold:'
[10:34:47] SMILES Parse Error: syntax error while parsing: NC(=[NH2+])Scaffold
[10:34:47] SMILES Parse Error: Failed parsing SMILES 'NC(=[NH2+])Scaffold' for input: 'NC(=[NH2+])Scaffold'
[10:34:47] SMILES Parse Error: syntax error while parsing: The
[10:34:47] SMILES Parse Error: Failed parsing SMILES 'The' for input: 'The'

Progress: 52/2000[10:34:48] SMILES Parse Error: syntax error while parsing: CC(C[NH+](C)C[NH2+]C)C(=O)[C@@H](C)C(=O)C(=O)N[C@@H](C)C(=O)JA
[10:34:48] SMILES Parse Error: Failed parsing SMILES 'CC(C[NH+](C)C[NH2+]C)C(=O)[C@@H](C)C(=O)C(=O)N[C@@H](C)C(=O)JA' for input: 'CC(C[NH+](C)C[NH2+]C)C(=O)[C@@H](C)C(=O)C(=O)N[C@@H](C)C(=O)JA'
[10:34:48] SMILES Parse Error: syntax error while parsing: represented
[10:34:48] SMILES Parse Error: Failed parsing SMILES 'represented' for input: 'represented'
[10:34:48] SMILES Parse Error: syntax error while parsing: The
[10:34:48] SMILES Parse Error: Failed parsing SMILES 'The' for input: 'The'

Progress: 53/2000[10:34:52] SMILES Parse Error: syntax error while parsing: Taking
[10:34:52] SMILES Parse Error: Failed parsing SMILES 'Taking' for input: 'Taking'

Progress: 54/2000
Progress: 55/2000
Progress: 56/2000
Progress: 57/2000[10:34:57] SMILES Parse Error: unclosed ring for input: 'NC(=[NH2+])C1CC1C1CC1B(O)OCCN1'

Progress: 58/2000[10:34:59] SMILES Parse Error: syntax error while parsing: Taking
[10:34:59] SMILES Parse Error: Failed parsing SMILES 'Taking' for input: 'Taking'

Progress: 59/2000[10:35:01] SMILES Parse Error: unclosed ring for input: 'CCC(CC)(CC)Sc1cc(B(O)O)ccc17'
[10:35:01] SMILES Parse Error: syntax error while parsing: Taking
[10:35:01] SMILES Parse Error: Failed parsing SMILES 'Taking' for input: 'Taking'

Progress: 60/2000
Progress: 61/2000
Progress: 62/2000[10:35:11] SMILES Parse Error: syntax error while parsing: Taking
[10:35:11] SMILES Parse Error: Failed parsing SMILES 'Taking' for input: 'Taking'

Progress: 63/2000
Progress: 64/2000[10:35:19] SMILES Parse Error: syntax error while parsing: Taking
[10:35:19] SMILES Parse Error: Failed parsing SMILES 'Taking' for input: 'Taking'

Progress: 65/2000
Progress: 66/2000[10:35:24] SMILES Parse Error: syntax error while parsing: 603.00
[10:35:24] SMILES Parse Error: Failed parsing SMILES '603.00' for input: '603.00'

Progress: 67/2000[10:35:27] SMILES Parse Error: syntax error while parsing: NNC(=O)C(=O)NC(=O)Based
[10:35:27] SMILES Parse Error: Failed parsing SMILES 'NNC(=O)C(=O)NC(=O)Based' for input: 'NNC(=O)C(=O)NC(=O)Based'

Progress: 68/2000
Progress: 69/2000
Progress: 70/2000[10:35:34] SMILES Parse Error: syntax error while parsing: O=C(Se)C1CN(C(=O)C(=O)C(=O)C(F)(F)F)CC1C1CCCCCCC1
[10:35:34] SMILES Parse Error: Failed parsing SMILES 'O=C(Se)C1CN(C(=O)C(=O)C(=O)C(F)(F)F)CC1C1CCCCCCC1' for input: 'O=C(Se)C1CN(C(=O)C(=O)C(=O)C(F)(F)F)CC1C1CCCCCCC1'
[10:35:34] SMILES Parse Error: syntax error while parsing: O=C(Se)C1CN(C(=O)C(=O)C(=O)C(F)(F)F)CC1C1CCCCCCC1
[10:35:34] SMILES Parse Error: Failed parsing SMILES 'O=C(Se)C1CN(C(=O)C(=O)C(=O)C(F)(F)F)CC1C1CCCCCCC1' for input: 'O=C(Se)C1CN(C(=O)C(=O)C(=O)C(F)(F)F)CC1C1CCCCCCC1'
[10:35:34] SMILES Parse Error: syntax error while parsing: O=C([O-])C(=S)C(=O)C(=O)N1CC(C2CCCCCCC2)C(C(=O)Se)C1
[10:35:34] SMILES Parse Error: Failed parsing SMILES 'O=C([O-])C(=S)C(=O)C(=O)N1CC(C2CCCCCCC2)C(C(=O)Se)C1' for input: 'O=C([O-])C(=S)C(=O)C(=O)N1CC(C2CCCCCCC2)C(C(=O)Se)C1'

Progress: 71/2000[10:35:36] SMILES Parse Error: syntax error while parsing: TCCC(CC)(CC)Sc1cc(Cl)ccc1[I-]F
[10:35:36] SMILES Parse Error: Failed parsing SMILES 'TCCC(CC)(CC)Sc1cc(Cl)ccc1[I-]F' for input: 'TCCC(CC)(CC)Sc1cc(Cl)ccc1[I-]F'

Progress: 72/2000[10:35:37] SMILES Parse Error: syntax error while parsing: CCC(C)(C)C1(
[10:35:37] SMILES Parse Error: Failed parsing SMILES 'CCC(C)(C)C1(' for input: 'CCC(C)(C)C1('

Progress: 73/2000[10:35:42] SMILES Parse Error: syntax error while parsing: Taking
[10:35:42] SMILES Parse Error: Failed parsing SMILES 'Taking' for input: 'Taking'

Progress: 74/2000
Progress: 75/2000[10:35:47] SMILES Parse Error: syntax error while parsing: Taking
[10:35:47] SMILES Parse Error: Failed parsing SMILES 'Taking' for input: 'Taking'

Progress: 76/2000[10:35:48] SMILES Parse Error: syntax error while parsing: 576.0
[10:35:48] SMILES Parse Error: Failed parsing SMILES '576.0' for input: '576.0'

Progress: 77/2000[10:35:49] non-ring atom 4 marked aromatic
[10:35:49] non-ring atom 4 marked aromatic
[10:35:49] SMILES Parse Error: syntax error while parsing: The
[10:35:49] SMILES Parse Error: Failed parsing SMILES 'The' for input: 'The'

Progress: 78/2000[10:35:54] SMILES Parse Error: unclosed ring for input: 'NC(=[NH2+])C1CC1C1CC1C1CC1C1CC1C1CC1C1CC1C1CC1C1CC1C1CC1C1CC1C1CC1C1CC1C1CC1C1CC1C1CC1C1CC1C1CC1C1CC1C1CC1C1CC1C1CC1C1CC1C1CC1C1CC1C1CC1C1CC1C1'
[10:35:54] SMILES Parse Error: syntax error while parsing: The
[10:35:54] SMILES Parse Error: Failed parsing SMILES 'The' for input: 'The'

Progress: 79/2000[10:35:58] SMILES Parse Error: syntax error while parsing: Taking
[10:35:58] SMILES Parse Error: Failed parsing SMILES 'Taking' for input: 'Taking'

Progress: 80/2000[10:36:03] SMILES Parse Error: syntax error while parsing: Taking
[10:36:03] SMILES Parse Error: Failed parsing SMILES 'Taking' for input: 'Taking'

Progress: 81/2000
Progress: 82/2000[10:36:06] SMILES Parse Error: syntax error while parsing: TCCCCCCC(C(=O)O)C(=O)O
[10:36:06] SMILES Parse Error: Failed parsing SMILES 'TCCCCCCC(C(=O)O)C(=O)O' for input: 'TCCCCCCC(C(=O)O)C(=O)O'

Progress: 83/2000
Progress: 84/2000[10:36:08] SMILES Parse Error: syntax error while parsing: CCC(CC)(CC)Sc1cc(C(=O)B(O)O)ccc1lipophilic
[10:36:08] SMILES Parse Error: Failed parsing SMILES 'CCC(CC)(CC)Sc1cc(C(=O)B(O)O)ccc1lipophilic' for input: 'CCC(CC)(CC)Sc1cc(C(=O)B(O)O)ccc1lipophilic'

Progress: 85/2000
Progress: 86/2000
Progress: 87/2000[10:36:13] SMILES Parse Error: syntax error while parsing: CCC(CC)(CC)Sc1cc(C(=O)c2sccc2Cl)sc1H
[10:36:13] SMILES Parse Error: Failed parsing SMILES 'CCC(CC)(CC)Sc1cc(C(=O)c2sccc2Cl)sc1H' for input: 'CCC(CC)(CC)Sc1cc(C(=O)c2sccc2Cl)sc1H'
[10:36:13] SMILES Parse Error: syntax error while parsing: Taking
[10:36:13] SMILES Parse Error: Failed parsing SMILES 'Taking' for input: 'Taking'

Progress: 88/2000
Progress: 89/2000[10:36:20] SMILES Parse Error: syntax error while parsing: Taking
[10:36:20] SMILES Parse Error: Failed parsing SMILES 'Taking' for input: 'Taking'

Progress: 90/2000[10:36:22] SMILES Parse Error: syntax error while parsing: NC(=[NH2+])C1CCC(Based
[10:36:22] SMILES Parse Error: Failed parsing SMILES 'NC(=[NH2+])C1CCC(Based' for input: 'NC(=[NH2+])C1CCC(Based'

Progress: 91/2000[10:36:26] SMILES Parse Error: syntax error while parsing: Taking
[10:36:26] SMILES Parse Error: Failed parsing SMILES 'Taking' for input: 'Taking'

Progress: 92/2000[10:36:27] SMILES Parse Error: syntax error while parsing: NC(=[NH2+])C1CC1CSCAs
[10:36:27] SMILES Parse Error: Failed parsing SMILES 'NC(=[NH2+])C1CC1CSCAs' for input: 'NC(=[NH2+])C1CC1CSCAs'

Progress: 93/2000[10:36:31] SMILES Parse Error: syntax error while parsing: Taking
[10:36:31] SMILES Parse Error: Failed parsing SMILES 'Taking' for input: 'Taking'

Progress: 94/2000
Progress: 95/2000
Progress: 96/2000
Progress: 97/2000[10:36:39] SMILES Parse Error: unclosed ring for input: 'NC(=[NH2+])C1CC1C2CC2C2CC2C2(C)C1C2'
[10:36:39] SMILES Parse Error: unclosed ring for input: 'NC(=[NH2+])C1CC1C2CC2C2CC2C2(C)C1C2'
[10:36:39] SMILES Parse Error: syntax error while parsing: The
[10:36:39] SMILES Parse Error: Failed parsing SMILES 'The' for input: 'The'

Progress: 98/2000[10:36:43] SMILES Parse Error: syntax error while parsing: Taking
[10:36:43] SMILES Parse Error: Failed parsing SMILES 'Taking' for input: 'Taking'

Progress: 99/2000[10:36:48] SMILES Parse Error: syntax error while parsing: Taking
[10:36:48] SMILES Parse Error: Failed parsing SMILES 'Taking' for input: 'Taking'

Progress: 100/2000
Progress: 101/2000[10:36:53] SMILES Parse Error: syntax error while parsing: O=C(O)C(=O)NC(lipophilicity
[10:36:53] SMILES Parse Error: Failed parsing SMILES 'O=C(O)C(=O)NC(lipophilicity' for input: 'O=C(O)C(=O)NC(lipophilicity'

Progress: 102/2000
Progress: 103/2000
Progress: 104/2000
Progress: 105/2000
Progress: 106/2000
Progress: 107/2000
Progress: 108/2000[10:37:09] SMILES Parse Error: syntax error while parsing: Taking
[10:37:09] SMILES Parse Error: Failed parsing SMILES 'Taking' for input: 'Taking'

Progress: 109/2000
Progress: 110/2000
Progress: 111/2000
Progress: 112/2000
Progress: 113/2000
Progress: 114/2000
Progress: 115/2000
Progress: 116/2000
Progress: 117/2000
Progress: 118/2000[10:37:38] SMILES Parse Error: syntax error while parsing: Taking
[10:37:38] SMILES Parse Error: Failed parsing SMILES 'Taking' for input: 'Taking'

Progress: 119/2000[10:37:40] SMILES Parse Error: syntax error while parsing: C[NH+](C)CC(C[NH3+])C(=O)HBAAB
[10:37:40] SMILES Parse Error: Failed parsing SMILES 'C[NH+](C)CC(C[NH3+])C(=O)HBAAB' for input: 'C[NH+](C)CC(C[NH3+])C(=O)HBAAB'

Progress: 120/2000
Progress: 121/2000
Progress: 122/2000
Progress: 123/2000
Progress: 124/2000[10:37:49] non-ring atom 4 marked aromatic
[10:37:49] non-ring atom 4 marked aromatic
[10:37:49] SMILES Parse Error: syntax error while parsing: The
[10:37:49] SMILES Parse Error: Failed parsing SMILES 'The' for input: 'The'

Progress: 125/2000[10:37:54] SMILES Parse Error: syntax error while parsing: Taking
[10:37:54] SMILES Parse Error: Failed parsing SMILES 'Taking' for input: 'Taking'

Progress: 126/2000[10:37:56] SMILES Parse Error: syntax error while parsing: TCCC(CC)(CC)Sc1cc(C)c(C(=O)NC(C(=O)[O-])C(=O)[O-])c(C)c1
[10:37:56] SMILES Parse Error: Failed parsing SMILES 'TCCC(CC)(CC)Sc1cc(C)c(C(=O)NC(C(=O)[O-])C(=O)[O-])c(C)c1' for input: 'TCCC(CC)(CC)Sc1cc(C)c(C(=O)NC(C(=O)[O-])C(=O)[O-])c(C)c1'

Progress: 127/2000[10:38:01] SMILES Parse Error: syntax error while parsing: Taking
[10:38:01] SMILES Parse Error: Failed parsing SMILES 'Taking' for input: 'Taking'

Progress: 128/2000
Progress: 129/2000[10:38:03] SMILES Parse Error: syntax error while parsing: C[NH+](C)CC(C[NH3+])(lipophilic)HBA
[10:38:03] SMILES Parse Error: Failed parsing SMILES 'C[NH+](C)CC(C[NH3+])(lipophilic)HBA' for input: 'C[NH+](C)CC(C[NH3+])(lipophilic)HBA'

Progress: 130/2000[10:38:06] SMILES Parse Error: syntax error while parsing: CCC(CC)(CC)Sc1cc(Cl)cc(Cl)c1C(=O)illuminates
[10:38:06] SMILES Parse Error: Failed parsing SMILES 'CCC(CC)(CC)Sc1cc(Cl)cc(Cl)c1C(=O)illuminates' for input: 'CCC(CC)(CC)Sc1cc(Cl)cc(Cl)c1C(=O)illuminates'

Progress: 131/2000
Progress: 132/2000
Progress: 133/2000[10:38:16] SMILES Parse Error: syntax error while parsing: Taking
[10:38:16] SMILES Parse Error: Failed parsing SMILES 'Taking' for input: 'Taking'

Progress: 134/2000
Progress: 135/2000[10:38:18] SMILES Parse Error: syntax error while parsing: NC(=[NH2+])C(=O)B(O)C(C)C(=O)L(C)I
[10:38:18] SMILES Parse Error: Failed parsing SMILES 'NC(=[NH2+])C(=O)B(O)C(C)C(=O)L(C)I' for input: 'NC(=[NH2+])C(=O)B(O)C(C)C(=O)L(C)I'

Progress: 136/2000
Progress: 137/2000[10:38:22] SMILES Parse Error: syntax error while parsing: NC(=[NH2+])C(=O)C(=O)C(=O)From
[10:38:22] SMILES Parse Error: Failed parsing SMILES 'NC(=[NH2+])C(=O)C(=O)C(=O)From' for input: 'NC(=[NH2+])C(=O)C(=O)C(=O)From'
[10:38:22] SMILES Parse Error: syntax error while parsing: Taking
[10:38:22] SMILES Parse Error: Failed parsing SMILES 'Taking' for input: 'Taking'

Progress: 138/2000
Progress: 139/2000
Progress: 140/2000
Progress: 141/2000[10:38:27] SMILES Parse Error: syntax error while parsing: CCC(CC)(CC)Sc1cc(C(=O)c2sccc2Cl)sc1H
[10:38:27] SMILES Parse Error: Failed parsing SMILES 'CCC(CC)(CC)Sc1cc(C(=O)c2sccc2Cl)sc1H' for input: 'CCC(CC)(CC)Sc1cc(C(=O)c2sccc2Cl)sc1H'
[10:38:27] SMILES Parse Error: syntax error while parsing: denoted
[10:38:27] SMILES Parse Error: Failed parsing SMILES 'denoted' for input: 'denoted'
[10:38:27] SMILES Parse Error: syntax error while parsing: The
[10:38:27] SMILES Parse Error: Failed parsing SMILES 'The' for input: 'The'

Progress: 142/2000[10:38:28] SMILES Parse Error: syntax error while parsing: NC(=[NH2+])Scaffold
[10:38:28] SMILES Parse Error: Failed parsing SMILES 'NC(=[NH2+])Scaffold' for input: 'NC(=[NH2+])Scaffold'
[10:38:28] SMILES Parse Error: syntax error while parsing: NC(=[NH2+])Scaffold
[10:38:28] SMILES Parse Error: Failed parsing SMILES 'NC(=[NH2+])Scaffold' for input: 'NC(=[NH2+])Scaffold'
[10:38:28] SMILES Parse Error: syntax error while parsing: The
[10:38:28] SMILES Parse Error: Failed parsing SMILES 'The' for input: 'The'

Progress: 143/2000
Progress: 144/2000[10:38:33] SMILES Parse Error: syntax error while parsing: C[NH+](C)C(C(=O)NN)c1cccc(H)c1
[10:38:33] SMILES Parse Error: Failed parsing SMILES 'C[NH+](C)C(C(=O)NN)c1cccc(H)c1' for input: 'C[NH+](C)C(C(=O)NN)c1cccc(H)c1'

Progress: 145/2000
Progress: 146/2000
Progress: 147/2000
Progress: 148/2000
Progress: 149/2000
Progress: 150/2000
Progress: 151/2000[10:38:51] SMILES Parse Error: syntax error while parsing: NC(=[NH2+])C(I)C(=O)N(C)C(=O)NCC(=O)NCC(=O)NHBD(CC)C(=O)O
[10:38:51] SMILES Parse Error: Failed parsing SMILES 'NC(=[NH2+])C(I)C(=O)N(C)C(=O)NCC(=O)NCC(=O)NHBD(CC)C(=O)O' for input: 'NC(=[NH2+])C(I)C(=O)N(C)C(=O)NCC(=O)NCC(=O)NHBD(CC)C(=O)O'
[10:38:51] SMILES Parse Error: syntax error while parsing: NC(=[NH2+])C(I)C(=O)N(C)C(=O)NCC(=O)NCC(=O)NHBD(CC)C(=O)O
[10:38:51] SMILES Parse Error: Failed parsing SMILES 'NC(=[NH2+])C(I)C(=O)N(C)C(=O)NCC(=O)NCC(=O)NHBD(CC)C(=O)O' for input: 'NC(=[NH2+])C(I)C(=O)N(C)C(=O)NCC(=O)NCC(=O)NHBD(CC)C(=O)O'
[10:38:51] SMILES Parse Error: syntax error while parsing: The
[10:38:51] SMILES Parse Error: Failed parsing SMILES 'The' for input: 'The'

Progress: 152/2000[10:38:54] SMILES Parse Error: syntax error while parsing: O=C(O)C(=O)C(=O)NCC(=O)NCC(=O)NCC(=O)NCC(=O)NCC(=O)NCC(=O)NCC(=O)NCC(=O)NCC(=O)NCC(=O)NCC(=O)NCC(=O)NCC(=O)NCC(=O)NCC(=O)NCC(=O)NCC(=O)NCC(=O)NCC(=
[10:38:54] SMILES Parse Error: Failed parsing SMILES 'O=C(O)C(=O)C(=O)NCC(=O)NCC(=O)NCC(=O)NCC(=O)NCC(=O)NCC(=O)NCC(=O)NCC(=O)NCC(=O)NCC(=O)NCC(=O)NCC(=O)NCC(=O)NCC(=O)NCC(=O)NCC(=O)NCC(=O)NCC(=O)NCC(=' for input: 'O=C(O)C(=O)C(=O)NCC(=O)NCC(=O)NCC(=O)NCC(=O)NCC(=O)NCC(=O)NCC(=O)NCC(=O)NCC(=O)NCC(=O)NCC(=O)NCC(=O)NCC(=O)NCC(=O)NCC(=O)NCC(=O)NCC(=O)NCC(=O)NCC(='

Progress: 153/2000
Progress: 154/2000
Progress: 155/2000[10:39:02] SMILES Parse Error: syntax error while parsing: Taking
[10:39:02] SMILES Parse Error: Failed parsing SMILES 'Taking' for input: 'Taking'

Progress: 156/2000[10:39:07] SMILES Parse Error: syntax error while parsing: CC(C[NH+](C)C[NH2+]C)C(C)C[NH2+]C[NH+](C)C[N@H+](C)C[NH+](C)C[NH+](C)C[NH+](C)C[NH+](C)C[NH+](C)C[NH+](C)C[NH+](C)C[NH+](C)C[N
[10:39:07] SMILES Parse Error: Failed parsing SMILES 'CC(C[NH+](C)C[NH2+]C)C(C)C[NH2+]C[NH+](C)C[N@H+](C)C[NH+](C)C[NH+](C)C[NH+](C)C[NH+](C)C[NH+](C)C[NH+](C)C[NH+](C)C[NH+](C)C[N' for input: 'CC(C[NH+](C)C[NH2+]C)C(C)C[NH2+]C[NH+](C)C[N@H+](C)C[NH+](C)C[NH+](C)C[NH+](C)C[NH+](C)C[NH+](C)C[NH+](C)C[NH+](C)C[NH+](C)C[N'
[10:39:07] SMILES Parse Error: syntax error while parsing: The
[10:39:07] SMILES Parse Error: Failed parsing SMILES 'The' for input: 'The'

Progress: 157/2000
Progress: 158/2000[10:39:12] SMILES Parse Error: syntax error while parsing: CCC(CC)(CC)Sc1cc(C(=O)B(O)O)sc1lipophilic
[10:39:12] SMILES Parse Error: Failed parsing SMILES 'CCC(CC)(CC)Sc1cc(C(=O)B(O)O)sc1lipophilic' for input: 'CCC(CC)(CC)Sc1cc(C(=O)B(O)O)sc1lipophilic'
[10:39:12] SMILES Parse Error: syntax error while parsing: CCC(CC)(CC)Sc1cc(C(=O)B(O)O)sc1lipophilic
[10:39:12] SMILES Parse Error: Failed parsing SMILES 'CCC(CC)(CC)Sc1cc(C(=O)B(O)O)sc1lipophilic' for input: 'CCC(CC)(CC)Sc1cc(C(=O)B(O)O)sc1lipophilic'
[10:39:12] SMILES Parse Error: syntax error while parsing: The
[10:39:12] SMILES Parse Error: Failed parsing SMILES 'The' for input: 'The'

Progress: 159/2000[10:39:13] SMILES Parse Error: syntax error while parsing: NC(=[NH2+])C1CC1CSCff
[10:39:13] SMILES Parse Error: Failed parsing SMILES 'NC(=[NH2+])C1CC1CSCff' for input: 'NC(=[NH2+])C1CC1CSCff'
[10:39:13] SMILES Parse Error: syntax error while parsing: NC(=[NH2+])C1CC1CSCff
[10:39:13] SMILES Parse Error: Failed parsing SMILES 'NC(=[NH2+])C1CC1CSCff' for input: 'NC(=[NH2+])C1CC1CSCff'
[10:39:13] SMILES Parse Error: syntax error while parsing: The
[10:39:13] SMILES Parse Error: Failed parsing SMILES 'The' for input: 'The'

Progress: 160/2000
Progress: 161/2000
Progress: 162/2000
Progress: 163/2000
Progress: 164/2000
Progress: 165/2000[10:39:32] SMILES Parse Error: syntax error while parsing: NC(=[NH2+])C1CC1CSCaff
[10:39:32] SMILES Parse Error: Failed parsing SMILES 'NC(=[NH2+])C1CC1CSCaff' for input: 'NC(=[NH2+])C1CC1CSCaff'

Progress: 166/2000
Progress: 167/2000
Progress: 168/2000[10:39:37] Can't kekulize mol.  Unkekulized atoms: 8 9 10 11 14

Progress: 169/2000[10:39:43] SMILES Parse Error: syntax error while parsing: Taking
[10:39:43] SMILES Parse Error: Failed parsing SMILES 'Taking' for input: 'Taking'

Progress: 170/2000
Progress: 171/2000[10:39:53] SMILES Parse Error: syntax error while parsing: 484.00
[10:39:53] SMILES Parse Error: Failed parsing SMILES '484.00' for input: '484.00'

Progress: 172/2000[10:39:56] SMILES Parse Error: syntax error while parsing: CCC(CC)(CC)Sc1cc(C(=O)NC,)ccc1lipophilic
[10:39:56] SMILES Parse Error: Failed parsing SMILES 'CCC(CC)(CC)Sc1cc(C(=O)NC,)ccc1lipophilic' for input: 'CCC(CC)(CC)Sc1cc(C(=O)NC,)ccc1lipophilic'
[10:39:56] SMILES Parse Error: syntax error while parsing: Taking
[10:39:56] SMILES Parse Error: Failed parsing SMILES 'Taking' for input: 'Taking'

Progress: 173/2000
Progress: 174/2000
Progress: 175/2000[10:40:02] SMILES Parse Error: syntax error while parsing: CC(C[NH+](C)C)C(=O)OC(C)(C)I(C)C(=O)TPSA
[10:40:02] SMILES Parse Error: Failed parsing SMILES 'CC(C[NH+](C)C)C(=O)OC(C)(C)I(C)C(=O)TPSA' for input: 'CC(C[NH+](C)C)C(=O)OC(C)(C)I(C)C(=O)TPSA'
[10:40:02] SMILES Parse Error: syntax error while parsing: Taking
[10:40:02] SMILES Parse Error: Failed parsing SMILES 'Taking' for input: 'Taking'

Progress: 176/2000[10:40:05] SMILES Parse Error: syntax error while parsing: CCC(CC)(CC)Sc1cc(Based
[10:40:05] SMILES Parse Error: Failed parsing SMILES 'CCC(CC)(CC)Sc1cc(Based' for input: 'CCC(CC)(CC)Sc1cc(Based'

Progress: 177/2000
Progress: 178/2000
Progress: 179/2000[10:40:11] SMILES Parse Error: syntax error while parsing: CC(C[NH+](C)C)C(=O)NCC(=O)NCC(=O)NCC(=O)NHD(C)C
[10:40:11] SMILES Parse Error: Failed parsing SMILES 'CC(C[NH+](C)C)C(=O)NCC(=O)NCC(=O)NCC(=O)NHD(C)C' for input: 'CC(C[NH+](C)C)C(=O)NCC(=O)NCC(=O)NCC(=O)NHD(C)C'
[10:40:11] SMILES Parse Error: syntax error while parsing: CC(C[NH+](C)C)C(=O)NCC(=O)NCC(=O)NCC(=O)NHD(C)C
[10:40:11] SMILES Parse Error: Failed parsing SMILES 'CC(C[NH+](C)C)C(=O)NCC(=O)NCC(=O)NCC(=O)NHD(C)C' for input: 'CC(C[NH+](C)C)C(=O)NCC(=O)NCC(=O)NCC(=O)NHD(C)C'
[10:40:11] SMILES Parse Error: syntax error while parsing: The
[10:40:11] SMILES Parse Error: Failed parsing SMILES 'The' for input: 'The'

Progress: 180/2000[10:40:14] non-ring atom 9 marked aromatic

Progress: 181/2000[10:40:17] SMILES Parse Error: syntax error while parsing: NC(=[NH2+])L(I)(I)c1ccc(F)c(C(O)(I)c2cc(C(O)(I)I)ccc2O)cn1
[10:40:17] SMILES Parse Error: Failed parsing SMILES 'NC(=[NH2+])L(I)(I)c1ccc(F)c(C(O)(I)c2cc(C(O)(I)I)ccc2O)cn1' for input: 'NC(=[NH2+])L(I)(I)c1ccc(F)c(C(O)(I)c2cc(C(O)(I)I)ccc2O)cn1'

Progress: 182/2000[10:40:21] SMILES Parse Error: syntax error while parsing: represented
[10:40:21] SMILES Parse Error: Failed parsing SMILES 'represented' for input: 'represented'
[10:40:21] SMILES Parse Error: syntax error while parsing: Taking
[10:40:21] SMILES Parse Error: Failed parsing SMILES 'Taking' for input: 'Taking'

Progress: 183/2000[10:40:23] SMILES Parse Error: syntax error while parsing: represented
[10:40:23] SMILES Parse Error: Failed parsing SMILES 'represented' for input: 'represented'
[10:40:23] SMILES Parse Error: syntax error while parsing: Taking
[10:40:23] SMILES Parse Error: Failed parsing SMILES 'Taking' for input: 'Taking'

Progress: 184/2000
Progress: 185/2000
Progress: 186/2000[10:40:33] SMILES Parse Error: syntax error while parsing: NC(=[NH2+])C(=O)C(=O)From
[10:40:33] SMILES Parse Error: Failed parsing SMILES 'NC(=[NH2+])C(=O)C(=O)From' for input: 'NC(=[NH2+])C(=O)C(=O)From'
[10:40:33] SMILES Parse Error: syntax error while parsing: Taking
[10:40:33] SMILES Parse Error: Failed parsing SMILES 'Taking' for input: 'Taking'

Progress: 187/2000[10:40:35] SMILES Parse Error: syntax error while parsing: C[NH+](C)CC(C[NH3+])(lipophilicity:
[10:40:35] SMILES Parse Error: Failed parsing SMILES 'C[NH+](C)CC(C[NH3+])(lipophilicity:' for input: 'C[NH+](C)CC(C[NH3+])(lipophilicity:'

Progress: 188/2000
Progress: 189/2000[10:40:42] SMILES Parse Error: syntax error while parsing: NC(=[NH2+])C1CC1CSCff
[10:40:42] SMILES Parse Error: Failed parsing SMILES 'NC(=[NH2+])C1CC1CSCff' for input: 'NC(=[NH2+])C1CC1CSCff'
[10:40:42] SMILES Parse Error: syntax error while parsing: NC(=[NH2+])C1CC1CSCff
[10:40:42] SMILES Parse Error: Failed parsing SMILES 'NC(=[NH2+])C1CC1CSCff' for input: 'NC(=[NH2+])C1CC1CSCff'
[10:40:42] SMILES Parse Error: syntax error while parsing: The
[10:40:42] SMILES Parse Error: Failed parsing SMILES 'The' for input: 'The'

Progress: 190/2000
Progress: 191/2000
Progress: 192/2000
Progress: 193/2000
Progress: 194/2000
Progress: 195/2000[10:40:54] SMILES Parse Error: syntax error while parsing: C[NH+](C)CC(C[NH3+])T1
[10:40:54] SMILES Parse Error: Failed parsing SMILES 'C[NH+](C)CC(C[NH3+])T1' for input: 'C[NH+](C)CC(C[NH3+])T1'
[10:40:54] SMILES Parse Error: syntax error while parsing: The
[10:40:54] SMILES Parse Error: Failed parsing SMILES 'The' for input: 'The'

Progress: 196/2000
Progress: 197/2000
Progress: 198/2000[10:41:07] SMILES Parse Error: extra close parentheses while parsing: NC(=[NH2+])C(C(=O)O)C(O)C(=O)O)C(O)C(=O)O)C(O)C(=O)O)C(O)C(=O)O)C(O)C(=O)O)C(O)C(=O)O)C(O)C(=O)O)C(O)C(=O)O)C(O)C(=O)
[10:41:07] SMILES Parse Error: Failed parsing SMILES 'NC(=[NH2+])C(C(=O)O)C(O)C(=O)O)C(O)C(=O)O)C(O)C(=O)O)C(O)C(=O)O)C(O)C(=O)O)C(O)C(=O)O)C(O)C(=O)O)C(O)C(=O)O)C(O)C(=O)' for input: 'NC(=[NH2+])C(C(=O)O)C(O)C(=O)O)C(O)C(=O)O)C(O)C(=O)O)C(O)C(=O)O)C(O)C(=O)O)C(O)C(=O)O)C(O)C(=O)O)C(O)C(=O)O)C(O)C(=O)'
[10:41:07] SMILES Parse Error: syntax error while parsing: The
[10:41:07] SMILES Parse Error: Failed parsing SMILES 'The' for input: 'The'

Progress: 199/2000
Progress: 200/2000
Progress: 201/2000
Progress: 202/2000
Progress: 203/2000
Progress: 204/2000
Progress: 205/2000
Progress: 206/2000
Progress: 207/2000
Progress: 208/2000
Progress: 209/2000[10:41:41] Explicit valence for atom # 17 C, 6, is greater than permitted

Progress: 210/2000
Progress: 211/2000[10:41:48] SMILES Parse Error: syntax error while parsing: Taking
[10:41:48] SMILES Parse Error: Failed parsing SMILES 'Taking' for input: 'Taking'

Progress: 212/2000
Progress: 213/2000[10:41:56] SMILES Parse Error: syntax error while parsing: Taking
[10:41:56] SMILES Parse Error: Failed parsing SMILES 'Taking' for input: 'Taking'

Progress: 214/2000
Progress: 215/2000
Progress: 216/2000[10:42:09] SMILES Parse Error: syntax error while parsing: NCC(=O)NC(CC(=O)[O-])C(=O)J(=O)N(C)C(=O)J(=O)NCC(=O)NC(sc1ccccc1Br)C(C)C
[10:42:09] SMILES Parse Error: Failed parsing SMILES 'NCC(=O)NC(CC(=O)[O-])C(=O)J(=O)N(C)C(=O)J(=O)NCC(=O)NC(sc1ccccc1Br)C(C)C' for input: 'NCC(=O)NC(CC(=O)[O-])C(=O)J(=O)N(C)C(=O)J(=O)NCC(=O)NC(sc1ccccc1Br)C(C)C'

Progress: 217/2000
Progress: 218/2000[10:42:15] SMILES Parse Error: syntax error while parsing: Taking
[10:42:15] SMILES Parse Error: Failed parsing SMILES 'Taking' for input: 'Taking'

Progress: 219/2000
Progress: 220/2000[10:42:25] SMILES Parse Error: syntax error while parsing: NC(=[NH2+])I(C)B(O)C(O)C(O)C(O)C(O)C(O)C(O)C(O)C(O)C(O)C(O)C(O)C(O)C(O)C(O)C(O)C(O)C(O)C(O)C(O)C(O)C(O)C(O)C(O)C(O)C(
[10:42:25] SMILES Parse Error: Failed parsing SMILES 'NC(=[NH2+])I(C)B(O)C(O)C(O)C(O)C(O)C(O)C(O)C(O)C(O)C(O)C(O)C(O)C(O)C(O)C(O)C(O)C(O)C(O)C(O)C(O)C(O)C(O)C(O)C(O)C(O)C(' for input: 'NC(=[NH2+])I(C)B(O)C(O)C(O)C(O)C(O)C(O)C(O)C(O)C(O)C(O)C(O)C(O)C(O)C(O)C(O)C(O)C(O)C(O)C(O)C(O)C(O)C(O)C(O)C(O)C(O)C('
[10:42:25] SMILES Parse Error: syntax error while parsing: The
[10:42:25] SMILES Parse Error: Failed parsing SMILES 'The' for input: 'The'

Progress: 221/2000
Progress: 222/2000
Progress: 223/2000
Progress: 224/2000[10:42:37] SMILES Parse Error: syntax error while parsing: bz-c1ccccc1
[10:42:37] SMILES Parse Error: Failed parsing SMILES 'bz-c1ccccc1' for input: 'bz-c1ccccc1'
[10:42:37] SMILES Parse Error: syntax error while parsing: 453.00
[10:42:37] SMILES Parse Error: Failed parsing SMILES '453.00' for input: '453.00'

Progress: 225/2000
Progress: 226/2000
Progress: 227/2000[10:42:47] SMILES Parse Error: syntax error while parsing: O=C([O-])C(=O)C(=O)NCC(=O)NCC(=O)NCC(=O)NCC(=O)NCC(=O)NCC(=O)NCC(=O)NCC(=O)NCC(=O)NCC(=O)NCC(=O)NCC(=O)NCC(=O)NCC(=O)NCC(=O)NCC(=O)NCC(=O)NCC(=O)NCC(
[10:42:47] SMILES Parse Error: Failed parsing SMILES 'O=C([O-])C(=O)C(=O)NCC(=O)NCC(=O)NCC(=O)NCC(=O)NCC(=O)NCC(=O)NCC(=O)NCC(=O)NCC(=O)NCC(=O)NCC(=O)NCC(=O)NCC(=O)NCC(=O)NCC(=O)NCC(=O)NCC(=O)NCC(=O)NCC(' for input: 'O=C([O-])C(=O)C(=O)NCC(=O)NCC(=O)NCC(=O)NCC(=O)NCC(=O)NCC(=O)NCC(=O)NCC(=O)NCC(=O)NCC(=O)NCC(=O)NCC(=O)NCC(=O)NCC(=O)NCC(=O)NCC(=O)NCC(=O)NCC(=O)NCC('

Progress: 228/2000[10:42:49] SMILES Parse Error: syntax error while parsing: C[NH+](C)CC(C[NH3+])Tips:
[10:42:49] SMILES Parse Error: Failed parsing SMILES 'C[NH+](C)CC(C[NH3+])Tips:' for input: 'C[NH+](C)CC(C[NH3+])Tips:'
[10:42:49] SMILES Parse Error: syntax error while parsing: Taking
[10:42:49] SMILES Parse Error: Failed parsing SMILES 'Taking' for input: 'Taking'

Progress: 229/2000
Progress: 230/2000[10:42:53] SMILES Parse Error: syntax error while parsing: NC(=[NH2+])T
[10:42:53] SMILES Parse Error: Failed parsing SMILES 'NC(=[NH2+])T' for input: 'NC(=[NH2+])T'

Progress: 231/2000[10:42:55] SMILES Parse Error: extra open parentheses for input: 'CCC(CC)(CC)Sc1cc(C)c(C(=O)'

Progress: 232/2000
Progress: 233/2000
Progress: 234/2000
Progress: 235/2000[10:43:04] SMILES Parse Error: syntax error while parsing: CCC(CC)(CC)Sc1cc(C(=O)B(O)O)ccc1H
[10:43:04] SMILES Parse Error: Failed parsing SMILES 'CCC(CC)(CC)Sc1cc(C(=O)B(O)O)ccc1H' for input: 'CCC(CC)(CC)Sc1cc(C(=O)B(O)O)ccc1H'
[10:43:04] SMILES Parse Error: syntax error while parsing: CCC(CC)(CC)Sc1cc(C(=O)B(O)O)ccc1H
[10:43:04] SMILES Parse Error: Failed parsing SMILES 'CCC(CC)(CC)Sc1cc(C(=O)B(O)O)ccc1H' for input: 'CCC(CC)(CC)Sc1cc(C(=O)B(O)O)ccc1H'
[10:43:04] SMILES Parse Error: syntax error while parsing: The
[10:43:04] SMILES Parse Error: Failed parsing SMILES 'The' for input: 'The'

Progress: 236/2000[10:43:07] Can't kekulize mol.  Unkekulized atoms: 8 9 10 11 22

Progress: 237/2000[10:43:10] SMILES Parse Error: syntax error while parsing: Taking
[10:43:10] SMILES Parse Error: Failed parsing SMILES 'Taking' for input: 'Taking'

Progress: 238/2000
Progress: 239/2000[10:43:14] SMILES Parse Error: syntax error while parsing: C[NH+](C)C(C(=O)NN)c1cccc(Scaffold)c1
[10:43:14] SMILES Parse Error: Failed parsing SMILES 'C[NH+](C)C(C(=O)NN)c1cccc(Scaffold)c1' for input: 'C[NH+](C)C(C(=O)NN)c1cccc(Scaffold)c1'

Progress: 240/2000
Progress: 241/2000
Progress: 242/2000[10:43:24] SMILES Parse Error: syntax error while parsing: CCC(C)(C)C[Si](C)(C)C(C)(C)From
[10:43:24] SMILES Parse Error: Failed parsing SMILES 'CCC(C)(C)C[Si](C)(C)C(C)(C)From' for input: 'CCC(C)(C)C[Si](C)(C)C(C)(C)From'
[10:43:24] SMILES Parse Error: syntax error while parsing: represented
[10:43:24] SMILES Parse Error: Failed parsing SMILES 'represented' for input: 'represented'
[10:43:24] SMILES Parse Error: syntax error while parsing: The
[10:43:24] SMILES Parse Error: Failed parsing SMILES 'The' for input: 'The'

Progress: 243/2000[10:43:29] SMILES Parse Error: syntax error while parsing: Taking
[10:43:29] SMILES Parse Error: Failed parsing SMILES 'Taking' for input: 'Taking'

Progress: 244/2000[10:43:31] SMILES Parse Error: syntax error while parsing: CCC(CC)(CC)Sc1cc(B(O)O)ccc1lipophilic
[10:43:31] SMILES Parse Error: Failed parsing SMILES 'CCC(CC)(CC)Sc1cc(B(O)O)ccc1lipophilic' for input: 'CCC(CC)(CC)Sc1cc(B(O)O)ccc1lipophilic'

Progress: 245/2000[10:43:35] SMILES Parse Error: syntax error while parsing: Taking
[10:43:35] SMILES Parse Error: Failed parsing SMILES 'Taking' for input: 'Taking'

Progress: 246/2000[10:43:36] SMILES Parse Error: syntax error while parsing: NC(=[NH2+])Scaffold
[10:43:36] SMILES Parse Error: Failed parsing SMILES 'NC(=[NH2+])Scaffold' for input: 'NC(=[NH2+])Scaffold'

Progress: 247/2000[10:43:39] SMILES Parse Error: syntax error while parsing: Taking
[10:43:39] SMILES Parse Error: Failed parsing SMILES 'Taking' for input: 'Taking'

Progress: 248/2000[10:43:42] SMILES Parse Error: syntax error while parsing: NC(=[NH2+])Based
[10:43:42] SMILES Parse Error: Failed parsing SMILES 'NC(=[NH2+])Based' for input: 'NC(=[NH2+])Based'

Progress: 249/2000
Progress: 250/2000
Progress: 251/2000
Progress: 252/2000[10:43:54] SMILES Parse Error: syntax error while parsing: Taking
[10:43:54] SMILES Parse Error: Failed parsing SMILES 'Taking' for input: 'Taking'

Progress: 253/2000
Progress: 254/2000[10:43:59] SMILES Parse Error: unclosed ring for input: 'C[NH+](C)C(C(=O)NN)c1'

Progress: 255/2000[10:44:03] SMILES Parse Error: syntax error while parsing: NNC(=O)C(=O)NC(=O)Based
[10:44:03] SMILES Parse Error: Failed parsing SMILES 'NNC(=O)C(=O)NC(=O)Based' for input: 'NNC(=O)C(=O)NC(=O)Based'
[10:44:03] SMILES Parse Error: syntax error while parsing: NNC(=O)C(=O)NC(=O)Based
[10:44:03] SMILES Parse Error: Failed parsing SMILES 'NNC(=O)C(=O)NC(=O)Based' for input: 'NNC(=O)C(=O)NC(=O)Based'
[10:44:03] SMILES Parse Error: syntax error while parsing: The
[10:44:03] SMILES Parse Error: Failed parsing SMILES 'The' for input: 'The'

Progress: 256/2000[10:44:04] SMILES Parse Error: syntax error while parsing: C[NH+](C)CC(C[NH3+])C(=O)reru9.2
[10:44:04] SMILES Parse Error: Failed parsing SMILES 'C[NH+](C)CC(C[NH3+])C(=O)reru9.2' for input: 'C[NH+](C)CC(C[NH3+])C(=O)reru9.2'
[10:44:04] SMILES Parse Error: syntax error while parsing: C[NH+](C)CC(C[NH3+])C(=O)reru9.2
[10:44:04] SMILES Parse Error: Failed parsing SMILES 'C[NH+](C)CC(C[NH3+])C(=O)reru9.2' for input: 'C[NH+](C)CC(C[NH3+])C(=O)reru9.2'
[10:44:04] SMILES Parse Error: syntax error while parsing: The
[10:44:04] SMILES Parse Error: Failed parsing SMILES 'The' for input: 'The'

Progress: 257/2000
Progress: 258/2000[10:44:11] SMILES Parse Error: syntax error while parsing: NC(=[NH2+])S[C@@H](C)C(=O)N[C@H](C)C(=O)N[C@H](C)C(=O)N[C@H](C)C(=O)N[C@H](C)C(=O)N[C@H](C)C(=O)N[C@H](C)C(=O)N[C@H](C)C(=O)N[
[10:44:11] SMILES Parse Error: Failed parsing SMILES 'NC(=[NH2+])S[C@@H](C)C(=O)N[C@H](C)C(=O)N[C@H](C)C(=O)N[C@H](C)C(=O)N[C@H](C)C(=O)N[C@H](C)C(=O)N[C@H](C)C(=O)N[C@H](C)C(=O)N[' for input: 'NC(=[NH2+])S[C@@H](C)C(=O)N[C@H](C)C(=O)N[C@H](C)C(=O)N[C@H](C)C(=O)N[C@H](C)C(=O)N[C@H](C)C(=O)N[C@H](C)C(=O)N[C@H](C)C(=O)N['
[10:44:11] SMILES Parse Error: syntax error while parsing: The
[10:44:11] SMILES Parse Error: Failed parsing SMILES 'The' for input: 'The'

Progress: 259/2000[10:44:12] SMILES Parse Error: syntax error while parsing: 593.00
[10:44:12] SMILES Parse Error: Failed parsing SMILES '593.00' for input: '593.00'

Progress: 260/2000
Progress: 261/2000[10:44:16] SMILES Parse Error: unclosed ring for input: 'NC(=[NH2+])C1CC1C2CC2C2CC2C2CCC2C2(C)CN(C)CC21'
[10:44:16] SMILES Parse Error: syntax error while parsing: Taking
[10:44:16] SMILES Parse Error: Failed parsing SMILES 'Taking' for input: 'Taking'

Progress: 262/2000[10:44:18] SMILES Parse Error: syntax error while parsing: NC(=[NH2+])Q1CC(C(=O)[O-])C1
[10:44:18] SMILES Parse Error: Failed parsing SMILES 'NC(=[NH2+])Q1CC(C(=O)[O-])C1' for input: 'NC(=[NH2+])Q1CC(C(=O)[O-])C1'

Progress: 263/2000[10:44:23] SMILES Parse Error: syntax error while parsing: Taking
[10:44:23] SMILES Parse Error: Failed parsing SMILES 'Taking' for input: 'Taking'

Progress: 264/2000
Progress: 265/2000
Progress: 266/2000[10:44:36] non-ring atom 18 marked aromatic

Progress: 267/2000[10:44:42] SMILES Parse Error: syntax error while parsing: Taking
[10:44:42] SMILES Parse Error: Failed parsing SMILES 'Taking' for input: 'Taking'

Progress: 268/2000[10:44:44] SMILES Parse Error: syntax error while parsing: NC(=[NH2+])SLS(=O)(=O)NCC(=O)NCC(=O)NCC(=O)N[C@@H](C)C(=O)illuminum
[10:44:44] SMILES Parse Error: Failed parsing SMILES 'NC(=[NH2+])SLS(=O)(=O)NCC(=O)NCC(=O)NCC(=O)N[C@@H](C)C(=O)illuminum' for input: 'NC(=[NH2+])SLS(=O)(=O)NCC(=O)NCC(=O)NCC(=O)N[C@@H](C)C(=O)illuminum'

Progress: 269/2000
Progress: 270/2000
Progress: 271/2000[10:44:52] SMILES Parse Error: syntax error while parsing: CCC(CC)(CC)Sc1cc(C(=O)OC(C)(C)C)cc(C(=O)OC(C)(C)C)c1T
[10:44:52] SMILES Parse Error: Failed parsing SMILES 'CCC(CC)(CC)Sc1cc(C(=O)OC(C)(C)C)cc(C(=O)OC(C)(C)C)c1T' for input: 'CCC(CC)(CC)Sc1cc(C(=O)OC(C)(C)C)cc(C(=O)OC(C)(C)C)c1T'
[10:44:52] SMILES Parse Error: syntax error while parsing: Taking
[10:44:52] SMILES Parse Error: Failed parsing SMILES 'Taking' for input: 'Taking'

Progress: 272/2000
Progress: 273/2000[10:44:58] SMILES Parse Error: syntax error while parsing: Taking
[10:44:58] SMILES Parse Error: Failed parsing SMILES 'Taking' for input: 'Taking'

Progress: 274/2000
Progress: 275/2000
Progress: 276/2000[10:45:08] SMILES Parse Error: unclosed ring for input: 'CCC(CC)(CC)Sc1cc(C(=O)Cl)c(C(=O)O)c(C(=O)O)c16'
[10:45:08] SMILES Parse Error: unclosed ring for input: 'CCC(CC)(CC)Sc1cc(C(=O)Cl)c(C(=O)O)c(C(=O)O)c16'
[10:45:08] SMILES Parse Error: syntax error while parsing: The
[10:45:08] SMILES Parse Error: Failed parsing SMILES 'The' for input: 'The'

Progress: 277/2000[10:45:09] SMILES Parse Error: syntax error while parsing: 414.00
[10:45:09] SMILES Parse Error: Failed parsing SMILES '414.00' for input: '414.00'

Progress: 278/2000[10:45:11] SMILES Parse Error: syntax error while parsing: 472.00
[10:45:11] SMILES Parse Error: Failed parsing SMILES '472.00' for input: '472.00'

Progress: 279/2000
Progress: 280/2000
Progress: 281/2000
Progress: 282/2000[10:45:24] SMILES Parse Error: syntax error while parsing: O=C(c1ccc(Br)s1)S(=O)(=O)c1cc(C(=O)[O-])c(C(=O)[O-])c(S(=O)(=O)c1cc(C(=O)[O-])c(C(=O)[O-])c(S(=O)(=O)c1cc(C(=O)[O-])c(C(=O)[O-])c(S(=O)(=O)c1cc(C(=O)[O-
[10:45:24] SMILES Parse Error: Failed parsing SMILES 'O=C(c1ccc(Br)s1)S(=O)(=O)c1cc(C(=O)[O-])c(C(=O)[O-])c(S(=O)(=O)c1cc(C(=O)[O-])c(C(=O)[O-])c(S(=O)(=O)c1cc(C(=O)[O-])c(C(=O)[O-])c(S(=O)(=O)c1cc(C(=O)[O-' for input: 'O=C(c1ccc(Br)s1)S(=O)(=O)c1cc(C(=O)[O-])c(C(=O)[O-])c(S(=O)(=O)c1cc(C(=O)[O-])c(C(=O)[O-])c(S(=O)(=O)c1cc(C(=O)[O-])c(C(=O)[O-])c(S(=O)(=O)c1cc(C(=O)[O-'

Progress: 283/2000
Progress: 284/2000[10:45:35] SMILES Parse Error: syntax error while parsing: Taking
[10:45:35] SMILES Parse Error: Failed parsing SMILES 'Taking' for input: 'Taking'

Progress: 285/2000[10:45:41] SMILES Parse Error: syntax error while parsing: Taking
[10:45:41] SMILES Parse Error: Failed parsing SMILES 'Taking' for input: 'Taking'

Progress: 286/2000[10:45:46] SMILES Parse Error: syntax error while parsing: O=C([O-])C(=O)C(=O)NCC(=O)NCC(=O)NCC(=O)NCC(=O)NCC(=O)NCC(=O)NCC(=O)NCC(=O)NCC(=O)NCC(=O)NCC(=O)NCC(=O)NCC(=O)NCC(=O)NCC(=O)NCC(=O)NCC(=O)NCC(=O)NCC(
[10:45:46] SMILES Parse Error: Failed parsing SMILES 'O=C([O-])C(=O)C(=O)NCC(=O)NCC(=O)NCC(=O)NCC(=O)NCC(=O)NCC(=O)NCC(=O)NCC(=O)NCC(=O)NCC(=O)NCC(=O)NCC(=O)NCC(=O)NCC(=O)NCC(=O)NCC(=O)NCC(=O)NCC(=O)NCC(' for input: 'O=C([O-])C(=O)C(=O)NCC(=O)NCC(=O)NCC(=O)NCC(=O)NCC(=O)NCC(=O)NCC(=O)NCC(=O)NCC(=O)NCC(=O)NCC(=O)NCC(=O)NCC(=O)NCC(=O)NCC(=O)NCC(=O)NCC(=O)NCC(=O)NCC('

Progress: 287/2000
Progress: 288/2000[10:45:49] SMILES Parse Error: syntax error while parsing: NC(=[NH2+])Scaffold
[10:45:49] SMILES Parse Error: Failed parsing SMILES 'NC(=[NH2+])Scaffold' for input: 'NC(=[NH2+])Scaffold'

Progress: 289/2000[10:45:55] SMILES Parse Error: syntax error while parsing: CC(C)C(C)C(CC(=O)O)C(=O)NC(=O)N(C)C(=O)C(=O)NC(=O)NC(=O)NC(CN)C(
[10:45:55] SMILES Parse Error: Failed parsing SMILES 'CC(C)C(C)C(CC(=O)O)C(=O)NC(=O)N(C)C(=O)C(=O)NC(=O)NC(=O)NC(CN)C(' for input: 'CC(C)C(C)C(CC(=O)O)C(=O)NC(=O)N(C)C(=O)C(=O)NC(=O)NC(=O)NC(CN)C('

Progress: 290/2000[10:45:58] SMILES Parse Error: syntax error while parsing: C[NH+](C)CC(C[NH3+])C(=O)rer3cc(C(=O)ipes)c(C)c(C)c13
[10:45:58] SMILES Parse Error: Failed parsing SMILES 'C[NH+](C)CC(C[NH3+])C(=O)rer3cc(C(=O)ipes)c(C)c(C)c13' for input: 'C[NH+](C)CC(C[NH3+])C(=O)rer3cc(C(=O)ipes)c(C)c(C)c13'

Progress: 291/2000[10:46:03] SMILES Parse Error: syntax error while parsing: Taking
[10:46:03] SMILES Parse Error: Failed parsing SMILES 'Taking' for input: 'Taking'

Progress: 292/2000[10:46:06] SMILES Parse Error: syntax error while parsing: NC(=[NH2+])C(lip)C(=O)C(=O)C(=O)
[10:46:06] SMILES Parse Error: Failed parsing SMILES 'NC(=[NH2+])C(lip)C(=O)C(=O)C(=O)' for input: 'NC(=[NH2+])C(lip)C(=O)C(=O)C(=O)'
[10:46:06] SMILES Parse Error: syntax error while parsing: NC(=[NH2+])C(lip)C(=O)C(=O)C(=O)
[10:46:06] SMILES Parse Error: Failed parsing SMILES 'NC(=[NH2+])C(lip)C(=O)C(=O)C(=O)' for input: 'NC(=[NH2+])C(lip)C(=O)C(=O)C(=O)'
[10:46:06] SMILES Parse Error: syntax error while parsing: The
[10:46:06] SMILES Parse Error: Failed parsing SMILES 'The' for input: 'The'

Progress: 293/2000
Progress: 294/2000[10:46:09] SMILES Parse Error: syntax error while parsing: CCC(CC)(CC)Sc1cc(C(=O)B(O)O)sc1lipophilic
[10:46:09] SMILES Parse Error: Failed parsing SMILES 'CCC(CC)(CC)Sc1cc(C(=O)B(O)O)sc1lipophilic' for input: 'CCC(CC)(CC)Sc1cc(C(=O)B(O)O)sc1lipophilic'

Progress: 295/2000
Progress: 296/2000[10:46:14] SMILES Parse Error: syntax error while parsing: 634.00
[10:46:14] SMILES Parse Error: Failed parsing SMILES '634.00' for input: '634.00'

Progress: 297/2000
Progress: 298/2000
Progress: 299/2000[10:46:24] SMILES Parse Error: syntax error while parsing: Taking
[10:46:24] SMILES Parse Error: Failed parsing SMILES 'Taking' for input: 'Taking'

Progress: 300/2000
Progress: 301/2000
Progress: 302/2000
Progress: 303/2000[10:46:36] SMILES Parse Error: syntax error while parsing: CCC(CC)(CC)Sc1cc(C(=O)B(O)O)ccc1HBD
[10:46:36] SMILES Parse Error: Failed parsing SMILES 'CCC(CC)(CC)Sc1cc(C(=O)B(O)O)ccc1HBD' for input: 'CCC(CC)(CC)Sc1cc(C(=O)B(O)O)ccc1HBD'
[10:46:36] SMILES Parse Error: syntax error while parsing: represented
[10:46:36] SMILES Parse Error: Failed parsing SMILES 'represented' for input: 'represented'
[10:46:36] SMILES Parse Error: syntax error while parsing: The
[10:46:36] SMILES Parse Error: Failed parsing SMILES 'The' for input: 'The'

Progress: 304/2000
Progress: 305/2000
Progress: 306/2000[10:46:46] SMILES Parse Error: syntax error while parsing: 608.24
[10:46:46] SMILES Parse Error: Failed parsing SMILES '608.24' for input: '608.24'

Progress: 307/2000
Progress: 308/2000
Progress: 309/2000[10:46:55] SMILES Parse Error: syntax error while parsing: depicted
[10:46:55] SMILES Parse Error: Failed parsing SMILES 'depicted' for input: 'depicted'
[10:46:55] SMILES Parse Error: syntax error while parsing: The
[10:46:55] SMILES Parse Error: Failed parsing SMILES 'The' for input: 'The'

Progress: 310/2000
Progress: 311/2000
Progress: 312/2000
Progress: 313/2000[10:47:11] SMILES Parse Error: unclosed ring for input: 'NC(=[NH2+])C1CC1C1CC1C1CC1C1CC1C1CC1C1CC1C1CC1C1CC1C1CC1C1CC1C1CC1C1CC1C1CC1C1CC1C1CC1C1CC1C1CC1C1CC1C1CC1C1CC1C1CC1C1CC1C1CC1C1CC1C1CC1C1CC1C1'
[10:47:11] SMILES Parse Error: syntax error while parsing: The
[10:47:11] SMILES Parse Error: Failed parsing SMILES 'The' for input: 'The'

Progress: 314/2000
Progress: 315/2000[10:47:17] SMILES Parse Error: unclosed ring for input: 'NC(=[NH2+])C1CC1CC1CC1CC1C'
[10:47:17] SMILES Parse Error: syntax error while parsing: Taking
[10:47:17] SMILES Parse Error: Failed parsing SMILES 'Taking' for input: 'Taking'

Progress: 316/2000
Progress: 317/2000
Progress: 318/2000
Progress: 319/2000[10:47:30] SMILES Parse Error: syntax error while parsing: NC(=[NH2+])Scaffold
[10:47:30] SMILES Parse Error: Failed parsing SMILES 'NC(=[NH2+])Scaffold' for input: 'NC(=[NH2+])Scaffold'

Progress: 320/2000
Progress: 321/2000[10:47:35] SMILES Parse Error: syntax error while parsing: Taking
[10:47:35] SMILES Parse Error: Failed parsing SMILES 'Taking' for input: 'Taking'

Progress: 322/2000
Progress: 323/2000[10:47:40] SMILES Parse Error: syntax error while parsing: Taking
[10:47:40] SMILES Parse Error: Failed parsing SMILES 'Taking' for input: 'Taking'

Progress: 324/2000[10:47:44] SMILES Parse Error: syntax error while parsing: Taking
[10:47:44] SMILES Parse Error: Failed parsing SMILES 'Taking' for input: 'Taking'

Progress: 325/2000[10:47:46] SMILES Parse Error: unclosed ring for input: 'NC(=[NH2+])C1CC1C2CC2C2CC2C2(C)C1C2'
[10:47:46] SMILES Parse Error: unclosed ring for input: 'NC(=[NH2+])C1CC1C2CC2C2CC2C2(C)C1C2'
[10:47:46] SMILES Parse Error: syntax error while parsing: The
[10:47:46] SMILES Parse Error: Failed parsing SMILES 'The' for input: 'The'

Progress: 326/2000[10:47:51] SMILES Parse Error: extra open parentheses for input: 'NC(=[NH2+])C(N)CN(C)C(=O)CN(C)C(=O)CN(C)C(=O)CN(C)C(=O)CN(C)C(=O)CN(C)C(=O)CN(C)C(=O)CN(C)C(=O)CN(C)C(=O)CN(C)C(=O)CN(C)C(=O)CN(C'
[10:47:51] SMILES Parse Error: syntax error while parsing: The
[10:47:51] SMILES Parse Error: Failed parsing SMILES 'The' for input: 'The'

Progress: 327/2000
Progress: 328/2000
Progress: 329/2000
Progress: 330/2000
Progress: 331/2000
Progress: 332/2000[10:48:11] SMILES Parse Error: syntax error while parsing: Taking
[10:48:11] SMILES Parse Error: Failed parsing SMILES 'Taking' for input: 'Taking'

Progress: 333/2000[10:48:13] SMILES Parse Error: syntax error while parsing: NC(=[NH2+])T1CCC(S[C@@H](C)C(=O)OC(C)(C)C)CC1
[10:48:13] SMILES Parse Error: Failed parsing SMILES 'NC(=[NH2+])T1CCC(S[C@@H](C)C(=O)OC(C)(C)C)CC1' for input: 'NC(=[NH2+])T1CCC(S[C@@H](C)C(=O)OC(C)(C)C)CC1'

Progress: 334/2000[10:48:14] SMILES Parse Error: unclosed ring for input: 'CCC(CC)(CC)Sc1cc(Cl)cc(Cl)c17'
[10:48:14] SMILES Parse Error: unclosed ring for input: 'CCC(CC)(CC)Sc1cc(Cl)cc(Cl)c17'
[10:48:14] SMILES Parse Error: syntax error while parsing: The
[10:48:14] SMILES Parse Error: Failed parsing SMILES 'The' for input: 'The'

Progress: 335/2000
Progress: 336/2000
Progress: 337/2000
Progress: 338/2000
Progress: 339/2000[10:48:29] Can't kekulize mol.  Unkekulized atoms: 8 9 10 11 14

Progress: 340/2000
Progress: 341/2000
Progress: 342/2000
Progress: 343/2000
Progress: 344/2000
Progress: 345/2000[10:48:45] SMILES Parse Error: syntax error while parsing: NC(=[NH2+])C(I)C(=O)N(C)C(=O)NCC(=O)NCC(=O)NH2+
[10:48:45] SMILES Parse Error: Failed parsing SMILES 'NC(=[NH2+])C(I)C(=O)N(C)C(=O)NCC(=O)NCC(=O)NH2+' for input: 'NC(=[NH2+])C(I)C(=O)N(C)C(=O)NCC(=O)NCC(=O)NH2+'
[10:48:45] SMILES Parse Error: syntax error while parsing: NC(=[NH2+])C(I)C(=O)N(C)C(=O)NCC(=O)NCC(=O)NH2+
[10:48:45] SMILES Parse Error: Failed parsing SMILES 'NC(=[NH2+])C(I)C(=O)N(C)C(=O)NCC(=O)NCC(=O)NH2+' for input: 'NC(=[NH2+])C(I)C(=O)N(C)C(=O)NCC(=O)NCC(=O)NH2+'
[10:48:45] SMILES Parse Error: syntax error while parsing: The
[10:48:45] SMILES Parse Error: Failed parsing SMILES 'The' for input: 'The'

Progress: 346/2000[10:48:49] SMILES Parse Error: syntax error while parsing: Taking
[10:48:49] SMILES Parse Error: Failed parsing SMILES 'Taking' for input: 'Taking'

Progress: 347/2000[10:48:51] non-ring atom 5 marked aromatic
[10:48:51] non-ring atom 5 marked aromatic
[10:48:51] SMILES Parse Error: syntax error while parsing: The
[10:48:51] SMILES Parse Error: Failed parsing SMILES 'The' for input: 'The'

Progress: 348/2000[10:48:52] SMILES Parse Error: syntax error while parsing: CCC(CC)(CC)Sc1cc(B(O)O)ccc1lipophilic
[10:48:52] SMILES Parse Error: Failed parsing SMILES 'CCC(CC)(CC)Sc1cc(B(O)O)ccc1lipophilic' for input: 'CCC(CC)(CC)Sc1cc(B(O)O)ccc1lipophilic'

Progress: 349/2000
Progress: 350/2000
Progress: 351/2000
Progress: 352/2000[10:48:57] SMILES Parse Error: syntax error while parsing: 424CC(C)(C)CC(C)(C)C#N
[10:48:57] SMILES Parse Error: Failed parsing SMILES '424CC(C)(C)CC(C)(C)C#N' for input: '424CC(C)(C)CC(C)(C)C#N'

Progress: 353/2000
Progress: 354/2000
Progress: 355/2000
Progress: 356/2000[10:49:07] SMILES Parse Error: unclosed ring for input: 'NC(=[NH2+])s1ccc(C(=O)N[C@@H](C)s2)s1'
[10:49:07] SMILES Parse Error: unclosed ring for input: 'NC(=[NH2+])s1ccc(C(=O)N[C@@H](C)s2)s1'
[10:49:07] SMILES Parse Error: syntax error while parsing: The
[10:49:07] SMILES Parse Error: Failed parsing SMILES 'The' for input: 'The'

Progress: 357/2000[10:49:13] SMILES Parse Error: extra open parentheses for input: 'O=C(O)C(=O)C(=O)NCC(O)C(O)C(O)C(O)C(O)C(O)C(O)C(O)C(O)C(O)C(O)C(O)C(O)C(O)C(O)C(O)C(O)C(O)C(O)C(O)C(O)C(O)C(O)C(O)C(O)C(O)C(O)C(O'

Progress: 358/2000[10:49:18] SMILES Parse Error: syntax error while parsing: Taking
[10:49:18] SMILES Parse Error: Failed parsing SMILES 'Taking' for input: 'Taking'

Progress: 359/2000[10:49:23] SMILES Parse Error: syntax error while parsing: NNC(=O)C(=O)NC(=O)Based
[10:49:23] SMILES Parse Error: Failed parsing SMILES 'NNC(=O)C(=O)NC(=O)Based' for input: 'NNC(=O)C(=O)NC(=O)Based'

Progress: 360/2000
Progress: 361/2000[10:49:31] SMILES Parse Error: unclosed ring for input: 'NC(=[NH2+])C1CC1C1CC1C1CC1C1CC1C1CC1C1CC1C1CC1C1CC1C1CC1C1CC1C1CC1C1CC1C1CC1C1CC1C1CC1C1CC1C1CC1C1CC1C1CC1C1CC1C1CC1C1CC1C1CC1C1CC1C1CC1C1CC1C1'
[10:49:31] SMILES Parse Error: syntax error while parsing: The
[10:49:31] SMILES Parse Error: Failed parsing SMILES 'The' for input: 'The'

Progress: 362/2000[10:49:33] Explicit valence for atom # 5 N, 4, is greater than permitted
[10:49:33] Explicit valence for atom # 5 N, 4, is greater than permitted
[10:49:33] SMILES Parse Error: syntax error while parsing: The
[10:49:33] SMILES Parse Error: Failed parsing SMILES 'The' for input: 'The'

Progress: 363/2000[10:49:38] SMILES Parse Error: syntax error while parsing: Taking
[10:49:38] SMILES Parse Error: Failed parsing SMILES 'Taking' for input: 'Taking'

Progress: 364/2000[10:49:44] SMILES Parse Error: syntax error while parsing: NCC(=O)NC(CC(=O)[O-])C(=O)J(=O)N(C)C(=O)J(=O)NCC(=O)NC(CC(=O)[O-])C(=O)J(=O)N(C)C(=O)J(=O)NCC(=O)NC(CC(=O)[O-])C(=O)J(=O)N(C)C(=O)J(=O)NCC(=O)NC(
[10:49:44] SMILES Parse Error: Failed parsing SMILES 'NCC(=O)NC(CC(=O)[O-])C(=O)J(=O)N(C)C(=O)J(=O)NCC(=O)NC(CC(=O)[O-])C(=O)J(=O)N(C)C(=O)J(=O)NCC(=O)NC(CC(=O)[O-])C(=O)J(=O)N(C)C(=O)J(=O)NCC(=O)NC(' for input: 'NCC(=O)NC(CC(=O)[O-])C(=O)J(=O)N(C)C(=O)J(=O)NCC(=O)NC(CC(=O)[O-])C(=O)J(=O)N(C)C(=O)J(=O)NCC(=O)NC(CC(=O)[O-])C(=O)J(=O)N(C)C(=O)J(=O)NCC(=O)NC('

Progress: 365/2000[10:49:52] SMILES Parse Error: syntax error while parsing: Taking
[10:49:52] SMILES Parse Error: Failed parsing SMILES 'Taking' for input: 'Taking'

Progress: 366/2000
Progress: 367/2000[10:50:03] SMILES Parse Error: syntax error while parsing: Taking
[10:50:03] SMILES Parse Error: Failed parsing SMILES 'Taking' for input: 'Taking'

Progress: 368/2000[10:50:07] SMILES Parse Error: syntax error while parsing: NC(=[NH2+])C1CC(Based
[10:50:07] SMILES Parse Error: Failed parsing SMILES 'NC(=[NH2+])C1CC(Based' for input: 'NC(=[NH2+])C1CC(Based'

Progress: 369/2000[10:50:10] SMILES Parse Error: syntax error while parsing: NC(=[NH2+])[C@@H](H)sc1ccc(C(=O)[O-])cc1
[10:50:10] SMILES Parse Error: Failed parsing SMILES 'NC(=[NH2+])[C@@H](H)sc1ccc(C(=O)[O-])cc1' for input: 'NC(=[NH2+])[C@@H](H)sc1ccc(C(=O)[O-])cc1'

Progress: 370/2000
Progress: 371/2000
Progress: 372/2000[10:50:18] SMILES Parse Error: syntax error while parsing: 453.00
[10:50:18] SMILES Parse Error: Failed parsing SMILES '453.00' for input: '453.00'

Progress: 373/2000
Progress: 374/2000[10:50:24] SMILES Parse Error: syntax error while parsing: molecule
[10:50:24] SMILES Parse Error: Failed parsing SMILES 'molecule' for input: 'molecule'

Progress: 375/2000
Progress: 376/2000
Progress: 377/2000
Progress: 378/2000
Progress: 379/2000
Progress: 380/2000
Progress: 381/2000[10:51:06] SMILES Parse Error: syntax error while parsing: O=C([O-])C(=O)C(=O)NCC(=O)NCC(=O)NCC(=O)NCC(=O)NCC(=O)NCC(=O)NCC(=O)NCC(=O)NCC(=O)NCC(=O)NCC(=O)NCC(=O)NCC(=O)NCC(=O)NCC(=O)NCC(=O)NCC(=O)NCC(=O)NCC(
[10:51:06] SMILES Parse Error: Failed parsing SMILES 'O=C([O-])C(=O)C(=O)NCC(=O)NCC(=O)NCC(=O)NCC(=O)NCC(=O)NCC(=O)NCC(=O)NCC(=O)NCC(=O)NCC(=O)NCC(=O)NCC(=O)NCC(=O)NCC(=O)NCC(=O)NCC(=O)NCC(=O)NCC(=O)NCC(' for input: 'O=C([O-])C(=O)C(=O)NCC(=O)NCC(=O)NCC(=O)NCC(=O)NCC(=O)NCC(=O)NCC(=O)NCC(=O)NCC(=O)NCC(=O)NCC(=O)NCC(=O)NCC(=O)NCC(=O)NCC(=O)NCC(=O)NCC(=O)NCC(=O)NCC('

Progress: 382/2000
Progress: 383/2000
Progress: 384/2000
Progress: 385/2000[10:51:22] SMILES Parse Error: syntax error while parsing: NC(=[NH2+])B(O)C(O)C(O)C(O)C(O)C(O)C(O)C(O)C(O)C(O)C(O)C(O)C(O)C(O)C(O)C(O)C(O)C(O)C(O)C(O)C(O)C(O)C(O)C(O)C(O)C(O)C(
[10:51:22] SMILES Parse Error: Failed parsing SMILES 'NC(=[NH2+])B(O)C(O)C(O)C(O)C(O)C(O)C(O)C(O)C(O)C(O)C(O)C(O)C(O)C(O)C(O)C(O)C(O)C(O)C(O)C(O)C(O)C(O)C(O)C(O)C(O)C(O)C(' for input: 'NC(=[NH2+])B(O)C(O)C(O)C(O)C(O)C(O)C(O)C(O)C(O)C(O)C(O)C(O)C(O)C(O)C(O)C(O)C(O)C(O)C(O)C(O)C(O)C(O)C(O)C(O)C(O)C(O)C('
[10:51:22] SMILES Parse Error: syntax error while parsing: The
[10:51:22] SMILES Parse Error: Failed parsing SMILES 'The' for input: 'The'

Progress: 386/2000
Progress: 387/2000[10:51:27] SMILES Parse Error: unclosed ring for input: 'NC(=[NH2+])C1CC1C2CC2C2CC2C2(C)CC2(C)C1'

Progress: 388/2000
Progress: 389/2000[10:51:41] SMILES Parse Error: syntax error while parsing: NC(=[NH2+])S[C@@H](C)C(=O)N[C@H](C)C(=O)N[C@H](C)C(=O)N[C@H](C)C(=O)N[C@H](C)C(=O)N[C@H](C)C(=O)N[C@H](C)C(=O)N[C@H](C)C(=O)N[
[10:51:41] SMILES Parse Error: Failed parsing SMILES 'NC(=[NH2+])S[C@@H](C)C(=O)N[C@H](C)C(=O)N[C@H](C)C(=O)N[C@H](C)C(=O)N[C@H](C)C(=O)N[C@H](C)C(=O)N[C@H](C)C(=O)N[C@H](C)C(=O)N[' for input: 'NC(=[NH2+])S[C@@H](C)C(=O)N[C@H](C)C(=O)N[C@H](C)C(=O)N[C@H](C)C(=O)N[C@H](C)C(=O)N[C@H](C)C(=O)N[C@H](C)C(=O)N[C@H](C)C(=O)N['
[10:51:41] SMILES Parse Error: syntax error while parsing: The
[10:51:41] SMILES Parse Error: Failed parsing SMILES 'The' for input: 'The'

Progress: 390/2000
Progress: 391/2000
Progress: 392/2000[10:51:59] SMILES Parse Error: syntax error while parsing: 443.00
[10:51:59] SMILES Parse Error: Failed parsing SMILES '443.00' for input: '443.00'

Progress: 393/2000[10:52:02] non-ring atom 13 marked aromatic

Progress: 394/2000[10:52:09] SMILES Parse Error: syntax error while parsing: Taking
[10:52:09] SMILES Parse Error: Failed parsing SMILES 'Taking' for input: 'Taking'

Progress: 395/2000[10:52:13] SMILES Parse Error: unclosed ring for input: 'NC(=[NH2+])C1CC1C2CC2C2CC(C3CC3C3CC3C3CC3C3CC3C)C(C3CC3C3CC3C)C2N1'
[10:52:13] SMILES Parse Error: syntax error while parsing: Taking
[10:52:13] SMILES Parse Error: Failed parsing SMILES 'Taking' for input: 'Taking'

Progress: 396/2000
Progress: 397/2000[10:52:23] SMILES Parse Error: syntax error while parsing: 45.68(lipophilicity)x(Cl)x(Cl)x(Cl)x8(Cl)
[10:52:23] SMILES Parse Error: Failed parsing SMILES '45.68(lipophilicity)x(Cl)x(Cl)x(Cl)x8(Cl)' for input: '45.68(lipophilicity)x(Cl)x(Cl)x(Cl)x8(Cl)'

Progress: 398/2000
Progress: 399/2000[10:52:29] SMILES Parse Error: syntax error while parsing: NC(=[NH2+])Taking
[10:52:29] SMILES Parse Error: Failed parsing SMILES 'NC(=[NH2+])Taking' for input: 'NC(=[NH2+])Taking'
[10:52:29] SMILES Parse Error: syntax error while parsing: Taking
[10:52:29] SMILES Parse Error: Failed parsing SMILES 'Taking' for input: 'Taking'

Progress: 400/2000[10:52:33] SMILES Parse Error: syntax error while parsing: NC(=[NH2+])C(I)C(=O)O[Si](C)(C)C(=O)O[Tpsu]77
[10:52:33] SMILES Parse Error: Failed parsing SMILES 'NC(=[NH2+])C(I)C(=O)O[Si](C)(C)C(=O)O[Tpsu]77' for input: 'NC(=[NH2+])C(I)C(=O)O[Si](C)(C)C(=O)O[Tpsu]77'
[10:52:33] SMILES Parse Error: syntax error while parsing: Taking
[10:52:33] SMILES Parse Error: Failed parsing SMILES 'Taking' for input: 'Taking'

Progress: 401/2000[10:52:40] SMILES Parse Error: syntax error while parsing: Taking
[10:52:40] SMILES Parse Error: Failed parsing SMILES 'Taking' for input: 'Taking'

Progress: 402/2000
Progress: 403/2000
Progress: 404/2000
Progress: 405/2000[10:52:56] SMILES Parse Error: unclosed ring for input: 'NC(=[NH2+])C1CC1C2CC2C2CC2C2(C)CC1C2C2CC2C2(C)CC3CC3C1(C)C3'

Progress: 406/2000
Progress: 407/2000[10:53:09] SMILES Parse Error: syntax error while parsing: Taking
[10:53:09] SMILES Parse Error: Failed parsing SMILES 'Taking' for input: 'Taking'

Progress: 408/2000[10:53:17] SMILES Parse Error: syntax error while parsing: Taking
[10:53:17] SMILES Parse Error: Failed parsing SMILES 'Taking' for input: 'Taking'

Progress: 409/2000[10:53:22] SMILES Parse Error: syntax error while parsing: NC(=[NH2+])C1CC1CSCaff
[10:53:22] SMILES Parse Error: Failed parsing SMILES 'NC(=[NH2+])C1CC1CSCaff' for input: 'NC(=[NH2+])C1CC1CSCaff'
[10:53:22] SMILES Parse Error: syntax error while parsing: represented
[10:53:22] SMILES Parse Error: Failed parsing SMILES 'represented' for input: 'represented'
[10:53:22] SMILES Parse Error: syntax error while parsing: Taking
[10:53:22] SMILES Parse Error: Failed parsing SMILES 'Taking' for input: 'Taking'

Progress: 410/2000
Progress: 411/2000
Progress: 412/2000
Progress: 413/2000
Progress: 414/2000
Progress: 415/2000[10:54:04] SMILES Parse Error: syntax error while parsing: NC(=[NH2+])[C@@H](C)OC(=O)C(=O)N(C)CC(O)MF
[10:54:04] SMILES Parse Error: Failed parsing SMILES 'NC(=[NH2+])[C@@H](C)OC(=O)C(=O)N(C)CC(O)MF' for input: 'NC(=[NH2+])[C@@H](C)OC(=O)C(=O)N(C)CC(O)MF'

Progress: 416/2000
Progress: 417/2000
Progress: 418/2000
Progress: 419/2000
Progress: 420/2000
Progress: 421/2000
Progress: 422/2000[10:54:28] SMILES Parse Error: syntax error while parsing: NC(=[NH2+])C1CC1C1CC1C1CC1C1HBD(C(O)(O)O)C1HBA1
[10:54:28] SMILES Parse Error: Failed parsing SMILES 'NC(=[NH2+])C1CC1C1CC1C1CC1C1HBD(C(O)(O)O)C1HBA1' for input: 'NC(=[NH2+])C1CC1C1CC1C1CC1C1HBD(C(O)(O)O)C1HBA1'

Progress: 423/2000[10:54:35] SMILES Parse Error: syntax error while parsing: O=C([O-])C(=O)C(=O)NCC(=O)NCC(=O)NCC(=O)NCC(=O)NCC(=O)NCC(=O)NCC(=O)NCC(=O)NCC(=O)NCC(=O)NCC(=O)NCC(=O)NCC(=O)NCC(=O)NCC(=O)NCC(=O)NCC(=O)NCC(=O)NCC(
[10:54:35] SMILES Parse Error: Failed parsing SMILES 'O=C([O-])C(=O)C(=O)NCC(=O)NCC(=O)NCC(=O)NCC(=O)NCC(=O)NCC(=O)NCC(=O)NCC(=O)NCC(=O)NCC(=O)NCC(=O)NCC(=O)NCC(=O)NCC(=O)NCC(=O)NCC(=O)NCC(=O)NCC(=O)NCC(' for input: 'O=C([O-])C(=O)C(=O)NCC(=O)NCC(=O)NCC(=O)NCC(=O)NCC(=O)NCC(=O)NCC(=O)NCC(=O)NCC(=O)NCC(=O)NCC(=O)NCC(=O)NCC(=O)NCC(=O)NCC(=O)NCC(=O)NCC(=O)NCC(=O)NCC('

Progress: 424/2000
Progress: 425/2000[10:54:43] Can't kekulize mol.  Unkekulized atoms: 8 9 10 11 14

Progress: 426/2000
Progress: 427/2000[10:54:54] SMILES Parse Error: syntax error while parsing: NC(=[NH2+])I(I)c1cccc(L(I)c2cccc(Cl)c2)n1
[10:54:54] SMILES Parse Error: Failed parsing SMILES 'NC(=[NH2+])I(I)c1cccc(L(I)c2cccc(Cl)c2)n1' for input: 'NC(=[NH2+])I(I)c1cccc(L(I)c2cccc(Cl)c2)n1'

Progress: 428/2000[10:54:57] SMILES Parse Error: syntax error while parsing: NC(=[NH2+])I(C)C(=O)N(C)C(=O)lip[Se]
[10:54:57] SMILES Parse Error: Failed parsing SMILES 'NC(=[NH2+])I(C)C(=O)N(C)C(=O)lip[Se]' for input: 'NC(=[NH2+])I(C)C(=O)N(C)C(=O)lip[Se]'

Progress: 429/2000[10:55:05] SMILES Parse Error: syntax error while parsing: Taking
[10:55:05] SMILES Parse Error: Failed parsing SMILES 'Taking' for input: 'Taking'

Progress: 430/2000
Progress: 431/2000[10:55:16] SMILES Parse Error: syntax error while parsing: TCC(C)C(C)C(C)C(C)C(C)C(C)C(C)C(C)C(C)C(C)C(C)C(C)C(C)C(C)C(C)C(C)C(C)C(C)C(C)C(C)C(C)C(C)C(C)C(C)C(C)C(C)C(C)C(C)C(C)C(C)C(C)C(C
[10:55:16] SMILES Parse Error: Failed parsing SMILES 'TCC(C)C(C)C(C)C(C)C(C)C(C)C(C)C(C)C(C)C(C)C(C)C(C)C(C)C(C)C(C)C(C)C(C)C(C)C(C)C(C)C(C)C(C)C(C)C(C)C(C)C(C)C(C)C(C)C(C)C(C)C(C)C(C' for input: 'TCC(C)C(C)C(C)C(C)C(C)C(C)C(C)C(C)C(C)C(C)C(C)C(C)C(C)C(C)C(C)C(C)C(C)C(C)C(C)C(C)C(C)C(C)C(C)C(C)C(C)C(C)C(C)C(C)C(C)C(C)C(C)C(C'

Progress: 432/2000
Progress: 433/2000[10:55:29] SMILES Parse Error: syntax error while parsing: CC(C[NH+](C)C)C(=O)NC(=O)NCC(=O)NCC(=O)NCC(=O)NCC(=O)NCC(=O)NCC(=O)NCC(=O)NCC(=O)NCC(=O)NCC(=O)NCC(=O)NCC(=O)NCC(=O)NCC(=O)NCC(=O)NCC(=O)NCC(=O)NCC(=
[10:55:29] SMILES Parse Error: Failed parsing SMILES 'CC(C[NH+](C)C)C(=O)NC(=O)NCC(=O)NCC(=O)NCC(=O)NCC(=O)NCC(=O)NCC(=O)NCC(=O)NCC(=O)NCC(=O)NCC(=O)NCC(=O)NCC(=O)NCC(=O)NCC(=O)NCC(=O)NCC(=O)NCC(=O)NCC(=' for input: 'CC(C[NH+](C)C)C(=O)NC(=O)NCC(=O)NCC(=O)NCC(=O)NCC(=O)NCC(=O)NCC(=O)NCC(=O)NCC(=O)NCC(=O)NCC(=O)NCC(=O)NCC(=O)NCC(=O)NCC(=O)NCC(=O)NCC(=O)NCC(=O)NCC(='

Progress: 434/2000[10:55:34] SMILES Parse Error: syntax error while parsing: CCC(CC)(CC)Sc1ccc(B(O)O)c(H)c1
[10:55:34] SMILES Parse Error: Failed parsing SMILES 'CCC(CC)(CC)Sc1ccc(B(O)O)c(H)c1' for input: 'CCC(CC)(CC)Sc1ccc(B(O)O)c(H)c1'
[10:55:34] SMILES Parse Error: syntax error while parsing: Taking
[10:55:34] SMILES Parse Error: Failed parsing SMILES 'Taking' for input: 'Taking'

Progress: 435/2000
Progress: 436/2000[10:55:47] SMILES Parse Error: syntax error while parsing: Taking
[10:55:47] SMILES Parse Error: Failed parsing SMILES 'Taking' for input: 'Taking'

Progress: 437/2000
Progress: 438/2000
Progress: 439/2000
Progress: 440/2000[10:56:11] SMILES Parse Error: syntax error while parsing: Taking
[10:56:11] SMILES Parse Error: Failed parsing SMILES 'Taking' for input: 'Taking'

Progress: 441/2000[10:56:14] SMILES Parse Error: syntax error while parsing: 571C(C(=O)[O-])C(C(=O)[O-])[C@@H]1CCC[C@@H]1C(=O)Cl
[10:56:14] SMILES Parse Error: Failed parsing SMILES '571C(C(=O)[O-])C(C(=O)[O-])[C@@H]1CCC[C@@H]1C(=O)Cl' for input: '571C(C(=O)[O-])C(C(=O)[O-])[C@@H]1CCC[C@@H]1C(=O)Cl'

Progress: 442/2000[10:56:17] SMILES Parse Error: syntax error while parsing: Ne1CC(I)C1
[10:56:17] SMILES Parse Error: Failed parsing SMILES ' Ne1CC(I)C1' for input: ' Ne1CC(I)C1'
[10:56:17] SMILES Parse Error: syntax error while parsing: Tetramethyldibenzio[N+](=O)[O-])M(I)I
[10:56:17] SMILES Parse Error: Failed parsing SMILES 'Tetramethyldibenzio[N+](=O)[O-])M(I)I' for input: 'Tetramethyldibenzio[N+](=O)[O-])M(I)I'

Progress: 443/2000[10:56:20] Can't kekulize mol.  Unkekulized atoms: 8 9 10 11 14
[10:56:20] SMILES Parse Error: syntax error while parsing: Taking
[10:56:20] SMILES Parse Error: Failed parsing SMILES 'Taking' for input: 'Taking'

Progress: 444/2000[10:56:25] SMILES Parse Error: syntax error while parsing: CCC(CC)(CC)Sc1cc(Based
[10:56:25] SMILES Parse Error: Failed parsing SMILES 'CCC(CC)(CC)Sc1cc(Based' for input: 'CCC(CC)(CC)Sc1cc(Based'
[10:56:25] SMILES Parse Error: syntax error while parsing: CCC(CC)(CC)Sc1cc(Based
[10:56:25] SMILES Parse Error: Failed parsing SMILES 'CCC(CC)(CC)Sc1cc(Based' for input: 'CCC(CC)(CC)Sc1cc(Based'
[10:56:25] SMILES Parse Error: syntax error while parsing: The
[10:56:25] SMILES Parse Error: Failed parsing SMILES 'The' for input: 'The'

Progress: 445/2000[10:56:31] SMILES Parse Error: syntax error while parsing: CCC(CC)(CC)Sc1cc(C(Br)CCC)ccc1H
[10:56:31] SMILES Parse Error: Failed parsing SMILES 'CCC(CC)(CC)Sc1cc(C(Br)CCC)ccc1H' for input: 'CCC(CC)(CC)Sc1cc(C(Br)CCC)ccc1H'
[10:56:31] SMILES Parse Error: syntax error while parsing: CCC(Br)c1ccc(C)c(Cc2ccc(H)c(C)c2)c1
[10:56:31] SMILES Parse Error: Failed parsing SMILES 'CCC(Br)c1ccc(C)c(Cc2ccc(H)c(C)c2)c1' for input: 'CCC(Br)c1ccc(C)c(Cc2ccc(H)c(C)c2)c1'
[10:56:31] SMILES Parse Error: syntax error while parsing: Taking
[10:56:31] SMILES Parse Error: Failed parsing SMILES 'Taking' for input: 'Taking'

Progress: 446/2000
Progress: 447/2000
Progress: 448/2000[10:56:51] SMILES Parse Error: syntax error while parsing: Taking
[10:56:51] SMILES Parse Error: Failed parsing SMILES 'Taking' for input: 'Taking'

Progress: 449/2000
Progress: 450/2000[10:57:07] SMILES Parse Error: syntax error while parsing: Taking
[10:57:07] SMILES Parse Error: Failed parsing SMILES 'Taking' for input: 'Taking'

Progress: 451/2000[10:57:16] SMILES Parse Error: syntax error while parsing: NC(=[NH2+])C(S)C(O)C(O)C(O)C(O)C(O)C(O)C(O)C(O)C(O)C(O)C(O)C(O)C(O)C(O)C(O)C(O)C(O)C(O)C(O)C(O)C(O)C(O)C(O)C(O)C(O)C(
[10:57:16] SMILES Parse Error: Failed parsing SMILES 'NC(=[NH2+])C(S)C(O)C(O)C(O)C(O)C(O)C(O)C(O)C(O)C(O)C(O)C(O)C(O)C(O)C(O)C(O)C(O)C(O)C(O)C(O)C(O)C(O)C(O)C(O)C(O)C(O)C(' for input: 'NC(=[NH2+])C(S)C(O)C(O)C(O)C(O)C(O)C(O)C(O)C(O)C(O)C(O)C(O)C(O)C(O)C(O)C(O)C(O)C(O)C(O)C(O)C(O)C(O)C(O)C(O)C(O)C(O)C('
[10:57:16] SMILES Parse Error: syntax error while parsing: The
[10:57:16] SMILES Parse Error: Failed parsing SMILES 'The' for input: 'The'

Progress: 452/2000[10:57:17] SMILES Parse Error: syntax error while parsing: 256.000
[10:57:17] SMILES Parse Error: Failed parsing SMILES '256.000' for input: '256.000'

Progress: 453/2000
Progress: 454/2000[10:57:28] SMILES Parse Error: syntax error while parsing: Taking
[10:57:28] SMILES Parse Error: Failed parsing SMILES 'Taking' for input: 'Taking'

Progress: 455/2000
Progress: 456/2000[10:57:35] SMILES Parse Error: syntax error while parsing: NC(=[NH2+])I(I)c1cccc(L(I)c2cccc(Cl)c2Cl)c1
[10:57:35] SMILES Parse Error: Failed parsing SMILES 'NC(=[NH2+])I(I)c1cccc(L(I)c2cccc(Cl)c2Cl)c1' for input: 'NC(=[NH2+])I(I)c1cccc(L(I)c2cccc(Cl)c2Cl)c1'

Progress: 457/2000[10:57:43] SMILES Parse Error: extra open parentheses for input: 'CCC(CC)(CC)SC(C)C(C)C(C)C(C)C(C)C(C)C(C)C(C)C(C)C(C)C(C)C(C)C(C)C(C)C(C)C(C)C(C)C(C)C(C)C(C)C(C)C(C)C(C)C(C)C(C)C(C)C(C'
[10:57:43] SMILES Parse Error: syntax error while parsing: The
[10:57:43] SMILES Parse Error: Failed parsing SMILES 'The' for input: 'The'

Progress: 458/2000
Progress: 459/2000
Progress: 460/2000
Progress: 461/2000
Progress: 462/2000[10:58:14] SMILES Parse Error: extra open parentheses for input: 'CCC(CC)(CC)SC(C)C(C)C(C)C(C)C(C)C(C)C(C)C(C)C(C)C(C)C(C)C(C)C(C)C(C)C(C)C(C)C(C)C(C)C(C)C(C)C(C)C(C)C(C)C(C)C(C)C(C)C(C'
[10:58:14] SMILES Parse Error: syntax error while parsing: The
[10:58:14] SMILES Parse Error: Failed parsing SMILES 'The' for input: 'The'

Progress: 463/2000
Progress: 464/2000
Progress: 465/2000
Progress: 466/2000[10:58:33] SMILES Parse Error: syntax error while parsing: NC(=[NH2+])Based
[10:58:33] SMILES Parse Error: Failed parsing SMILES 'NC(=[NH2+])Based' for input: 'NC(=[NH2+])Based'
[10:58:33] SMILES Parse Error: syntax error while parsing: NC(=[NH2+])Based
[10:58:33] SMILES Parse Error: Failed parsing SMILES 'NC(=[NH2+])Based' for input: 'NC(=[NH2+])Based'
[10:58:33] SMILES Parse Error: syntax error while parsing: The
[10:58:33] SMILES Parse Error: Failed parsing SMILES 'The' for input: 'The'

Progress: 467/2000
Progress: 468/2000[10:58:42] SMILES Parse Error: syntax error while parsing: Taking
[10:58:42] SMILES Parse Error: Failed parsing SMILES 'Taking' for input: 'Taking'

Progress: 469/2000[10:58:45] SMILES Parse Error: syntax error while parsing: O=C([O-])C(=S)C(=O)N(olu)H(C)C(=O)N[C@H](
[10:58:45] SMILES Parse Error: Failed parsing SMILES 'O=C([O-])C(=S)C(=O)N(olu)H(C)C(=O)N[C@H](' for input: 'O=C([O-])C(=S)C(=O)N(olu)H(C)C(=O)N[C@H]('

Progress: 470/2000[10:58:52] SMILES Parse Error: syntax error while parsing: Taking
[10:58:52] SMILES Parse Error: Failed parsing SMILES 'Taking' for input: 'Taking'

Progress: 471/2000[10:58:56] SMILES Parse Error: syntax error while parsing: NC(=[NH2+])Based
[10:58:56] SMILES Parse Error: Failed parsing SMILES 'NC(=[NH2+])Based' for input: 'NC(=[NH2+])Based'
[10:58:56] SMILES Parse Error: syntax error while parsing: NC(=[NH2+])Based
[10:58:56] SMILES Parse Error: Failed parsing SMILES 'NC(=[NH2+])Based' for input: 'NC(=[NH2+])Based'
[10:58:56] SMILES Parse Error: syntax error while parsing: The
[10:58:56] SMILES Parse Error: Failed parsing SMILES 'The' for input: 'The'

Progress: 472/2000
Progress: 473/2000[10:59:15] SMILES Parse Error: unclosed ring for input: 'NC(=[NH2+])C1CC1C1CC1C1CC1C1CC1C1CC1C1CC1C1CC1C1CC1C1CC1C1CC1C1CC1C1CC1C1CC1C1CC1C1CC1C1CC1C1CC1C1CC1C1CC1C1CC1C1CC1C1CC1C1CC1C1CC1C1CC1C1CC1C1'
[10:59:15] SMILES Parse Error: syntax error while parsing: The
[10:59:15] SMILES Parse Error: Failed parsing SMILES 'The' for input: 'The'

Progress: 474/2000[10:59:23] SMILES Parse Error: syntax error while parsing: NC(=[NH2+])Based
[10:59:23] SMILES Parse Error: Failed parsing SMILES 'NC(=[NH2+])Based' for input: 'NC(=[NH2+])Based'
[10:59:23] SMILES Parse Error: syntax error while parsing: NC(=[NH2+])Based
[10:59:23] SMILES Parse Error: Failed parsing SMILES 'NC(=[NH2+])Based' for input: 'NC(=[NH2+])Based'
[10:59:23] SMILES Parse Error: syntax error while parsing: The
[10:59:23] SMILES Parse Error: Failed parsing SMILES 'The' for input: 'The'

Progress: 475/2000
Progress: 476/2000
Progress: 477/2000[10:59:40] SMILES Parse Error: syntax error while parsing: represented
[10:59:40] SMILES Parse Error: Failed parsing SMILES 'represented' for input: 'represented'
[10:59:40] SMILES Parse Error: syntax error while parsing: The
[10:59:40] SMILES Parse Error: Failed parsing SMILES 'The' for input: 'The'

Progress: 478/2000[10:59:43] SMILES Parse Error: extra open parentheses for input: 'CCC(CC)(CC)Sc1ccc(C(=O)'

Progress: 479/2000
Progress: 480/2000[10:59:56] SMILES Parse Error: syntax error while parsing: Taking
[10:59:56] SMILES Parse Error: Failed parsing SMILES 'Taking' for input: 'Taking'

Progress: 481/2000
Progress: 482/2000
Progress: 483/2000[11:00:04] SMILES Parse Error: syntax error while parsing: NC(=[NH2+])C1CC1C1CC1C1CC1C1HBD(C(O)O)C1HBA1
[11:00:04] SMILES Parse Error: Failed parsing SMILES 'NC(=[NH2+])C1CC1C1CC1C1CC1C1HBD(C(O)O)C1HBA1' for input: 'NC(=[NH2+])C1CC1C1CC1C1CC1C1HBD(C(O)O)C1HBA1'
[11:00:04] SMILES Parse Error: syntax error while parsing: Taking
[11:00:04] SMILES Parse Error: Failed parsing SMILES 'Taking' for input: 'Taking'

Progress: 484/2000
Progress: 485/2000
Progress: 486/2000
Progress: 487/2000
Progress: 488/2000
Progress: 489/2000
Progress: 490/2000[11:00:46] SMILES Parse Error: syntax error while parsing: 5CC(C)(C)SC[Si](C)(C)C[C@@H](C)C(=O)O[Si](C)(C)C[C@@H](C)C(=O)O[Si](C)(C)C[C@@H](C)C(=O)O[Si](C)(C)C[C@@H](C)C(=O)O[Si](C)(C)C[C@@H](C)C(=O)O[Si](C)(C)C[C@H](C)
[11:00:46] SMILES Parse Error: Failed parsing SMILES '5CC(C)(C)SC[Si](C)(C)C[C@@H](C)C(=O)O[Si](C)(C)C[C@@H](C)C(=O)O[Si](C)(C)C[C@@H](C)C(=O)O[Si](C)(C)C[C@@H](C)C(=O)O[Si](C)(C)C[C@@H](C)C(=O)O[Si](C)(C)C[C@H](C)' for input: '5CC(C)(C)SC[Si](C)(C)C[C@@H](C)C(=O)O[Si](C)(C)C[C@@H](C)C(=O)O[Si](C)(C)C[C@@H](C)C(=O)O[Si](C)(C)C[C@@H](C)C(=O)O[Si](C)(C)C[C@@H](C)C(=O)O[Si](C)(C)C[C@H](C)'

Progress: 491/2000
Progress: 492/2000[11:00:53] SMILES Parse Error: syntax error while parsing: NC(=[NH2+])s1ccc(S(=O)(=O)O)c(C(=O)NC(
[11:00:53] SMILES Parse Error: Failed parsing SMILES 'NC(=[NH2+])s1ccc(S(=O)(=O)O)c(C(=O)NC(' for input: 'NC(=[NH2+])s1ccc(S(=O)(=O)O)c(C(=O)NC('
[11:00:53] SMILES Parse Error: syntax error while parsing: NC(=[NH2+])s1ccc(S(=O)(=O)O)c(C(=O)NC(
[11:00:53] SMILES Parse Error: Failed parsing SMILES 'NC(=[NH2+])s1ccc(S(=O)(=O)O)c(C(=O)NC(' for input: 'NC(=[NH2+])s1ccc(S(=O)(=O)O)c(C(=O)NC('
[11:00:53] SMILES Parse Error: syntax error while parsing: The
[11:00:53] SMILES Parse Error: Failed parsing SMILES 'The' for input: 'The'

Progress: 493/2000
Progress: 494/2000
Progress: 495/2000
Progress: 496/2000
Progress: 497/2000[11:01:18] SMILES Parse Error: syntax error while parsing: TCC(C)C(C)C(C)C(C)C(C)C(C)C(C)C(C)C(C)C(C)C(C)C(C)C(C)C(C)C(C)C(C)C(C)C(C)C(C)C(C)C(C)C(C)C(C)C(C)C(C)C(C)C(C)C(C)C(C)C(C)C(C)C(C
[11:01:18] SMILES Parse Error: Failed parsing SMILES 'TCC(C)C(C)C(C)C(C)C(C)C(C)C(C)C(C)C(C)C(C)C(C)C(C)C(C)C(C)C(C)C(C)C(C)C(C)C(C)C(C)C(C)C(C)C(C)C(C)C(C)C(C)C(C)C(C)C(C)C(C)C(C)C(C' for input: 'TCC(C)C(C)C(C)C(C)C(C)C(C)C(C)C(C)C(C)C(C)C(C)C(C)C(C)C(C)C(C)C(C)C(C)C(C)C(C)C(C)C(C)C(C)C(C)C(C)C(C)C(C)C(C)C(C)C(C)C(C)C(C)C(C'

Progress: 498/2000
Progress: 499/2000
Progress: 500/2000
Progress: 501/2000[11:01:33] SMILES Parse Error: syntax error while parsing: Taking
[11:01:33] SMILES Parse Error: Failed parsing SMILES 'Taking' for input: 'Taking'

Progress: 502/2000[11:01:41] SMILES Parse Error: syntax error while parsing: Taking
[11:01:41] SMILES Parse Error: Failed parsing SMILES 'Taking' for input: 'Taking'

Progress: 503/2000[11:01:43] non-ring atom 5 marked aromatic
[11:01:43] SMILES Parse Error: syntax error while parsing: Taking
[11:01:43] SMILES Parse Error: Failed parsing SMILES 'Taking' for input: 'Taking'

Progress: 504/2000
Progress: 505/2000[11:01:52] SMILES Parse Error: syntax error while parsing: NC(=[NH2+])Scaffold
[11:01:52] SMILES Parse Error: Failed parsing SMILES 'NC(=[NH2+])Scaffold' for input: 'NC(=[NH2+])Scaffold'
[11:01:52] SMILES Parse Error: syntax error while parsing: NC(=[NH2+])Scaffold
[11:01:52] SMILES Parse Error: Failed parsing SMILES 'NC(=[NH2+])Scaffold' for input: 'NC(=[NH2+])Scaffold'
[11:01:52] SMILES Parse Error: syntax error while parsing: The
[11:01:52] SMILES Parse Error: Failed parsing SMILES 'The' for input: 'The'

Progress: 506/2000[11:01:54] Can't kekulize mol.  Unkekulized atoms: 8 9 10 19 20

Progress: 507/2000
Progress: 508/2000
Progress: 509/2000
Progress: 510/2000[11:02:13] SMILES Parse Error: syntax error while parsing: O=C([O-])C(=O)C(=O)C(=O)N(I)C(=O)H(I)C(=O)Scaffold
[11:02:13] SMILES Parse Error: Failed parsing SMILES 'O=C([O-])C(=O)C(=O)C(=O)N(I)C(=O)H(I)C(=O)Scaffold' for input: 'O=C([O-])C(=O)C(=O)C(=O)N(I)C(=O)H(I)C(=O)Scaffold'

Progress: 511/2000
Progress: 512/2000[11:02:19] SMILES Parse Error: syntax error while parsing: CCC(CC)(CC)Sc1cc(C(=O)NC,)ccc1HBD[NH3+]
[11:02:19] SMILES Parse Error: Failed parsing SMILES 'CCC(CC)(CC)Sc1cc(C(=O)NC,)ccc1HBD[NH3+]' for input: 'CCC(CC)(CC)Sc1cc(C(=O)NC,)ccc1HBD[NH3+]'
[11:02:19] SMILES Parse Error: extra open parentheses for input: 'CCC(CC)(CC)Sc1cc(C(=O)NC'
[11:02:19] SMILES Parse Error: syntax error while parsing: The
[11:02:19] SMILES Parse Error: Failed parsing SMILES 'The' for input: 'The'

Progress: 513/2000
Progress: 514/2000[11:02:24] SMILES Parse Error: syntax error while parsing: 602
[11:02:24] SMILES Parse Error: Failed parsing SMILES '602' for input: '602'

Progress: 515/2000[11:02:32] SMILES Parse Error: ring closure 1 duplicates bond between atom 29 and atom 30 for input: 'Cc1cc(-c(-c(-c(-c(-c(-c(-c(-c(C)s1)s2)s1)s1)s1)s1)s1)c(C)c(C)c1C)cc(C)c1c1c1c1c1c1c1c1c1c1c1c1c1c1c1c1c1c1c1c1c1c1c1c1c1c1c1'
[11:02:32] SMILES Parse Error: syntax error while parsing: The
[11:02:32] SMILES Parse Error: Failed parsing SMILES 'The' for input: 'The'

Progress: 516/2000[11:02:33] SMILES Parse Error: syntax error while parsing: 497.00
[11:02:33] SMILES Parse Error: Failed parsing SMILES '497.00' for input: '497.00'

Progress: 517/2000[11:02:36] SMILES Parse Error: syntax error while parsing: CCC(CC)(CC)Sc1cc(B(O)O)ccc1lipophilic-style
[11:02:36] SMILES Parse Error: Failed parsing SMILES 'CCC(CC)(CC)Sc1cc(B(O)O)ccc1lipophilic-style' for input: 'CCC(CC)(CC)Sc1cc(B(O)O)ccc1lipophilic-style'
[11:02:36] SMILES Parse Error: syntax error while parsing: CCC(CC)(CC)Sc1cc(B(O)O)ccc1lipophilic-style
[11:02:36] SMILES Parse Error: Failed parsing SMILES 'CCC(CC)(CC)Sc1cc(B(O)O)ccc1lipophilic-style' for input: 'CCC(CC)(CC)Sc1cc(B(O)O)ccc1lipophilic-style'
[11:02:36] SMILES Parse Error: syntax error while parsing: The
[11:02:36] SMILES Parse Error: Failed parsing SMILES 'The' for input: 'The'

Progress: 518/2000[11:02:38] SMILES Parse Error: syntax error while parsing: O=C(O)C(=O)NC(CO)LIL(O)I(F)I(F)F
[11:02:38] SMILES Parse Error: Failed parsing SMILES 'O=C(O)C(=O)NC(CO)LIL(O)I(F)I(F)F' for input: 'O=C(O)C(=O)NC(CO)LIL(O)I(F)I(F)F'

Progress: 519/2000[11:02:42] SMILES Parse Error: syntax error while parsing: C[NH+](C)CC(C[NH3+])C(=O)NC(=O)NC(=O)NC(=O)NC(=O)HBD3HBDn1cc(B(O)O)cn1
[11:02:42] SMILES Parse Error: Failed parsing SMILES 'C[NH+](C)CC(C[NH3+])C(=O)NC(=O)NC(=O)NC(=O)NC(=O)HBD3HBDn1cc(B(O)O)cn1' for input: 'C[NH+](C)CC(C[NH3+])C(=O)NC(=O)NC(=O)NC(=O)NC(=O)HBD3HBDn1cc(B(O)O)cn1'

Progress: 520/2000[11:02:44] SMILES Parse Error: syntax error while parsing: TCCC(CC)(CC)Sc1cc(C)c(C(=O)
[11:02:44] SMILES Parse Error: Failed parsing SMILES 'TCCC(CC)(CC)Sc1cc(C)c(C(=O)' for input: 'TCCC(CC)(CC)Sc1cc(C)c(C(=O)'

Progress: 521/2000
Progress: 522/2000
Progress: 523/2000[11:02:59] SMILES Parse Error: syntax error while parsing: Taking
[11:02:59] SMILES Parse Error: Failed parsing SMILES 'Taking' for input: 'Taking'

Progress: 524/2000[11:03:04] SMILES Parse Error: syntax error while parsing: CC(C[NH+](C[NH+](C)C)C[P+]([O-])[O-])[C@@H](C)C(=O)TSPA
[11:03:04] SMILES Parse Error: Failed parsing SMILES 'CC(C[NH+](C[NH+](C)C)C[P+]([O-])[O-])[C@@H](C)C(=O)TSPA' for input: 'CC(C[NH+](C[NH+](C)C)C[P+]([O-])[O-])[C@@H](C)C(=O)TSPA'
[11:03:04] SMILES Parse Error: syntax error while parsing: Taking
[11:03:04] SMILES Parse Error: Failed parsing SMILES 'Taking' for input: 'Taking'

Progress: 525/2000[11:03:08] SMILES Parse Error: syntax error while parsing: NC(=[NH2+])C(I)C(=O)N(C)C(C)TSP(=O)(OC)C(C)(C)C
[11:03:08] SMILES Parse Error: Failed parsing SMILES 'NC(=[NH2+])C(I)C(=O)N(C)C(C)TSP(=O)(OC)C(C)(C)C' for input: 'NC(=[NH2+])C(I)C(=O)N(C)C(C)TSP(=O)(OC)C(C)(C)C'
[11:03:08] SMILES Parse Error: syntax error while parsing: NC(=[NH2+])C(I)C(=O)N(C)C(C)TSP(=O)(OC)C(C)(C)C
[11:03:08] SMILES Parse Error: Failed parsing SMILES 'NC(=[NH2+])C(I)C(=O)N(C)C(C)TSP(=O)(OC)C(C)(C)C' for input: 'NC(=[NH2+])C(I)C(=O)N(C)C(C)TSP(=O)(OC)C(C)(C)C'
[11:03:08] SMILES Parse Error: syntax error while parsing: The
[11:03:08] SMILES Parse Error: Failed parsing SMILES 'The' for input: 'The'

Progress: 526/2000
Progress: 527/2000
Progress: 528/2000[11:03:22] SMILES Parse Error: syntax error while parsing: CCC(CC)(CC)Sc1cc(C(=O)sc2cc(Br)ccc2Q)sc1Q
[11:03:22] SMILES Parse Error: Failed parsing SMILES 'CCC(CC)(CC)Sc1cc(C(=O)sc2cc(Br)ccc2Q)sc1Q' for input: 'CCC(CC)(CC)Sc1cc(C(=O)sc2cc(Br)ccc2Q)sc1Q'

Progress: 529/2000
Progress: 530/2000[11:03:32] SMILES Parse Error: syntax error while parsing: NC(=[NH2+])Scl1cc(C(=O)Cl)ccc1SCN
[11:03:32] SMILES Parse Error: Failed parsing SMILES 'NC(=[NH2+])Scl1cc(C(=O)Cl)ccc1SCN' for input: 'NC(=[NH2+])Scl1cc(C(=O)Cl)ccc1SCN'

Progress: 531/2000
Progress: 532/2000
Progress: 533/2000[11:03:51] SMILES Parse Error: syntax error while parsing: O=C([O-])C(=O)C(=O)NCC(=O)NCC(=O)NCC(=O)NCC(=O)NCC(=O)NCC(=O)NCC(=O)NCC(=O)NCC(=O)NCC(=O)NCC(=O)NCC(=O)NCC(=O)NCC(=O)NCC(=O)NCC(=O)NCC(=O)NCC(=O)NCC(
[11:03:51] SMILES Parse Error: Failed parsing SMILES 'O=C([O-])C(=O)C(=O)NCC(=O)NCC(=O)NCC(=O)NCC(=O)NCC(=O)NCC(=O)NCC(=O)NCC(=O)NCC(=O)NCC(=O)NCC(=O)NCC(=O)NCC(=O)NCC(=O)NCC(=O)NCC(=O)NCC(=O)NCC(=O)NCC(' for input: 'O=C([O-])C(=O)C(=O)NCC(=O)NCC(=O)NCC(=O)NCC(=O)NCC(=O)NCC(=O)NCC(=O)NCC(=O)NCC(=O)NCC(=O)NCC(=O)NCC(=O)NCC(=O)NCC(=O)NCC(=O)NCC(=O)NCC(=O)NCC(=O)NCC('

Progress: 534/2000
Progress: 535/2000[11:04:03] non-ring atom 9 marked aromatic

Progress: 536/2000
Progress: 537/2000
Progress: 538/2000
Progress: 539/2000
Progress: 540/2000
Progress: 541/2000[11:04:39] SMILES Parse Error: extra close parentheses while parsing: CCC(CC)(CC)Sc1cc(Cl)cc(Cl)c1[NH+](CC)C(CC)C(=O)[O-])C(=O)O
[11:04:39] SMILES Parse Error: Failed parsing SMILES 'CCC(CC)(CC)Sc1cc(Cl)cc(Cl)c1[NH+](CC)C(CC)C(=O)[O-])C(=O)O' for input: 'CCC(CC)(CC)Sc1cc(Cl)cc(Cl)c1[NH+](CC)C(CC)C(=O)[O-])C(=O)O'
[11:04:39] SMILES Parse Error: syntax error while parsing: Taking
[11:04:39] SMILES Parse Error: Failed parsing SMILES 'Taking' for input: 'Taking'

Progress: 542/2000[11:04:48] SMILES Parse Error: syntax error while parsing: Taking
[11:04:48] SMILES Parse Error: Failed parsing SMILES 'Taking' for input: 'Taking'

Progress: 543/2000[11:04:57] SMILES Parse Error: extra open parentheses for input: 'CC(C[NH+](C)C[NH2+]C)C[NH+](C)C[NH+](C)C[NH+](C)C[NH+](C)C[NH+](C)C[NH+](C)C[NH+](C)C[NH+](C)C[NH+](C)C[NH+](C)C[NH+](C)C[NH+](C'
[11:04:57] SMILES Parse Error: syntax error while parsing: The
[11:04:57] SMILES Parse Error: Failed parsing SMILES 'The' for input: 'The'

Progress: 544/2000
Progress: 545/2000[11:05:04] SMILES Parse Error: syntax error while parsing: NC(=[NH2+])Based
[11:05:04] SMILES Parse Error: Failed parsing SMILES 'NC(=[NH2+])Based' for input: 'NC(=[NH2+])Based'
[11:05:04] SMILES Parse Error: syntax error while parsing: NC(=[NH2+])Based
[11:05:04] SMILES Parse Error: Failed parsing SMILES 'NC(=[NH2+])Based' for input: 'NC(=[NH2+])Based'
[11:05:04] SMILES Parse Error: syntax error while parsing: The
[11:05:04] SMILES Parse Error: Failed parsing SMILES 'The' for input: 'The'

Progress: 546/2000[11:05:08] SMILES Parse Error: syntax error while parsing: CCC(CC)(CC)Sc1ccc(C(=O)Ascc2ccccc2)cc1
[11:05:08] SMILES Parse Error: Failed parsing SMILES 'CCC(CC)(CC)Sc1ccc(C(=O)Ascc2ccccc2)cc1' for input: 'CCC(CC)(CC)Sc1ccc(C(=O)Ascc2ccccc2)cc1'

Progress: 547/2000[11:05:17] SMILES Parse Error: syntax error while parsing: Taking
[11:05:17] SMILES Parse Error: Failed parsing SMILES 'Taking' for input: 'Taking'

Progress: 548/2000
Progress: 549/2000
Progress: 550/2000
Progress: 551/2000[11:05:37] SMILES Parse Error: syntax error while parsing: O=P(O)(O)O[R@@H](F)F
[11:05:37] SMILES Parse Error: Failed parsing SMILES 'O=P(O)(O)O[R@@H](F)F' for input: 'O=P(O)(O)O[R@@H](F)F'
[11:05:37] SMILES Parse Error: syntax error while parsing: Taking
[11:05:37] SMILES Parse Error: Failed parsing SMILES 'Taking' for input: 'Taking'

Progress: 552/2000
Progress: 553/2000[11:05:48] SMILES Parse Error: syntax error while parsing: NC(=[NH2+])C(C(=O)[O-])sc1cc(C)sc1L
[11:05:48] SMILES Parse Error: Failed parsing SMILES 'NC(=[NH2+])C(C(=O)[O-])sc1cc(C)sc1L' for input: 'NC(=[NH2+])C(C(=O)[O-])sc1cc(C)sc1L'
[11:05:48] SMILES Parse Error: syntax error while parsing: Taking
[11:05:48] SMILES Parse Error: Failed parsing SMILES 'Taking' for input: 'Taking'

Progress: 554/2000[11:05:52] SMILES Parse Error: syntax error while parsing: represented
[11:05:52] SMILES Parse Error: Failed parsing SMILES 'represented' for input: 'represented'
[11:05:52] SMILES Parse Error: syntax error while parsing: The
[11:05:52] SMILES Parse Error: Failed parsing SMILES 'The' for input: 'The'

Progress: 555/2000
Progress: 556/2000
Progress: 557/2000[11:06:11] SMILES Parse Error: extra open parentheses for input: 'CCC(CC)(CC)Sc1cc(C)c(C(=O)'
[11:06:11] SMILES Parse Error: syntax error while parsing: Taking
[11:06:11] SMILES Parse Error: Failed parsing SMILES 'Taking' for input: 'Taking'

Progress: 558/2000[11:06:13] non-ring atom 4 marked aromatic
[11:06:13] non-ring atom 4 marked aromatic
[11:06:13] SMILES Parse Error: syntax error while parsing: The
[11:06:13] SMILES Parse Error: Failed parsing SMILES 'The' for input: 'The'

Progress: 559/2000[11:06:18] SMILES Parse Error: unclosed ring for input: 'NC(=[NH2+])C1CC1C2CC2C2CC2C2(C)CC1C2CC1CC1C2CC2C2(C)CC2C1C2'
[11:06:18] SMILES Parse Error: unclosed ring for input: 'NC(=[NH2+])C1CC1C2CC2C2CC2C2(C)CC1C2CC1CC1C2CC2C2(C)CC2C1C2'
[11:06:18] SMILES Parse Error: syntax error while parsing: The
[11:06:18] SMILES Parse Error: Failed parsing SMILES 'The' for input: 'The'

Progress: 560/2000
Progress: 561/2000
Progress: 562/2000[11:06:33] SMILES Parse Error: syntax error while parsing: C[NH+](C)C(aph)C(O)(O)C(=O)Taking
[11:06:33] SMILES Parse Error: Failed parsing SMILES 'C[NH+](C)C(aph)C(O)(O)C(=O)Taking' for input: 'C[NH+](C)C(aph)C(O)(O)C(=O)Taking'
[11:06:33] SMILES Parse Error: syntax error while parsing: Taking
[11:06:33] SMILES Parse Error: Failed parsing SMILES 'Taking' for input: 'Taking'

Progress: 563/2000[11:06:35] SMILES Parse Error: syntax error while parsing: 720-14-CCCCCCC(=O)N1CCC(CBr)C(C)C1
[11:06:35] SMILES Parse Error: Failed parsing SMILES '720-14-CCCCCCC(=O)N1CCC(CBr)C(C)C1' for input: '720-14-CCCCCCC(=O)N1CCC(CBr)C(C)C1'

Progress: 564/2000
Progress: 565/2000
Progress: 566/2000[11:06:52] SMILES Parse Error: syntax error while parsing: Taking
[11:06:52] SMILES Parse Error: Failed parsing SMILES 'Taking' for input: 'Taking'

Progress: 567/2000[11:06:56] SMILES Parse Error: syntax error while parsing: NC(=[NH2+])Scaffold
[11:06:56] SMILES Parse Error: Failed parsing SMILES 'NC(=[NH2+])Scaffold' for input: 'NC(=[NH2+])Scaffold'
[11:06:56] SMILES Parse Error: syntax error while parsing: NC(=[NH2+])Scaffold
[11:06:56] SMILES Parse Error: Failed parsing SMILES 'NC(=[NH2+])Scaffold' for input: 'NC(=[NH2+])Scaffold'
[11:06:56] SMILES Parse Error: syntax error while parsing: The
[11:06:56] SMILES Parse Error: Failed parsing SMILES 'The' for input: 'The'

Progress: 568/2000[11:07:04] SMILES Parse Error: syntax error while parsing: denoted
[11:07:04] SMILES Parse Error: Failed parsing SMILES 'denoted' for input: 'denoted'
[11:07:04] SMILES Parse Error: syntax error while parsing: The
[11:07:04] SMILES Parse Error: Failed parsing SMILES 'The' for input: 'The'

Progress: 569/2000
Progress: 570/2000[11:07:22] SMILES Parse Error: syntax error while parsing: 621-lipo[lipo[lipo[lipo[lipo[Si](C)(C)C(C)(C)C)C(C)(C)C]C63]C63
[11:07:22] SMILES Parse Error: Failed parsing SMILES '621-lipo[lipo[lipo[lipo[lipo[Si](C)(C)C(C)(C)C)C(C)(C)C]C63]C63' for input: '621-lipo[lipo[lipo[lipo[lipo[Si](C)(C)C(C)(C)C)C(C)(C)C]C63]C63'

Progress: 571/2000[11:07:31] SMILES Parse Error: unclosed ring for input: 'NC(=[NH2+])C1CC1C1CC1C1CC1C1CC1C1CC1C1CC1C1CC1C1CC1C1CC1C1CC1C1CC1C1CC1C1CC1C1CC1C1CC1C1CC1C1CC1C1CC1C1CC1C1CC1C1CC1C1CC1C1CC1C1CC1C1CC1C1CC1C1'
[11:07:31] SMILES Parse Error: syntax error while parsing: The
[11:07:31] SMILES Parse Error: Failed parsing SMILES 'The' for input: 'The'

Progress: 572/2000[11:07:35] SMILES Parse Error: syntax error while parsing: NC(=[NH2+])n1ncc(C(=O)NC(in
[11:07:35] SMILES Parse Error: Failed parsing SMILES 'NC(=[NH2+])n1ncc(C(=O)NC(in' for input: 'NC(=[NH2+])n1ncc(C(=O)NC(in'

Progress: 573/2000[11:07:38] SMILES Parse Error: syntax error while parsing: C[NH+](C)C(C(=O)NN)c1cccc(lipophilic
[11:07:38] SMILES Parse Error: Failed parsing SMILES 'C[NH+](C)C(C(=O)NN)c1cccc(lipophilic' for input: 'C[NH+](C)C(C(=O)NN)c1cccc(lipophilic'
[11:07:38] SMILES Parse Error: syntax error while parsing: C[NH+](C)C(C(=O)NN)c1cccc(lipophilic
[11:07:38] SMILES Parse Error: Failed parsing SMILES 'C[NH+](C)C(C(=O)NN)c1cccc(lipophilic' for input: 'C[NH+](C)C(C(=O)NN)c1cccc(lipophilic'
[11:07:38] SMILES Parse Error: syntax error while parsing: The
[11:07:38] SMILES Parse Error: Failed parsing SMILES 'The' for input: 'The'

Progress: 574/2000
Progress: 575/2000
Progress: 576/2000
Progress: 577/2000
Progress: 578/2000
Progress: 579/2000
Progress: 580/2000
Progress: 581/2000[11:08:22] SMILES Parse Error: syntax error while parsing: The
[11:08:22] SMILES Parse Error: Failed parsing SMILES 'The' for input: 'The'

Progress: 582/2000[11:08:25] Can't kekulize mol.  Unkekulized atoms: 8 9 10 11 16
[11:08:25] Can't kekulize mol.  Unkekulized atoms: 8 9 10 11 16
[11:08:25] SMILES Parse Error: syntax error while parsing: The
[11:08:25] SMILES Parse Error: Failed parsing SMILES 'The' for input: 'The'

Progress: 583/2000[11:08:26] SMILES Parse Error: syntax error while parsing: 503.00
[11:08:26] SMILES Parse Error: Failed parsing SMILES '503.00' for input: '503.00'

Progress: 584/2000
Progress: 585/2000
Progress: 586/2000[11:08:38] SMILES Parse Error: syntax error while parsing: Taking
[11:08:38] SMILES Parse Error: Failed parsing SMILES 'Taking' for input: 'Taking'

Progress: 587/2000
Progress: 588/2000[11:08:44] SMILES Parse Error: syntax error while parsing: NC(=[NH2+])Scaffold
[11:08:44] SMILES Parse Error: Failed parsing SMILES 'NC(=[NH2+])Scaffold' for input: 'NC(=[NH2+])Scaffold'
[11:08:44] SMILES Parse Error: syntax error while parsing: NC(=[NH2+])Scaffold
[11:08:44] SMILES Parse Error: Failed parsing SMILES 'NC(=[NH2+])Scaffold' for input: 'NC(=[NH2+])Scaffold'
[11:08:44] SMILES Parse Error: syntax error while parsing: The
[11:08:44] SMILES Parse Error: Failed parsing SMILES 'The' for input: 'The'

Progress: 589/2000
Progress: 590/2000[11:08:49] SMILES Parse Error: syntax error while parsing: NNC(=O)C(=O)NC(=O)Based
[11:08:49] SMILES Parse Error: Failed parsing SMILES 'NNC(=O)C(=O)NC(=O)Based' for input: 'NNC(=O)C(=O)NC(=O)Based'
[11:08:49] SMILES Parse Error: syntax error while parsing: NNC(=O)C(=O)NC(=O)Based
[11:08:49] SMILES Parse Error: Failed parsing SMILES 'NNC(=O)C(=O)NC(=O)Based' for input: 'NNC(=O)C(=O)NC(=O)Based'
[11:08:49] SMILES Parse Error: syntax error while parsing: The
[11:08:49] SMILES Parse Error: Failed parsing SMILES 'The' for input: 'The'

Progress: 591/2000[11:08:51] SMILES Parse Error: syntax error while parsing: NC(=[NH2+])s1ccc(From
[11:08:51] SMILES Parse Error: Failed parsing SMILES 'NC(=[NH2+])s1ccc(From' for input: 'NC(=[NH2+])s1ccc(From'
[11:08:51] SMILES Parse Error: syntax error while parsing: NC(=[NH2+])s1ccc(From
[11:08:51] SMILES Parse Error: Failed parsing SMILES 'NC(=[NH2+])s1ccc(From' for input: 'NC(=[NH2+])s1ccc(From'
[11:08:51] SMILES Parse Error: syntax error while parsing: The
[11:08:51] SMILES Parse Error: Failed parsing SMILES 'The' for input: 'The'

Progress: 592/2000
Progress: 593/2000
Progress: 594/2000
Progress: 595/2000
Progress: 596/2000[11:09:18] SMILES Parse Error: syntax error while parsing: NC(=[NH2+])C1CC1C1CC1C1CC1C1HBD(C(O)(O)O)C1C1HBD(C(O)(O)O)C1C1CC1
[11:09:18] SMILES Parse Error: Failed parsing SMILES 'NC(=[NH2+])C1CC1C1CC1C1CC1C1HBD(C(O)(O)O)C1C1HBD(C(O)(O)O)C1C1CC1' for input: 'NC(=[NH2+])C1CC1C1CC1C1CC1C1HBD(C(O)(O)O)C1C1HBD(C(O)(O)O)C1C1CC1'
[11:09:18] SMILES Parse Error: syntax error while parsing: represented
[11:09:18] SMILES Parse Error: Failed parsing SMILES 'represented' for input: 'represented'
[11:09:18] SMILES Parse Error: syntax error while parsing: The
[11:09:18] SMILES Parse Error: Failed parsing SMILES 'The' for input: 'The'

Progress: 597/2000
Progress: 598/2000[11:09:28] SMILES Parse Error: syntax error while parsing: Taking
[11:09:28] SMILES Parse Error: Failed parsing SMILES 'Taking' for input: 'Taking'

Progress: 599/2000
Progress: 600/2000[11:09:39] SMILES Parse Error: syntax error while parsing: Taking
[11:09:39] SMILES Parse Error: Failed parsing SMILES 'Taking' for input: 'Taking'

Progress: 601/2000
Progress: 602/2000[11:09:45] SMILES Parse Error: syntax error while parsing: C[NH+](C)CC(C[NH3+])L(I)I

###
[11:09:45] SMILES Parse Error: Failed parsing SMILES 'C[NH+](C)CC(C[NH3+])L(I)I

###' for input: 'C[NH+](C)CC(C[NH3+])L(I)I

###'

Progress: 603/2000[11:09:50] SMILES Parse Error: syntax error while parsing: represented
[11:09:50] SMILES Parse Error: Failed parsing SMILES 'represented' for input: 'represented'
[11:09:50] SMILES Parse Error: syntax error while parsing: Taking
[11:09:50] SMILES Parse Error: Failed parsing SMILES 'Taking' for input: 'Taking'

Progress: 604/2000[11:09:52] SMILES Parse Error: syntax error while parsing: 433-CCCCCCC(=O)N[C@H](C)C(=O)N(C)CC(C)(C)C(C)(C)C
[11:09:52] SMILES Parse Error: Failed parsing SMILES '433-CCCCCCC(=O)N[C@H](C)C(=O)N(C)CC(C)(C)C(C)(C)C' for input: '433-CCCCCCC(=O)N[C@H](C)C(=O)N(C)CC(C)(C)C(C)(C)C'

Progress: 605/2000[11:09:54] SMILES Parse Error: syntax error while parsing: NC(=[NH2+])Scaffold
[11:09:54] SMILES Parse Error: Failed parsing SMILES 'NC(=[NH2+])Scaffold' for input: 'NC(=[NH2+])Scaffold'
[11:09:54] SMILES Parse Error: syntax error while parsing: NC(=[NH2+])Scaffold
[11:09:54] SMILES Parse Error: Failed parsing SMILES 'NC(=[NH2+])Scaffold' for input: 'NC(=[NH2+])Scaffold'
[11:09:54] SMILES Parse Error: syntax error while parsing: The
[11:09:54] SMILES Parse Error: Failed parsing SMILES 'The' for input: 'The'

Progress: 606/2000
Progress: 607/2000
Progress: 608/2000[11:10:11] SMILES Parse Error: syntax error while parsing: NC(=[NH2+])TRECc1cc(Cl)c(Cl)c(C(=O)O)c1
[11:10:11] SMILES Parse Error: Failed parsing SMILES 'NC(=[NH2+])TRECc1cc(Cl)c(Cl)c(C(=O)O)c1' for input: 'NC(=[NH2+])TRECc1cc(Cl)c(Cl)c(C(=O)O)c1'

Progress: 609/2000
Progress: 610/2000[11:10:18] SMILES Parse Error: unclosed ring for input: 'NC(=[NH2+])s1ccc(C(=O)N[C@@H](C)s2)s1'
[11:10:18] SMILES Parse Error: syntax error while parsing: Taking
[11:10:18] SMILES Parse Error: Failed parsing SMILES 'Taking' for input: 'Taking'

Progress: 611/2000
Progress: 612/2000[11:10:28] SMILES Parse Error: syntax error while parsing: Taking
[11:10:28] SMILES Parse Error: Failed parsing SMILES 'Taking' for input: 'Taking'

Progress: 613/2000
Progress: 614/2000
Progress: 615/2000
Progress: 616/2000[11:10:40] SMILES Parse Error: syntax error while parsing: Taking
[11:10:40] SMILES Parse Error: Failed parsing SMILES 'Taking' for input: 'Taking'

Progress: 617/2000[11:10:43] SMILES Parse Error: syntax error while parsing: CCC(CC)(CC)Sc1cc(C(=O)lacc(C)c1)co1
[11:10:43] SMILES Parse Error: Failed parsing SMILES 'CCC(CC)(CC)Sc1cc(C(=O)lacc(C)c1)co1' for input: 'CCC(CC)(CC)Sc1cc(C(=O)lacc(C)c1)co1'
[11:10:43] SMILES Parse Error: syntax error while parsing: represented
[11:10:43] SMILES Parse Error: Failed parsing SMILES 'represented' for input: 'represented'
[11:10:43] SMILES Parse Error: syntax error while parsing: The
[11:10:43] SMILES Parse Error: Failed parsing SMILES 'The' for input: 'The'

Progress: 618/2000[11:10:45] SMILES Parse Error: syntax error while parsing: CCC(C)(C)C(C)(lipophilicity
[11:10:45] SMILES Parse Error: Failed parsing SMILES 'CCC(C)(C)C(C)(lipophilicity' for input: 'CCC(C)(C)C(C)(lipophilicity'

Progress: 619/2000[11:10:48] SMILES Parse Error: syntax error while parsing: NC(=[NH2+])SLC(=O)N.C.B.O
[11:10:48] SMILES Parse Error: Failed parsing SMILES 'NC(=[NH2+])SLC(=O)N.C.B.O' for input: 'NC(=[NH2+])SLC(=O)N.C.B.O'

Progress: 620/2000
Progress: 621/2000[11:10:53] Can't kekulize mol.  Unkekulized atoms: 8 10 12 13 15

Progress: 622/2000[11:11:00] SMILES Parse Error: syntax error while parsing: Taking
[11:11:00] SMILES Parse Error: Failed parsing SMILES 'Taking' for input: 'Taking'

Progress: 623/2000[11:11:02] SMILES Parse Error: syntax error while parsing: CCC(CC)(CC)Sc1ccc(B(O)O)c(H)c1
[11:11:02] SMILES Parse Error: Failed parsing SMILES 'CCC(CC)(CC)Sc1ccc(B(O)O)c(H)c1' for input: 'CCC(CC)(CC)Sc1ccc(B(O)O)c(H)c1'
[11:11:02] SMILES Parse Error: syntax error while parsing: CCC(CC)(CC)Sc1ccc(B(O)O)c(H)c1
[11:11:02] SMILES Parse Error: Failed parsing SMILES 'CCC(CC)(CC)Sc1ccc(B(O)O)c(H)c1' for input: 'CCC(CC)(CC)Sc1ccc(B(O)O)c(H)c1'
[11:11:02] SMILES Parse Error: syntax error while parsing: The
[11:11:02] SMILES Parse Error: Failed parsing SMILES 'The' for input: 'The'

Progress: 624/2000[11:11:08] SMILES Parse Error: syntax error while parsing: represented
[11:11:08] SMILES Parse Error: Failed parsing SMILES 'represented' for input: 'represented'
[11:11:08] SMILES Parse Error: syntax error while parsing: The
[11:11:08] SMILES Parse Error: Failed parsing SMILES 'The' for input: 'The'

Progress: 625/2000[11:11:12] SMILES Parse Error: syntax error while parsing: NC(=[NH2+])s1ccc(S(=O)(=O)O)c(C(=O)NC(
[11:11:12] SMILES Parse Error: Failed parsing SMILES 'NC(=[NH2+])s1ccc(S(=O)(=O)O)c(C(=O)NC(' for input: 'NC(=[NH2+])s1ccc(S(=O)(=O)O)c(C(=O)NC('
[11:11:12] SMILES Parse Error: syntax error while parsing: Taking
[11:11:12] SMILES Parse Error: Failed parsing SMILES 'Taking' for input: 'Taking'

Progress: 626/2000[11:11:14] SMILES Parse Error: syntax error while parsing: 612.00
[11:11:14] SMILES Parse Error: Failed parsing SMILES '612.00' for input: '612.00'

Progress: 627/2000
Progress: 628/2000[11:11:23] SMILES Parse Error: extra close parentheses while parsing: NNC(=O)C(=O)NC(=O)B(O)O)I(C)C(=O)N(C)C(=O)Ingredients:
[11:11:23] SMILES Parse Error: Failed parsing SMILES 'NNC(=O)C(=O)NC(=O)B(O)O)I(C)C(=O)N(C)C(=O)Ingredients:' for input: 'NNC(=O)C(=O)NC(=O)B(O)O)I(C)C(=O)N(C)C(=O)Ingredients:'
[11:11:23] SMILES Parse Error: extra close parentheses while parsing: NNC(=O)C(=O)NC(=O)B(O)O)I(C)C(=O)N(C)C(=O)Ingredients
[11:11:23] SMILES Parse Error: Failed parsing SMILES 'NNC(=O)C(=O)NC(=O)B(O)O)I(C)C(=O)N(C)C(=O)Ingredients' for input: 'NNC(=O)C(=O)NC(=O)B(O)O)I(C)C(=O)N(C)C(=O)Ingredients'
[11:11:23] SMILES Parse Error: syntax error while parsing: The
[11:11:23] SMILES Parse Error: Failed parsing SMILES 'The' for input: 'The'

Progress: 629/2000
Progress: 630/2000
Progress: 631/2000[11:11:42] SMILES Parse Error: syntax error while parsing: The
[11:11:42] SMILES Parse Error: Failed parsing SMILES 'The' for input: 'The'

Progress: 632/2000[11:11:45] SMILES Parse Error: syntax error while parsing: NC(=[NH2+])Scaffold
[11:11:45] SMILES Parse Error: Failed parsing SMILES 'NC(=[NH2+])Scaffold' for input: 'NC(=[NH2+])Scaffold'
[11:11:45] SMILES Parse Error: syntax error while parsing: NC(=[NH2+])Scaffold
[11:11:45] SMILES Parse Error: Failed parsing SMILES 'NC(=[NH2+])Scaffold' for input: 'NC(=[NH2+])Scaffold'
[11:11:45] SMILES Parse Error: syntax error while parsing: The
[11:11:45] SMILES Parse Error: Failed parsing SMILES 'The' for input: 'The'

Progress: 633/2000
Progress: 634/2000[11:11:51] SMILES Parse Error: syntax error while parsing: 484.00
[11:11:51] SMILES Parse Error: Failed parsing SMILES '484.00' for input: '484.00'

Progress: 635/2000
Progress: 636/2000
Progress: 637/2000
Progress: 638/2000[11:12:04] SMILES Parse Error: syntax error while parsing: CCC(CC)(CC)Sc1ccc(C(=O)As
[11:12:04] SMILES Parse Error: Failed parsing SMILES 'CCC(CC)(CC)Sc1ccc(C(=O)As' for input: 'CCC(CC)(CC)Sc1ccc(C(=O)As'

Progress: 639/2000
Progress: 640/2000
Progress: 641/2000
Progress: 642/2000[11:12:19] SMILES Parse Error: syntax error while parsing: NC(=[NH2+])S[Si](C)(C)CScaffold
[11:12:19] SMILES Parse Error: Failed parsing SMILES 'NC(=[NH2+])S[Si](C)(C)CScaffold' for input: 'NC(=[NH2+])S[Si](C)(C)CScaffold'

Progress: 643/2000[11:12:26] SMILES Parse Error: syntax error while parsing: Taking
[11:12:26] SMILES Parse Error: Failed parsing SMILES 'Taking' for input: 'Taking'

Progress: 644/2000[11:12:29] SMILES Parse Error: unclosed ring for input: 'NC(=[NH2+])C1CC1C1CC1C(=O)N(C)C(=O)C1'

Progress: 645/2000[11:12:35] SMILES Parse Error: syntax error while parsing: Taking
[11:12:35] SMILES Parse Error: Failed parsing SMILES 'Taking' for input: 'Taking'

Progress: 646/2000
Progress: 647/2000[11:12:43] SMILES Parse Error: syntax error while parsing: href=
[11:12:43] SMILES Parse Error: Failed parsing SMILES ' href=' for input: ' href='

Progress: 648/2000[11:12:50] SMILES Parse Error: syntax error while parsing: CC(C[NH+](C)C)C(=O)C(N)C(=O)C(N)C(=O)C(N)C(=O)C(N)C(=O)C(N)C(=O)C(N)C(=O)C(N)C(=O)C(N)C(=O)C(N)C(=O)C(N)C(=O)C(N)C(=
[11:12:50] SMILES Parse Error: Failed parsing SMILES 'CC(C[NH+](C)C)C(=O)C(N)C(=O)C(N)C(=O)C(N)C(=O)C(N)C(=O)C(N)C(=O)C(N)C(=O)C(N)C(=O)C(N)C(=O)C(N)C(=O)C(N)C(=O)C(N)C(=' for input: 'CC(C[NH+](C)C)C(=O)C(N)C(=O)C(N)C(=O)C(N)C(=O)C(N)C(=O)C(N)C(=O)C(N)C(=O)C(N)C(=O)C(N)C(=O)C(N)C(=O)C(N)C(=O)C(N)C(='
[11:12:50] SMILES Parse Error: syntax error while parsing: The
[11:12:50] SMILES Parse Error: Failed parsing SMILES 'The' for input: 'The'

Progress: 649/2000
Progress: 650/2000
Progress: 651/2000[11:13:02] SMILES Parse Error: syntax error while parsing: NC(=[NH2+])SLSOSC(N)C(N)C(N)C(N)C(N)C(N)C(N)C(N)C(N)C(N)C(N)C(N)C(N)C(N)C(N)C(N)C(N)C(N)C(N)C(N)C(N)C(N)C(N)C(N)C(N)C(N
[11:13:02] SMILES Parse Error: Failed parsing SMILES 'NC(=[NH2+])SLSOSC(N)C(N)C(N)C(N)C(N)C(N)C(N)C(N)C(N)C(N)C(N)C(N)C(N)C(N)C(N)C(N)C(N)C(N)C(N)C(N)C(N)C(N)C(N)C(N)C(N)C(N' for input: 'NC(=[NH2+])SLSOSC(N)C(N)C(N)C(N)C(N)C(N)C(N)C(N)C(N)C(N)C(N)C(N)C(N)C(N)C(N)C(N)C(N)C(N)C(N)C(N)C(N)C(N)C(N)C(N)C(N)C(N'
[11:13:02] SMILES Parse Error: syntax error while parsing: The
[11:13:02] SMILES Parse Error: Failed parsing SMILES 'The' for input: 'The'

Progress: 652/2000
Progress: 653/2000[11:13:17] SMILES Parse Error: unclosed ring for input: 'NC(=[NH2+])C1CC1C1CC1C1CC1C1CC1C1CC1C1CC1C1CC1C1CC1C1CC1C1CC1C1CC1C1CC1C1CC1C1CC1C1CC1C1CC1C1CC1C1CC1C1CC1C1CC1C1CC1C1CC1C1CC1C1CC1C1CC1C1CC1C1'
[11:13:17] SMILES Parse Error: syntax error while parsing: The
[11:13:17] SMILES Parse Error: Failed parsing SMILES 'The' for input: 'The'

Progress: 654/2000
Progress: 655/2000
Progress: 656/2000[11:13:27] SMILES Parse Error: unclosed ring for input: 'NC(=[NH2+])C1CC1C2CC2C2CC(C3CC3)C2(C)C1'
[11:13:27] SMILES Parse Error: unclosed ring for input: 'NC(=[NH2+])C1CC1C2CC2C2CC(C3CC3)C2(C)C1'
[11:13:27] SMILES Parse Error: syntax error while parsing: The
[11:13:27] SMILES Parse Error: Failed parsing SMILES 'The' for input: 'The'

Progress: 657/2000[11:13:30] SMILES Parse Error: extra close parentheses while parsing: O=C([O-])C(=O)C(=O)B(O)O)I)
[11:13:30] SMILES Parse Error: Failed parsing SMILES 'O=C([O-])C(=O)C(=O)B(O)O)I)' for input: 'O=C([O-])C(=O)C(=O)B(O)O)I)'

Progress: 658/2000[11:13:36] SMILES Parse Error: syntax error while parsing: Taking
[11:13:36] SMILES Parse Error: Failed parsing SMILES 'Taking' for input: 'Taking'

Progress: 659/2000[11:13:42] SMILES Parse Error: syntax error while parsing: Taking
[11:13:42] SMILES Parse Error: Failed parsing SMILES 'Taking' for input: 'Taking'

Progress: 660/2000
Progress: 661/2000
Progress: 662/2000[11:13:48] SMILES Parse Error: syntax error while parsing: CCC(CC)(CC)Sc1cc(B(O)O)ccc1lipophilic-Q
[11:13:48] SMILES Parse Error: Failed parsing SMILES 'CCC(CC)(CC)Sc1cc(B(O)O)ccc1lipophilic-Q' for input: 'CCC(CC)(CC)Sc1cc(B(O)O)ccc1lipophilic-Q'

Progress: 663/2000
Progress: 664/2000[11:13:56] SMILES Parse Error: syntax error while parsing: NC(=[NH2+])C1CCC(scaffold)C(C)(O)C1O
[11:13:56] SMILES Parse Error: Failed parsing SMILES 'NC(=[NH2+])C1CCC(scaffold)C(C)(O)C1O' for input: 'NC(=[NH2+])C1CCC(scaffold)C(C)(O)C1O'
[11:13:56] SMILES Parse Error: syntax error while parsing: Taking
[11:13:56] SMILES Parse Error: Failed parsing SMILES 'Taking' for input: 'Taking'

Progress: 665/2000
Progress: 666/2000[11:14:04] SMILES Parse Error: extra close parentheses while parsing: CC(C[NH+](C[NH2+]C)C[NH2+]C)C(=O)NS(=O)(=O)C[NH+](C)C)C(=O)NS(=O)(=O)C[NH+](C)C)C(=O)NS(=O)(=O)C[NH+](C)C)C(=O)NS(=O)(=O)C[NH+](
[11:14:04] SMILES Parse Error: Failed parsing SMILES 'CC(C[NH+](C[NH2+]C)C[NH2+]C)C(=O)NS(=O)(=O)C[NH+](C)C)C(=O)NS(=O)(=O)C[NH+](C)C)C(=O)NS(=O)(=O)C[NH+](C)C)C(=O)NS(=O)(=O)C[NH+](' for input: 'CC(C[NH+](C[NH2+]C)C[NH2+]C)C(=O)NS(=O)(=O)C[NH+](C)C)C(=O)NS(=O)(=O)C[NH+](C)C)C(=O)NS(=O)(=O)C[NH+](C)C)C(=O)NS(=O)(=O)C[NH+]('
[11:14:04] SMILES Parse Error: syntax error while parsing: The
[11:14:04] SMILES Parse Error: Failed parsing SMILES 'The' for input: 'The'

Progress: 667/2000
Progress: 668/2000
Progress: 669/2000
Progress: 670/2000
Progress: 671/2000
Progress: 672/2000
Progress: 673/2000[11:14:32] SMILES Parse Error: syntax error while parsing: Taking
[11:14:32] SMILES Parse Error: Failed parsing SMILES 'Taking' for input: 'Taking'

Progress: 674/2000
Progress: 675/2000
Progress: 676/2000
Progress: 677/2000[11:14:48] SMILES Parse Error: syntax error while parsing: O=C([O-])C(=O)C(=O)NCC(=O)NCC(=O)NCC(=O)NCC(=O)NCC(=O)NCC(=O)NCC(=O)NCC(=O)NCC(=O)NCC(=O)NCC(=O)NCC(=O)NCC(=O)NCC(=O)NCC(=O)NCC(=O)NCC(=O)NCC(=O)NCC(
[11:14:48] SMILES Parse Error: Failed parsing SMILES 'O=C([O-])C(=O)C(=O)NCC(=O)NCC(=O)NCC(=O)NCC(=O)NCC(=O)NCC(=O)NCC(=O)NCC(=O)NCC(=O)NCC(=O)NCC(=O)NCC(=O)NCC(=O)NCC(=O)NCC(=O)NCC(=O)NCC(=O)NCC(=O)NCC(' for input: 'O=C([O-])C(=O)C(=O)NCC(=O)NCC(=O)NCC(=O)NCC(=O)NCC(=O)NCC(=O)NCC(=O)NCC(=O)NCC(=O)NCC(=O)NCC(=O)NCC(=O)NCC(=O)NCC(=O)NCC(=O)NCC(=O)NCC(=O)NCC(=O)NCC('

Progress: 678/2000
Progress: 679/2000
Progress: 680/2000
Progress: 681/2000[11:15:03] SMILES Parse Error: syntax error while parsing: Taking
[11:15:03] SMILES Parse Error: Failed parsing SMILES 'Taking' for input: 'Taking'

Progress: 682/2000
Progress: 683/2000[11:15:08] SMILES Parse Error: syntax error while parsing: CCC(CC)(CC)Sc1ccc(B(O)O)c(HBD)s1
[11:15:08] SMILES Parse Error: Failed parsing SMILES 'CCC(CC)(CC)Sc1ccc(B(O)O)c(HBD)s1' for input: 'CCC(CC)(CC)Sc1ccc(B(O)O)c(HBD)s1'
[11:15:08] SMILES Parse Error: syntax error while parsing: Taking
[11:15:08] SMILES Parse Error: Failed parsing SMILES 'Taking' for input: 'Taking'

Progress: 684/2000
Progress: 685/2000[11:15:23] SMILES Parse Error: syntax error while parsing: Taking
[11:15:23] SMILES Parse Error: Failed parsing SMILES 'Taking' for input: 'Taking'

Progress: 686/2000[11:15:29] SMILES Parse Error: syntax error while parsing: Taking
[11:15:29] SMILES Parse Error: Failed parsing SMILES 'Taking' for input: 'Taking'

Progress: 687/2000
Progress: 688/2000
Progress: 689/2000[11:15:39] SMILES Parse Error: syntax error while parsing: CCC(CC)(CC)Sc1cc(C)c(C(=O)lipophilicity
[11:15:39] SMILES Parse Error: Failed parsing SMILES 'CCC(CC)(CC)Sc1cc(C)c(C(=O)lipophilicity' for input: 'CCC(CC)(CC)Sc1cc(C)c(C(=O)lipophilicity'

Progress: 690/2000
Progress: 691/2000[11:15:48] SMILES Parse Error: syntax error while parsing: Taking
[11:15:48] SMILES Parse Error: Failed parsing SMILES 'Taking' for input: 'Taking'

Progress: 692/2000[11:15:49] SMILES Parse Error: syntax error while parsing: TCCC(CC)(CC)Sc1cc(C)c(C(=O)Cl)c(C)c1
[11:15:49] SMILES Parse Error: Failed parsing SMILES 'TCCC(CC)(CC)Sc1cc(C)c(C(=O)Cl)c(C)c1' for input: 'TCCC(CC)(CC)Sc1cc(C)c(C(=O)Cl)c(C)c1'

Progress: 693/2000[11:15:56] SMILES Parse Error: syntax error while parsing: Taking
[11:15:56] SMILES Parse Error: Failed parsing SMILES 'Taking' for input: 'Taking'

Progress: 694/2000
Progress: 695/2000
Progress: 696/2000[11:16:12] SMILES Parse Error: unclosed ring for input: 'NC(=[NH2+])C1CC1C2CC2C2CC2C2CCC2C2(C3CC3C3CC3C3CC3C3)OCC(OC1)OC2'
[11:16:12] SMILES Parse Error: unclosed ring for input: 'NC(=[NH2+])C1CC1C2CC2C2CC2C2CCC2C2(C3CC3C3CC3C3CC3C3)OCC(OC1)OC2'
[11:16:12] SMILES Parse Error: syntax error while parsing: The
[11:16:12] SMILES Parse Error: Failed parsing SMILES 'The' for input: 'The'

Progress: 697/2000
Progress: 698/2000
Progress: 699/2000
Progress: 700/2000[11:16:28] SMILES Parse Error: syntax error while parsing: NC(=[NH2+])Sca1000
[11:16:28] SMILES Parse Error: Failed parsing SMILES 'NC(=[NH2+])Sca1000' for input: 'NC(=[NH2+])Sca1000'
[11:16:28] SMILES Parse Error: syntax error while parsing: NC(=[NH2+])Sca1000
[11:16:28] SMILES Parse Error: Failed parsing SMILES 'NC(=[NH2+])Sca1000' for input: 'NC(=[NH2+])Sca1000'
[11:16:28] SMILES Parse Error: syntax error while parsing: The
[11:16:28] SMILES Parse Error: Failed parsing SMILES 'The' for input: 'The'

Progress: 701/2000
Progress: 702/2000[11:16:36] SMILES Parse Error: syntax error while parsing: CCC(CC)(CC)Sc1cc(C(Br)CC2(C)CC2)sc1H
[11:16:36] SMILES Parse Error: Failed parsing SMILES 'CCC(CC)(CC)Sc1cc(C(Br)CC2(C)CC2)sc1H' for input: 'CCC(CC)(CC)Sc1cc(C(Br)CC2(C)CC2)sc1H'
[11:16:36] SMILES Parse Error: syntax error while parsing: CCC(CC)(CC)Sc1cc(C(Br)CC2(C)CC2)sc1H
[11:16:36] SMILES Parse Error: Failed parsing SMILES 'CCC(CC)(CC)Sc1cc(C(Br)CC2(C)CC2)sc1H' for input: 'CCC(CC)(CC)Sc1cc(C(Br)CC2(C)CC2)sc1H'
[11:16:36] SMILES Parse Error: syntax error while parsing: The
[11:16:36] SMILES Parse Error: Failed parsing SMILES 'The' for input: 'The'

Progress: 703/2000
Progress: 704/2000
Progress: 705/2000
Progress: 706/2000[11:16:52] SMILES Parse Error: syntax error while parsing: C[NH+](C)CC(C[NH3+])[Si](C)(C)C(O)(O)C(=O)N3CC(=O)C(=O)N(C)CC2(CN,C)CC2
[11:16:53] SMILES Parse Error: Failed parsing SMILES 'C[NH+](C)CC(C[NH3+])[Si](C)(C)C(O)(O)C(=O)N3CC(=O)C(=O)N(C)CC2(CN,C)CC2' for input: 'C[NH+](C)CC(C[NH3+])[Si](C)(C)C(O)(O)C(=O)N3CC(=O)C(=O)N(C)CC2(CN,C)CC2'

Progress: 707/2000
Progress: 708/2000[11:16:58] SMILES Parse Error: syntax error while parsing: represented
[11:16:58] SMILES Parse Error: Failed parsing SMILES 'represented' for input: 'represented'
[11:16:58] SMILES Parse Error: syntax error while parsing: The
[11:16:58] SMILES Parse Error: Failed parsing SMILES 'The' for input: 'The'

Progress: 709/2000[11:16:59] SMILES Parse Error: syntax error while parsing: 616.00
[11:16:59] SMILES Parse Error: Failed parsing SMILES '616.00' for input: '616.00'

Progress: 710/2000[11:17:06] SMILES Parse Error: unclosed ring for input: 'NC(=[NH2+])C1CC1C1CC1C1CC1C1CC1C1CC1C1CC1C1CC1C1CC1C1CC1C1CC1C1CC1C1CC1C1CC1C1CC1C1CC1C1CC1C1CC1C1CC1C1CC1C1CC1C1CC1C1CC1C1CC1C1CC1C1CC1C1CC1C1'
[11:17:06] SMILES Parse Error: syntax error while parsing: The
[11:17:06] SMILES Parse Error: Failed parsing SMILES 'The' for input: 'The'

Progress: 711/2000[11:17:08] SMILES Parse Error: syntax error while parsing: NC(=[NH2+])Scaffold
[11:17:08] SMILES Parse Error: Failed parsing SMILES 'NC(=[NH2+])Scaffold' for input: 'NC(=[NH2+])Scaffold'
[11:17:08] SMILES Parse Error: syntax error while parsing: NC(=[NH2+])Scaffold
[11:17:08] SMILES Parse Error: Failed parsing SMILES 'NC(=[NH2+])Scaffold' for input: 'NC(=[NH2+])Scaffold'
[11:17:08] SMILES Parse Error: syntax error while parsing: The
[11:17:08] SMILES Parse Error: Failed parsing SMILES 'The' for input: 'The'

Progress: 712/2000
Progress: 713/2000[11:17:18] SMILES Parse Error: syntax error while parsing: Taking
[11:17:18] SMILES Parse Error: Failed parsing SMILES 'Taking' for input: 'Taking'

Progress: 714/2000
Progress: 715/2000
Progress: 716/2000[11:17:27] SMILES Parse Error: unclosed ring for input: 'NC(=[NH2+])s1ccc(C(=O)N[C@@H](C)s2)s1'

Progress: 717/2000[11:17:29] SMILES Parse Error: syntax error while parsing: represented
[11:17:29] SMILES Parse Error: Failed parsing SMILES 'represented' for input: 'represented'
[11:17:29] SMILES Parse Error: syntax error while parsing: 615-C3CCC(C)C(C)C3CCC
[11:17:29] SMILES Parse Error: Failed parsing SMILES '615-C3CCC(C)C(C)C3CCC' for input: '615-C3CCC(C)C(C)C3CCC'

Progress: 718/2000
Progress: 719/2000
Progress: 720/2000[11:17:38] SMILES Parse Error: syntax error while parsing: NC(=[NH2+])Sn1cc[nH]c1C(=O)Asn1sccc1C
[11:17:38] SMILES Parse Error: Failed parsing SMILES 'NC(=[NH2+])Sn1cc[nH]c1C(=O)Asn1sccc1C' for input: 'NC(=[NH2+])Sn1cc[nH]c1C(=O)Asn1sccc1C'

Progress: 721/2000
Progress: 722/2000[11:17:44] SMILES Parse Error: extra open parentheses for input: 'CCC(CC)(CC)Sc1cc(C)c(C(=O)'
[11:17:44] SMILES Parse Error: extra open parentheses for input: 'Cc1cc(C)c(C(=O)'
[11:17:44] SMILES Parse Error: syntax error while parsing: Taking
[11:17:44] SMILES Parse Error: Failed parsing SMILES 'Taking' for input: 'Taking'

Progress: 723/2000[11:17:51] SMILES Parse Error: syntax error while parsing: Taking
[11:17:51] SMILES Parse Error: Failed parsing SMILES 'Taking' for input: 'Taking'

Progress: 724/2000[11:17:54] SMILES Parse Error: extra open parentheses for input: 'CCC(CC)(CC)Sc1cc(C(=O)'
[11:17:54] SMILES Parse Error: syntax error while parsing: Taking
[11:17:54] SMILES Parse Error: Failed parsing SMILES 'Taking' for input: 'Taking'

Progress: 725/2000
Progress: 726/2000[11:18:02] SMILES Parse Error: syntax error while parsing: NC(=[NH2+])IiB(O)Ic1ccccc1H
[11:18:02] SMILES Parse Error: Failed parsing SMILES 'NC(=[NH2+])IiB(O)Ic1ccccc1H' for input: 'NC(=[NH2+])IiB(O)Ic1ccccc1H'
[11:18:02] SMILES Parse Error: syntax error while parsing: designed
[11:18:02] SMILES Parse Error: Failed parsing SMILES 'designed' for input: 'designed'
[11:18:02] SMILES Parse Error: syntax error while parsing: The
[11:18:02] SMILES Parse Error: Failed parsing SMILES 'The' for input: 'The'

Progress: 727/2000[11:18:04] non-ring atom 13 marked aromatic

Progress: 728/2000[11:18:08] SMILES Parse Error: syntax error while parsing: CCC(CC)(CC)Sc1cc(C(=O)c2sccc2Cl)sc1H
[11:18:08] SMILES Parse Error: Failed parsing SMILES 'CCC(CC)(CC)Sc1cc(C(=O)c2sccc2Cl)sc1H' for input: 'CCC(CC)(CC)Sc1cc(C(=O)c2sccc2Cl)sc1H'
[11:18:08] SMILES Parse Error: syntax error while parsing: Towards
[11:18:08] SMILES Parse Error: Failed parsing SMILES 'Towards' for input: 'Towards'

Progress: 729/2000[11:18:09] SMILES Parse Error: extra open parentheses for input: 'CCC(CC)(CC)Sc1cc(C(=O)'

Progress: 730/2000[11:18:14] SMILES Parse Error: syntax error while parsing: Taking
[11:18:14] SMILES Parse Error: Failed parsing SMILES 'Taking' for input: 'Taking'

Progress: 731/2000
Progress: 732/2000[11:18:24] SMILES Parse Error: syntax error while parsing: C[NH+](C)CC(C[NH3+])[I-]H

###
[11:18:24] SMILES Parse Error: Failed parsing SMILES 'C[NH+](C)CC(C[NH3+])[I-]H

###' for input: 'C[NH+](C)CC(C[NH3+])[I-]H

###'
[11:18:24] SMILES Parse Error: syntax error while parsing: CC(C[NH3+])[I-]H
[11:18:24] SMILES Parse Error: Failed parsing SMILES 'CC(C[NH3+])[I-]H' for input: 'CC(C[NH3+])[I-]H'

Progress: 733/2000[11:18:27] SMILES Parse Error: syntax error while parsing: C[NH+](C)C(C(=O)NN)c1nnc(C)sc1As[NH+](C)CC(C)C(=O)[O-]
[11:18:27] SMILES Parse Error: Failed parsing SMILES 'C[NH+](C)C(C(=O)NN)c1nnc(C)sc1As[NH+](C)CC(C)C(=O)[O-]' for input: 'C[NH+](C)C(C(=O)NN)c1nnc(C)sc1As[NH+](C)CC(C)C(=O)[O-]'

Progress: 734/2000[11:18:29] SMILES Parse Error: syntax error while parsing: NC(=[NH2+])C1CC1C1CC1C1CC1TLSCC1TLSCC11
[11:18:29] SMILES Parse Error: Failed parsing SMILES 'NC(=[NH2+])C1CC1C1CC1C1CC1TLSCC1TLSCC11' for input: 'NC(=[NH2+])C1CC1C1CC1C1CC1TLSCC1TLSCC11'
[11:18:29] SMILES Parse Error: syntax error while parsing: Taking
[11:18:29] SMILES Parse Error: Failed parsing SMILES 'Taking' for input: 'Taking'

Progress: 735/2000[11:18:30] SMILES Parse Error: syntax error while parsing: 493.00
[11:18:30] SMILES Parse Error: Failed parsing SMILES '493.00' for input: '493.00'

Progress: 736/2000[11:18:33] Can't kekulize mol.  Unkekulized atoms: 8 9 10

Progress: 737/2000[11:18:36] SMILES Parse Error: syntax error while parsing: NNC(=O)C(=O)N[C@@H](F)ible
[11:18:36] SMILES Parse Error: Failed parsing SMILES 'NNC(=O)C(=O)N[C@@H](F)ible' for input: 'NNC(=O)C(=O)N[C@@H](F)ible'

Progress: 738/2000[11:18:42] SMILES Parse Error: syntax error while parsing: TCCCCCCC(CCCC)C(O)C(O)C(O)C(O)C(O)C(O)C(O)C(O)C(O)C(O)C(O)C(O)C(O)C(O)C(O)C(O)C(O)C(O)C(O)C(O)C(O)C(O)C(O)C(O)C(O)C(O)C(O)C(O)C(O)C(O
[11:18:42] SMILES Parse Error: Failed parsing SMILES 'TCCCCCCC(CCCC)C(O)C(O)C(O)C(O)C(O)C(O)C(O)C(O)C(O)C(O)C(O)C(O)C(O)C(O)C(O)C(O)C(O)C(O)C(O)C(O)C(O)C(O)C(O)C(O)C(O)C(O)C(O)C(O)C(O)C(O' for input: 'TCCCCCCC(CCCC)C(O)C(O)C(O)C(O)C(O)C(O)C(O)C(O)C(O)C(O)C(O)C(O)C(O)C(O)C(O)C(O)C(O)C(O)C(O)C(O)C(O)C(O)C(O)C(O)C(O)C(O)C(O)C(O)C(O)C(O'

Progress: 739/2000
Progress: 740/2000
Progress: 741/2000
Progress: 742/2000
Progress: 743/2000
Progress: 744/2000[11:18:59] SMILES Parse Error: syntax error while parsing: CCC(CC)(CC)Sc1cc(B(O)O)ccc1lipophilic-median
[11:18:59] SMILES Parse Error: Failed parsing SMILES 'CCC(CC)(CC)Sc1cc(B(O)O)ccc1lipophilic-median' for input: 'CCC(CC)(CC)Sc1cc(B(O)O)ccc1lipophilic-median'

Progress: 745/2000
Progress: 746/2000
Progress: 747/2000
Progress: 748/2000[11:19:15] SMILES Parse Error: syntax error while parsing: Taking
[11:19:15] SMILES Parse Error: Failed parsing SMILES 'Taking' for input: 'Taking'

Progress: 749/2000[11:19:17] SMILES Parse Error: unclosed ring for input: 'NC(=[NH2+])C1CC1C2CC2C2CC2C2(C)CC2(C)C12'

Progress: 750/2000[11:19:21] SMILES Parse Error: syntax error while parsing: CC(C[NH+](C)C)C(=O)NC(=O)N(C)C[C@H](C)C(=O)N[C@@H](C)C(=O)N[C@@H](C)C(=O)N[C@@H](C)C(=O)N[C@@H](C)C(=O)N[C@@H](C)C(=O)N[C@@H](C)C(
[11:19:21] SMILES Parse Error: Failed parsing SMILES 'CC(C[NH+](C)C)C(=O)NC(=O)N(C)C[C@H](C)C(=O)N[C@@H](C)C(=O)N[C@@H](C)C(=O)N[C@@H](C)C(=O)N[C@@H](C)C(=O)N[C@@H](C)C(=O)N[C@@H](C)C(' for input: 'CC(C[NH+](C)C)C(=O)NC(=O)N(C)C[C@H](C)C(=O)N[C@@H](C)C(=O)N[C@@H](C)C(=O)N[C@@H](C)C(=O)N[C@@H](C)C(=O)N[C@@H](C)C(=O)N[C@@H](C)C('
[11:19:21] SMILES Parse Error: syntax error while parsing: The
[11:19:21] SMILES Parse Error: Failed parsing SMILES 'The' for input: 'The'

Progress: 751/2000[11:19:26] SMILES Parse Error: syntax error while parsing: CC(C)C(C)C(C)C(C)C(C)C(C)C(C)C(C)C(C)C(C)C(C)C(C)C(C)C(C)C(C)C(C)C(C)C(C)C(C)C(C)C(C)C(C)C(C)C(C)C(C)C(C)C(C)C(C)C(
[11:19:26] SMILES Parse Error: Failed parsing SMILES 'CC(C)C(C)C(C)C(C)C(C)C(C)C(C)C(C)C(C)C(C)C(C)C(C)C(C)C(C)C(C)C(C)C(C)C(C)C(C)C(C)C(C)C(C)C(C)C(C)C(C)C(C)C(C)C(C)C(' for input: 'CC(C)C(C)C(C)C(C)C(C)C(C)C(C)C(C)C(C)C(C)C(C)C(C)C(C)C(C)C(C)C(C)C(C)C(C)C(C)C(C)C(C)C(C)C(C)C(C)C(C)C(C)C(C)C(C)C('
[11:19:26] SMILES Parse Error: syntax error while parsing: The
[11:19:26] SMILES Parse Error: Failed parsing SMILES 'The' for input: 'The'

Progress: 752/2000[11:19:27] non-ring atom 5 marked aromatic
[11:19:27] non-ring atom 5 marked aromatic
[11:19:27] SMILES Parse Error: syntax error while parsing: The
[11:19:27] SMILES Parse Error: Failed parsing SMILES 'The' for input: 'The'

Progress: 753/2000
Progress: 754/2000[11:19:37] SMILES Parse Error: syntax error while parsing: Taking
[11:19:37] SMILES Parse Error: Failed parsing SMILES 'Taking' for input: 'Taking'

Progress: 755/2000[11:19:38] SMILES Parse Error: syntax error while parsing: 443.0
[11:19:38] SMILES Parse Error: Failed parsing SMILES '443.0' for input: '443.0'

Progress: 756/2000
Progress: 757/2000[11:19:41] SMILES Parse Error: syntax error while parsing: NC(=[NH2+])SCAFF
[11:19:41] SMILES Parse Error: Failed parsing SMILES 'NC(=[NH2+])SCAFF' for input: 'NC(=[NH2+])SCAFF'
[11:19:41] SMILES Parse Error: syntax error while parsing: NC(=[NH2+])SCAFF
[11:19:41] SMILES Parse Error: Failed parsing SMILES 'NC(=[NH2+])SCAFF' for input: 'NC(=[NH2+])SCAFF'
[11:19:41] SMILES Parse Error: syntax error while parsing: The
[11:19:41] SMILES Parse Error: Failed parsing SMILES 'The' for input: 'The'

Progress: 758/2000[11:19:42] SMILES Parse Error: syntax error while parsing: TCCCCCCCCTCCF
[11:19:42] SMILES Parse Error: Failed parsing SMILES 'TCCCCCCCCTCCF' for input: 'TCCCCCCCCTCCF'

Progress: 759/2000[11:19:43] SMILES Parse Error: syntax error while parsing: NC(=[NH2+])C1CC1C1CC1C1CC1C1HBD(C(O)O)C1HBA1
[11:19:43] SMILES Parse Error: Failed parsing SMILES 'NC(=[NH2+])C1CC1C1CC1C1CC1C1HBD(C(O)O)C1HBA1' for input: 'NC(=[NH2+])C1CC1C1CC1C1CC1C1HBD(C(O)O)C1HBA1'
[11:19:43] SMILES Parse Error: syntax error while parsing: NC(=[NH2+])C1CC1C1CC1C1CC1C1HBD(C(O)O)C1HBA1
[11:19:43] SMILES Parse Error: Failed parsing SMILES 'NC(=[NH2+])C1CC1C1CC1C1CC1C1HBD(C(O)O)C1HBA1' for input: 'NC(=[NH2+])C1CC1C1CC1C1CC1C1HBD(C(O)O)C1HBA1'
[11:19:43] SMILES Parse Error: syntax error while parsing: The
[11:19:43] SMILES Parse Error: Failed parsing SMILES 'The' for input: 'The'

Progress: 760/2000[11:19:46] SMILES Parse Error: extra open parentheses for input: 'CCC(CC)(CC)Sc1cc(C(=O)'
[11:19:46] SMILES Parse Error: syntax error while parsing: represented
[11:19:46] SMILES Parse Error: Failed parsing SMILES 'represented' for input: 'represented'
[11:19:46] SMILES Parse Error: syntax error while parsing: The
[11:19:46] SMILES Parse Error: Failed parsing SMILES 'The' for input: 'The'

Progress: 761/2000
Progress: 762/2000[11:19:51] SMILES Parse Error: extra close parentheses while parsing: CCC(CC)(CC)Sc1cc(Cl)cc(Cl)c1[O-])c1csc(oh2ccccc2)c1
[11:19:51] SMILES Parse Error: Failed parsing SMILES 'CCC(CC)(CC)Sc1cc(Cl)cc(Cl)c1[O-])c1csc(oh2ccccc2)c1' for input: 'CCC(CC)(CC)Sc1cc(Cl)cc(Cl)c1[O-])c1csc(oh2ccccc2)c1'
[11:19:51] SMILES Parse Error: syntax error while parsing: represented
[11:19:51] SMILES Parse Error: Failed parsing SMILES 'represented' for input: 'represented'
[11:19:51] SMILES Parse Error: syntax error while parsing: The
[11:19:51] SMILES Parse Error: Failed parsing SMILES 'The' for input: 'The'

Progress: 763/2000[11:19:52] SMILES Parse Error: syntax error while parsing: Tetramethyldibrominum(C)sc1sc(Br)sc1C
[11:19:52] SMILES Parse Error: Failed parsing SMILES 'Tetramethyldibrominum(C)sc1sc(Br)sc1C' for input: 'Tetramethyldibrominum(C)sc1sc(Br)sc1C'

Progress: 764/2000
Progress: 765/2000[11:20:03] SMILES Parse Error: syntax error while parsing: Taking
[11:20:03] SMILES Parse Error: Failed parsing SMILES 'Taking' for input: 'Taking'

Progress: 766/2000
Progress: 767/2000
Progress: 768/2000[11:20:13] SMILES Parse Error: syntax error while parsing: NC(=[NH2+])s1ccc(From
[11:20:13] SMILES Parse Error: Failed parsing SMILES 'NC(=[NH2+])s1ccc(From' for input: 'NC(=[NH2+])s1ccc(From'
[11:20:13] SMILES Parse Error: syntax error while parsing: NC(=[NH2+])s1ccc(From
[11:20:13] SMILES Parse Error: Failed parsing SMILES 'NC(=[NH2+])s1ccc(From' for input: 'NC(=[NH2+])s1ccc(From'
[11:20:13] SMILES Parse Error: syntax error while parsing: The
[11:20:13] SMILES Parse Error: Failed parsing SMILES 'The' for input: 'The'

Progress: 769/2000
Progress: 770/2000
Progress: 771/2000
Progress: 772/2000
Progress: 773/2000
Progress: 774/2000[11:20:31] SMILES Parse Error: syntax error while parsing: NC(=[NH2+])C1CC1CSCff
[11:20:31] SMILES Parse Error: Failed parsing SMILES 'NC(=[NH2+])C1CC1CSCff' for input: 'NC(=[NH2+])C1CC1CSCff'

Progress: 775/2000
Progress: 776/2000[11:20:33] SMILES Parse Error: syntax error while parsing: CCC(CC)(CC)Sc1cc(C(Br)CC2(C2)C2(C)CC2)sc1H
[11:20:33] SMILES Parse Error: Failed parsing SMILES 'CCC(CC)(CC)Sc1cc(C(Br)CC2(C2)C2(C)CC2)sc1H' for input: 'CCC(CC)(CC)Sc1cc(C(Br)CC2(C2)C2(C)CC2)sc1H'
[11:20:33] SMILES Parse Error: syntax error while parsing: CCC(CC)(CC)Sc1cc(C(Br)CC2(C2)C2(C)CC2)sc1H
[11:20:33] SMILES Parse Error: Failed parsing SMILES 'CCC(CC)(CC)Sc1cc(C(Br)CC2(C2)C2(C)CC2)sc1H' for input: 'CCC(CC)(CC)Sc1cc(C(Br)CC2(C2)C2(C)CC2)sc1H'
[11:20:33] SMILES Parse Error: syntax error while parsing: The
[11:20:33] SMILES Parse Error: Failed parsing SMILES 'The' for input: 'The'

Progress: 777/2000[11:20:34] non-ring atom 5 marked aromatic

Progress: 778/2000[11:20:37] SMILES Parse Error: syntax error while parsing: Taking
[11:20:37] SMILES Parse Error: Failed parsing SMILES 'Taking' for input: 'Taking'

Progress: 779/2000[11:20:39] SMILES Parse Error: syntax error while parsing: CCC(CC)(CC)Sc1cc(Cl)cc(Cl)c1TLS(=O)(=O)NCC(=O)NCC(=O)TNP(=O)(O)O
[11:20:39] SMILES Parse Error: Failed parsing SMILES 'CCC(CC)(CC)Sc1cc(Cl)cc(Cl)c1TLS(=O)(=O)NCC(=O)NCC(=O)TNP(=O)(O)O' for input: 'CCC(CC)(CC)Sc1cc(Cl)cc(Cl)c1TLS(=O)(=O)NCC(=O)NCC(=O)TNP(=O)(O)O'
[11:20:39] SMILES Parse Error: syntax error while parsing: Taking
[11:20:39] SMILES Parse Error: Failed parsing SMILES 'Taking' for input: 'Taking'

Progress: 780/2000[11:20:41] SMILES Parse Error: syntax error while parsing: NC(=[NH2+])Sca100
[11:20:41] SMILES Parse Error: Failed parsing SMILES 'NC(=[NH2+])Sca100' for input: 'NC(=[NH2+])Sca100'
[11:20:41] SMILES Parse Error: syntax error while parsing: NC(=[NH2+])Sca100
[11:20:41] SMILES Parse Error: Failed parsing SMILES 'NC(=[NH2+])Sca100' for input: 'NC(=[NH2+])Sca100'
[11:20:41] SMILES Parse Error: syntax error while parsing: The
[11:20:41] SMILES Parse Error: Failed parsing SMILES 'The' for input: 'The'

Progress: 781/2000
Progress: 782/2000[11:20:43] SMILES Parse Error: syntax error while parsing: NNC(=O)C(=O)NC(=O)Based
[11:20:43] SMILES Parse Error: Failed parsing SMILES 'NNC(=O)C(=O)NC(=O)Based' for input: 'NNC(=O)C(=O)NC(=O)Based'
[11:20:43] SMILES Parse Error: syntax error while parsing: NNC(=O)C(=O)NC(=O)Based
[11:20:43] SMILES Parse Error: Failed parsing SMILES 'NNC(=O)C(=O)NC(=O)Based' for input: 'NNC(=O)C(=O)NC(=O)Based'
[11:20:43] SMILES Parse Error: syntax error while parsing: The
[11:20:43] SMILES Parse Error: Failed parsing SMILES 'The' for input: 'The'

Progress: 783/2000
Progress: 784/2000[11:20:48] SMILES Parse Error: syntax error while parsing: O=C([O-])C(=O)C(=O)NCC(=O)NCC(=O)NCC(=O)NCC(=O)NCC(=O)NCC(=O)NCC(=O)NCC(=O)NCC(=O)NCC(=O)NCC(=O)NCC(=O)NCC(=O)NCC(=O)NCC(=O)NCC(=O)NCC(=O)NCC(=O)NCC(
[11:20:48] SMILES Parse Error: Failed parsing SMILES 'O=C([O-])C(=O)C(=O)NCC(=O)NCC(=O)NCC(=O)NCC(=O)NCC(=O)NCC(=O)NCC(=O)NCC(=O)NCC(=O)NCC(=O)NCC(=O)NCC(=O)NCC(=O)NCC(=O)NCC(=O)NCC(=O)NCC(=O)NCC(=O)NCC(' for input: 'O=C([O-])C(=O)C(=O)NCC(=O)NCC(=O)NCC(=O)NCC(=O)NCC(=O)NCC(=O)NCC(=O)NCC(=O)NCC(=O)NCC(=O)NCC(=O)NCC(=O)NCC(=O)NCC(=O)NCC(=O)NCC(=O)NCC(=O)NCC(=O)NCC('

Progress: 785/2000[11:20:49] SMILES Parse Error: syntax error while parsing: NC(=[NH2+])I(I)c1cccc(C(=O)As
[11:20:49] SMILES Parse Error: Failed parsing SMILES 'NC(=[NH2+])I(I)c1cccc(C(=O)As' for input: 'NC(=[NH2+])I(I)c1cccc(C(=O)As'

Progress: 786/2000
Progress: 787/2000
Progress: 788/2000[11:20:56] SMILES Parse Error: syntax error while parsing: O=C([O-])C(=O)C(=O)NCC(=O)NCC(=O)NCC(=O)NCC(=O)NCC(=O)NCC(=O)NCC(=O)NCC(=O)NCC(=O)NCC(=O)NCC(=O)NCC(=O)NCC(=O)NCC(=O)NCC(=O)NCC(=O)NCC(=O)NCC(=O)NCC(
[11:20:56] SMILES Parse Error: Failed parsing SMILES 'O=C([O-])C(=O)C(=O)NCC(=O)NCC(=O)NCC(=O)NCC(=O)NCC(=O)NCC(=O)NCC(=O)NCC(=O)NCC(=O)NCC(=O)NCC(=O)NCC(=O)NCC(=O)NCC(=O)NCC(=O)NCC(=O)NCC(=O)NCC(=O)NCC(' for input: 'O=C([O-])C(=O)C(=O)NCC(=O)NCC(=O)NCC(=O)NCC(=O)NCC(=O)NCC(=O)NCC(=O)NCC(=O)NCC(=O)NCC(=O)NCC(=O)NCC(=O)NCC(=O)NCC(=O)NCC(=O)NCC(=O)NCC(=O)NCC(=O)NCC('

Progress: 789/2000
Progress: 790/2000[11:21:01] SMILES Parse Error: syntax error while parsing: Taking
[11:21:01] SMILES Parse Error: Failed parsing SMILES 'Taking' for input: 'Taking'

Progress: 791/2000
Progress: 792/2000
Progress: 793/2000[11:21:07] SMILES Parse Error: syntax error while parsing: CCC(CC)(CC)Sc1cc(C(=O)aw2)sc1[I-]
[11:21:07] SMILES Parse Error: Failed parsing SMILES 'CCC(CC)(CC)Sc1cc(C(=O)aw2)sc1[I-]' for input: 'CCC(CC)(CC)Sc1cc(C(=O)aw2)sc1[I-]'

Progress: 794/2000[11:21:12] SMILES Parse Error: syntax error while parsing: The
[11:21:12] SMILES Parse Error: Failed parsing SMILES 'The' for input: 'The'

Progress: 795/2000[11:21:13] SMILES Parse Error: extra close parentheses while parsing: NNC(=O)C(=O)NC(=O)B(O)O)O)O)O)O)O)O)C(=O)QED
[11:21:13] SMILES Parse Error: Failed parsing SMILES 'NNC(=O)C(=O)NC(=O)B(O)O)O)O)O)O)O)O)C(=O)QED' for input: 'NNC(=O)C(=O)NC(=O)B(O)O)O)O)O)O)O)O)C(=O)QED'

Progress: 796/2000
Progress: 797/2000
Progress: 798/2000
Progress: 799/2000[11:21:21] SMILES Parse Error: syntax error while parsing: NC(=[NH2+])[C@@H](B(O)O)C(O)C(=O)TPSA
[11:21:21] SMILES Parse Error: Failed parsing SMILES 'NC(=[NH2+])[C@@H](B(O)O)C(O)C(=O)TPSA' for input: 'NC(=[NH2+])[C@@H](B(O)O)C(O)C(=O)TPSA'

Progress: 800/2000[11:21:24] SMILES Parse Error: syntax error while parsing: Taking
[11:21:24] SMILES Parse Error: Failed parsing SMILES 'Taking' for input: 'Taking'

Progress: 801/2000
Progress: 802/2000
Progress: 803/2000
Progress: 804/2000[11:21:32] SMILES Parse Error: syntax error while parsing: CCC(CC)(CC)Sc1cc(C(=O)B(O)O)sc1lipophilic
[11:21:32] SMILES Parse Error: Failed parsing SMILES 'CCC(CC)(CC)Sc1cc(C(=O)B(O)O)sc1lipophilic' for input: 'CCC(CC)(CC)Sc1cc(C(=O)B(O)O)sc1lipophilic'
[11:21:32] SMILES Parse Error: syntax error while parsing: CCC(CC)(CC)Sc1cc(C(=O)B(O)O)sc1lipophilic
[11:21:32] SMILES Parse Error: Failed parsing SMILES 'CCC(CC)(CC)Sc1cc(C(=O)B(O)O)sc1lipophilic' for input: 'CCC(CC)(CC)Sc1cc(C(=O)B(O)O)sc1lipophilic'
[11:21:32] SMILES Parse Error: syntax error while parsing: The
[11:21:32] SMILES Parse Error: Failed parsing SMILES 'The' for input: 'The'

Progress: 805/2000[11:21:36] SMILES Parse Error: syntax error while parsing: Taking
[11:21:36] SMILES Parse Error: Failed parsing SMILES 'Taking' for input: 'Taking'

Progress: 806/2000
Progress: 807/2000[11:21:42] SMILES Parse Error: syntax error while parsing: optimized
[11:21:42] SMILES Parse Error: Failed parsing SMILES 'optimized' for input: 'optimized'
[11:21:42] SMILES Parse Error: syntax error while parsing: 438.00
[11:21:42] SMILES Parse Error: Failed parsing SMILES '438.00' for input: '438.00'

Progress: 808/2000[11:21:47] SMILES Parse Error: syntax error while parsing: Taking
[11:21:47] SMILES Parse Error: Failed parsing SMILES 'Taking' for input: 'Taking'

Progress: 809/2000[11:21:48] SMILES Parse Error: syntax error while parsing: 596.00
[11:21:48] SMILES Parse Error: Failed parsing SMILES '596.00' for input: '596.00'

Progress: 810/2000
Progress: 811/2000
Progress: 812/2000[11:22:00] SMILES Parse Error: syntax error while parsing: NNC(=O)C(=O)NC(=O)C(=O)NNC(=O)C(=O)NNC(=O)C(=O)NNC(=O)C(=O)NNC(=O)C(=O)NNC(=O)C(=O)NNC(=O)C(=O)NNC(=O)C(=O)NNC(=O)C(=O)NNC(=O)C(=O)NNC(=O)C(
[11:22:00] SMILES Parse Error: Failed parsing SMILES 'NNC(=O)C(=O)NC(=O)C(=O)NNC(=O)C(=O)NNC(=O)C(=O)NNC(=O)C(=O)NNC(=O)C(=O)NNC(=O)C(=O)NNC(=O)C(=O)NNC(=O)C(=O)NNC(=O)C(=O)NNC(=O)C(=O)NNC(=O)C(' for input: 'NNC(=O)C(=O)NC(=O)C(=O)NNC(=O)C(=O)NNC(=O)C(=O)NNC(=O)C(=O)NNC(=O)C(=O)NNC(=O)C(=O)NNC(=O)C(=O)NNC(=O)C(=O)NNC(=O)C(=O)NNC(=O)C(=O)NNC(=O)C('

Progress: 813/2000
Progress: 814/2000
Progress: 815/2000[11:22:07] SMILES Parse Error: syntax error while parsing: 528.0
[11:22:07] SMILES Parse Error: Failed parsing SMILES '528.0' for input: '528.0'

Progress: 816/2000
Progress: 817/2000[11:22:09] SMILES Parse Error: syntax error while parsing: Tc1cc(B(O)O)cc(B(O)O)c1lipophilic
[11:22:09] SMILES Parse Error: Failed parsing SMILES 'Tc1cc(B(O)O)cc(B(O)O)c1lipophilic' for input: 'Tc1cc(B(O)O)cc(B(O)O)c1lipophilic'

Progress: 818/2000
Progress: 819/2000[11:22:13] SMILES Parse Error: syntax error while parsing: NC(=[NH2+])C1CC1C1CC1C1CC1C1HBD(C(O)(O)O)C1
[11:22:13] SMILES Parse Error: Failed parsing SMILES 'NC(=[NH2+])C1CC1C1CC1C1CC1C1HBD(C(O)(O)O)C1' for input: 'NC(=[NH2+])C1CC1C1CC1C1CC1C1HBD(C(O)(O)O)C1'
[11:22:13] SMILES Parse Error: syntax error while parsing: the
[11:22:13] SMILES Parse Error: Failed parsing SMILES 'the' for input: 'the'
[11:22:13] SMILES Parse Error: syntax error while parsing: The
[11:22:13] SMILES Parse Error: Failed parsing SMILES 'The' for input: 'The'

Progress: 820/2000
Progress: 821/2000
Progress: 822/2000[11:22:18] non-ring atom 7 marked aromatic
[11:22:18] SMILES Parse Error: syntax error while parsing: Taking
[11:22:18] SMILES Parse Error: Failed parsing SMILES 'Taking' for input: 'Taking'

Progress: 823/2000[11:22:21] SMILES Parse Error: syntax error while parsing: NNC(=O)C(=O)NC(=O)C(=O)NNC(=O)C(=O)NNC(=O)C(=O)NNC(=O)C(=O)NNC(=O)C(=O)NNC(=O)C(=O)NNC(=O)C(=O)NNC(=O)C(=O)NNC(=O)C(=O)NNC(=O)C(=O)NNC(=O)C(
[11:22:21] SMILES Parse Error: Failed parsing SMILES 'NNC(=O)C(=O)NC(=O)C(=O)NNC(=O)C(=O)NNC(=O)C(=O)NNC(=O)C(=O)NNC(=O)C(=O)NNC(=O)C(=O)NNC(=O)C(=O)NNC(=O)C(=O)NNC(=O)C(=O)NNC(=O)C(=O)NNC(=O)C(' for input: 'NNC(=O)C(=O)NC(=O)C(=O)NNC(=O)C(=O)NNC(=O)C(=O)NNC(=O)C(=O)NNC(=O)C(=O)NNC(=O)C(=O)NNC(=O)C(=O)NNC(=O)C(=O)NNC(=O)C(=O)NNC(=O)C(=O)NNC(=O)C('

Progress: 824/2000
Progress: 825/2000[11:22:25] SMILES Parse Error: syntax error while parsing: Taking
[11:22:25] SMILES Parse Error: Failed parsing SMILES 'Taking' for input: 'Taking'

Progress: 826/2000
Progress: 827/2000[11:22:31] SMILES Parse Error: extra open parentheses for input: 'CCC(CC)(CC)Sc1cc(C(=O)'
[11:22:31] SMILES Parse Error: syntax error while parsing: represented
[11:22:31] SMILES Parse Error: Failed parsing SMILES 'represented' for input: 'represented'
[11:22:31] SMILES Parse Error: syntax error while parsing: The
[11:22:31] SMILES Parse Error: Failed parsing SMILES 'The' for input: 'The'

Progress: 828/2000[11:22:33] SMILES Parse Error: syntax error while parsing: CCC(CC)(CC)Sc1c(Cl)cccc1C(=O)C(=O)NCCONC(=O)C(=O)TCOCC(O)MF)c1scc(C)c1F
[11:22:33] SMILES Parse Error: Failed parsing SMILES 'CCC(CC)(CC)Sc1c(Cl)cccc1C(=O)C(=O)NCCONC(=O)C(=O)TCOCC(O)MF)c1scc(C)c1F' for input: 'CCC(CC)(CC)Sc1c(Cl)cccc1C(=O)C(=O)NCCONC(=O)C(=O)TCOCC(O)MF)c1scc(C)c1F'
[11:22:33] SMILES Parse Error: syntax error while parsing: CCC(CC)(CC)Sc1c(Cl)cccc1C(=O)C(=O)NCCONC(=O)C(=O)TCOCC(O)MF)c1scc(C)c1F
[11:22:33] SMILES Parse Error: Failed parsing SMILES 'CCC(CC)(CC)Sc1c(Cl)cccc1C(=O)C(=O)NCCONC(=O)C(=O)TCOCC(O)MF)c1scc(C)c1F' for input: 'CCC(CC)(CC)Sc1c(Cl)cccc1C(=O)C(=O)NCCONC(=O)C(=O)TCOCC(O)MF)c1scc(C)c1F'
[11:22:33] SMILES Parse Error: syntax error while parsing: The
[11:22:33] SMILES Parse Error: Failed parsing SMILES 'The' for input: 'The'

Progress: 829/2000
Progress: 830/2000[11:22:39] SMILES Parse Error: syntax error while parsing: O=C([O-])C(=O)C(=O)NCC(=O)NCC(=O)NCC(=O)NCC(=O)NCC(=O)NCC(=O)NCC(=O)NCC(=O)NCC(=O)NCC(=O)NCC(=O)NCC(=O)NCC(=O)NCC(=O)NCC(=O)NCC(=O)NCC(=O)NCC(=O)NCC(
[11:22:39] SMILES Parse Error: Failed parsing SMILES 'O=C([O-])C(=O)C(=O)NCC(=O)NCC(=O)NCC(=O)NCC(=O)NCC(=O)NCC(=O)NCC(=O)NCC(=O)NCC(=O)NCC(=O)NCC(=O)NCC(=O)NCC(=O)NCC(=O)NCC(=O)NCC(=O)NCC(=O)NCC(=O)NCC(' for input: 'O=C([O-])C(=O)C(=O)NCC(=O)NCC(=O)NCC(=O)NCC(=O)NCC(=O)NCC(=O)NCC(=O)NCC(=O)NCC(=O)NCC(=O)NCC(=O)NCC(=O)NCC(=O)NCC(=O)NCC(=O)NCC(=O)NCC(=O)NCC(=O)NCC('

Progress: 831/2000
Progress: 832/2000
Progress: 833/2000
Progress: 834/2000[11:22:43] SMILES Parse Error: syntax error while parsing: NC(=[NH2+])Q1(lipo)CC1(lipo)CC1(lipo)CC1
[11:22:43] SMILES Parse Error: Failed parsing SMILES 'NC(=[NH2+])Q1(lipo)CC1(lipo)CC1(lipo)CC1' for input: 'NC(=[NH2+])Q1(lipo)CC1(lipo)CC1(lipo)CC1'

Progress: 835/2000[11:22:44] SMILES Parse Error: syntax error while parsing: C[NH+](C)CC(C[NH3+])(li)
[11:22:44] SMILES Parse Error: Failed parsing SMILES 'C[NH+](C)CC(C[NH3+])(li)' for input: 'C[NH+](C)CC(C[NH3+])(li)'

Progress: 836/2000[11:22:45] SMILES Parse Error: syntax error while parsing: 611-8-CCCCCC8-C(=O)O
[11:22:45] SMILES Parse Error: Failed parsing SMILES '611-8-CCCCCC8-C(=O)O' for input: '611-8-CCCCCC8-C(=O)O'

Progress: 837/2000
Progress: 838/2000
Progress: 839/2000
Progress: 840/2000[11:22:52] Can't kekulize mol.  Unkekulized atoms: 8 9 10
[11:22:52] Can't kekulize mol.  Unkekulized atoms: 8 9 10
[11:22:52] SMILES Parse Error: syntax error while parsing: The
[11:22:52] SMILES Parse Error: Failed parsing SMILES 'The' for input: 'The'

Progress: 841/2000[11:22:53] SMILES Parse Error: syntax error while parsing: NC(=[NH2+])n1ncc(C(=O)NC(
[11:22:53] SMILES Parse Error: Failed parsing SMILES 'NC(=[NH2+])n1ncc(C(=O)NC(' for input: 'NC(=[NH2+])n1ncc(C(=O)NC('

Progress: 842/2000
Progress: 843/2000
Progress: 844/2000
Progress: 845/2000[11:23:07] SMILES Parse Error: syntax error while parsing: NC(=[NH2+])C(I)C(=O)N(C)C(=O)NCCC(=O)NCC(=O)NCC(=O)NCC(=O)NCC(=O)NCC(=O)NCC(=O)NCC(=O)NCC(=O)NCC(=O)NCC(=O)NCC(=O)NCC(=O)NCC(=O)NCC(
[11:23:07] SMILES Parse Error: Failed parsing SMILES 'NC(=[NH2+])C(I)C(=O)N(C)C(=O)NCCC(=O)NCC(=O)NCC(=O)NCC(=O)NCC(=O)NCC(=O)NCC(=O)NCC(=O)NCC(=O)NCC(=O)NCC(=O)NCC(=O)NCC(=O)NCC(=O)NCC(' for input: 'NC(=[NH2+])C(I)C(=O)N(C)C(=O)NCCC(=O)NCC(=O)NCC(=O)NCC(=O)NCC(=O)NCC(=O)NCC(=O)NCC(=O)NCC(=O)NCC(=O)NCC(=O)NCC(=O)NCC(=O)NCC(=O)NCC('
[11:23:07] SMILES Parse Error: syntax error while parsing: The
[11:23:07] SMILES Parse Error: Failed parsing SMILES 'The' for input: 'The'

Progress: 846/2000
Progress: 847/2000[11:23:14] SMILES Parse Error: syntax error while parsing: Taking
[11:23:14] SMILES Parse Error: Failed parsing SMILES 'Taking' for input: 'Taking'

Progress: 848/2000
Progress: 849/2000
Progress: 850/2000
Progress: 851/2000
Progress: 852/2000
Progress: 853/2000[11:23:26] SMILES Parse Error: syntax error while parsing: C[NH+](C)CC(C[NH3+])C(O)lipophilicity
[11:23:26] SMILES Parse Error: Failed parsing SMILES 'C[NH+](C)CC(C[NH3+])C(O)lipophilicity' for input: 'C[NH+](C)CC(C[NH3+])C(O)lipophilicity'
[11:23:26] SMILES Parse Error: syntax error while parsing: C[NH+](C)CC(C[NH3+])C(O)lipophilicity
[11:23:26] SMILES Parse Error: Failed parsing SMILES 'C[NH+](C)CC(C[NH3+])C(O)lipophilicity' for input: 'C[NH+](C)CC(C[NH3+])C(O)lipophilicity'
[11:23:26] SMILES Parse Error: syntax error while parsing: The
[11:23:26] SMILES Parse Error: Failed parsing SMILES 'The' for input: 'The'

Progress: 854/2000[11:23:33] SMILES Parse Error: syntax error while parsing: Taking
[11:23:33] SMILES Parse Error: Failed parsing SMILES 'Taking' for input: 'Taking'

Progress: 855/2000[11:23:34] non-ring atom 5 marked aromatic
[11:23:34] SMILES Parse Error: syntax error while parsing: Taking
[11:23:34] SMILES Parse Error: Failed parsing SMILES 'Taking' for input: 'Taking'

Progress: 856/2000
Progress: 857/2000[11:23:38] SMILES Parse Error: syntax error while parsing: CC(C[NH+](C[NH2+]CCC[NH2+]CSC(C)(C)C)Tipt6)T6
[11:23:38] SMILES Parse Error: Failed parsing SMILES 'CC(C[NH+](C[NH2+]CCC[NH2+]CSC(C)(C)C)Tipt6)T6' for input: 'CC(C[NH+](C[NH2+]CCC[NH2+]CSC(C)(C)C)Tipt6)T6'

Progress: 858/2000
Progress: 859/2000[11:23:45] SMILES Parse Error: syntax error while parsing: NCC(=O)NC(CC(=O)[O-])C(=O)J(=O)N(C)C(=O)J(=O)NCC(=O)NC(CC(=O)[O-])C(=O)J(=O)N(C)C(=O)J(=O)NCC(=O)NC(CC(=O)[O-])C(=O)J(=O)N(C)C(=O)J(=O)NCC(=O)NC(
[11:23:45] SMILES Parse Error: Failed parsing SMILES 'NCC(=O)NC(CC(=O)[O-])C(=O)J(=O)N(C)C(=O)J(=O)NCC(=O)NC(CC(=O)[O-])C(=O)J(=O)N(C)C(=O)J(=O)NCC(=O)NC(CC(=O)[O-])C(=O)J(=O)N(C)C(=O)J(=O)NCC(=O)NC(' for input: 'NCC(=O)NC(CC(=O)[O-])C(=O)J(=O)N(C)C(=O)J(=O)NCC(=O)NC(CC(=O)[O-])C(=O)J(=O)N(C)C(=O)J(=O)NCC(=O)NC(CC(=O)[O-])C(=O)J(=O)N(C)C(=O)J(=O)NCC(=O)NC('

Progress: 860/2000
Progress: 861/2000
Progress: 862/2000
Progress: 863/2000[11:23:52] SMILES Parse Error: syntax error while parsing: represented
[11:23:52] SMILES Parse Error: Failed parsing SMILES 'represented' for input: 'represented'
[11:23:52] SMILES Parse Error: syntax error while parsing: Taking
[11:23:52] SMILES Parse Error: Failed parsing SMILES 'Taking' for input: 'Taking'

Progress: 864/2000
Progress: 865/2000[11:23:54] SMILES Parse Error: syntax error while parsing: NC(=[NH2+])C(B(O)O)c1cccc(C(=O)N(C)C(=O)HBA)n1
[11:23:54] SMILES Parse Error: Failed parsing SMILES 'NC(=[NH2+])C(B(O)O)c1cccc(C(=O)N(C)C(=O)HBA)n1' for input: 'NC(=[NH2+])C(B(O)O)c1cccc(C(=O)N(C)C(=O)HBA)n1'
[11:23:54] SMILES Parse Error: syntax error while parsing: Taking
[11:23:54] SMILES Parse Error: Failed parsing SMILES 'Taking' for input: 'Taking'

Progress: 866/2000
Progress: 867/2000
Progress: 868/2000[11:24:06] SMILES Parse Error: syntax error while parsing: NC(=[NH2+])S[C@@H](C)C(=O)N[C@H](C)C(=O)N[C@@H](C)C(=O)N[C@H](C)C(=O)N[C@@H](C)C(=O)N[C@H](C)C(=O)N[C@H](C)C(=O)N[C@H](C)C(=O)N[
[11:24:06] SMILES Parse Error: Failed parsing SMILES 'NC(=[NH2+])S[C@@H](C)C(=O)N[C@H](C)C(=O)N[C@@H](C)C(=O)N[C@H](C)C(=O)N[C@@H](C)C(=O)N[C@H](C)C(=O)N[C@H](C)C(=O)N[C@H](C)C(=O)N[' for input: 'NC(=[NH2+])S[C@@H](C)C(=O)N[C@H](C)C(=O)N[C@@H](C)C(=O)N[C@H](C)C(=O)N[C@@H](C)C(=O)N[C@H](C)C(=O)N[C@H](C)C(=O)N[C@H](C)C(=O)N['
[11:24:06] SMILES Parse Error: syntax error while parsing: The
[11:24:06] SMILES Parse Error: Failed parsing SMILES 'The' for input: 'The'

Progress: 869/2000
Progress: 870/2000[11:24:15] SMILES Parse Error: extra open parentheses for input: 'NC(=[NH2+])C1CC1CSC(=O)NCC(=O)NCC(=O)NCC(=O)NCC(=O)NCC(=O)NCC(=O)NCC(=O)NCC(=O)NCC(=O)NCC(=O)NCC(=O)NCC(=O)NCC(=O)NCC(=O)NCC(=O)NCC(=O'
[11:24:15] SMILES Parse Error: syntax error while parsing: The
[11:24:15] SMILES Parse Error: Failed parsing SMILES 'The' for input: 'The'

Progress: 871/2000[11:24:16] SMILES Parse Error: syntax error while parsing: NNC(=O)C(=O)NC(=O)Lipophilic
[11:24:16] SMILES Parse Error: Failed parsing SMILES 'NNC(=O)C(=O)NC(=O)Lipophilic' for input: 'NNC(=O)C(=O)NC(=O)Lipophilic'

Progress: 872/2000
Progress: 873/2000
Progress: 874/2000
Progress: 875/2000
Progress: 876/2000[11:24:32] SMILES Parse Error: syntax error while parsing: NC(=[NH2+])Sca100
[11:24:32] SMILES Parse Error: Failed parsing SMILES 'NC(=[NH2+])Sca100' for input: 'NC(=[NH2+])Sca100'
[11:24:32] SMILES Parse Error: syntax error while parsing: The
[11:24:32] SMILES Parse Error: Failed parsing SMILES 'The' for input: 'The'

Progress: 877/2000
Progress: 878/2000
Progress: 879/2000
Progress: 880/2000
Progress: 881/2000[11:24:51] SMILES Parse Error: syntax error while parsing: NC(=[NH2+])C(=[NH+]=[NH+]C)c1cccc(C(C)=
[11:24:51] SMILES Parse Error: Failed parsing SMILES 'NC(=[NH2+])C(=[NH+]=[NH+]C)c1cccc(C(C)=' for input: 'NC(=[NH2+])C(=[NH+]=[NH+]C)c1cccc(C(C)='
[11:24:51] SMILES Parse Error: syntax error while parsing: CC(=[N
[11:24:51] SMILES Parse Error: Failed parsing SMILES 'CC(=[N' for input: 'CC(=[N'

Progress: 882/2000[11:24:52] Can't kekulize mol.  Unkekulized atoms: 8 9 10 11 19
[11:24:52] Can't kekulize mol.  Unkekulized atoms: 8 9 10 11 19
[11:24:52] SMILES Parse Error: syntax error while parsing: The
[11:24:52] SMILES Parse Error: Failed parsing SMILES 'The' for input: 'The'

Progress: 883/2000[11:24:57] SMILES Parse Error: syntax error while parsing: TCC(C)C(C)C(C)C(C)C(C)C(C)C(C)C(C)C(C)C(C)C(C)C(C)C(C)C(C)C(C)C(C)C(C)C(C)C(C)C(C)C(C)C(C)C(C)C(C)C(C)C(C)C(C)C(C)C(C)C(C)C(C)C(C
[11:24:57] SMILES Parse Error: Failed parsing SMILES 'TCC(C)C(C)C(C)C(C)C(C)C(C)C(C)C(C)C(C)C(C)C(C)C(C)C(C)C(C)C(C)C(C)C(C)C(C)C(C)C(C)C(C)C(C)C(C)C(C)C(C)C(C)C(C)C(C)C(C)C(C)C(C)C(C' for input: 'TCC(C)C(C)C(C)C(C)C(C)C(C)C(C)C(C)C(C)C(C)C(C)C(C)C(C)C(C)C(C)C(C)C(C)C(C)C(C)C(C)C(C)C(C)C(C)C(C)C(C)C(C)C(C)C(C)C(C)C(C)C(C)C(C'

Progress: 884/2000
Progress: 885/2000
Progress: 886/2000
Progress: 887/2000
Progress: 888/2000
Progress: 889/2000
Progress: 890/2000[11:25:22] SMILES Parse Error: syntax error while parsing: NC(=[NH2+])C(I)C(=O)O[Tak9JH/C=C(\C)C=C(\C)C=C(/C=C\
[11:25:22] SMILES Parse Error: Failed parsing SMILES 'NC(=[NH2+])C(I)C(=O)O[Tak9JH/C=C(\C)C=C(\C)C=C(/C=C\' for input: 'NC(=[NH2+])C(I)C(=O)O[Tak9JH/C=C(\C)C=C(\C)C=C(/C=C\'
[11:25:22] SMILES Parse Error: syntax error while parsing: represented
[11:25:22] SMILES Parse Error: Failed parsing SMILES 'represented' for input: 'represented'
[11:25:22] SMILES Parse Error: syntax error while parsing: Taking
[11:25:22] SMILES Parse Error: Failed parsing SMILES 'Taking' for input: 'Taking'

Progress: 891/2000
Progress: 892/2000[11:25:28] SMILES Parse Error: syntax error while parsing: NC(=[NH2+])Q@HTw_n1cc(Br)cc1Br
[11:25:28] SMILES Parse Error: Failed parsing SMILES 'NC(=[NH2+])Q@HTw_n1cc(Br)cc1Br' for input: 'NC(=[NH2+])Q@HTw_n1cc(Br)cc1Br'

Progress: 893/2000[11:25:32] SMILES Parse Error: syntax error while parsing: Taking
[11:25:32] SMILES Parse Error: Failed parsing SMILES 'Taking' for input: 'Taking'

Progress: 894/2000
Progress: 895/2000
Progress: 896/2000
Progress: 897/2000
Progress: 898/2000
Progress: 899/2000
Progress: 900/2000[11:25:52] SMILES Parse Error: syntax error while parsing: The
[11:25:52] SMILES Parse Error: Failed parsing SMILES 'The' for input: 'The'

Progress: 901/2000
Progress: 902/2000[11:25:54] non-ring atom 4 marked aromatic
[11:25:54] non-ring atom 4 marked aromatic
[11:25:54] SMILES Parse Error: syntax error while parsing: The
[11:25:54] SMILES Parse Error: Failed parsing SMILES 'The' for input: 'The'

Progress: 903/2000[11:25:57] SMILES Parse Error: unclosed ring for input: 'NC(=[NH2+])C1CC1C2CC2C2CC2C2(C)C1C2C2CC2C2(C)C1C1CC1C2C2CC2C2(C)C1C2C2CC2C2(C)C1C2C2CC2C2(C)C1C2C2CC2C2(C)C1C2C2CC2C2(C)C1C2C2CC'
[11:25:57] SMILES Parse Error: syntax error while parsing: The
[11:25:57] SMILES Parse Error: Failed parsing SMILES 'The' for input: 'The'

Progress: 904/2000
Progress: 905/2000[11:25:58] SMILES Parse Error: syntax error while parsing: 582.00
[11:25:58] SMILES Parse Error: Failed parsing SMILES '582.00' for input: '582.00'

Progress: 906/2000
Progress: 907/2000[11:26:02] SMILES Parse Error: syntax error while parsing: 480.00
[11:26:02] SMILES Parse Error: Failed parsing SMILES '480.00' for input: '480.00'

Progress: 908/2000[11:26:03] SMILES Parse Error: syntax error while parsing: CCC(CC)(CC)Sc1c(
[11:26:03] SMILES Parse Error: Failed parsing SMILES 'CCC(CC)(CC)Sc1c(' for input: 'CCC(CC)(CC)Sc1c('
[11:26:03] SMILES Parse Error: syntax error while parsing: represented
[11:26:03] SMILES Parse Error: Failed parsing SMILES 'represented' for input: 'represented'
[11:26:03] SMILES Parse Error: syntax error while parsing: The
[11:26:03] SMILES Parse Error: Failed parsing SMILES 'The' for input: 'The'

Progress: 909/2000[11:26:04] SMILES Parse Error: syntax error while parsing: CCC(CC)(CC)Sc1cc(C(=O)B(O)O)sc1H
[11:26:04] SMILES Parse Error: Failed parsing SMILES 'CCC(CC)(CC)Sc1cc(C(=O)B(O)O)sc1H' for input: 'CCC(CC)(CC)Sc1cc(C(=O)B(O)O)sc1H'
[11:26:04] SMILES Parse Error: syntax error while parsing: Taking
[11:26:04] SMILES Parse Error: Failed parsing SMILES 'Taking' for input: 'Taking'

Progress: 910/2000[11:26:06] SMILES Parse Error: syntax error while parsing: CC(C[NH+](C)C)C(=O)C(N)C(=O)C(N)C(=O)C(N)HBD
[11:26:06] SMILES Parse Error: Failed parsing SMILES 'CC(C[NH+](C)C)C(=O)C(N)C(=O)C(N)C(=O)C(N)HBD' for input: 'CC(C[NH+](C)C)C(=O)C(N)C(=O)C(N)C(=O)C(N)HBD'
[11:26:06] SMILES Parse Error: syntax error while parsing: Taking
[11:26:06] SMILES Parse Error: Failed parsing SMILES 'Taking' for input: 'Taking'

Progress: 911/2000[11:26:08] SMILES Parse Error: syntax error while parsing: NCC(=O)NC(=O)NC(=O)N(C)C(C)C(=O)NS(=O)(=O)CC(=O)NC(=O)N(C)C(C)C(=O)NS(=O)(=O)CC(=O)NC(=O)N(C)C(C)C(=O)NS(=O)(=O)CC(=O)NC(=O)N(C)C(C)C(=O)NS(=O)(=
[11:26:08] SMILES Parse Error: Failed parsing SMILES 'NCC(=O)NC(=O)NC(=O)N(C)C(C)C(=O)NS(=O)(=O)CC(=O)NC(=O)N(C)C(C)C(=O)NS(=O)(=O)CC(=O)NC(=O)N(C)C(C)C(=O)NS(=O)(=O)CC(=O)NC(=O)N(C)C(C)C(=O)NS(=O)(=' for input: 'NCC(=O)NC(=O)NC(=O)N(C)C(C)C(=O)NS(=O)(=O)CC(=O)NC(=O)N(C)C(C)C(=O)NS(=O)(=O)CC(=O)NC(=O)N(C)C(C)C(=O)NS(=O)(=O)CC(=O)NC(=O)N(C)C(C)C(=O)NS(=O)(='

Progress: 912/2000[11:26:12] SMILES Parse Error: syntax error while parsing: NC(=[NH2+])B(O)C(O)C(O)C(O)C(O)C(O)C(O)C(O)C(O)C(O)C(O)C(O)C(O)C(O)C(O)C(O)C(O)C(O)C(O)C(O)C(O)C(O)C(O)C(O)C(O)C(O)C(
[11:26:12] SMILES Parse Error: Failed parsing SMILES 'NC(=[NH2+])B(O)C(O)C(O)C(O)C(O)C(O)C(O)C(O)C(O)C(O)C(O)C(O)C(O)C(O)C(O)C(O)C(O)C(O)C(O)C(O)C(O)C(O)C(O)C(O)C(O)C(O)C(' for input: 'NC(=[NH2+])B(O)C(O)C(O)C(O)C(O)C(O)C(O)C(O)C(O)C(O)C(O)C(O)C(O)C(O)C(O)C(O)C(O)C(O)C(O)C(O)C(O)C(O)C(O)C(O)C(O)C(O)C('
[11:26:12] SMILES Parse Error: syntax error while parsing: The
[11:26:12] SMILES Parse Error: Failed parsing SMILES 'The' for input: 'The'

Progress: 913/2000
Progress: 914/2000
Progress: 915/2000[11:26:16] SMILES Parse Error: syntax error while parsing: NC(=[NH2+])C1CC1CSCaff
[11:26:16] SMILES Parse Error: Failed parsing SMILES 'NC(=[NH2+])C1CC1CSCaff' for input: 'NC(=[NH2+])C1CC1CSCaff'
[11:26:16] SMILES Parse Error: syntax error while parsing: Taking
[11:26:16] SMILES Parse Error: Failed parsing SMILES 'Taking' for input: 'Taking'

Progress: 916/2000[11:26:18] SMILES Parse Error: ring closure 1 duplicates bond between atom 12 and atom 14 for input: 'CC(C[NH+](C[NH+](C)C)C[P+]([O-])[O-])C1(C)C1'
[11:26:18] SMILES Parse Error: syntax error while parsing: Taking
[11:26:18] SMILES Parse Error: Failed parsing SMILES 'Taking' for input: 'Taking'

Progress: 917/2000[11:26:21] SMILES Parse Error: unclosed ring for input: 'NC(=[NH2+])C1CC1C1CC1C1CC1C1CC1C1CC1C1CC1C1CC1C1CC1C1CC1C1CC1C1CC1C1CC1C1CC1C1CC1C1CC1C1CC1C1CC1C1CC1C1CC1C1CC1C1CC1C1CC1C1CC1C1CC1C1CC1C1CC1C1'
[11:26:21] SMILES Parse Error: syntax error while parsing: The
[11:26:21] SMILES Parse Error: Failed parsing SMILES 'The' for input: 'The'

Progress: 918/2000
Progress: 919/2000[11:26:24] non-ring atom 7 marked aromatic

Progress: 920/2000
Progress: 921/2000[11:26:30] SMILES Parse Error: syntax error while parsing: CC(C[NH+](C[NH2+]C)C[NH2+]C)C(=O)C(=O)C(=O)C(=O)C(=O)C(=O)C(=O)C(=O)C(=O)C(=O)C(=O)C(=O)C(=O)C(=O)C(=O)C(=O)C(=O)C(=
[11:26:30] SMILES Parse Error: Failed parsing SMILES 'CC(C[NH+](C[NH2+]C)C[NH2+]C)C(=O)C(=O)C(=O)C(=O)C(=O)C(=O)C(=O)C(=O)C(=O)C(=O)C(=O)C(=O)C(=O)C(=O)C(=O)C(=O)C(=O)C(=' for input: 'CC(C[NH+](C[NH2+]C)C[NH2+]C)C(=O)C(=O)C(=O)C(=O)C(=O)C(=O)C(=O)C(=O)C(=O)C(=O)C(=O)C(=O)C(=O)C(=O)C(=O)C(=O)C(=O)C(='
[11:26:30] SMILES Parse Error: syntax error while parsing: The
[11:26:30] SMILES Parse Error: Failed parsing SMILES 'The' for input: 'The'

Progress: 922/2000
Progress: 923/2000
Progress: 924/2000
Progress: 925/2000
Progress: 926/2000[11:26:39] SMILES Parse Error: syntax error while parsing: C[NH+](C)CC(C[NH3+])C(=O)H[C@@H](C)C(=O)
[11:26:39] SMILES Parse Error: Failed parsing SMILES 'C[NH+](C)CC(C[NH3+])C(=O)H[C@@H](C)C(=O)' for input: 'C[NH+](C)CC(C[NH3+])C(=O)H[C@@H](C)C(=O)'

Progress: 927/2000
Progress: 928/2000
Progress: 929/2000[11:26:47] SMILES Parse Error: syntax error while parsing: O=C([O-])C(=S)C(=O)N(
[11:26:47] SMILES Parse Error: Failed parsing SMILES 'O=C([O-])C(=S)C(=O)N(' for input: 'O=C([O-])C(=S)C(=O)N('

Progress: 930/2000
Progress: 931/2000
Progress: 932/2000[11:26:52] SMILES Parse Error: syntax error while parsing: CCC(CC)(CC)Sc1ccc(B(O)O)c(C)c1HN
[11:26:52] SMILES Parse Error: Failed parsing SMILES 'CCC(CC)(CC)Sc1ccc(B(O)O)c(C)c1HN' for input: 'CCC(CC)(CC)Sc1ccc(B(O)O)c(C)c1HN'
[11:26:52] SMILES Parse Error: syntax error while parsing: Taking
[11:26:52] SMILES Parse Error: Failed parsing SMILES 'Taking' for input: 'Taking'

Progress: 933/2000
Progress: 934/2000[11:26:59] SMILES Parse Error: syntax error while parsing: Taking
[11:26:59] SMILES Parse Error: Failed parsing SMILES 'Taking' for input: 'Taking'

Progress: 935/2000
Progress: 936/2000
Progress: 937/2000[11:27:08] SMILES Parse Error: unclosed ring for input: 'CCC(CC)(CC)Sc1cc(Cl)cc(C)c17'
[11:27:08] SMILES Parse Error: unclosed ring for input: 'CCC(CC)(CC)Sc1cc(Cl)cc(C)c17'
[11:27:08] SMILES Parse Error: syntax error while parsing: The
[11:27:08] SMILES Parse Error: Failed parsing SMILES 'The' for input: 'The'

Progress: 938/2000
Progress: 939/2000
Progress: 940/2000[11:27:17] SMILES Parse Error: syntax error while parsing: Taking
[11:27:17] SMILES Parse Error: Failed parsing SMILES 'Taking' for input: 'Taking'

Progress: 941/2000[11:27:18] SMILES Parse Error: syntax error while parsing: 462.00
[11:27:18] SMILES Parse Error: Failed parsing SMILES '462.00' for input: '462.00'

Progress: 942/2000[11:27:22] SMILES Parse Error: syntax error while parsing: 2-Methylacc
[11:27:22] SMILES Parse Error: Failed parsing SMILES '2-Methylacc' for input: '2-Methylacc'

Progress: 943/2000
Progress: 944/2000[11:27:27] SMILES Parse Error: syntax error while parsing: Taking
[11:27:27] SMILES Parse Error: Failed parsing SMILES 'Taking' for input: 'Taking'

Progress: 945/2000[11:27:28] SMILES Parse Error: syntax error while parsing: CCC(CC)(CC)Sc1cc(C(=O)aw2)sc1[I-]
[11:27:28] SMILES Parse Error: Failed parsing SMILES 'CCC(CC)(CC)Sc1cc(C(=O)aw2)sc1[I-]' for input: 'CCC(CC)(CC)Sc1cc(C(=O)aw2)sc1[I-]'
[11:27:28] SMILES Parse Error: syntax error while parsing: Taking
[11:27:28] SMILES Parse Error: Failed parsing SMILES 'Taking' for input: 'Taking'

Progress: 946/2000
Progress: 947/2000
Progress: 948/2000[11:27:34] SMILES Parse Error: unclosed ring for input: 'NC(=[NH2+])s1ccc(C(=O)N[C@@H](C)s2)s1'

Progress: 949/2000
Progress: 950/2000
Progress: 951/2000[11:27:43] SMILES Parse Error: syntax error while parsing: Taking
[11:27:43] SMILES Parse Error: Failed parsing SMILES 'Taking' for input: 'Taking'

Progress: 952/2000
Progress: 953/2000
Progress: 954/2000[11:27:53] SMILES Parse Error: syntax error while parsing: represented
[11:27:53] SMILES Parse Error: Failed parsing SMILES 'represented' for input: 'represented'
[11:27:53] SMILES Parse Error: syntax error while parsing: The
[11:27:53] SMILES Parse Error: Failed parsing SMILES 'The' for input: 'The'

Progress: 955/2000
Progress: 956/2000
Progress: 957/2000
Progress: 958/2000[11:28:06] SMILES Parse Error: syntax error while parsing: C[NH+](C)C(C(=O)NN)c1nncn[nH]c1T
[11:28:06] SMILES Parse Error: Failed parsing SMILES 'C[NH+](C)C(C(=O)NN)c1nncn[nH]c1T' for input: 'C[NH+](C)C(C(=O)NN)c1nncn[nH]c1T'
[11:28:06] SMILES Parse Error: syntax error while parsing: C[NH+](C)C(C(=O)NN)c1nncn[nH]c1T
[11:28:06] SMILES Parse Error: Failed parsing SMILES 'C[NH+](C)C(C(=O)NN)c1nncn[nH]c1T' for input: 'C[NH+](C)C(C(=O)NN)c1nncn[nH]c1T'
[11:28:06] SMILES Parse Error: syntax error while parsing: The
[11:28:06] SMILES Parse Error: Failed parsing SMILES 'The' for input: 'The'

Progress: 959/2000
Progress: 960/2000
Progress: 961/2000[11:28:16] SMILES Parse Error: syntax error while parsing: Taking
[11:28:16] SMILES Parse Error: Failed parsing SMILES 'Taking' for input: 'Taking'

Progress: 962/2000[11:28:17] non-ring atom 7 marked aromatic
[11:28:17] SMILES Parse Error: syntax error while parsing: Taking
[11:28:17] SMILES Parse Error: Failed parsing SMILES 'Taking' for input: 'Taking'

Progress: 963/2000[11:28:19] SMILES Parse Error: syntax error while parsing: used
[11:28:19] SMILES Parse Error: Failed parsing SMILES 'used' for input: 'used'
[11:28:19] SMILES Parse Error: syntax error while parsing: 2-Methyl-choline-NC(=O)C(=O)N[C@@H](C)OC(=O)C(=O)N(C)CC(O)MF
[11:28:19] SMILES Parse Error: Failed parsing SMILES '2-Methyl-choline-NC(=O)C(=O)N[C@@H](C)OC(=O)C(=O)N(C)CC(O)MF' for input: '2-Methyl-choline-NC(=O)C(=O)N[C@@H](C)OC(=O)C(=O)N(C)CC(O)MF'

Progress: 964/2000[11:28:23] SMILES Parse Error: syntax error while parsing: NC(=[NH2+])S[C@@H](C)C(=O)N[C@H](C)C(=O)N[C@@H](C)C(=O)N[C@H](C)C(=O)N[C@@H](C)C(=O)N[C@H](C)C(=O)N[C@H](C)C(=O)N[C@H](C)C(=O)N[
[11:28:23] SMILES Parse Error: Failed parsing SMILES 'NC(=[NH2+])S[C@@H](C)C(=O)N[C@H](C)C(=O)N[C@@H](C)C(=O)N[C@H](C)C(=O)N[C@@H](C)C(=O)N[C@H](C)C(=O)N[C@H](C)C(=O)N[C@H](C)C(=O)N[' for input: 'NC(=[NH2+])S[C@@H](C)C(=O)N[C@H](C)C(=O)N[C@@H](C)C(=O)N[C@H](C)C(=O)N[C@@H](C)C(=O)N[C@H](C)C(=O)N[C@H](C)C(=O)N[C@H](C)C(=O)N['
[11:28:23] SMILES Parse Error: syntax error while parsing: The
[11:28:23] SMILES Parse Error: Failed parsing SMILES 'The' for input: 'The'

Progress: 965/2000[11:28:27] SMILES Parse Error: syntax error while parsing: Taking
[11:28:28] SMILES Parse Error: Failed parsing SMILES 'Taking' for input: 'Taking'

Progress: 966/2000[11:28:29] SMILES Parse Error: syntax error while parsing: NC(=[NH2+])[C@@H](H)sc1nccc(C(F)(F)F)n1
[11:28:29] SMILES Parse Error: Failed parsing SMILES 'NC(=[NH2+])[C@@H](H)sc1nccc(C(F)(F)F)n1' for input: 'NC(=[NH2+])[C@@H](H)sc1nccc(C(F)(F)F)n1'

Progress: 967/2000
Progress: 968/2000
Progress: 969/2000
Progress: 970/2000[11:28:38] SMILES Parse Error: syntax error while parsing: C[NH+](C)C(C(=O)NN)c1nnc(Q)c(Cl)c1[O-]
[11:28:38] SMILES Parse Error: Failed parsing SMILES 'C[NH+](C)C(C(=O)NN)c1nnc(Q)c(Cl)c1[O-]' for input: 'C[NH+](C)C(C(=O)NN)c1nnc(Q)c(Cl)c1[O-]'

Progress: 971/2000[11:28:40] SMILES Parse Error: extra open parentheses for input: 'CCC(CC)(CC)Sc1cc(C(=O)'

Progress: 972/2000
Progress: 973/2000
Progress: 974/2000
Progress: 975/2000
Progress: 976/2000
Progress: 977/2000[11:28:59] SMILES Parse Error: syntax error while parsing: Taking
[11:28:59] SMILES Parse Error: Failed parsing SMILES 'Taking' for input: 'Taking'

Progress: 978/2000[11:29:04] SMILES Parse Error: syntax error while parsing: NC(=[NH2+])S[C@@H](C)C(=O)N[C@H](C)C(=O)N[C@@H](C)C(=O)N[C@@H](C)C(=O)N[C@@H](C)C(=O)N[C@@H](C)C(=O)N[C@H](C)C(=O)N[C@H](C)C(=O)N[
[11:29:04] SMILES Parse Error: Failed parsing SMILES 'NC(=[NH2+])S[C@@H](C)C(=O)N[C@H](C)C(=O)N[C@@H](C)C(=O)N[C@@H](C)C(=O)N[C@@H](C)C(=O)N[C@@H](C)C(=O)N[C@H](C)C(=O)N[C@H](C)C(=O)N[' for input: 'NC(=[NH2+])S[C@@H](C)C(=O)N[C@H](C)C(=O)N[C@@H](C)C(=O)N[C@@H](C)C(=O)N[C@@H](C)C(=O)N[C@@H](C)C(=O)N[C@H](C)C(=O)N[C@H](C)C(=O)N['
[11:29:04] SMILES Parse Error: syntax error while parsing: The
[11:29:04] SMILES Parse Error: Failed parsing SMILES 'The' for input: 'The'

Progress: 979/2000
Progress: 980/2000
Progress: 981/2000
Progress: 982/2000[11:29:13] SMILES Parse Error: unclosed ring for input: 'NC(=[NH2+])C1CC1C2CC2C2CC2C2(C)C1C2'
[11:29:13] SMILES Parse Error: syntax error while parsing: Taking
[11:29:13] SMILES Parse Error: Failed parsing SMILES 'Taking' for input: 'Taking'

Progress: 983/2000[11:29:17] SMILES Parse Error: syntax error while parsing: Taking
[11:29:17] SMILES Parse Error: Failed parsing SMILES 'Taking' for input: 'Taking'

Progress: 984/2000
Progress: 985/2000[11:29:19] non-ring atom 4 marked aromatic

Progress: 986/2000
Progress: 987/2000
Progress: 988/2000[11:29:31] SMILES Parse Error: syntax error while parsing: NC(=[NH2+])SCOC(=O)Based
[11:29:31] SMILES Parse Error: Failed parsing SMILES 'NC(=[NH2+])SCOC(=O)Based' for input: 'NC(=[NH2+])SCOC(=O)Based'

Progress: 989/2000[11:29:32] SMILES Parse Error: syntax error while parsing: CC(C[NH+](C)C[NH2+]C)B(O)C(O)B(O)C(O)C(=O)HBD
[11:29:32] SMILES Parse Error: Failed parsing SMILES 'CC(C[NH+](C)C[NH2+]C)B(O)C(O)B(O)C(O)C(=O)HBD' for input: 'CC(C[NH+](C)C[NH2+]C)B(O)C(O)B(O)C(O)C(=O)HBD'
[11:29:32] SMILES Parse Error: syntax error while parsing: The
[11:29:32] SMILES Parse Error: Failed parsing SMILES 'The' for input: 'The'

Progress: 990/2000
Progress: 991/2000[11:29:36] SMILES Parse Error: syntax error while parsing: CCC(CC)(CC)Sc1cc(B(O)O)ccc1lipophilic-A
[11:29:36] SMILES Parse Error: Failed parsing SMILES 'CCC(CC)(CC)Sc1cc(B(O)O)ccc1lipophilic-A' for input: 'CCC(CC)(CC)Sc1cc(B(O)O)ccc1lipophilic-A'
[11:29:36] SMILES Parse Error: syntax error while parsing: The
[11:29:36] SMILES Parse Error: Failed parsing SMILES 'The' for input: 'The'

Progress: 992/2000
Progress: 993/2000
Progress: 994/2000
Progress: 995/2000
Progress: 996/2000[11:29:52] SMILES Parse Error: syntax error while parsing: Taking
[11:29:52] SMILES Parse Error: Failed parsing SMILES 'Taking' for input: 'Taking'

Progress: 997/2000
Progress: 998/2000
Progress: 999/2000[11:29:59] SMILES Parse Error: syntax error while parsing: CCC(CC)(CC)Sc1cc(B(O)O)c(C)rc1C
[11:29:59] SMILES Parse Error: Failed parsing SMILES 'CCC(CC)(CC)Sc1cc(B(O)O)c(C)rc1C' for input: 'CCC(CC)(CC)Sc1cc(B(O)O)c(C)rc1C'

Progress: 1000/2000
Progress: 1001/2000
Progress: 1002/2000[11:30:08] SMILES Parse Error: syntax error while parsing: Taking
[11:30:08] SMILES Parse Error: Failed parsing SMILES 'Taking' for input: 'Taking'

Progress: 1003/2000
Progress: 1004/2000[11:30:14] SMILES Parse Error: syntax error while parsing: NC(=[NH2+])s1ccc(C(=O)N[C@@H](C)TSP(=O)(O)O)o1
[11:30:14] SMILES Parse Error: Failed parsing SMILES 'NC(=[NH2+])s1ccc(C(=O)N[C@@H](C)TSP(=O)(O)O)o1' for input: 'NC(=[NH2+])s1ccc(C(=O)N[C@@H](C)TSP(=O)(O)O)o1'

Progress: 1005/2000
Progress: 1006/2000[11:30:24] SMILES Parse Error: syntax error while parsing: NC(=[NH2+])su2ccc(B(O)O)c(lipophilicity
[11:30:24] SMILES Parse Error: Failed parsing SMILES 'NC(=[NH2+])su2ccc(B(O)O)c(lipophilicity' for input: 'NC(=[NH2+])su2ccc(B(O)O)c(lipophilicity'
[11:30:24] SMILES Parse Error: syntax error while parsing: The
[11:30:24] SMILES Parse Error: Failed parsing SMILES 'The' for input: 'The'

Progress: 1007/2000[11:30:26] SMILES Parse Error: syntax error while parsing: 659.00
[11:30:26] SMILES Parse Error: Failed parsing SMILES '659.00' for input: '659.00'

Progress: 1008/2000
Progress: 1009/2000[11:30:31] SMILES Parse Error: syntax error while parsing: C[NH+](C)C(C(=O)NN)c1sc(C)cc1[NH+](C)C.
[11:30:31] SMILES Parse Error: Failed parsing SMILES 'C[NH+](C)C(C(=O)NN)c1sc(C)cc1[NH+](C)C.' for input: 'C[NH+](C)C(C(=O)NN)c1sc(C)cc1[NH+](C)C.'

Progress: 1010/2000[11:30:34] SMILES Parse Error: syntax error while parsing: 455.00
[11:30:34] SMILES Parse Error: Failed parsing SMILES '455.00' for input: '455.00'

Progress: 1011/2000
Progress: 1012/2000[11:30:41] SMILES Parse Error: syntax error while parsing: NNC(=O)C(=O)NC(=O)Based
[11:30:41] SMILES Parse Error: Failed parsing SMILES 'NNC(=O)C(=O)NC(=O)Based' for input: 'NNC(=O)C(=O)NC(=O)Based'
[11:30:41] SMILES Parse Error: syntax error while parsing: NNC(=O)C(=O)NC(=O)Based
[11:30:41] SMILES Parse Error: Failed parsing SMILES 'NNC(=O)C(=O)NC(=O)Based' for input: 'NNC(=O)C(=O)NC(=O)Based'
[11:30:41] SMILES Parse Error: syntax error while parsing: The
[11:30:41] SMILES Parse Error: Failed parsing SMILES 'The' for input: 'The'

Progress: 1013/2000
Progress: 1014/2000[11:30:52] SMILES Parse Error: syntax error while parsing: NC(=[NH2+])C1CC1CSCff
[11:30:52] SMILES Parse Error: Failed parsing SMILES 'NC(=[NH2+])C1CC1CSCff' for input: 'NC(=[NH2+])C1CC1CSCff'

Progress: 1015/2000
Progress: 1016/2000
Progress: 1017/2000
Progress: 1018/2000
Progress: 1019/2000[11:31:19] SMILES Parse Error: extra open parentheses for input: 'CCC(CC)(CC)SC(C)C(C)C(C)C(C)C(C)C(C)C(C)C(C)C(C)C(C)C(C)C(C)C(C)C(C)C(C)C(C)C(C)C(C)C(C)C(C)C(C)C(C)C(C)C(C)C(C)C(C)C(C'
[11:31:19] SMILES Parse Error: syntax error while parsing: The
[11:31:19] SMILES Parse Error: Failed parsing SMILES 'The' for input: 'The'

Progress: 1020/2000
Progress: 1021/2000
Progress: 1022/2000
Progress: 1023/2000
Progress: 1024/2000
Progress: 1025/2000
Progress: 1026/2000
Progress: 1027/2000
Progress: 1028/2000[11:32:07] SMILES Parse Error: syntax error while parsing: Taking
[11:32:07] SMILES Parse Error: Failed parsing SMILES 'Taking' for input: 'Taking'

Progress: 1029/2000[11:32:09] SMILES Parse Error: syntax error while parsing: NC(=[NH2+])s1ccc(
[11:32:09] SMILES Parse Error: Failed parsing SMILES 'NC(=[NH2+])s1ccc(' for input: 'NC(=[NH2+])s1ccc('

Progress: 1030/2000[11:32:12] SMILES Parse Error: extra open parentheses for input: 'CCC(CC)(CC)Sc1cc(C(=O)'
[11:32:12] SMILES Parse Error: syntax error while parsing: Taking
[11:32:12] SMILES Parse Error: Failed parsing SMILES 'Taking' for input: 'Taking'

Progress: 1031/2000[11:32:19] SMILES Parse Error: syntax error while parsing: O=C([O-])C(=O)C(=O)NCC(=O)NCC(=O)NCC(=O)NCC(=O)NCC(=O)NCC(=O)NCC(=O)NCC(=O)NCC(=O)NCC(=O)NCC(=O)NCC(=O)NCC(=O)NCC(=O)NCC(=O)NCC(=O)NCC(=O)NCC(=O)NCC(
[11:32:19] SMILES Parse Error: Failed parsing SMILES 'O=C([O-])C(=O)C(=O)NCC(=O)NCC(=O)NCC(=O)NCC(=O)NCC(=O)NCC(=O)NCC(=O)NCC(=O)NCC(=O)NCC(=O)NCC(=O)NCC(=O)NCC(=O)NCC(=O)NCC(=O)NCC(=O)NCC(=O)NCC(=O)NCC(' for input: 'O=C([O-])C(=O)C(=O)NCC(=O)NCC(=O)NCC(=O)NCC(=O)NCC(=O)NCC(=O)NCC(=O)NCC(=O)NCC(=O)NCC(=O)NCC(=O)NCC(=O)NCC(=O)NCC(=O)NCC(=O)NCC(=O)NCC(=O)NCC(=O)NCC('

Progress: 1032/2000
Progress: 1033/2000
Progress: 1034/2000[11:32:27] SMILES Parse Error: syntax error while parsing: NC(=[NH2+])C1CCC(Scaffold)C(C)C1
[11:32:27] SMILES Parse Error: Failed parsing SMILES 'NC(=[NH2+])C1CCC(Scaffold)C(C)C1' for input: 'NC(=[NH2+])C1CCC(Scaffold)C(C)C1'
[11:32:27] SMILES Parse Error: syntax error while parsing: The
[11:32:27] SMILES Parse Error: Failed parsing SMILES 'The' for input: 'The'

Progress: 1035/2000
Progress: 1036/2000[11:32:33] SMILES Parse Error: syntax error while parsing: CCC(CC)(CC)Sc1cc(C(=O)c2cc(Br)sc2Br)sc1HBD
[11:32:33] SMILES Parse Error: Failed parsing SMILES 'CCC(CC)(CC)Sc1cc(C(=O)c2cc(Br)sc2Br)sc1HBD' for input: 'CCC(CC)(CC)Sc1cc(C(=O)c2cc(Br)sc2Br)sc1HBD'
[11:32:33] SMILES Parse Error: syntax error while parsing: represented
[11:32:33] SMILES Parse Error: Failed parsing SMILES 'represented' for input: 'represented'
[11:32:33] SMILES Parse Error: syntax error while parsing: The
[11:32:33] SMILES Parse Error: Failed parsing SMILES 'The' for input: 'The'

Progress: 1037/2000[11:32:36] SMILES Parse Error: unclosed ring for input: 'NC(=[NH2+])C1CC1C2CC2C2CC2C2CCC2C2(C)C1C2C2CC2'
[11:32:36] SMILES Parse Error: syntax error while parsing: Taking
[11:32:36] SMILES Parse Error: Failed parsing SMILES 'Taking' for input: 'Taking'

Progress: 1038/2000[11:32:39] SMILES Parse Error: syntax error while parsing: represented
[11:32:39] SMILES Parse Error: Failed parsing SMILES 'represented' for input: 'represented'
[11:32:39] SMILES Parse Error: syntax error while parsing: O=C([O-])C(=S)C(=O)N(keit)
[11:32:39] SMILES Parse Error: Failed parsing SMILES 'O=C([O-])C(=S)C(=O)N(keit)' for input: 'O=C([O-])C(=S)C(=O)N(keit)'

Progress: 1039/2000[11:32:47] SMILES Parse Error: syntax error while parsing: CC(C[NH+](C[NH2+]C)C[F])[C@@H](C)C(=O)C(=O)N[C@@H](C)C(=O)N[C@H](C)C(=O)N[C@H](C)C(=O)N[C@H](C)C(=O)N[C@H](C)C(=O)N[C@@H](C)C[N
[11:32:47] SMILES Parse Error: Failed parsing SMILES 'CC(C[NH+](C[NH2+]C)C[F])[C@@H](C)C(=O)C(=O)N[C@@H](C)C(=O)N[C@H](C)C(=O)N[C@H](C)C(=O)N[C@H](C)C(=O)N[C@H](C)C(=O)N[C@@H](C)C[N' for input: 'CC(C[NH+](C[NH2+]C)C[F])[C@@H](C)C(=O)C(=O)N[C@@H](C)C(=O)N[C@H](C)C(=O)N[C@H](C)C(=O)N[C@H](C)C(=O)N[C@H](C)C(=O)N[C@@H](C)C[N'
[11:32:47] SMILES Parse Error: syntax error while parsing: The
[11:32:47] SMILES Parse Error: Failed parsing SMILES 'The' for input: 'The'

Progress: 1040/2000[11:32:53] SMILES Parse Error: syntax error while parsing: 7CCC(CC)(CC)S[I-745)C(O)(O)C(O)C(O)C(O)C(O)C(O)C(O)C(O)C(O)C(O)C(O)C(O)C(O)C(O)C(O)C(O)C(O)C(O)C(O)C(O)C(O)C(O)C(O)C(O)C(O)C(O)C(O)C(
[11:32:53] SMILES Parse Error: Failed parsing SMILES '7CCC(CC)(CC)S[I-745)C(O)(O)C(O)C(O)C(O)C(O)C(O)C(O)C(O)C(O)C(O)C(O)C(O)C(O)C(O)C(O)C(O)C(O)C(O)C(O)C(O)C(O)C(O)C(O)C(O)C(O)C(O)C(O)C(' for input: '7CCC(CC)(CC)S[I-745)C(O)(O)C(O)C(O)C(O)C(O)C(O)C(O)C(O)C(O)C(O)C(O)C(O)C(O)C(O)C(O)C(O)C(O)C(O)C(O)C(O)C(O)C(O)C(O)C(O)C(O)C(O)C(O)C('

Progress: 1041/2000
Progress: 1042/2000[11:33:02] SMILES Parse Error: syntax error while parsing: O=C([O-])C(=O)C(=O)NCC(=O)NCC(=O)NCC(=O)NCC(=O)NCC(=O)NCC(=O)NCC(=O)NCC(=O)NCC(=O)NCC(=O)NCC(=O)NCC(=O)NCC(=O)NCC(=O)NCC(=O)NCC(=O)NCC(=O)NCC(=O)NCC(
[11:33:02] SMILES Parse Error: Failed parsing SMILES 'O=C([O-])C(=O)C(=O)NCC(=O)NCC(=O)NCC(=O)NCC(=O)NCC(=O)NCC(=O)NCC(=O)NCC(=O)NCC(=O)NCC(=O)NCC(=O)NCC(=O)NCC(=O)NCC(=O)NCC(=O)NCC(=O)NCC(=O)NCC(=O)NCC(' for input: 'O=C([O-])C(=O)C(=O)NCC(=O)NCC(=O)NCC(=O)NCC(=O)NCC(=O)NCC(=O)NCC(=O)NCC(=O)NCC(=O)NCC(=O)NCC(=O)NCC(=O)NCC(=O)NCC(=O)NCC(=O)NCC(=O)NCC(=O)NCC(=O)NCC('

Progress: 1043/2000
Progress: 1044/2000[11:33:12] SMILES Parse Error: extra open parentheses for input: 'CC(C[NH+](C[NH2+]C)C[B]'
[11:33:12] SMILES Parse Error: extra open parentheses for input: 'CC(C[NH+](C[NH2+]C)C[B]'
[11:33:12] SMILES Parse Error: syntax error while parsing: The
[11:33:12] SMILES Parse Error: Failed parsing SMILES 'The' for input: 'The'

Progress: 1045/2000
Progress: 1046/2000[11:33:22] SMILES Parse Error: syntax error while parsing: 464.00
[11:33:22] SMILES Parse Error: Failed parsing SMILES '464.00' for input: '464.00'

Progress: 1047/2000
Progress: 1048/2000[11:33:32] SMILES Parse Error: syntax error while parsing: Taking
[11:33:32] SMILES Parse Error: Failed parsing SMILES 'Taking' for input: 'Taking'

Progress: 1049/2000
Progress: 1050/2000[11:33:43] SMILES Parse Error: syntax error while parsing: Taking
[11:33:43] SMILES Parse Error: Failed parsing SMILES 'Taking' for input: 'Taking'

Progress: 1051/2000[11:33:49] SMILES Parse Error: syntax error while parsing: NNC(=O)C(=O)NC(=O)Based
[11:33:49] SMILES Parse Error: Failed parsing SMILES 'NNC(=O)C(=O)NC(=O)Based' for input: 'NNC(=O)C(=O)NC(=O)Based'
[11:33:49] SMILES Parse Error: syntax error while parsing: NNC(=O)C(=O)NC(=O)Based
[11:33:49] SMILES Parse Error: Failed parsing SMILES 'NNC(=O)C(=O)NC(=O)Based' for input: 'NNC(=O)C(=O)NC(=O)Based'
[11:33:49] SMILES Parse Error: syntax error while parsing: The
[11:33:49] SMILES Parse Error: Failed parsing SMILES 'The' for input: 'The'

Progress: 1052/2000
Progress: 1053/2000[11:34:04] SMILES Parse Error: syntax error while parsing: Taking
[11:34:04] SMILES Parse Error: Failed parsing SMILES 'Taking' for input: 'Taking'

Progress: 1054/2000[11:34:12] SMILES Parse Error: extra close parentheses while parsing: NNC(=O)C(=O)NC(=O)B(O)O)O)O)O)O)O)O)O)O)O)O)O)O)O)O)O)O)O)O)O)O)O)O)O)O)O)O)O)O)O)O)O)O)O)O)O)O)O)O)O)O)O)O)O)O)O)O
[11:34:12] SMILES Parse Error: Failed parsing SMILES 'NNC(=O)C(=O)NC(=O)B(O)O)O)O)O)O)O)O)O)O)O)O)O)O)O)O)O)O)O)O)O)O)O)O)O)O)O)O)O)O)O)O)O)O)O)O)O)O)O)O)O)O)O)O)O)O)O)O' for input: 'NNC(=O)C(=O)NC(=O)B(O)O)O)O)O)O)O)O)O)O)O)O)O)O)O)O)O)O)O)O)O)O)O)O)O)O)O)O)O)O)O)O)O)O)O)O)O)O)O)O)O)O)O)O)O)O)O)O'
[11:34:12] SMILES Parse Error: syntax error while parsing: The
[11:34:12] SMILES Parse Error: Failed parsing SMILES 'The' for input: 'The'

Progress: 1055/2000
Progress: 1056/2000[11:34:18] SMILES Parse Error: syntax error while parsing: 465.00
[11:34:18] SMILES Parse Error: Failed parsing SMILES '465.00' for input: '465.00'

Progress: 1057/2000
Progress: 1058/2000
Progress: 1059/2000[11:34:32] non-ring atom 5 marked aromatic
[11:34:32] SMILES Parse Error: syntax error while parsing: Taking
[11:34:32] SMILES Parse Error: Failed parsing SMILES 'Taking' for input: 'Taking'

Progress: 1060/2000
Progress: 1061/2000
Progress: 1062/2000
Progress: 1063/2000[11:34:53] SMILES Parse Error: syntax error while parsing: Taking
[11:34:53] SMILES Parse Error: Failed parsing SMILES 'Taking' for input: 'Taking'

Progress: 1064/2000
Progress: 1065/2000
Progress: 1066/2000
Progress: 1067/2000
Progress: 1068/2000[11:35:20] SMILES Parse Error: syntax error while parsing: Taking
[11:35:20] SMILES Parse Error: Failed parsing SMILES 'Taking' for input: 'Taking'

Progress: 1069/2000[11:35:27] SMILES Parse Error: syntax error while parsing: Taking
[11:35:27] SMILES Parse Error: Failed parsing SMILES 'Taking' for input: 'Taking'

Progress: 1070/2000
Progress: 1071/2000[11:35:39] SMILES Parse Error: syntax error while parsing: C[NH+](C)CC(C[NH3+])[I-]H

###
[11:35:39] SMILES Parse Error: Failed parsing SMILES 'C[NH+](C)CC(C[NH3+])[I-]H

###' for input: 'C[NH+](C)CC(C[NH3+])[I-]H

###'
[11:35:39] SMILES Parse Error: syntax error while parsing: CC(C[NH3+])[I-]H
[11:35:39] SMILES Parse Error: Failed parsing SMILES 'CC(C[NH3+])[I-]H' for input: 'CC(C[NH3+])[I-]H'
[11:35:39] SMILES Parse Error: syntax error while parsing: Taking
[11:35:39] SMILES Parse Error: Failed parsing SMILES 'Taking' for input: 'Taking'

Progress: 1072/2000
Progress: 1073/2000
Progress: 1074/2000
Progress: 1075/2000
Progress: 1076/2000
Progress: 1077/2000
Progress: 1078/2000
Progress: 1079/2000
Progress: 1080/2000
Progress: 1081/2000[11:36:36] SMILES Parse Error: syntax error while parsing: C[NH+](C)C(=O)C(=O)N(C)CC(=O)NCC(=O)NCC(=O)NBA(O)O
[11:36:36] SMILES Parse Error: Failed parsing SMILES 'C[NH+](C)C(=O)C(=O)N(C)CC(=O)NCC(=O)NCC(=O)NBA(O)O' for input: 'C[NH+](C)C(=O)C(=O)N(C)CC(=O)NCC(=O)NCC(=O)NBA(O)O'
[11:36:36] SMILES Parse Error: syntax error while parsing: Taking
[11:36:36] SMILES Parse Error: Failed parsing SMILES 'Taking' for input: 'Taking'

Progress: 1082/2000
Progress: 1083/2000
Progress: 1084/2000
Progress: 1085/2000
Progress: 1086/2000
Progress: 1087/2000
Progress: 1088/2000[11:37:08] SMILES Parse Error: syntax error while parsing: Taking
[11:37:08] SMILES Parse Error: Failed parsing SMILES 'Taking' for input: 'Taking'

Progress: 1089/2000
Progress: 1090/2000
Progress: 1091/2000
Progress: 1092/2000
Progress: 1093/2000[11:37:32] SMILES Parse Error: syntax error while parsing: Taking
[11:37:32] SMILES Parse Error: Failed parsing SMILES 'Taking' for input: 'Taking'

Progress: 1094/2000
Progress: 1095/2000[11:37:40] SMILES Parse Error: syntax error while parsing: 616.00
[11:37:40] SMILES Parse Error: Failed parsing SMILES '616.00' for input: '616.00'

Progress: 1096/2000
Progress: 1097/2000[11:37:49] SMILES Parse Error: syntax error while parsing: T
[11:37:49] SMILES Parse Error: Failed parsing SMILES 'T' for input: 'T'
[11:37:49] SMILES Parse Error: syntax error while parsing: Tc1cc(B(O)O)cc(B(O)O)c1T
[11:37:49] SMILES Parse Error: Failed parsing SMILES 'Tc1cc(B(O)O)cc(B(O)O)c1T' for input: 'Tc1cc(B(O)O)cc(B(O)O)c1T'

Progress: 1098/2000
Progress: 1099/2000[11:37:58] SMILES Parse Error: syntax error while parsing: 414.00
[11:37:58] SMILES Parse Error: Failed parsing SMILES '414.00' for input: '414.00'

Progress: 1100/2000[11:38:02] non-ring atom 5 marked aromatic

Progress: 1101/2000
Progress: 1102/2000
Progress: 1103/2000
Progress: 1104/2000[11:38:25] SMILES Parse Error: unclosed ring for input: 'CCC(CC)(CC)Sc1cc(C(=O)sc2cc(C)sc12)sc1ccccc11'

Progress: 1105/2000[11:38:32] SMILES Parse Error: syntax error while parsing: Taking
[11:38:32] SMILES Parse Error: Failed parsing SMILES 'Taking' for input: 'Taking'

Progress: 1106/2000[11:38:39] SMILES Parse Error: syntax error while parsing: Taking
[11:38:39] SMILES Parse Error: Failed parsing SMILES 'Taking' for input: 'Taking'

Progress: 1107/2000
Progress: 1108/2000[11:38:44] SMILES Parse Error: syntax error while parsing: CCC(CC)(CC)Sc1cc(B(O)O)ccc1lipophilic-N1NCCC1C
[11:38:44] SMILES Parse Error: Failed parsing SMILES 'CCC(CC)(CC)Sc1cc(B(O)O)ccc1lipophilic-N1NCCC1C' for input: 'CCC(CC)(CC)Sc1cc(B(O)O)ccc1lipophilic-N1NCCC1C'

Progress: 1109/2000
Progress: 1110/2000
Progress: 1111/2000[11:38:57] non-ring atom 4 marked aromatic

Progress: 1112/2000[11:39:02] SMILES Parse Error: extra close parentheses while parsing: CC(C[NH+](C[NH2+]CCC[NH3+])CS)C[NH+](C)C[NH+](C)C[NH+](C)C[NH+](C)C[NH2+]CCC[NH3+])S
[11:39:02] SMILES Parse Error: Failed parsing SMILES 'CC(C[NH+](C[NH2+]CCC[NH3+])CS)C[NH+](C)C[NH+](C)C[NH+](C)C[NH+](C)C[NH2+]CCC[NH3+])S' for input: 'CC(C[NH+](C[NH2+]CCC[NH3+])CS)C[NH+](C)C[NH+](C)C[NH+](C)C[NH+](C)C[NH2+]CCC[NH3+])S'
[11:39:02] SMILES Parse Error: syntax error while parsing: Taking
[11:39:02] SMILES Parse Error: Failed parsing SMILES 'Taking' for input: 'Taking'

Progress: 1113/2000[11:39:05] SMILES Parse Error: syntax error while parsing: NC(=[NH2+])I(C)C(=O)N(C)C(=O)lip[NH+](C)C
[11:39:05] SMILES Parse Error: Failed parsing SMILES 'NC(=[NH2+])I(C)C(=O)N(C)C(=O)lip[NH+](C)C' for input: 'NC(=[NH2+])I(C)C(=O)N(C)C(=O)lip[NH+](C)C'

Progress: 1114/2000
Progress: 1115/2000[11:39:13] SMILES Parse Error: unclosed ring for input: 'NC(=[NH2+])C1CC1C1CC1C1CC1C1CC1C1CC1C1CC1C1CC1C1CC1C1CC1C1CC1C1CC1C1CC1C1CC1C1CC1C1CC1C1CC1C1CC1C1CC1C1CC1C1CC1C1CC1C1CC1C1CC1C1CC1C1CC1C1CC1C1'
[11:39:13] SMILES Parse Error: syntax error while parsing: The
[11:39:13] SMILES Parse Error: Failed parsing SMILES 'The' for input: 'The'

Progress: 1116/2000[11:39:16] SMILES Parse Error: syntax error while parsing: CCC(CC)(CC)Sc1ccc(B(O)O)c(H)c1
[11:39:16] SMILES Parse Error: Failed parsing SMILES 'CCC(CC)(CC)Sc1ccc(B(O)O)c(H)c1' for input: 'CCC(CC)(CC)Sc1ccc(B(O)O)c(H)c1'
[11:39:16] SMILES Parse Error: syntax error while parsing: Taking
[11:39:16] SMILES Parse Error: Failed parsing SMILES 'Taking' for input: 'Taking'

Progress: 1117/2000[11:39:19] SMILES Parse Error: syntax error while parsing: NC(=[NH2+])n1ncc(C(=O)Nv1vcc(Br)cc1F)c1csc(N)n1
[11:39:19] SMILES Parse Error: Failed parsing SMILES 'NC(=[NH2+])n1ncc(C(=O)Nv1vcc(Br)cc1F)c1csc(N)n1' for input: 'NC(=[NH2+])n1ncc(C(=O)Nv1vcc(Br)cc1F)c1csc(N)n1'

Progress: 1118/2000
Progress: 1119/2000[11:39:22] SMILES Parse Error: syntax error while parsing: 292.00
[11:39:22] SMILES Parse Error: Failed parsing SMILES '292.00' for input: '292.00'

Progress: 1120/2000[11:39:30] SMILES Parse Error: syntax error while parsing: Taking
[11:39:30] SMILES Parse Error: Failed parsing SMILES 'Taking' for input: 'Taking'

Progress: 1121/2000[11:39:32] SMILES Parse Error: syntax error while parsing: TCCC(CC)(CC)Sc1cc(C)c(C(=O)NC(C(=O)[O-])C(=O)[O-])c(C)c1
[11:39:32] SMILES Parse Error: Failed parsing SMILES 'TCCC(CC)(CC)Sc1cc(C)c(C(=O)NC(C(=O)[O-])C(=O)[O-])c(C)c1' for input: 'TCCC(CC)(CC)Sc1cc(C)c(C(=O)NC(C(=O)[O-])C(=O)[O-])c(C)c1'

Progress: 1122/2000[11:39:34] SMILES Parse Error: syntax error while parsing: NC(=[NH2+])C1CC1C1CC1C1CC1Tpsa1ccc(Cl)cc1Cl
[11:39:34] SMILES Parse Error: Failed parsing SMILES 'NC(=[NH2+])C1CC1C1CC1C1CC1Tpsa1ccc(Cl)cc1Cl' for input: 'NC(=[NH2+])C1CC1C1CC1C1CC1Tpsa1ccc(Cl)cc1Cl'
[11:39:34] SMILES Parse Error: syntax error while parsing: Taking
[11:39:34] SMILES Parse Error: Failed parsing SMILES 'Taking' for input: 'Taking'

Progress: 1123/2000[11:39:39] SMILES Parse Error: syntax error while parsing: CC(C[NH+](C[NH2+]CCC(=O)N[C@@H](C)C(=O)TSP(=O)(OCC)OC(=O)[O-]))C(=O)[O-]
[11:39:39] SMILES Parse Error: Failed parsing SMILES 'CC(C[NH+](C[NH2+]CCC(=O)N[C@@H](C)C(=O)TSP(=O)(OCC)OC(=O)[O-]))C(=O)[O-]' for input: 'CC(C[NH+](C[NH2+]CCC(=O)N[C@@H](C)C(=O)TSP(=O)(OCC)OC(=O)[O-]))C(=O)[O-]'
[11:39:39] SMILES Parse Error: syntax error while parsing: Taking
[11:39:39] SMILES Parse Error: Failed parsing SMILES 'Taking' for input: 'Taking'

Progress: 1124/2000
Progress: 1125/2000[11:39:43] SMILES Parse Error: syntax error while parsing: Towards
[11:39:43] SMILES Parse Error: Failed parsing SMILES 'Towards' for input: 'Towards'

Progress: 1126/2000
Progress: 1127/2000
Progress: 1128/2000
Progress: 1129/2000
Progress: 1130/2000
Progress: 1131/2000
Progress: 1132/2000[11:40:20] SMILES Parse Error: syntax error while parsing: CC(C[NH+](C)C)ize(C)li(F)c1ins(F)cc1[NH+](C)CC(C)C[NH+](C)C
[11:40:20] SMILES Parse Error: Failed parsing SMILES 'CC(C[NH+](C)C)ize(C)li(F)c1ins(F)cc1[NH+](C)CC(C)C[NH+](C)C' for input: 'CC(C[NH+](C)C)ize(C)li(F)c1ins(F)cc1[NH+](C)CC(C)C[NH+](C)C'
[11:40:20] SMILES Parse Error: syntax error while parsing: CC(C[NH+](C)C)ize(C)li(F)c1ins(F)cc1[NH+](C)CC(C)C[NH+](C)C
[11:40:20] SMILES Parse Error: Failed parsing SMILES 'CC(C[NH+](C)C)ize(C)li(F)c1ins(F)cc1[NH+](C)CC(C)C[NH+](C)C' for input: 'CC(C[NH+](C)C)ize(C)li(F)c1ins(F)cc1[NH+](C)CC(C)C[NH+](C)C'
[11:40:20] SMILES Parse Error: syntax error while parsing: The
[11:40:20] SMILES Parse Error: Failed parsing SMILES 'The' for input: 'The'

Progress: 1133/2000
Progress: 1134/2000
Progress: 1135/2000
Progress: 1136/2000
Progress: 1137/2000[11:40:48] SMILES Parse Error: syntax error while parsing: NC(=[NH2+])TN(C)C(=O)C(=O)NCC(=O)NCC(=O)NBA(O)O
[11:40:48] SMILES Parse Error: Failed parsing SMILES 'NC(=[NH2+])TN(C)C(=O)C(=O)NCC(=O)NCC(=O)NBA(O)O' for input: 'NC(=[NH2+])TN(C)C(=O)C(=O)NCC(=O)NCC(=O)NBA(O)O'
[11:40:48] SMILES Parse Error: syntax error while parsing: Taking
[11:40:48] SMILES Parse Error: Failed parsing SMILES 'Taking' for input: 'Taking'

Progress: 1138/2000
Progress: 1139/2000[11:40:58] SMILES Parse Error: syntax error while parsing: Taking
[11:40:58] SMILES Parse Error: Failed parsing SMILES 'Taking' for input: 'Taking'

Progress: 1140/2000[11:41:01] SMILES Parse Error: syntax error while parsing: CCC(CC)(CC)Sc1cc(C(=O)ScaN)c(C)c(C)c1
[11:41:01] SMILES Parse Error: Failed parsing SMILES 'CCC(CC)(CC)Sc1cc(C(=O)ScaN)c(C)c(C)c1' for input: 'CCC(CC)(CC)Sc1cc(C(=O)ScaN)c(C)c(C)c1'
[11:41:01] SMILES Parse Error: syntax error while parsing: Taking
[11:41:01] SMILES Parse Error: Failed parsing SMILES 'Taking' for input: 'Taking'

Progress: 1141/2000
Progress: 1142/2000
Progress: 1143/2000
Progress: 1144/2000[11:41:19] SMILES Parse Error: syntax error while parsing: CC(C[NH+](C)C)C(=O)NS(=O)(=O)CC(=O)N[C@@H](C)C(=O)N[C@@H](C)C(=O)N[C@@H](C)C(=O)N[C@@H](C)C(=O)N[C@@H](C)C(=O)N[C@@H](C)C(=O)N[C@@H
[11:41:19] SMILES Parse Error: Failed parsing SMILES 'CC(C[NH+](C)C)C(=O)NS(=O)(=O)CC(=O)N[C@@H](C)C(=O)N[C@@H](C)C(=O)N[C@@H](C)C(=O)N[C@@H](C)C(=O)N[C@@H](C)C(=O)N[C@@H](C)C(=O)N[C@@H' for input: 'CC(C[NH+](C)C)C(=O)NS(=O)(=O)CC(=O)N[C@@H](C)C(=O)N[C@@H](C)C(=O)N[C@@H](C)C(=O)N[C@@H](C)C(=O)N[C@@H](C)C(=O)N[C@@H](C)C(=O)N[C@@H'
[11:41:19] SMILES Parse Error: syntax error while parsing: The
[11:41:19] SMILES Parse Error: Failed parsing SMILES 'The' for input: 'The'

Progress: 1145/2000[11:41:28] SMILES Parse Error: syntax error while parsing: Taking
[11:41:28] SMILES Parse Error: Failed parsing SMILES 'Taking' for input: 'Taking'

Progress: 1146/2000
Progress: 1147/2000[11:41:35] SMILES Parse Error: syntax error while parsing: NC(=[NH2+])C1CC1CSc1ccc(C(=O)NN)phone1
[11:41:35] SMILES Parse Error: Failed parsing SMILES 'NC(=[NH2+])C1CC1CSc1ccc(C(=O)NN)phone1' for input: 'NC(=[NH2+])C1CC1CSc1ccc(C(=O)NN)phone1'

Progress: 1148/2000[11:41:39] SMILES Parse Error: syntax error while parsing: NC(=[NH2+])I(C)Scaffold:
[11:41:39] SMILES Parse Error: Failed parsing SMILES 'NC(=[NH2+])I(C)Scaffold:' for input: 'NC(=[NH2+])I(C)Scaffold:'

Progress: 1149/2000[11:41:43] SMILES Parse Error: syntax error while parsing: NC(=[NH2+])C(=O)C(=O)From
[11:41:43] SMILES Parse Error: Failed parsing SMILES 'NC(=[NH2+])C(=O)C(=O)From' for input: 'NC(=[NH2+])C(=O)C(=O)From'
[11:41:43] SMILES Parse Error: syntax error while parsing: Taking
[11:41:43] SMILES Parse Error: Failed parsing SMILES 'Taking' for input: 'Taking'

Progress: 1150/2000[11:41:44] SMILES Parse Error: unclosed ring for input: 'NC(=[NH2+])C1CC1C2CC2C2CC2C2(C)CN(C(C)C)CC21'
[11:41:44] SMILES Parse Error: syntax error while parsing: Taking
[11:41:44] SMILES Parse Error: Failed parsing SMILES 'Taking' for input: 'Taking'

Progress: 1151/2000[11:41:47] SMILES Parse Error: unclosed ring for input: 'NC(=[NH2+])C1CC1CSc1ncccc1SC2CC2SC2CC3(CC2C3)C1'

Progress: 1152/2000
Progress: 1153/2000
Progress: 1154/2000
Progress: 1155/2000[11:41:59] SMILES Parse Error: syntax error while parsing: CC(C[NH+](C)C)Oc1cccc(Oc2cc,Br)c1
[11:41:59] SMILES Parse Error: Failed parsing SMILES 'CC(C[NH+](C)C)Oc1cccc(Oc2cc,Br)c1' for input: 'CC(C[NH+](C)C)Oc1cccc(Oc2cc,Br)c1'
[11:41:59] SMILES Parse Error: syntax error while parsing: represented
[11:41:59] SMILES Parse Error: Failed parsing SMILES 'represented' for input: 'represented'
[11:41:59] SMILES Parse Error: syntax error while parsing: The
[11:41:59] SMILES Parse Error: Failed parsing SMILES 'The' for input: 'The'

Progress: 1156/2000[11:42:04] SMILES Parse Error: syntax error while parsing: represented
[11:42:04] SMILES Parse Error: Failed parsing SMILES 'represented' for input: 'represented'
[11:42:04] SMILES Parse Error: syntax error while parsing: Towards
[11:42:04] SMILES Parse Error: Failed parsing SMILES 'Towards' for input: 'Towards'

Progress: 1157/2000[11:42:07] SMILES Parse Error: syntax error while parsing: TCCC(CC)(CC)Sc1cc(C)c(C(=O)NC(C(=O)[O-])C(=O)[O-])c(C)c1
[11:42:07] SMILES Parse Error: Failed parsing SMILES 'TCCC(CC)(CC)Sc1cc(C)c(C(=O)NC(C(=O)[O-])C(=O)[O-])c(C)c1' for input: 'TCCC(CC)(CC)Sc1cc(C)c(C(=O)NC(C(=O)[O-])C(=O)[O-])c(C)c1'

Progress: 1158/2000[11:42:09] SMILES Parse Error: syntax error while parsing: CCC(CC)(CC)Sc1cc(B(O)O)ccc1Tipsin(C)C(C)TpsA
[11:42:09] SMILES Parse Error: Failed parsing SMILES 'CCC(CC)(CC)Sc1cc(B(O)O)ccc1Tipsin(C)C(C)TpsA' for input: 'CCC(CC)(CC)Sc1cc(B(O)O)ccc1Tipsin(C)C(C)TpsA'
[11:42:09] SMILES Parse Error: syntax error while parsing: CCC(CC)(CC)Sc1cc(B(O)O)ccc1Tipsin(C)C(C)TpsA
[11:42:09] SMILES Parse Error: Failed parsing SMILES 'CCC(CC)(CC)Sc1cc(B(O)O)ccc1Tipsin(C)C(C)TpsA' for input: 'CCC(CC)(CC)Sc1cc(B(O)O)ccc1Tipsin(C)C(C)TpsA'
[11:42:09] SMILES Parse Error: syntax error while parsing: The
[11:42:09] SMILES Parse Error: Failed parsing SMILES 'The' for input: 'The'

Progress: 1159/2000[11:42:14] SMILES Parse Error: syntax error while parsing: Taking
[11:42:14] SMILES Parse Error: Failed parsing SMILES 'Taking' for input: 'Taking'

Progress: 1160/2000
Progress: 1161/2000[11:42:22] SMILES Parse Error: syntax error while parsing: NC(=[NH2+])C(N)C(N)C(N)C(N)C(N)C(N)C(N)C(N)C(N)C(N)C(N)C(N)C(N)C(N)C(N)C(N)C(N)C(N)C(N)C(N)C(N)C(N)C(N)C(N)C(N)C(N)C(
[11:42:22] SMILES Parse Error: Failed parsing SMILES 'NC(=[NH2+])C(N)C(N)C(N)C(N)C(N)C(N)C(N)C(N)C(N)C(N)C(N)C(N)C(N)C(N)C(N)C(N)C(N)C(N)C(N)C(N)C(N)C(N)C(N)C(N)C(N)C(N)C(' for input: 'NC(=[NH2+])C(N)C(N)C(N)C(N)C(N)C(N)C(N)C(N)C(N)C(N)C(N)C(N)C(N)C(N)C(N)C(N)C(N)C(N)C(N)C(N)C(N)C(N)C(N)C(N)C(N)C(N)C('
[11:42:22] SMILES Parse Error: syntax error while parsing: The
[11:42:22] SMILES Parse Error: Failed parsing SMILES 'The' for input: 'The'

Progress: 1162/2000
Progress: 1163/2000
Progress: 1164/2000
Progress: 1165/2000
Progress: 1166/2000[11:42:36] SMILES Parse Error: syntax error while parsing: 440.47(lipophilicity
[11:42:36] SMILES Parse Error: Failed parsing SMILES '440.47(lipophilicity' for input: '440.47(lipophilicity'

Progress: 1167/2000
Progress: 1168/2000[11:42:42] non-ring atom 4 marked aromatic
[11:42:42] non-ring atom 4 marked aromatic
[11:42:42] SMILES Parse Error: syntax error while parsing: The
[11:42:42] SMILES Parse Error: Failed parsing SMILES 'The' for input: 'The'

Progress: 1169/2000[11:42:43] SMILES Parse Error: syntax error while parsing: CCC(CC)(CC)Sc1cc(C(O)I)ccc1HF
[11:42:43] SMILES Parse Error: Failed parsing SMILES 'CCC(CC)(CC)Sc1cc(C(O)I)ccc1HF' for input: 'CCC(CC)(CC)Sc1cc(C(O)I)ccc1HF'
[11:42:43] SMILES Parse Error: syntax error while parsing: CCC(CC)(CC)Sc1cc(C(O)I)ccc1HF
[11:42:43] SMILES Parse Error: Failed parsing SMILES 'CCC(CC)(CC)Sc1cc(C(O)I)ccc1HF' for input: 'CCC(CC)(CC)Sc1cc(C(O)I)ccc1HF'
[11:42:43] SMILES Parse Error: syntax error while parsing: The
[11:42:43] SMILES Parse Error: Failed parsing SMILES 'The' for input: 'The'

Progress: 1170/2000[11:42:49] SMILES Parse Error: syntax error while parsing: Taking
[11:42:49] SMILES Parse Error: Failed parsing SMILES 'Taking' for input: 'Taking'

Progress: 1171/2000
Progress: 1172/2000
Progress: 1173/2000[11:42:59] SMILES Parse Error: syntax error while parsing: C[NH+](C)CC(C[NH3+])[I-]HF
[11:42:59] SMILES Parse Error: Failed parsing SMILES 'C[NH+](C)CC(C[NH3+])[I-]HF' for input: 'C[NH+](C)CC(C[NH3+])[I-]HF'

Progress: 1174/2000[11:43:02] Can't kekulize mol.  Unkekulized atoms: 8 9 10 11 14
[11:43:02] SMILES Parse Error: syntax error while parsing: Taking
[11:43:02] SMILES Parse Error: Failed parsing SMILES 'Taking' for input: 'Taking'

Progress: 1175/2000[11:43:09] SMILES Parse Error: syntax error while parsing: Taking
[11:43:09] SMILES Parse Error: Failed parsing SMILES 'Taking' for input: 'Taking'

Progress: 1176/2000
Progress: 1177/2000
Progress: 1178/2000
Progress: 1179/2000
Progress: 1180/2000[11:43:28] SMILES Parse Error: unclosed ring for input: 'NC(=[NH2+])C1CC1C1CC1C1CC1C1CC1C1CC1C1CC1C1CC1C1CC1C1CC1C1CC1C1CC1C1CC1C1CC1C1CC1C1CC1C1CC1C1CC1C1CC1C1CC1C1CC1C1CC1C1CC1C1CC1C1CC1C1CC1C1CC1C1'
[11:43:28] SMILES Parse Error: syntax error while parsing: The
[11:43:28] SMILES Parse Error: Failed parsing SMILES 'The' for input: 'The'

Progress: 1181/2000
Progress: 1182/2000[11:43:39] SMILES Parse Error: syntax error while parsing: NC(=[NH2+])C1CC1C2CC2C2CC2C2NCC(CN2)C2(C3CC3C3CC3C)OC1(C(NH3+])C(N)=[NH+]O)C2
[11:43:39] SMILES Parse Error: Failed parsing SMILES 'NC(=[NH2+])C1CC1C2CC2C2CC2C2NCC(CN2)C2(C3CC3C3CC3C)OC1(C(NH3+])C(N)=[NH+]O)C2' for input: 'NC(=[NH2+])C1CC1C2CC2C2CC2C2NCC(CN2)C2(C3CC3C3CC3C)OC1(C(NH3+])C(N)=[NH+]O)C2'
[11:43:39] SMILES Parse Error: syntax error while parsing: NC(=[NH2+])C1CC1C2CC2C2CC2C2NCC(CN2)C2(C3CC3C3CC3C)OC1(C(NH3+])C(N)=[NH+]O)C2
[11:43:39] SMILES Parse Error: Failed parsing SMILES 'NC(=[NH2+])C1CC1C2CC2C2CC2C2NCC(CN2)C2(C3CC3C3CC3C)OC1(C(NH3+])C(N)=[NH+]O)C2' for input: 'NC(=[NH2+])C1CC1C2CC2C2CC2C2NCC(CN2)C2(C3CC3C3CC3C)OC1(C(NH3+])C(N)=[NH+]O)C2'
[11:43:39] SMILES Parse Error: syntax error while parsing: The
[11:43:39] SMILES Parse Error: Failed parsing SMILES 'The' for input: 'The'

Progress: 1183/2000
Progress: 1184/2000
Progress: 1185/2000
Progress: 1186/2000[11:43:50] Can't kekulize mol.  Unkekulized atoms: 8 9 10 11 14

Progress: 1187/2000
Progress: 1188/2000[11:43:56] SMILES Parse Error: extra open parentheses for input: 'CCC(CC)(CC)Sc1cc(C(=O)'

Progress: 1189/2000
Progress: 1190/2000[11:44:06] SMILES Parse Error: syntax error while parsing: Taking
[11:44:06] SMILES Parse Error: Failed parsing SMILES 'Taking' for input: 'Taking'

Progress: 1191/2000[11:44:09] SMILES Parse Error: syntax error while parsing: NC(=[NH2+])C1CC1C1CC1C1CC1C1HBD(C(=O)[O-])C1C1HBA(C(=O)[O-])C1C1CC1
[11:44:09] SMILES Parse Error: Failed parsing SMILES 'NC(=[NH2+])C1CC1C1CC1C1CC1C1HBD(C(=O)[O-])C1C1HBA(C(=O)[O-])C1C1CC1' for input: 'NC(=[NH2+])C1CC1C1CC1C1CC1C1HBD(C(=O)[O-])C1C1HBA(C(=O)[O-])C1C1CC1'

Progress: 1192/2000[11:44:11] SMILES Parse Error: syntax error while parsing: 2-Ccini1ccc(SCCC)c(Br)c1Br
[11:44:11] SMILES Parse Error: Failed parsing SMILES '2-Ccini1ccc(SCCC)c(Br)c1Br' for input: '2-Ccini1ccc(SCCC)c(Br)c1Br'

Progress: 1193/2000[11:44:17] SMILES Parse Error: syntax error while parsing: Taking
[11:44:17] SMILES Parse Error: Failed parsing SMILES 'Taking' for input: 'Taking'

Progress: 1194/2000
Progress: 1195/2000[11:44:22] SMILES Parse Error: syntax error while parsing: NC(=[NH2+])C1CC1CSCff
[11:44:22] SMILES Parse Error: Failed parsing SMILES 'NC(=[NH2+])C1CC1CSCff' for input: 'NC(=[NH2+])C1CC1CSCff'

Progress: 1196/2000
Progress: 1197/2000
Progress: 1198/2000
Progress: 1199/2000
Progress: 1200/2000
Progress: 1201/2000[11:44:46] SMILES Parse Error: syntax error while parsing: Taking
[11:44:46] SMILES Parse Error: Failed parsing SMILES 'Taking' for input: 'Taking'

Progress: 1202/2000[11:44:48] SMILES Parse Error: syntax error while parsing: O=C([O-])C(=O)C(=O)C(=O)N(H)C(=O)HBD
[11:44:48] SMILES Parse Error: Failed parsing SMILES 'O=C([O-])C(=O)C(=O)C(=O)N(H)C(=O)HBD' for input: 'O=C([O-])C(=O)C(=O)C(=O)N(H)C(=O)HBD'

Progress: 1203/2000
Progress: 1204/2000[11:44:58] SMILES Parse Error: syntax error while parsing: O=C([O-])C(=O)C(=O)NCC(=O)NCC(=O)NCC(=O)NCC(=O)NCC(=O)NCC(=O)NCC(=O)NCC(=O)NCC(=O)NCC(=O)NCC(=O)NCC(=O)NCC(=O)NCC(=O)NCC(=O)NCC(=O)NCC(=O)NCC(=O)NCC(
[11:44:58] SMILES Parse Error: Failed parsing SMILES 'O=C([O-])C(=O)C(=O)NCC(=O)NCC(=O)NCC(=O)NCC(=O)NCC(=O)NCC(=O)NCC(=O)NCC(=O)NCC(=O)NCC(=O)NCC(=O)NCC(=O)NCC(=O)NCC(=O)NCC(=O)NCC(=O)NCC(=O)NCC(=O)NCC(' for input: 'O=C([O-])C(=O)C(=O)NCC(=O)NCC(=O)NCC(=O)NCC(=O)NCC(=O)NCC(=O)NCC(=O)NCC(=O)NCC(=O)NCC(=O)NCC(=O)NCC(=O)NCC(=O)NCC(=O)NCC(=O)NCC(=O)NCC(=O)NCC(=O)NCC('

Progress: 1205/2000[11:45:01] SMILES Parse Error: unclosed ring for input: 'NC(=[NH2+])C1CC1C2CC2C2CC2C2CCC2C2(C)C1C2C2CC2'
[11:45:01] SMILES Parse Error: syntax error while parsing: Taking
[11:45:01] SMILES Parse Error: Failed parsing SMILES 'Taking' for input: 'Taking'

Progress: 1206/2000[11:45:04] SMILES Parse Error: syntax error while parsing: NC(=[NH2+])Scaffold
[11:45:04] SMILES Parse Error: Failed parsing SMILES 'NC(=[NH2+])Scaffold' for input: 'NC(=[NH2+])Scaffold'
[11:45:04] SMILES Parse Error: syntax error while parsing: NC(=[NH2+])Scaffold
[11:45:04] SMILES Parse Error: Failed parsing SMILES 'NC(=[NH2+])Scaffold' for input: 'NC(=[NH2+])Scaffold'
[11:45:04] SMILES Parse Error: syntax error while parsing: The
[11:45:04] SMILES Parse Error: Failed parsing SMILES 'The' for input: 'The'

Progress: 1207/2000
Progress: 1208/2000[11:45:12] SMILES Parse Error: syntax error while parsing: NC(=[NH2+])I(C)C(=O)N(C)C(=O)lip[NH+](C)C
[11:45:12] SMILES Parse Error: Failed parsing SMILES 'NC(=[NH2+])I(C)C(=O)N(C)C(=O)lip[NH+](C)C' for input: 'NC(=[NH2+])I(C)C(=O)N(C)C(=O)lip[NH+](C)C'

Progress: 1209/2000[11:45:16] SMILES Parse Error: syntax error while parsing: represented
[11:45:16] SMILES Parse Error: Failed parsing SMILES 'represented' for input: 'represented'

Progress: 1210/2000[11:45:18] SMILES Parse Error: syntax error while parsing: NC(=[NH2+])ote1cc(F)cc(F)c1
[11:45:18] SMILES Parse Error: Failed parsing SMILES 'NC(=[NH2+])ote1cc(F)cc(F)c1' for input: 'NC(=[NH2+])ote1cc(F)cc(F)c1'
[11:45:18] SMILES Parse Error: syntax error while parsing: 483.00
[11:45:18] SMILES Parse Error: Failed parsing SMILES '483.00' for input: '483.00'

Progress: 1211/2000
Progress: 1212/2000
Progress: 1213/2000
Progress: 1214/2000
Progress: 1215/2000[11:45:39] Can't kekulize mol.  Unkekulized atoms: 8 9 13 15 17

Progress: 1216/2000
Progress: 1217/2000[11:45:52] SMILES Parse Error: syntax error while parsing: Taking
[11:45:52] SMILES Parse Error: Failed parsing SMILES 'Taking' for input: 'Taking'

Progress: 1218/2000
Progress: 1219/2000[11:45:54] SMILES Parse Error: syntax error while parsing: 112
[11:45:54] SMILES Parse Error: Failed parsing SMILES '112' for input: '112'

Progress: 1220/2000
Progress: 1221/2000
Progress: 1222/2000
Progress: 1223/2000[11:46:12] SMILES Parse Error: extra open parentheses for input: 'NC(=[NH2+])C(I)C1CCC(C)(C2CCC(C)(C3CCC(C)(C4CCC(C)(C5CCC(C)(C6CCC(C)(C7CCC(C)(C8CCC(C)(C9CCC(C)(C'
[11:46:12] SMILES Parse Error: syntax error while parsing: The
[11:46:12] SMILES Parse Error: Failed parsing SMILES 'The' for input: 'The'

Progress: 1224/2000
Progress: 1225/2000[11:46:27] SMILES Parse Error: syntax error while parsing: Taking
[11:46:27] SMILES Parse Error: Failed parsing SMILES 'Taking' for input: 'Taking'

Progress: 1226/2000[11:46:33] SMILES Parse Error: syntax error while parsing: Taking
[11:46:33] SMILES Parse Error: Failed parsing SMILES 'Taking' for input: 'Taking'

Progress: 1227/2000[11:46:37] SMILES Parse Error: extra open parentheses for input: 'CC(C[NH+](C)C[B]'
[11:46:37] SMILES Parse Error: syntax error while parsing: Taking
[11:46:37] SMILES Parse Error: Failed parsing SMILES 'Taking' for input: 'Taking'

Progress: 1228/2000
Progress: 1229/2000[11:46:42] SMILES Parse Error: syntax error while parsing: 473.00
[11:46:42] SMILES Parse Error: Failed parsing SMILES '473.00' for input: '473.00'

Progress: 1230/2000
Progress: 1231/2000
Progress: 1232/2000[11:46:51] SMILES Parse Error: syntax error while parsing: CCC(CC)(CC)Sc1cc(B(O)O)cc(C)c1HN
[11:46:51] SMILES Parse Error: Failed parsing SMILES 'CCC(CC)(CC)Sc1cc(B(O)O)cc(C)c1HN' for input: 'CCC(CC)(CC)Sc1cc(B(O)O)cc(C)c1HN'
[11:46:51] SMILES Parse Error: syntax error while parsing: CCC(CC)(CC)Sc1cc(B(O)O)cc(C)c1HN
[11:46:51] SMILES Parse Error: Failed parsing SMILES 'CCC(CC)(CC)Sc1cc(B(O)O)cc(C)c1HN' for input: 'CCC(CC)(CC)Sc1cc(B(O)O)cc(C)c1HN'
[11:46:51] SMILES Parse Error: syntax error while parsing: The
[11:46:51] SMILES Parse Error: Failed parsing SMILES 'The' for input: 'The'

Progress: 1233/2000
Progress: 1234/2000[11:46:57] SMILES Parse Error: syntax error while parsing: NC(=[NH2+])C1CCC(Sca2)C(Sca3)C1Sca1
[11:46:57] SMILES Parse Error: Failed parsing SMILES 'NC(=[NH2+])C1CCC(Sca2)C(Sca3)C1Sca1' for input: 'NC(=[NH2+])C1CCC(Sca2)C(Sca3)C1Sca1'
[11:46:57] SMILES Parse Error: syntax error while parsing: Taking
[11:46:57] SMILES Parse Error: Failed parsing SMILES 'Taking' for input: 'Taking'

Progress: 1235/2000[11:47:04] SMILES Parse Error: syntax error while parsing: Taking
[11:47:04] SMILES Parse Error: Failed parsing SMILES 'Taking' for input: 'Taking'

Progress: 1236/2000
Progress: 1237/2000[11:47:10] SMILES Parse Error: syntax error while parsing: CCC(CC)(CC)Sc1cc(B(O)O)ccc1lipophilic
[11:47:10] SMILES Parse Error: Failed parsing SMILES 'CCC(CC)(CC)Sc1cc(B(O)O)ccc1lipophilic' for input: 'CCC(CC)(CC)Sc1cc(B(O)O)ccc1lipophilic'

Progress: 1238/2000[11:47:13] SMILES Parse Error: syntax error while parsing: CCC(CC)(CC)Sc1cc(B(O)O)ccc1lipophilic
[11:47:13] SMILES Parse Error: Failed parsing SMILES 'CCC(CC)(CC)Sc1cc(B(O)O)ccc1lipophilic' for input: 'CCC(CC)(CC)Sc1cc(B(O)O)ccc1lipophilic'

Progress: 1239/2000[11:47:14] non-ring atom 4 marked aromatic
[11:47:14] non-ring atom 4 marked aromatic
[11:47:14] SMILES Parse Error: syntax error while parsing: The
[11:47:14] SMILES Parse Error: Failed parsing SMILES 'The' for input: 'The'

Progress: 1240/2000
Progress: 1241/2000[11:47:25] SMILES Parse Error: syntax error while parsing: Taking
[11:47:25] SMILES Parse Error: Failed parsing SMILES 'Taking' for input: 'Taking'

Progress: 1242/2000
Progress: 1243/2000[11:47:31] SMILES Parse Error: syntax error while parsing: NC(=[NH2+])C(I)C(=O)N(C)C(=O)NCC(=O)NCC(=O)NH+](C)TLS
[11:47:31] SMILES Parse Error: Failed parsing SMILES 'NC(=[NH2+])C(I)C(=O)N(C)C(=O)NCC(=O)NCC(=O)NH+](C)TLS' for input: 'NC(=[NH2+])C(I)C(=O)N(C)C(=O)NCC(=O)NCC(=O)NH+](C)TLS'
[11:47:31] SMILES Parse Error: syntax error while parsing: Taking
[11:47:31] SMILES Parse Error: Failed parsing SMILES 'Taking' for input: 'Taking'

Progress: 1244/2000
Progress: 1245/2000[11:47:40] SMILES Parse Error: syntax error while parsing: 10/I.C.C.P(I)(I)P(I)(I)O
[11:47:40] SMILES Parse Error: Failed parsing SMILES '10/I.C.C.P(I)(I)P(I)(I)O' for input: '10/I.C.C.P(I)(I)P(I)(I)O'

Progress: 1246/2000[11:47:43] Can't kekulize mol.  Unkekulized atoms: 8 9 10 19 20

Progress: 1247/2000[11:47:49] SMILES Parse Error: syntax error while parsing: Taking
[11:47:49] SMILES Parse Error: Failed parsing SMILES 'Taking' for input: 'Taking'

Progress: 1248/2000[11:47:54] SMILES Parse Error: syntax error while parsing: Towards
[11:47:54] SMILES Parse Error: Failed parsing SMILES 'Towards' for input: 'Towards'

Progress: 1249/2000
Progress: 1250/2000[11:47:58] SMILES Parse Error: syntax error while parsing: CCC(CC)(CC)Sc1cc(C(=O)B(O)O)sc1lipophilic
[11:47:58] SMILES Parse Error: Failed parsing SMILES 'CCC(CC)(CC)Sc1cc(C(=O)B(O)O)sc1lipophilic' for input: 'CCC(CC)(CC)Sc1cc(C(=O)B(O)O)sc1lipophilic'
[11:47:58] SMILES Parse Error: syntax error while parsing: Taking
[11:47:58] SMILES Parse Error: Failed parsing SMILES 'Taking' for input: 'Taking'

Progress: 1251/2000
Progress: 1252/2000[11:48:06] SMILES Parse Error: syntax error while parsing: NC(=[NH2+])SLS(=O)(=O)NC(=O)C(=O)NC(=O)N(C)C(C)C(=O)ve5h
[11:48:06] SMILES Parse Error: Failed parsing SMILES 'NC(=[NH2+])SLS(=O)(=O)NC(=O)C(=O)NC(=O)N(C)C(C)C(=O)ve5h' for input: 'NC(=[NH2+])SLS(=O)(=O)NC(=O)C(=O)NC(=O)N(C)C(C)C(=O)ve5h'

Progress: 1253/2000[11:48:10] SMILES Parse Error: syntax error while parsing: CCC(CC)(CC)Sc1cc(C)c(C)cc1[C@H](C)TSPA
[11:48:10] SMILES Parse Error: Failed parsing SMILES 'CCC(CC)(CC)Sc1cc(C)c(C)cc1[C@H](C)TSPA' for input: 'CCC(CC)(CC)Sc1cc(C)c(C)cc1[C@H](C)TSPA'
[11:48:10] SMILES Parse Error: syntax error while parsing: represented
[11:48:10] SMILES Parse Error: Failed parsing SMILES 'represented' for input: 'represented'
[11:48:10] SMILES Parse Error: syntax error while parsing: Taking
[11:48:10] SMILES Parse Error: Failed parsing SMILES 'Taking' for input: 'Taking'

Progress: 1254/2000[11:48:12] SMILES Parse Error: syntax error while parsing: CCC(C)C(Cl)CCCc1sccc1Q
[11:48:12] SMILES Parse Error: Failed parsing SMILES 'CCC(C)C(Cl)CCCc1sccc1Q' for input: 'CCC(C)C(Cl)CCCc1sccc1Q'
[11:48:12] SMILES Parse Error: syntax error while parsing: Taking
[11:48:12] SMILES Parse Error: Failed parsing SMILES 'Taking' for input: 'Taking'

Progress: 1255/2000
Progress: 1256/2000
Progress: 1257/2000[11:48:23] SMILES Parse Error: syntax error while parsing: NC(=[NH2+])B(O)C(O)C(O)C(O)C(O)C(O)C(O)C(O)C(O)C(O)C(O)C(O)C(O)C(O)C(O)C(O)C(O)C(O)C(O)C(O)C(O)C(O)C(O)C(O)C(O)C(O)C(
[11:48:24] SMILES Parse Error: Failed parsing SMILES 'NC(=[NH2+])B(O)C(O)C(O)C(O)C(O)C(O)C(O)C(O)C(O)C(O)C(O)C(O)C(O)C(O)C(O)C(O)C(O)C(O)C(O)C(O)C(O)C(O)C(O)C(O)C(O)C(O)C(' for input: 'NC(=[NH2+])B(O)C(O)C(O)C(O)C(O)C(O)C(O)C(O)C(O)C(O)C(O)C(O)C(O)C(O)C(O)C(O)C(O)C(O)C(O)C(O)C(O)C(O)C(O)C(O)C(O)C(O)C('
[11:48:24] SMILES Parse Error: syntax error while parsing: The
[11:48:24] SMILES Parse Error: Failed parsing SMILES 'The' for input: 'The'

Progress: 1258/2000[11:48:27] SMILES Parse Error: syntax error while parsing: NC(=[NH2+])B(O)C(O)C(=O)NCC(=O)NCC(=O)NHD(C)C
[11:48:27] SMILES Parse Error: Failed parsing SMILES 'NC(=[NH2+])B(O)C(O)C(=O)NCC(=O)NCC(=O)NHD(C)C' for input: 'NC(=[NH2+])B(O)C(O)C(=O)NCC(=O)NCC(=O)NHD(C)C'
[11:48:27] SMILES Parse Error: syntax error while parsing: NC(=[NH2+])B(O)C(O)C(=O)NCC(=O)NCC(=O)NHD(C)C
[11:48:27] SMILES Parse Error: Failed parsing SMILES 'NC(=[NH2+])B(O)C(O)C(=O)NCC(=O)NCC(=O)NHD(C)C' for input: 'NC(=[NH2+])B(O)C(O)C(=O)NCC(=O)NCC(=O)NHD(C)C'
[11:48:27] SMILES Parse Error: syntax error while parsing: The
[11:48:27] SMILES Parse Error: Failed parsing SMILES 'The' for input: 'The'

Progress: 1259/2000
Progress: 1260/2000[11:48:32] SMILES Parse Error: syntax error while parsing: CCC(CC)(CC)Sc1cc(C(=O)aw)cc(C(=O)O)c1
[11:48:32] SMILES Parse Error: Failed parsing SMILES 'CCC(CC)(CC)Sc1cc(C(=O)aw)cc(C(=O)O)c1' for input: 'CCC(CC)(CC)Sc1cc(C(=O)aw)cc(C(=O)O)c1'

Progress: 1261/2000
Progress: 1262/2000
Progress: 1263/2000[11:48:47] SMILES Parse Error: syntax error while parsing: CC(C[NH+](C)C)C(=O)NC(=O)NCC(=O)NCC(=O)NHD(C)C
[11:48:47] SMILES Parse Error: Failed parsing SMILES 'CC(C[NH+](C)C)C(=O)NC(=O)NCC(=O)NCC(=O)NHD(C)C' for input: 'CC(C[NH+](C)C)C(=O)NC(=O)NCC(=O)NCC(=O)NHD(C)C'
[11:48:47] SMILES Parse Error: syntax error while parsing: CC(C[NH+](C)C)C(=O)NC(=O)NCC(=O)NCC(=O)NHD(C)C
[11:48:47] SMILES Parse Error: Failed parsing SMILES 'CC(C[NH+](C)C)C(=O)NC(=O)NCC(=O)NCC(=O)NHD(C)C' for input: 'CC(C[NH+](C)C)C(=O)NC(=O)NCC(=O)NCC(=O)NHD(C)C'
[11:48:47] SMILES Parse Error: syntax error while parsing: The
[11:48:47] SMILES Parse Error: Failed parsing SMILES 'The' for input: 'The'

Progress: 1264/2000[11:48:56] SMILES Parse Error: unclosed ring for input: 'NC(=[NH2+])C1CC1C1CC1C1CC1C1CC1C1CC1C1CC1C1CC1C1CC1C1CC1C1CC1C1CC1C1CC1C1CC1C1CC1C1CC1C1CC1C1CC1C1CC1C1CC1C1CC1C1CC1C1CC1C1CC1C1CC1C1CC1C1CC1C1'
[11:48:56] SMILES Parse Error: syntax error while parsing: The
[11:48:56] SMILES Parse Error: Failed parsing SMILES 'The' for input: 'The'

Progress: 1265/2000[11:49:04] SMILES Parse Error: syntax error while parsing: CC(C[NH+](C[NH2+]CCC(=O)N[C@@H](C)C(=O)N[C@H](C)C(=O)N[C@@H](C)C(=O)N[C@H](C)C(=O)N[C@@H](C)C(=O)N[C@H](C)C(=O)N[C@@H](C)C(=O)N[
[11:49:04] SMILES Parse Error: Failed parsing SMILES 'CC(C[NH+](C[NH2+]CCC(=O)N[C@@H](C)C(=O)N[C@H](C)C(=O)N[C@@H](C)C(=O)N[C@H](C)C(=O)N[C@@H](C)C(=O)N[C@H](C)C(=O)N[C@@H](C)C(=O)N[' for input: 'CC(C[NH+](C[NH2+]CCC(=O)N[C@@H](C)C(=O)N[C@H](C)C(=O)N[C@@H](C)C(=O)N[C@H](C)C(=O)N[C@@H](C)C(=O)N[C@H](C)C(=O)N[C@@H](C)C(=O)N['
[11:49:04] SMILES Parse Error: syntax error while parsing: The
[11:49:04] SMILES Parse Error: Failed parsing SMILES 'The' for input: 'The'

Progress: 1266/2000
Progress: 1267/2000
Progress: 1268/2000
Progress: 1269/2000
Progress: 1270/2000
Progress: 1271/2000
Progress: 1272/2000[11:49:43] SMILES Parse Error: unclosed ring for input: 'CCC(CC)(CC)Sc1cc(B(O)O)c(C)c(C)c17'
[11:49:43] SMILES Parse Error: unclosed ring for input: 'CCC(CC)(CC)Sc1cc(B(O)O)c(C)c(C)c17'
[11:49:43] SMILES Parse Error: syntax error while parsing: The
[11:49:43] SMILES Parse Error: Failed parsing SMILES 'The' for input: 'The'

Progress: 1273/2000[11:49:46] SMILES Parse Error: syntax error while parsing: CCC(CC)(CC)Sc1cc(B(O)O)ccc1lipophilic
[11:49:46] SMILES Parse Error: Failed parsing SMILES 'CCC(CC)(CC)Sc1cc(B(O)O)ccc1lipophilic' for input: 'CCC(CC)(CC)Sc1cc(B(O)O)ccc1lipophilic'

Progress: 1274/2000[11:49:49] SMILES Parse Error: syntax error while parsing: NC(=[NH2+])I(I)c1cccc(L(I)I)c1
[11:49:49] SMILES Parse Error: Failed parsing SMILES 'NC(=[NH2+])I(I)c1cccc(L(I)I)c1' for input: 'NC(=[NH2+])I(I)c1cccc(L(I)I)c1'
[11:49:49] SMILES Parse Error: syntax error while parsing: Taking
[11:49:49] SMILES Parse Error: Failed parsing SMILES 'Taking' for input: 'Taking'

Progress: 1275/2000[11:49:51] SMILES Parse Error: syntax error while parsing: 1CCC(CC)(CC)S[C@@H](F)C(=O)OC(F)(F)C(F)(F)C(F)(F)F
[11:49:51] SMILES Parse Error: Failed parsing SMILES '1CCC(CC)(CC)S[C@@H](F)C(=O)OC(F)(F)C(F)(F)C(F)(F)F' for input: '1CCC(CC)(CC)S[C@@H](F)C(=O)OC(F)(F)C(F)(F)C(F)(F)F'

Progress: 1276/2000[11:49:54] SMILES Parse Error: syntax error while parsing: CCC(C)(C)C1(
[11:49:54] SMILES Parse Error: Failed parsing SMILES 'CCC(C)(C)C1(' for input: 'CCC(C)(C)C1('

Progress: 1277/2000[11:50:03] SMILES Parse Error: syntax error while parsing: O=C([O-])C(=O)C(=O)NCC(=O)NCC(=O)NCC(=O)NCC(=O)NCC(=O)NCC(=O)NCC(=O)NCC(=O)NCC(=O)NCC(=O)NCC(=O)NCC(=O)NCC(=O)NCC(=O)NCC(=O)NCC(=O)NCC(=O)NCC(=O)NCC(
[11:50:03] SMILES Parse Error: Failed parsing SMILES 'O=C([O-])C(=O)C(=O)NCC(=O)NCC(=O)NCC(=O)NCC(=O)NCC(=O)NCC(=O)NCC(=O)NCC(=O)NCC(=O)NCC(=O)NCC(=O)NCC(=O)NCC(=O)NCC(=O)NCC(=O)NCC(=O)NCC(=O)NCC(=O)NCC(' for input: 'O=C([O-])C(=O)C(=O)NCC(=O)NCC(=O)NCC(=O)NCC(=O)NCC(=O)NCC(=O)NCC(=O)NCC(=O)NCC(=O)NCC(=O)NCC(=O)NCC(=O)NCC(=O)NCC(=O)NCC(=O)NCC(=O)NCC(=O)NCC(=O)NCC('

Progress: 1278/2000[11:50:07] SMILES Parse Error: syntax error while parsing: C[NH+](C)C(C(=O)NN)c1nnc(H)c(C(=O)[O-])c1
[11:50:07] SMILES Parse Error: Failed parsing SMILES 'C[NH+](C)C(C(=O)NN)c1nnc(H)c(C(=O)[O-])c1' for input: 'C[NH+](C)C(C(=O)NN)c1nnc(H)c(C(=O)[O-])c1'
[11:50:07] SMILES Parse Error: syntax error while parsing: Taking
[11:50:07] SMILES Parse Error: Failed parsing SMILES 'Taking' for input: 'Taking'

Progress: 1279/2000
Progress: 1280/2000
Progress: 1281/2000[11:50:23] SMILES Parse Error: syntax error while parsing: denoted
[11:50:23] SMILES Parse Error: Failed parsing SMILES 'denoted' for input: 'denoted'
[11:50:23] SMILES Parse Error: syntax error while parsing: The
[11:50:23] SMILES Parse Error: Failed parsing SMILES 'The' for input: 'The'

Progress: 1282/2000
Progress: 1283/2000
Progress: 1284/2000[11:50:37] SMILES Parse Error: syntax error while parsing: C[NH+](C)CC(C[NH3+])C(=O)HBAAB
[11:50:37] SMILES Parse Error: Failed parsing SMILES 'C[NH+](C)CC(C[NH3+])C(=O)HBAAB' for input: 'C[NH+](C)CC(C[NH3+])C(=O)HBAAB'

Progress: 1285/2000
Progress: 1286/2000[11:50:47] SMILES Parse Error: syntax error while parsing: Taking
[11:50:47] SMILES Parse Error: Failed parsing SMILES 'Taking' for input: 'Taking'

Progress: 1287/2000[11:50:51] SMILES Parse Error: syntax error while parsing: represented
[11:50:51] SMILES Parse Error: Failed parsing SMILES 'represented' for input: 'represented'

Progress: 1288/2000
Progress: 1289/2000
Progress: 1290/2000[11:51:03] SMILES Parse Error: syntax error while parsing: CCC(CC)(CC)Sc1ccc(C(=O)As
[11:51:03] SMILES Parse Error: Failed parsing SMILES 'CCC(CC)(CC)Sc1ccc(C(=O)As' for input: 'CCC(CC)(CC)Sc1ccc(C(=O)As'
[11:51:03] SMILES Parse Error: syntax error while parsing: Taking
[11:51:03] SMILES Parse Error: Failed parsing SMILES 'Taking' for input: 'Taking'

Progress: 1291/2000
Progress: 1292/2000[11:51:09] non-ring atom 5 marked aromatic

Progress: 1293/2000
Progress: 1294/2000
Progress: 1295/2000
Progress: 1296/2000[11:51:26] SMILES Parse Error: syntax error while parsing: NC(=[NH2+])Scaffold
[11:51:26] SMILES Parse Error: Failed parsing SMILES 'NC(=[NH2+])Scaffold' for input: 'NC(=[NH2+])Scaffold'
[11:51:26] SMILES Parse Error: syntax error while parsing: NC(=[NH2+])Scaffold
[11:51:26] SMILES Parse Error: Failed parsing SMILES 'NC(=[NH2+])Scaffold' for input: 'NC(=[NH2+])Scaffold'
[11:51:26] SMILES Parse Error: syntax error while parsing: The
[11:51:26] SMILES Parse Error: Failed parsing SMILES 'The' for input: 'The'

Progress: 1297/2000[11:51:27] SMILES Parse Error: syntax error while parsing: 482.00
[11:51:27] SMILES Parse Error: Failed parsing SMILES '482.00' for input: '482.00'

Progress: 1298/2000[11:51:32] SMILES Parse Error: syntax error while parsing: CCC(CC)(CC)Sc1cc(B(O)O)cc(C)c1C(=O)unsaturated
[11:51:32] SMILES Parse Error: Failed parsing SMILES 'CCC(CC)(CC)Sc1cc(B(O)O)cc(C)c1C(=O)unsaturated' for input: 'CCC(CC)(CC)Sc1cc(B(O)O)cc(C)c1C(=O)unsaturated'

Progress: 1299/2000
Progress: 1300/2000[11:51:43] SMILES Parse Error: extra open parentheses for input: 'CCC(CC)(CC)Sc1cc(C(=O)'

Progress: 1301/2000
Progress: 1302/2000[11:51:49] SMILES Parse Error: syntax error while parsing: NC(=[NH2+])C(H)sc1cc(C)sc1[NH2+]Tpsa
[11:51:49] SMILES Parse Error: Failed parsing SMILES 'NC(=[NH2+])C(H)sc1cc(C)sc1[NH2+]Tpsa' for input: 'NC(=[NH2+])C(H)sc1cc(C)sc1[NH2+]Tpsa'
[11:51:49] SMILES Parse Error: syntax error while parsing: Taking
[11:51:49] SMILES Parse Error: Failed parsing SMILES 'Taking' for input: 'Taking'

Progress: 1303/2000
Progress: 1304/2000
Progress: 1305/2000[11:51:58] Can't kekulize mol.  Unkekulized atoms: 8 9 10
[11:51:58] Can't kekulize mol.  Unkekulized atoms: 8 9 10
[11:51:58] SMILES Parse Error: syntax error while parsing: The
[11:51:58] SMILES Parse Error: Failed parsing SMILES 'The' for input: 'The'

Progress: 1306/2000[11:52:02] non-ring atom 10 marked aromatic
[11:52:02] SMILES Parse Error: syntax error while parsing: Taking
[11:52:02] SMILES Parse Error: Failed parsing SMILES 'Taking' for input: 'Taking'

Progress: 1307/2000[11:52:10] SMILES Parse Error: syntax error while parsing: Taking
[11:52:10] SMILES Parse Error: Failed parsing SMILES 'Taking' for input: 'Taking'

Progress: 1308/2000
Progress: 1309/2000[11:52:22] SMILES Parse Error: syntax error while parsing: NC(=[NH2+])C(I)C(=O)NPScaffold
[11:52:22] SMILES Parse Error: Failed parsing SMILES 'NC(=[NH2+])C(I)C(=O)NPScaffold' for input: 'NC(=[NH2+])C(I)C(=O)NPScaffold'
[11:52:22] SMILES Parse Error: syntax error while parsing: 0.25.
[11:52:22] SMILES Parse Error: Failed parsing SMILES '0.25.' for input: '0.25.'
[11:52:22] SMILES Parse Error: syntax error while parsing: Taking
[11:52:22] SMILES Parse Error: Failed parsing SMILES 'Taking' for input: 'Taking'

Progress: 1310/2000
Progress: 1311/2000[11:52:28] non-ring atom 18 marked aromatic

Progress: 1312/2000
Progress: 1313/2000[11:52:33] SMILES Parse Error: syntax error while parsing: C[NH+](C)C(C(=O)NN)c1nnc(Q)c(Cl)c1
[11:52:33] SMILES Parse Error: Failed parsing SMILES 'C[NH+](C)C(C(=O)NN)c1nnc(Q)c(Cl)c1' for input: 'C[NH+](C)C(C(=O)NN)c1nnc(Q)c(Cl)c1'

Progress: 1314/2000
Progress: 1315/2000
Progress: 1316/2000
Progress: 1317/2000[11:52:48] SMILES Parse Error: syntax error while parsing: NNC(=O)C(=O)NC(=O)Based
[11:52:48] SMILES Parse Error: Failed parsing SMILES 'NNC(=O)C(=O)NC(=O)Based' for input: 'NNC(=O)C(=O)NC(=O)Based'
[11:52:48] SMILES Parse Error: syntax error while parsing: NNC(=O)C(=O)NC(=O)Based
[11:52:48] SMILES Parse Error: Failed parsing SMILES 'NNC(=O)C(=O)NC(=O)Based' for input: 'NNC(=O)C(=O)NC(=O)Based'
[11:52:48] SMILES Parse Error: syntax error while parsing: The
[11:52:48] SMILES Parse Error: Failed parsing SMILES 'The' for input: 'The'

Progress: 1318/2000
Progress: 1319/2000[11:52:57] Can't kekulize mol.  Unkekulized atoms: 11 12 13

Progress: 1320/2000[11:52:58] SMILES Parse Error: syntax error while parsing: 606.00
[11:52:58] SMILES Parse Error: Failed parsing SMILES '606.00' for input: '606.00'

Progress: 1321/2000
Progress: 1322/2000
Progress: 1323/2000[11:53:11] SMILES Parse Error: syntax error while parsing: Taking
[11:53:11] SMILES Parse Error: Failed parsing SMILES 'Taking' for input: 'Taking'

Progress: 1324/2000
Progress: 1325/2000[11:53:16] SMILES Parse Error: syntax error while parsing: NC(=[NH2+])u1ccc(C(=O)[O-])c(C)c1
[11:53:16] SMILES Parse Error: Failed parsing SMILES 'NC(=[NH2+])u1ccc(C(=O)[O-])c(C)c1' for input: 'NC(=[NH2+])u1ccc(C(=O)[O-])c(C)c1'
[11:53:16] SMILES Parse Error: syntax error while parsing: NC(=[NH2+])u1ccc(C(=O)[O-])c(C)c1
[11:53:16] SMILES Parse Error: Failed parsing SMILES 'NC(=[NH2+])u1ccc(C(=O)[O-])c(C)c1' for input: 'NC(=[NH2+])u1ccc(C(=O)[O-])c(C)c1'
[11:53:16] SMILES Parse Error: syntax error while parsing: The
[11:53:16] SMILES Parse Error: Failed parsing SMILES 'The' for input: 'The'

Progress: 1326/2000[11:53:23] SMILES Parse Error: syntax error while parsing: Taking
[11:53:23] SMILES Parse Error: Failed parsing SMILES 'Taking' for input: 'Taking'

Progress: 1327/2000[11:53:29] SMILES Parse Error: syntax error while parsing: Taking
[11:53:29] SMILES Parse Error: Failed parsing SMILES 'Taking' for input: 'Taking'

Progress: 1328/2000
Progress: 1329/2000[11:53:40] SMILES Parse Error: unclosed ring for input: 'NC(=[NH2+])s1ccc(C(=O)Nsc2cc(C(=O)Nsc3ccccc3NC)cc1s2)s1'
[11:53:40] SMILES Parse Error: unclosed ring for input: 'NC(=[NH2+])s1ccc(C(=O)Nsc2cc(C(=O)Nsc3ccccc3NC)cc1s2)s1'
[11:53:40] SMILES Parse Error: syntax error while parsing: The
[11:53:40] SMILES Parse Error: Failed parsing SMILES 'The' for input: 'The'

Progress: 1330/2000[11:53:47] SMILES Parse Error: syntax error while parsing: Taking
[11:53:47] SMILES Parse Error: Failed parsing SMILES 'Taking' for input: 'Taking'

Progress: 1331/2000
Progress: 1332/2000[11:53:52] SMILES Parse Error: syntax error while parsing: NC(=[NH2+])C1CC1CSCff
[11:53:52] SMILES Parse Error: Failed parsing SMILES 'NC(=[NH2+])C1CC1CSCff' for input: 'NC(=[NH2+])C1CC1CSCff'

Progress: 1333/2000
Progress: 1334/2000[11:54:03] SMILES Parse Error: syntax error while parsing: Taking
[11:54:03] SMILES Parse Error: Failed parsing SMILES 'Taking' for input: 'Taking'

Progress: 1335/2000
Progress: 1336/2000
Progress: 1337/2000
Progress: 1338/2000
Progress: 1339/2000
Progress: 1340/2000
Progress: 1341/2000
Progress: 1342/2000[11:54:35] SMILES Parse Error: syntax error while parsing: week
[11:54:35] SMILES Parse Error: Failed parsing SMILES 'week' for input: 'week'

Progress: 1343/2000[11:54:36] SMILES Parse Error: syntax error while parsing: 489.00
[11:54:36] SMILES Parse Error: Failed parsing SMILES '489.00' for input: '489.00'

Progress: 1344/2000[11:54:38] SMILES Parse Error: extra open parentheses for input: 'CCC(CC)(CC)Sc1cc(C(=O)'

Progress: 1345/2000
Progress: 1346/2000[11:54:55] SMILES Parse Error: syntax error while parsing: NC(=[NH2+])B(O)C(O)C(O)C(O)C(O)C(O)C(O)C(O)C(O)C(O)C(O)C(O)C(O)C(O)C(O)C(O)C(O)C(O)C(O)C(O)C(O)C(O)C(O)C(O)C(O)C(O)C(
[11:54:55] SMILES Parse Error: Failed parsing SMILES 'NC(=[NH2+])B(O)C(O)C(O)C(O)C(O)C(O)C(O)C(O)C(O)C(O)C(O)C(O)C(O)C(O)C(O)C(O)C(O)C(O)C(O)C(O)C(O)C(O)C(O)C(O)C(O)C(O)C(' for input: 'NC(=[NH2+])B(O)C(O)C(O)C(O)C(O)C(O)C(O)C(O)C(O)C(O)C(O)C(O)C(O)C(O)C(O)C(O)C(O)C(O)C(O)C(O)C(O)C(O)C(O)C(O)C(O)C(O)C('
[11:54:55] SMILES Parse Error: syntax error while parsing: The
[11:54:55] SMILES Parse Error: Failed parsing SMILES 'The' for input: 'The'

Progress: 1347/2000[11:55:01] SMILES Parse Error: syntax error while parsing: NNC(=O)C(=O)NC(=O)Based
[11:55:01] SMILES Parse Error: Failed parsing SMILES 'NNC(=O)C(=O)NC(=O)Based' for input: 'NNC(=O)C(=O)NC(=O)Based'

Progress: 1348/2000
Progress: 1349/2000
Progress: 1350/2000
Progress: 1351/2000
Progress: 1352/2000
Progress: 1353/2000
Progress: 1354/2000[11:55:26] SMILES Parse Error: syntax error while parsing: CCC(CC)(CC)Sc1cc(C(=O)sc2cc(Br)sc2Br)sc1H
[11:55:26] SMILES Parse Error: Failed parsing SMILES 'CCC(CC)(CC)Sc1cc(C(=O)sc2cc(Br)sc2Br)sc1H' for input: 'CCC(CC)(CC)Sc1cc(C(=O)sc2cc(Br)sc2Br)sc1H'
[11:55:26] SMILES Parse Error: syntax error while parsing: labeled
[11:55:26] SMILES Parse Error: Failed parsing SMILES 'labeled' for input: 'labeled'
[11:55:26] SMILES Parse Error: syntax error while parsing: Taking
[11:55:26] SMILES Parse Error: Failed parsing SMILES 'Taking' for input: 'Taking'

Progress: 1355/2000
Progress: 1356/2000
Progress: 1357/2000
Progress: 1358/2000[11:55:46] SMILES Parse Error: syntax error while parsing: Taking
[11:55:46] SMILES Parse Error: Failed parsing SMILES 'Taking' for input: 'Taking'

Progress: 1359/2000
Progress: 1360/2000[11:55:50] SMILES Parse Error: syntax error while parsing: 11(Cl)c1cc(Cl)cc(Cl)c1[I-]c1cc(Cl)cc(Cl)c1
[11:55:50] SMILES Parse Error: Failed parsing SMILES '11(Cl)c1cc(Cl)cc(Cl)c1[I-]c1cc(Cl)cc(Cl)c1' for input: '11(Cl)c1cc(Cl)cc(Cl)c1[I-]c1cc(Cl)cc(Cl)c1'

Progress: 1361/2000
Progress: 1362/2000
Progress: 1363/2000[11:56:03] SMILES Parse Error: syntax error while parsing: CCC(CC)(CC)Sc1ccc(B(O)O)c(C)a1
[11:56:03] SMILES Parse Error: Failed parsing SMILES 'CCC(CC)(CC)Sc1ccc(B(O)O)c(C)a1' for input: 'CCC(CC)(CC)Sc1ccc(B(O)O)c(C)a1'

Progress: 1364/2000[11:56:06] Can't kekulize mol.  Unkekulized atoms: 8 10 12 13 17

Progress: 1365/2000
Progress: 1366/2000[11:56:15] SMILES Parse Error: syntax error while parsing: Taking
[11:56:15] SMILES Parse Error: Failed parsing SMILES 'Taking' for input: 'Taking'

Progress: 1367/2000[11:56:18] SMILES Parse Error: syntax error while parsing: C[NH+](C)CC(C[NH3+])(lipophilic)C(=O)[O-]
[11:56:18] SMILES Parse Error: Failed parsing SMILES 'C[NH+](C)CC(C[NH3+])(lipophilic)C(=O)[O-]' for input: 'C[NH+](C)CC(C[NH3+])(lipophilic)C(=O)[O-]'

Progress: 1368/2000
Progress: 1369/2000
Progress: 1370/2000
Progress: 1371/2000
Progress: 1372/2000[11:56:47] SMILES Parse Error: unclosed ring for input: 'NC(=[NH2+])C1CC1C2CC2C2CC2C2(C)C1C2'
[11:56:47] SMILES Parse Error: syntax error while parsing: Taking
[11:56:47] SMILES Parse Error: Failed parsing SMILES 'Taking' for input: 'Taking'

Progress: 1373/2000[11:56:54] SMILES Parse Error: syntax error while parsing: O=C([O-])C(=O)C(=O)C(=O)N(I)C(=O)M(I)C(=O)M(I)C(=O)M(I)C(=O)M(I)C(=O)M(I)C(=O)M(I)C(=O)M(I)C(=O)M(I)C(=O)M(I)C(=O)M(I)C(=O)M(I)C(=
[11:56:54] SMILES Parse Error: Failed parsing SMILES 'O=C([O-])C(=O)C(=O)C(=O)N(I)C(=O)M(I)C(=O)M(I)C(=O)M(I)C(=O)M(I)C(=O)M(I)C(=O)M(I)C(=O)M(I)C(=O)M(I)C(=O)M(I)C(=O)M(I)C(=O)M(I)C(=' for input: 'O=C([O-])C(=O)C(=O)C(=O)N(I)C(=O)M(I)C(=O)M(I)C(=O)M(I)C(=O)M(I)C(=O)M(I)C(=O)M(I)C(=O)M(I)C(=O)M(I)C(=O)M(I)C(=O)M(I)C(=O)M(I)C(='

Progress: 1374/2000[11:57:02] SMILES Parse Error: syntax error while parsing: Taking
[11:57:02] SMILES Parse Error: Failed parsing SMILES 'Taking' for input: 'Taking'

Progress: 1375/2000[11:57:05] SMILES Parse Error: syntax error while parsing: NC(=[NH2+])C1CC1C1CC1C1CC1C1HBD(C(ells)C(=O)O)C2
NCC1NCC1N
[11:57:05] SMILES Parse Error: Failed parsing SMILES 'NC(=[NH2+])C1CC1C1CC1C1CC1C1HBD(C(ells)C(=O)O)C2
NCC1NCC1N' for input: 'NC(=[NH2+])C1CC1C1CC1C1CC1C1HBD(C(ells)C(=O)O)C2
NCC1NCC1N'

Progress: 1376/2000
Progress: 1377/2000[11:57:15] non-ring atom 5 marked aromatic
[11:57:15] non-ring atom 5 marked aromatic
[11:57:15] SMILES Parse Error: syntax error while parsing: The
[11:57:15] SMILES Parse Error: Failed parsing SMILES 'The' for input: 'The'

Progress: 1378/2000
Progress: 1379/2000[11:57:24] SMILES Parse Error: syntax error while parsing: NC(=[NH2+])[C@@H](C)C(=O)N[C@H](C)C(=O)N[C@H](C)C(=O)N[C@H](C)C(=O)N[C@H](C)C(=O)N[C@H](C)C(=O)N[C@H](C)C(=O)N[C@H](C)C(=O)N[C
[11:57:24] SMILES Parse Error: Failed parsing SMILES 'NC(=[NH2+])[C@@H](C)C(=O)N[C@H](C)C(=O)N[C@H](C)C(=O)N[C@H](C)C(=O)N[C@H](C)C(=O)N[C@H](C)C(=O)N[C@H](C)C(=O)N[C@H](C)C(=O)N[C' for input: 'NC(=[NH2+])[C@@H](C)C(=O)N[C@H](C)C(=O)N[C@H](C)C(=O)N[C@H](C)C(=O)N[C@H](C)C(=O)N[C@H](C)C(=O)N[C@H](C)C(=O)N[C@H](C)C(=O)N[C'
[11:57:24] SMILES Parse Error: syntax error while parsing: The
[11:57:24] SMILES Parse Error: Failed parsing SMILES 'The' for input: 'The'

Progress: 1380/2000[11:57:32] SMILES Parse Error: syntax error while parsing: NC(=[NH2+])S[C@@H](C)C(=O)N[C@H](C)C(=O)N[C@H](C)C(=O)N[C@H](C)C(=O)N[C@H](C)C(=O)N[C@H](C)C(=O)N[C@H](C)C(=O)N[C@H](C)C(=O)N[
[11:57:32] SMILES Parse Error: Failed parsing SMILES 'NC(=[NH2+])S[C@@H](C)C(=O)N[C@H](C)C(=O)N[C@H](C)C(=O)N[C@H](C)C(=O)N[C@H](C)C(=O)N[C@H](C)C(=O)N[C@H](C)C(=O)N[C@H](C)C(=O)N[' for input: 'NC(=[NH2+])S[C@@H](C)C(=O)N[C@H](C)C(=O)N[C@H](C)C(=O)N[C@H](C)C(=O)N[C@H](C)C(=O)N[C@H](C)C(=O)N[C@H](C)C(=O)N[C@H](C)C(=O)N['
[11:57:32] SMILES Parse Error: syntax error while parsing: The
[11:57:32] SMILES Parse Error: Failed parsing SMILES 'The' for input: 'The'

Progress: 1381/2000
Progress: 1382/2000
Progress: 1383/2000[11:57:49] SMILES Parse Error: syntax error while parsing: Taking
[11:57:49] SMILES Parse Error: Failed parsing SMILES 'Taking' for input: 'Taking'

Progress: 1384/2000
Progress: 1385/2000
Progress: 1386/2000[11:58:04] SMILES Parse Error: syntax error while parsing: Taking
[11:58:04] SMILES Parse Error: Failed parsing SMILES 'Taking' for input: 'Taking'

Progress: 1387/2000[11:58:12] SMILES Parse Error: syntax error while parsing: Taking
[11:58:12] SMILES Parse Error: Failed parsing SMILES 'Taking' for input: 'Taking'

Progress: 1388/2000
Progress: 1389/2000[11:58:18] non-ring atom 5 marked aromatic

Progress: 1390/2000[11:58:21] Can't kekulize mol.  Unkekulized atoms: 4 5 8
[11:58:21] SMILES Parse Error: syntax error while parsing: represented
[11:58:21] SMILES Parse Error: Failed parsing SMILES 'represented' for input: 'represented'
[11:58:21] SMILES Parse Error: syntax error while parsing: The
[11:58:21] SMILES Parse Error: Failed parsing SMILES 'The' for input: 'The'

Progress: 1391/2000
Progress: 1392/2000
Progress: 1393/2000
Progress: 1394/2000
Progress: 1395/2000
Progress: 1396/2000[11:58:39] non-ring atom 4 marked aromatic

Progress: 1397/2000[11:58:42] non-ring atom 5 marked aromatic
[11:58:42] SMILES Parse Error: syntax error while parsing: Taking
[11:58:42] SMILES Parse Error: Failed parsing SMILES 'Taking' for input: 'Taking'

Progress: 1398/2000[11:58:49] SMILES Parse Error: syntax error while parsing: Taking
[11:58:49] SMILES Parse Error: Failed parsing SMILES 'Taking' for input: 'Taking'

Progress: 1399/2000[11:58:54] SMILES Parse Error: extra close parentheses while parsing: CC(C[NH+](C)C)C(=O)NCC(=O)N(C)C(C)C[NH+](C)C)CC(=O)[O-]
[11:58:54] SMILES Parse Error: Failed parsing SMILES 'CC(C[NH+](C)C)C(=O)NCC(=O)N(C)C(C)C[NH+](C)C)CC(=O)[O-]' for input: 'CC(C[NH+](C)C)C(=O)NCC(=O)N(C)C(C)C[NH+](C)C)CC(=O)[O-]'
[11:58:54] SMILES Parse Error: syntax error while parsing: denoted
[11:58:54] SMILES Parse Error: Failed parsing SMILES 'denoted' for input: 'denoted'
[11:58:54] SMILES Parse Error: syntax error while parsing: The
[11:58:54] SMILES Parse Error: Failed parsing SMILES 'The' for input: 'The'

Progress: 1400/2000[11:59:02] SMILES Parse Error: syntax error while parsing: NC(=[NH2+])S[C@@H](C)C(=O)N[C@H](C)C(=O)N[C@@H](C)C(=O)N[C@H](C)C(=O)N[C@@H](C)C(=O)N[C@H](C)C(=O)N[C@H](C)C(=O)N[C@H](C)C(=O)N[
[11:59:02] SMILES Parse Error: Failed parsing SMILES 'NC(=[NH2+])S[C@@H](C)C(=O)N[C@H](C)C(=O)N[C@@H](C)C(=O)N[C@H](C)C(=O)N[C@@H](C)C(=O)N[C@H](C)C(=O)N[C@H](C)C(=O)N[C@H](C)C(=O)N[' for input: 'NC(=[NH2+])S[C@@H](C)C(=O)N[C@H](C)C(=O)N[C@@H](C)C(=O)N[C@H](C)C(=O)N[C@@H](C)C(=O)N[C@H](C)C(=O)N[C@H](C)C(=O)N[C@H](C)C(=O)N['
[11:59:02] SMILES Parse Error: syntax error while parsing: The
[11:59:02] SMILES Parse Error: Failed parsing SMILES 'The' for input: 'The'

Progress: 1401/2000
Progress: 1402/2000[11:59:11] SMILES Parse Error: syntax error while parsing: O=C([O-])C(=O)C(=O)NCC(=O)NCC(=O)NCC(=O)NCC(=O)NCC(=O)NCC(=O)NCC(=O)NCC(=O)NCC(=O)NCC(=O)NCC(=O)NCC(=O)NCC(=O)NCC(=O)NCC(=O)NCC(=O)NCC(=O)NCC(=O)NCC(
[11:59:11] SMILES Parse Error: Failed parsing SMILES 'O=C([O-])C(=O)C(=O)NCC(=O)NCC(=O)NCC(=O)NCC(=O)NCC(=O)NCC(=O)NCC(=O)NCC(=O)NCC(=O)NCC(=O)NCC(=O)NCC(=O)NCC(=O)NCC(=O)NCC(=O)NCC(=O)NCC(=O)NCC(=O)NCC(' for input: 'O=C([O-])C(=O)C(=O)NCC(=O)NCC(=O)NCC(=O)NCC(=O)NCC(=O)NCC(=O)NCC(=O)NCC(=O)NCC(=O)NCC(=O)NCC(=O)NCC(=O)NCC(=O)NCC(=O)NCC(=O)NCC(=O)NCC(=O)NCC(=O)NCC('

Progress: 1403/2000
Progress: 1404/2000
Progress: 1405/2000
Progress: 1406/2000
Progress: 1407/2000[11:59:33] SMILES Parse Error: syntax error while parsing: NC(=[NH2+])I(C)C(=O)N(C)C(=O)lip[Se]
[11:59:33] SMILES Parse Error: Failed parsing SMILES 'NC(=[NH2+])I(C)C(=O)N(C)C(=O)lip[Se]' for input: 'NC(=[NH2+])I(C)C(=O)N(C)C(=O)lip[Se]'

Progress: 1408/2000
Progress: 1409/2000[11:59:38] SMILES Parse Error: syntax error while parsing: 603.00
[11:59:38] SMILES Parse Error: Failed parsing SMILES '603.00' for input: '603.00'

Progress: 1410/2000[11:59:45] SMILES Parse Error: syntax error while parsing: Taking
[11:59:45] SMILES Parse Error: Failed parsing SMILES 'Taking' for input: 'Taking'

Progress: 1411/2000
Progress: 1412/2000
Progress: 1413/2000[11:59:59] Can't kekulize mol.  Unkekulized atoms: 8 9 10 11 12
[11:59:59] Can't kekulize mol.  Unkekulized atoms: 8 9 10 11 12
[11:59:59] SMILES Parse Error: syntax error while parsing: The
[11:59:59] SMILES Parse Error: Failed parsing SMILES 'The' for input: 'The'

Progress: 1414/2000
Progress: 1415/2000
Progress: 1416/2000[12:00:12] Can't kekulize mol.  Unkekulized atoms: 8 9 10 11 14

Progress: 1417/2000
Progress: 1418/2000
Progress: 1419/2000
Progress: 1420/2000[12:00:25] SMILES Parse Error: syntax error while parsing: 11CCCC(CCC(C)C(Cl)CCC(C)C)c2HBD(C(C)C)CC2
[12:00:25] SMILES Parse Error: Failed parsing SMILES '11CCCC(CCC(C)C(Cl)CCC(C)C)c2HBD(C(C)C)CC2' for input: '11CCCC(CCC(C)C(Cl)CCC(C)C)c2HBD(C(C)C)CC2'

Progress: 1421/2000[12:00:28] SMILES Parse Error: extra open parentheses for input: 'NC(=[NH2+])[C@@H](C)sc1ccc(C(=O)'

Progress: 1422/2000
Progress: 1423/2000
Progress: 1424/2000
Progress: 1425/2000
Progress: 1426/2000
Progress: 1427/2000[12:01:01] SMILES Parse Error: syntax error while parsing: Taking
[12:01:01] SMILES Parse Error: Failed parsing SMILES 'Taking' for input: 'Taking'

Progress: 1428/2000
Progress: 1429/2000
Progress: 1430/2000
Progress: 1431/2000[12:01:31] SMILES Parse Error: syntax error while parsing: Taking
[12:01:31] SMILES Parse Error: Failed parsing SMILES 'Taking' for input: 'Taking'

Progress: 1432/2000
Progress: 1433/2000
Progress: 1434/2000
Progress: 1435/2000[12:01:56] SMILES Parse Error: syntax error while parsing: constructed
[12:01:56] SMILES Parse Error: Failed parsing SMILES 'constructed' for input: 'constructed'

Progress: 1436/2000[12:02:00] SMILES Parse Error: unclosed ring for input: 'NC(=[NH2+])C1CC1C2CC2C2CC2C2CCC2C2(C)CN(C)CC21'
[12:02:00] SMILES Parse Error: unclosed ring for input: 'NC(=[NH2+])C1CC1C2CC2C2CC2C2CCC2C2(C)CN(C)CC21'
[12:02:00] SMILES Parse Error: syntax error while parsing: The
[12:02:00] SMILES Parse Error: Failed parsing SMILES 'The' for input: 'The'

Progress: 1437/2000
Progress: 1438/2000
Progress: 1439/2000[12:02:37] SMILES Parse Error: syntax error while parsing: represented
[12:02:37] SMILES Parse Error: Failed parsing SMILES 'represented' for input: 'represented'
[12:02:37] SMILES Parse Error: syntax error while parsing: The
[12:02:37] SMILES Parse Error: Failed parsing SMILES 'The' for input: 'The'

Progress: 1440/2000
Progress: 1441/2000[12:02:59] SMILES Parse Error: syntax error while parsing: 599.00
[12:02:59] SMILES Parse Error: Failed parsing SMILES '599.00' for input: '599.00'

Progress: 1442/2000[12:03:03] SMILES Parse Error: syntax error while parsing: NC(=[NH2+])C1CC1CSC(=O)NCC(=O)NCC(=O)NCC(=O)NHDs
[12:03:03] SMILES Parse Error: Failed parsing SMILES 'NC(=[NH2+])C1CC1CSC(=O)NCC(=O)NCC(=O)NCC(=O)NHDs' for input: 'NC(=[NH2+])C1CC1CSC(=O)NCC(=O)NCC(=O)NCC(=O)NHDs'
[12:03:03] SMILES Parse Error: syntax error while parsing: Taking
[12:03:03] SMILES Parse Error: Failed parsing SMILES 'Taking' for input: 'Taking'

Progress: 1443/2000[12:03:10] SMILES Parse Error: syntax error while parsing: 49.8
[12:03:10] SMILES Parse Error: Failed parsing SMILES '49.8' for input: '49.8'

Progress: 1444/2000[12:03:19] SMILES Parse Error: syntax error while parsing: NC(=[NH2+])C(I)C(O)C(O)C(O)C(O)C(O)C(O)C(O)C(O)C(O)C(O)C(O)C(O)C(O)C(O)C(O)C(O)C(O)C(O)C(O)C(O)C(O)C(O)C(O)C(O)C(O)C(
[12:03:19] SMILES Parse Error: Failed parsing SMILES 'NC(=[NH2+])C(I)C(O)C(O)C(O)C(O)C(O)C(O)C(O)C(O)C(O)C(O)C(O)C(O)C(O)C(O)C(O)C(O)C(O)C(O)C(O)C(O)C(O)C(O)C(O)C(O)C(O)C(' for input: 'NC(=[NH2+])C(I)C(O)C(O)C(O)C(O)C(O)C(O)C(O)C(O)C(O)C(O)C(O)C(O)C(O)C(O)C(O)C(O)C(O)C(O)C(O)C(O)C(O)C(O)C(O)C(O)C(O)C('
[12:03:19] SMILES Parse Error: syntax error while parsing: The
[12:03:19] SMILES Parse Error: Failed parsing SMILES 'The' for input: 'The'

Progress: 1445/2000[12:03:28] SMILES Parse Error: syntax error while parsing: Taking
[12:03:28] SMILES Parse Error: Failed parsing SMILES 'Taking' for input: 'Taking'

Progress: 1446/2000[12:03:36] SMILES Parse Error: syntax error while parsing: Taking
[12:03:36] SMILES Parse Error: Failed parsing SMILES 'Taking' for input: 'Taking'

Progress: 1447/2000[12:03:40] SMILES Parse Error: syntax error while parsing: NC(=[NH2+])Based
[12:03:40] SMILES Parse Error: Failed parsing SMILES 'NC(=[NH2+])Based' for input: 'NC(=[NH2+])Based'
[12:03:40] SMILES Parse Error: syntax error while parsing: NC(=[NH2+])Based
[12:03:40] SMILES Parse Error: Failed parsing SMILES 'NC(=[NH2+])Based' for input: 'NC(=[NH2+])Based'
[12:03:40] SMILES Parse Error: syntax error while parsing: The
[12:03:40] SMILES Parse Error: Failed parsing SMILES 'The' for input: 'The'

Progress: 1448/2000
Progress: 1449/2000[12:03:52] SMILES Parse Error: syntax error while parsing: Towards
[12:03:52] SMILES Parse Error: Failed parsing SMILES 'Towards' for input: 'Towards'

Progress: 1450/2000
Progress: 1451/2000[12:04:01] SMILES Parse Error: syntax error while parsing: CC(C[NH+](C[NH2+]C)C[NH2+]C)C(O)C(=O)Tsd
[12:04:01] SMILES Parse Error: Failed parsing SMILES 'CC(C[NH+](C[NH2+]C)C[NH2+]C)C(O)C(=O)Tsd' for input: 'CC(C[NH+](C[NH2+]C)C[NH2+]C)C(O)C(=O)Tsd'
[12:04:01] SMILES Parse Error: syntax error while parsing: Taking
[12:04:01] SMILES Parse Error: Failed parsing SMILES 'Taking' for input: 'Taking'

Progress: 1452/2000
Progress: 1453/2000[12:04:15] SMILES Parse Error: syntax error while parsing: CC(C[NH+](C[NH3+])C[NH+](C)C[C@@H](C)C[NH+](C)C[C@@H](C)C[NH+](C)C[C@H]1CC[C@H](C)C[C@H]1C)C[NH+](C)C[NH+](C)C[NH+](C)C[NH+](C)C[N
[12:04:15] SMILES Parse Error: Failed parsing SMILES 'CC(C[NH+](C[NH3+])C[NH+](C)C[C@@H](C)C[NH+](C)C[C@@H](C)C[NH+](C)C[C@H]1CC[C@H](C)C[C@H]1C)C[NH+](C)C[NH+](C)C[NH+](C)C[NH+](C)C[N' for input: 'CC(C[NH+](C[NH3+])C[NH+](C)C[C@@H](C)C[NH+](C)C[C@@H](C)C[NH+](C)C[C@H]1CC[C@H](C)C[C@H]1C)C[NH+](C)C[NH+](C)C[NH+](C)C[NH+](C)C[N'
[12:04:15] SMILES Parse Error: syntax error while parsing: The
[12:04:15] SMILES Parse Error: Failed parsing SMILES 'The' for input: 'The'

Progress: 1454/2000[12:04:23] SMILES Parse Error: syntax error while parsing: Taking
[12:04:23] SMILES Parse Error: Failed parsing SMILES 'Taking' for input: 'Taking'

Progress: 1455/2000[12:04:26] SMILES Parse Error: syntax error while parsing: CCC(CC)(CC)Sc1cc(B(O)O)c(C)rc1C
[12:04:26] SMILES Parse Error: Failed parsing SMILES 'CCC(CC)(CC)Sc1cc(B(O)O)c(C)rc1C' for input: 'CCC(CC)(CC)Sc1cc(B(O)O)c(C)rc1C'

Progress: 1456/2000[12:04:33] SMILES Parse Error: syntax error while parsing: molecule
[12:04:33] SMILES Parse Error: Failed parsing SMILES 'molecule' for input: 'molecule'
[12:04:33] SMILES Parse Error: syntax error while parsing: 495.025
[12:04:33] SMILES Parse Error: Failed parsing SMILES '495.025' for input: '495.025'

Progress: 1457/2000[12:04:41] SMILES Parse Error: extra open parentheses for input: 'CC(C)C(=O)C(=O)N(C)C(=O'

Progress: 1458/2000
Progress: 1459/2000[12:04:52] SMILES Parse Error: syntax error while parsing: Taking
[12:04:52] SMILES Parse Error: Failed parsing SMILES 'Taking' for input: 'Taking'

Progress: 1460/2000[12:04:55] SMILES Parse Error: syntax error while parsing: CCC(CC)(CC)Sc1cc(C(=O)c2cccc(Tips,Cl)c2)sc1Cl
[12:04:55] SMILES Parse Error: Failed parsing SMILES 'CCC(CC)(CC)Sc1cc(C(=O)c2cccc(Tips,Cl)c2)sc1Cl' for input: 'CCC(CC)(CC)Sc1cc(C(=O)c2cccc(Tips,Cl)c2)sc1Cl'

Progress: 1461/2000[12:04:59] SMILES Parse Error: syntax error while parsing: NC(=[NH2+])Based
[12:04:59] SMILES Parse Error: Failed parsing SMILES 'NC(=[NH2+])Based' for input: 'NC(=[NH2+])Based'
[12:04:59] SMILES Parse Error: syntax error while parsing: NC(=[NH2+])Based
[12:04:59] SMILES Parse Error: Failed parsing SMILES 'NC(=[NH2+])Based' for input: 'NC(=[NH2+])Based'
[12:04:59] SMILES Parse Error: syntax error while parsing: The
[12:04:59] SMILES Parse Error: Failed parsing SMILES 'The' for input: 'The'

Progress: 1462/2000
Progress: 1463/2000[12:05:17] SMILES Parse Error: unclosed ring for input: 'NC(=[NH2+])C1CC1C1CC1C1CC1C1CC1C1CC1C1CC1C1CC1C1CC1C1CC1C1CC1C1CC1C1CC1C1CC1C1CC1C1CC1C1CC1C1CC1C1CC1C1CC1C1CC1C1CC1C1CC1C1CC1C1CC1C1CC1C1CC1C1'
[12:05:17] SMILES Parse Error: syntax error while parsing: The
[12:05:17] SMILES Parse Error: Failed parsing SMILES 'The' for input: 'The'

Progress: 1464/2000
Progress: 1465/2000[12:05:30] SMILES Parse Error: syntax error while parsing: NC(=[NH2+])Based
[12:05:30] SMILES Parse Error: Failed parsing SMILES 'NC(=[NH2+])Based' for input: 'NC(=[NH2+])Based'
[12:05:30] SMILES Parse Error: syntax error while parsing: NC(=[NH2+])Based
[12:05:30] SMILES Parse Error: Failed parsing SMILES 'NC(=[NH2+])Based' for input: 'NC(=[NH2+])Based'
[12:05:30] SMILES Parse Error: syntax error while parsing: The
[12:05:30] SMILES Parse Error: Failed parsing SMILES 'The' for input: 'The'

Progress: 1466/2000[12:05:34] SMILES Parse Error: syntax error while parsing: CCC(CC)(CC)Sc1ccc(C)c(C(=O)W(OS)(=O)=O)c1
[12:05:34] SMILES Parse Error: Failed parsing SMILES 'CCC(CC)(CC)Sc1ccc(C)c(C(=O)W(OS)(=O)=O)c1' for input: 'CCC(CC)(CC)Sc1ccc(C)c(C(=O)W(OS)(=O)=O)c1'
[12:05:34] SMILES Parse Error: syntax error while parsing: CCC(CC)(CC)Sc1ccc(C)c(C(=O)W(OS)(=O)=O)c1
[12:05:34] SMILES Parse Error: Failed parsing SMILES 'CCC(CC)(CC)Sc1ccc(C)c(C(=O)W(OS)(=O)=O)c1' for input: 'CCC(CC)(CC)Sc1ccc(C)c(C(=O)W(OS)(=O)=O)c1'
[12:05:34] SMILES Parse Error: syntax error while parsing: The
[12:05:34] SMILES Parse Error: Failed parsing SMILES 'The' for input: 'The'

Progress: 1467/2000[12:05:37] SMILES Parse Error: unclosed ring for input: 'NC(=[NH2+])C1CC1C2CC2C2CC2C2(C)CC2(C)C12'
[12:05:37] SMILES Parse Error: unclosed ring for input: 'NC(=[NH2+])C1CC1C2CC2C2CC2C2(C)CC2(C)C12'
[12:05:37] SMILES Parse Error: syntax error while parsing: The
[12:05:37] SMILES Parse Error: Failed parsing SMILES 'The' for input: 'The'

Progress: 1468/2000[12:05:43] SMILES Parse Error: syntax error while parsing: CCC(CC)(CC)Sc1cc(Based
[12:05:43] SMILES Parse Error: Failed parsing SMILES 'CCC(CC)(CC)Sc1cc(Based' for input: 'CCC(CC)(CC)Sc1cc(Based'
[12:05:43] SMILES Parse Error: syntax error while parsing: CCC(CC)(CC)Sc1cc(Based
[12:05:43] SMILES Parse Error: Failed parsing SMILES 'CCC(CC)(CC)Sc1cc(Based' for input: 'CCC(CC)(CC)Sc1cc(Based'
[12:05:43] SMILES Parse Error: syntax error while parsing: The
[12:05:43] SMILES Parse Error: Failed parsing SMILES 'The' for input: 'The'

Progress: 1469/2000[12:05:47] SMILES Parse Error: syntax error while parsing: The
[12:05:47] SMILES Parse Error: Failed parsing SMILES 'The' for input: 'The'

Progress: 1470/2000
Progress: 1471/2000
Progress: 1472/2000
Progress: 1473/2000[12:06:07] SMILES Parse Error: syntax error while parsing: CCC(CC)(CC)SC(C(=O)O)C(=O)C(=O)C(=O)NCC(=O)NCC(=O)TPSA
[12:06:07] SMILES Parse Error: Failed parsing SMILES 'CCC(CC)(CC)SC(C(=O)O)C(=O)C(=O)C(=O)NCC(=O)NCC(=O)TPSA' for input: 'CCC(CC)(CC)SC(C(=O)O)C(=O)C(=O)C(=O)NCC(=O)NCC(=O)TPSA'
[12:06:07] SMILES Parse Error: syntax error while parsing: Taking
[12:06:07] SMILES Parse Error: Failed parsing SMILES 'Taking' for input: 'Taking'

Progress: 1474/2000
Progress: 1475/2000[12:06:15] SMILES Parse Error: syntax error while parsing: C[NH+](C)C(=O)C(=O)N(C)CC(=O)NCC(=O)N[C@@H](C)C(=O)Jumping(=O)C(=O)maize
[12:06:15] SMILES Parse Error: Failed parsing SMILES 'C[NH+](C)C(=O)C(=O)N(C)CC(=O)NCC(=O)N[C@@H](C)C(=O)Jumping(=O)C(=O)maize' for input: 'C[NH+](C)C(=O)C(=O)N(C)CC(=O)NCC(=O)N[C@@H](C)C(=O)Jumping(=O)C(=O)maize'
[12:06:15] SMILES Parse Error: syntax error while parsing: Taking
[12:06:15] SMILES Parse Error: Failed parsing SMILES 'Taking' for input: 'Taking'

Progress: 1476/2000
Progress: 1477/2000[12:06:24] SMILES Parse Error: syntax error while parsing: NC(=[NH2+])C1CC1C1CC1C1CC1TLSN1
[12:06:24] SMILES Parse Error: Failed parsing SMILES 'NC(=[NH2+])C1CC1C1CC1C1CC1TLSN1' for input: 'NC(=[NH2+])C1CC1C1CC1C1CC1TLSN1'
[12:06:24] SMILES Parse Error: syntax error while parsing: Taking
[12:06:24] SMILES Parse Error: Failed parsing SMILES 'Taking' for input: 'Taking'

Progress: 1478/2000[12:06:30] SMILES Parse Error: syntax error while parsing: NC(=[NH2+])C(=O)C(=O)From
[12:06:30] SMILES Parse Error: Failed parsing SMILES 'NC(=[NH2+])C(=O)C(=O)From' for input: 'NC(=[NH2+])C(=O)C(=O)From'

Progress: 1479/2000
Progress: 1480/2000
Progress: 1481/2000[12:06:38] SMILES Parse Error: syntax error while parsing: NC(=[NH2+])T1CCC(SCC(=O)[O-])C(C(=O)O)C1C(=O)O
[12:06:38] SMILES Parse Error: Failed parsing SMILES 'NC(=[NH2+])T1CCC(SCC(=O)[O-])C(C(=O)O)C1C(=O)O' for input: 'NC(=[NH2+])T1CCC(SCC(=O)[O-])C(C(=O)O)C1C(=O)O'

Progress: 1482/2000
Progress: 1483/2000[12:06:51] SMILES Parse Error: syntax error while parsing: Taking
[12:06:51] SMILES Parse Error: Failed parsing SMILES 'Taking' for input: 'Taking'

Progress: 1484/2000
Progress: 1485/2000
Progress: 1486/2000
Progress: 1487/2000[12:06:59] SMILES Parse Error: syntax error while parsing: CCC(CC)(CC)Sc1ccc(C(=O)Ascal)c(C)c1
[12:06:59] SMILES Parse Error: Failed parsing SMILES 'CCC(CC)(CC)Sc1ccc(C(=O)Ascal)c(C)c1' for input: 'CCC(CC)(CC)Sc1ccc(C(=O)Ascal)c(C)c1'
[12:06:59] SMILES Parse Error: syntax error while parsing: Taking
[12:06:59] SMILES Parse Error: Failed parsing SMILES 'Taking' for input: 'Taking'

Progress: 1488/2000[12:07:05] SMILES Parse Error: syntax error while parsing: Taking
[12:07:05] SMILES Parse Error: Failed parsing SMILES 'Taking' for input: 'Taking'

Progress: 1489/2000[12:07:08] SMILES Parse Error: syntax error while parsing: 101-TOSC(=O)C(Br)C(Br)C(Br)C(Br)HBD3H2
[12:07:08] SMILES Parse Error: Failed parsing SMILES '101-TOSC(=O)C(Br)C(Br)C(Br)C(Br)HBD3H2' for input: '101-TOSC(=O)C(Br)C(Br)C(Br)C(Br)HBD3H2'

Progress: 1490/2000[12:07:13] SMILES Parse Error: syntax error while parsing: NC(=[NH2+])C(=O)C(=O)C(=O)From
[12:07:13] SMILES Parse Error: Failed parsing SMILES 'NC(=[NH2+])C(=O)C(=O)C(=O)From' for input: 'NC(=[NH2+])C(=O)C(=O)C(=O)From'
[12:07:13] SMILES Parse Error: syntax error while parsing: Taking
[12:07:13] SMILES Parse Error: Failed parsing SMILES 'Taking' for input: 'Taking'

Progress: 1491/2000
Progress: 1492/2000
Progress: 1493/2000
Progress: 1494/2000
Progress: 1495/2000[12:07:33] non-ring atom 5 marked aromatic

Progress: 1496/2000[12:07:37] SMILES Parse Error: extra open parentheses for input: 'CCC(CC)(CC)Sc1cc(C(=O)'
[12:07:37] SMILES Parse Error: extra open parentheses for input: 'CCC(CC)(CC)Sc1cc(C(=O)'
[12:07:37] SMILES Parse Error: syntax error while parsing: The
[12:07:37] SMILES Parse Error: Failed parsing SMILES 'The' for input: 'The'

Progress: 1497/2000[12:07:42] SMILES Parse Error: unclosed ring for input: 'NC(=[NH2+])C1CC1C1CC1C(=O)N(C)C1'
[12:07:42] SMILES Parse Error: unclosed ring for input: 'NC(=[NH2+])C1CC1C1CC1C(=O)N(C)C1'
[12:07:42] SMILES Parse Error: syntax error while parsing: The
[12:07:42] SMILES Parse Error: Failed parsing SMILES 'The' for input: 'The'

Progress: 1498/2000[12:07:52] SMILES Parse Error: syntax error while parsing: 447.00
[12:07:52] SMILES Parse Error: Failed parsing SMILES '447.00' for input: '447.00'

Progress: 1499/2000[12:07:54] SMILES Parse Error: syntax error while parsing: CC(C[NH+](C)C)C(=O)H[C@@H](C)C(=O)O[Si](C)(C)C
[12:07:54] SMILES Parse Error: Failed parsing SMILES 'CC(C[NH+](C)C)C(=O)H[C@@H](C)C(=O)O[Si](C)(C)C' for input: 'CC(C[NH+](C)C)C(=O)H[C@@H](C)C(=O)O[Si](C)(C)C'
[12:07:54] SMILES Parse Error: syntax error while parsing: Taking
[12:07:54] SMILES Parse Error: Failed parsing SMILES 'Taking' for input: 'Taking'

Progress: 1500/2000
Progress: 1501/2000[12:08:19] SMILES Parse Error: syntax error while parsing: Taking
[12:08:19] SMILES Parse Error: Failed parsing SMILES 'Taking' for input: 'Taking'

Progress: 1502/2000[12:08:27] SMILES Parse Error: syntax error while parsing: Taking
[12:08:27] SMILES Parse Error: Failed parsing SMILES 'Taking' for input: 'Taking'

Progress: 1503/2000[12:08:30] SMILES Parse Error: syntax error while parsing: 4CCC(CC)(CC)CC1(C)C(C)(C)C1(C)C
[12:08:30] SMILES Parse Error: Failed parsing SMILES '4CCC(CC)(CC)CC1(C)C(C)(C)C1(C)C' for input: '4CCC(CC)(CC)CC1(C)C(C)(C)C1(C)C'

Progress: 1504/2000[12:08:34] SMILES Parse Error: syntax error while parsing: 3CCC(CC)(CC)SC1CC(C(=O)NC(C)C)C(C)C1C
[12:08:34] SMILES Parse Error: Failed parsing SMILES '3CCC(CC)(CC)SC1CC(C(=O)NC(C)C)C(C)C1C' for input: '3CCC(CC)(CC)SC1CC(C(=O)NC(C)C)C(C)C1C'

Progress: 1505/2000
Progress: 1506/2000[12:08:42] SMILES Parse Error: syntax error while parsing: NNC(=O)C(=O)NC(=O)Based
[12:08:42] SMILES Parse Error: Failed parsing SMILES 'NNC(=O)C(=O)NC(=O)Based' for input: 'NNC(=O)C(=O)NC(=O)Based'

Progress: 1507/2000
Progress: 1508/2000
Progress: 1509/2000[12:08:55] non-ring atom 5 marked aromatic
[12:08:55] SMILES Parse Error: syntax error while parsing: Taking
[12:08:55] SMILES Parse Error: Failed parsing SMILES 'Taking' for input: 'Taking'

Progress: 1510/2000
Progress: 1511/2000[12:09:01] SMILES Parse Error: syntax error while parsing: NNC(=O)C(=O)NC(=O)Based
[12:09:01] SMILES Parse Error: Failed parsing SMILES 'NNC(=O)C(=O)NC(=O)Based' for input: 'NNC(=O)C(=O)NC(=O)Based'
[12:09:01] SMILES Parse Error: syntax error while parsing: NNC(=O)C(=O)NC(=O)Based
[12:09:01] SMILES Parse Error: Failed parsing SMILES 'NNC(=O)C(=O)NC(=O)Based' for input: 'NNC(=O)C(=O)NC(=O)Based'
[12:09:01] SMILES Parse Error: syntax error while parsing: The
[12:09:01] SMILES Parse Error: Failed parsing SMILES 'The' for input: 'The'

Progress: 1512/2000[12:09:03] SMILES Parse Error: syntax error while parsing: 548.00
[12:09:03] SMILES Parse Error: Failed parsing SMILES '548.00' for input: '548.00'

Progress: 1513/2000
Progress: 1514/2000
Progress: 1515/2000
Progress: 1516/2000
Progress: 1517/2000
Progress: 1518/2000[12:09:26] SMILES Parse Error: unclosed ring for input: 'NC(=[NH2+])C1CC1C2CC2C2CC2C2CCC2C2(C)C1'

Progress: 1519/2000
Progress: 1520/2000[12:09:36] SMILES Parse Error: syntax error while parsing: NC(=[NH2+])C1CC1CSCff
[12:09:36] SMILES Parse Error: Failed parsing SMILES 'NC(=[NH2+])C1CC1CSCff' for input: 'NC(=[NH2+])C1CC1CSCff'

Progress: 1521/2000
Progress: 1522/2000[12:09:42] SMILES Parse Error: syntax error while parsing: CCC(CC)(CC)Sc1cc(C(=O)aw)sc1C
[12:09:42] SMILES Parse Error: Failed parsing SMILES 'CCC(CC)(CC)Sc1cc(C(=O)aw)sc1C' for input: 'CCC(CC)(CC)Sc1cc(C(=O)aw)sc1C'
[12:09:42] SMILES Parse Error: syntax error while parsing: CCC(CC)(CC)Sc1cc(C(=O)aw)sc1C
[12:09:42] SMILES Parse Error: Failed parsing SMILES 'CCC(CC)(CC)Sc1cc(C(=O)aw)sc1C' for input: 'CCC(CC)(CC)Sc1cc(C(=O)aw)sc1C'
[12:09:42] SMILES Parse Error: syntax error while parsing: The
[12:09:42] SMILES Parse Error: Failed parsing SMILES 'The' for input: 'The'

Progress: 1523/2000
Progress: 1524/2000
Progress: 1525/2000
Progress: 1526/2000[12:09:59] SMILES Parse Error: syntax error while parsing: NC(=[NH2+])I(C)C(=O)N(C)C(=O)NCC(=O)NHD(C)C
[12:09:59] SMILES Parse Error: Failed parsing SMILES 'NC(=[NH2+])I(C)C(=O)N(C)C(=O)NCC(=O)NHD(C)C' for input: 'NC(=[NH2+])I(C)C(=O)N(C)C(=O)NCC(=O)NHD(C)C'
[12:09:59] SMILES Parse Error: syntax error while parsing: NC(=[NH2+])I(C)C(=O)N(C)C(=O)NCC(=O)NHD(C)C
[12:09:59] SMILES Parse Error: Failed parsing SMILES 'NC(=[NH2+])I(C)C(=O)N(C)C(=O)NCC(=O)NHD(C)C' for input: 'NC(=[NH2+])I(C)C(=O)N(C)C(=O)NCC(=O)NHD(C)C'
[12:09:59] SMILES Parse Error: syntax error while parsing: The
[12:09:59] SMILES Parse Error: Failed parsing SMILES 'The' for input: 'The'

Progress: 1527/2000
Progress: 1528/2000[12:10:06] SMILES Parse Error: syntax error while parsing: NCC(=O)NC(CC(=O)[O-])C(=O)J(=O)c1csc(C(C)[NH3+])c1
[12:10:06] SMILES Parse Error: Failed parsing SMILES 'NCC(=O)NC(CC(=O)[O-])C(=O)J(=O)c1csc(C(C)[NH3+])c1' for input: 'NCC(=O)NC(CC(=O)[O-])C(=O)J(=O)c1csc(C(C)[NH3+])c1'

Progress: 1529/2000
Progress: 1530/2000[12:10:22] SMILES Parse Error: syntax error while parsing: Taking
[12:10:22] SMILES Parse Error: Failed parsing SMILES 'Taking' for input: 'Taking'

Progress: 1531/2000
Progress: 1532/2000
Progress: 1533/2000[12:10:39] SMILES Parse Error: syntax error while parsing: Tetramethylenepsyloxane(O)(O)C(=O)C(=O)NCC(=O)NCC(=O)N[C@@H](C)C(=O)NC(=O)NC
[12:10:39] SMILES Parse Error: Failed parsing SMILES 'Tetramethylenepsyloxane(O)(O)C(=O)C(=O)NCC(=O)NCC(=O)N[C@@H](C)C(=O)NC(=O)NC' for input: 'Tetramethylenepsyloxane(O)(O)C(=O)C(=O)NCC(=O)NCC(=O)N[C@@H](C)C(=O)NC(=O)NC'

Progress: 1534/2000
Progress: 1535/2000[12:10:45] SMILES Parse Error: syntax error while parsing: NC(=[NH2+])n1ncc(C(=O)[O-])c1SIn1ccccc1Asins
[12:10:45] SMILES Parse Error: Failed parsing SMILES 'NC(=[NH2+])n1ncc(C(=O)[O-])c1SIn1ccccc1Asins' for input: 'NC(=[NH2+])n1ncc(C(=O)[O-])c1SIn1ccccc1Asins'

Progress: 1536/2000
Progress: 1537/2000
Progress: 1538/2000[12:10:58] SMILES Parse Error: syntax error while parsing: Taking
[12:10:58] SMILES Parse Error: Failed parsing SMILES 'Taking' for input: 'Taking'

Progress: 1539/2000[12:11:04] SMILES Parse Error: syntax error while parsing: Taking
[12:11:04] SMILES Parse Error: Failed parsing SMILES 'Taking' for input: 'Taking'

Progress: 1540/2000
Progress: 1541/2000
Progress: 1542/2000
Progress: 1543/2000[12:11:18] SMILES Parse Error: syntax error while parsing: NC(=[NH2+])Based
[12:11:18] SMILES Parse Error: Failed parsing SMILES 'NC(=[NH2+])Based' for input: 'NC(=[NH2+])Based'
[12:11:18] SMILES Parse Error: syntax error while parsing: NC(=[NH2+])Based
[12:11:18] SMILES Parse Error: Failed parsing SMILES 'NC(=[NH2+])Based' for input: 'NC(=[NH2+])Based'
[12:11:18] SMILES Parse Error: syntax error while parsing: The
[12:11:18] SMILES Parse Error: Failed parsing SMILES 'The' for input: 'The'

Progress: 1544/2000[12:11:22] SMILES Parse Error: syntax error while parsing: Taking
[12:11:22] SMILES Parse Error: Failed parsing SMILES 'Taking' for input: 'Taking'

Progress: 1545/2000
Progress: 1546/2000[12:11:24] SMILES Parse Error: syntax error while parsing: CCC(C)(C)C1(
[12:11:24] SMILES Parse Error: Failed parsing SMILES 'CCC(C)(C)C1(' for input: 'CCC(C)(C)C1('

Progress: 1547/2000
Progress: 1548/2000
Progress: 1549/2000
Progress: 1550/2000
Progress: 1551/2000
Progress: 1552/2000[12:11:33] SMILES Parse Error: extra open parentheses for input: 'CCC(CC)(CC)Sc1cc(C(=O)'

Progress: 1553/2000
Progress: 1554/2000[12:11:37] SMILES Parse Error: syntax error while parsing: NC(=[NH2+])Sclc1cc(Cl)ccc1[NH2+]
[12:11:37] SMILES Parse Error: Failed parsing SMILES 'NC(=[NH2+])Sclc1cc(Cl)ccc1[NH2+]' for input: 'NC(=[NH2+])Sclc1cc(Cl)ccc1[NH2+]'

Progress: 1555/2000
Progress: 1556/2000
Progress: 1557/2000[12:11:44] SMILES Parse Error: syntax error while parsing: NC(=[NH2+])C1CC1C1CC1C1CC1TLSCC1TLSCC11
[12:11:44] SMILES Parse Error: Failed parsing SMILES 'NC(=[NH2+])C1CC1C1CC1C1CC1TLSCC1TLSCC11' for input: 'NC(=[NH2+])C1CC1C1CC1C1CC1TLSCC1TLSCC11'
[12:11:44] SMILES Parse Error: syntax error while parsing: Taking
[12:11:44] SMILES Parse Error: Failed parsing SMILES 'Taking' for input: 'Taking'

Progress: 1558/2000[12:11:47] SMILES Parse Error: syntax error while parsing: NC(=[NH2+])C1CC1CSCff
[12:11:47] SMILES Parse Error: Failed parsing SMILES 'NC(=[NH2+])C1CC1CSCff' for input: 'NC(=[NH2+])C1CC1CSCff'
[12:11:47] SMILES Parse Error: syntax error while parsing: represented
[12:11:47] SMILES Parse Error: Failed parsing SMILES 'represented' for input: 'represented'
[12:11:47] SMILES Parse Error: syntax error while parsing: The
[12:11:47] SMILES Parse Error: Failed parsing SMILES 'The' for input: 'The'

Progress: 1559/2000
Progress: 1560/2000
Progress: 1561/2000
Progress: 1562/2000
Progress: 1563/2000
Progress: 1564/2000
Progress: 1565/2000
Progress: 1566/2000
Progress: 1567/2000[12:12:17] SMILES Parse Error: syntax error while parsing: O=C(O)C(=O)NCCNC(=O)C(=O)NCCNC(=O)C(=O)NCCNC(=O)C(=O)NCCNC(=O)C(=O)NCCNC(=O)C(=O)NCCNC(=O)C(=O)NCCNC(=O)C(=O)NCCNC(=O)C(=O)NCCNC(=O)C(=O)NCCNC(=O)C(
[12:12:17] SMILES Parse Error: Failed parsing SMILES 'O=C(O)C(=O)NCCNC(=O)C(=O)NCCNC(=O)C(=O)NCCNC(=O)C(=O)NCCNC(=O)C(=O)NCCNC(=O)C(=O)NCCNC(=O)C(=O)NCCNC(=O)C(=O)NCCNC(=O)C(=O)NCCNC(=O)C(=O)NCCNC(=O)C(' for input: 'O=C(O)C(=O)NCCNC(=O)C(=O)NCCNC(=O)C(=O)NCCNC(=O)C(=O)NCCNC(=O)C(=O)NCCNC(=O)C(=O)NCCNC(=O)C(=O)NCCNC(=O)C(=O)NCCNC(=O)C(=O)NCCNC(=O)C(=O)NCCNC(=O)C('

Progress: 1568/2000[12:12:19] SMILES Parse Error: syntax error while parsing: Si
[12:12:19] SMILES Parse Error: Failed parsing SMILES 'Si' for input: 'Si'
[12:12:19] SMILES Parse Error: syntax error while parsing: 3CCC(CC)(CC)S[Si](C)(C)C(C)(C)c1csc(C(C)C)c1
[12:12:19] SMILES Parse Error: Failed parsing SMILES '3CCC(CC)(CC)S[Si](C)(C)C(C)(C)c1csc(C(C)C)c1' for input: '3CCC(CC)(CC)S[Si](C)(C)C(C)(C)c1csc(C(C)C)c1'

Progress: 1569/2000
Progress: 1570/2000[12:12:26] SMILES Parse Error: syntax error while parsing: C[NH+](C)CC(C[NH3+])(lipophilicity=3.2)C(=O)OC(C)(C)C
[12:12:26] SMILES Parse Error: Failed parsing SMILES 'C[NH+](C)CC(C[NH3+])(lipophilicity=3.2)C(=O)OC(C)(C)C' for input: 'C[NH+](C)CC(C[NH3+])(lipophilicity=3.2)C(=O)OC(C)(C)C'

Progress: 1571/2000
Progress: 1572/2000
Progress: 1573/2000[12:12:40] SMILES Parse Error: unclosed ring for input: 'NC(=[NH2+])C1CC1C1CC1C1CC1C1CC1C1CC1C1CC1C1CC1C1CC1C1CC1C1CC1C1CC1C1CC1C1CC1C1CC1C1CC1C1CC1C1CC1C1CC1C1CC1C1CC1C1CC1C1CC1C1CC1C1CC1C1CC1C1CC1C1'
[12:12:40] SMILES Parse Error: syntax error while parsing: The
[12:12:40] SMILES Parse Error: Failed parsing SMILES 'The' for input: 'The'

Progress: 1574/2000[12:12:42] SMILES Parse Error: syntax error while parsing: NC(=[NH2+])u1ccc(B(O)O)[nH]1
[12:12:42] SMILES Parse Error: Failed parsing SMILES 'NC(=[NH2+])u1ccc(B(O)O)[nH]1' for input: 'NC(=[NH2+])u1ccc(B(O)O)[nH]1'

Progress: 1575/2000
Progress: 1576/2000
Progress: 1577/2000[12:12:53] SMILES Parse Error: syntax error while parsing: Taking
[12:12:53] SMILES Parse Error: Failed parsing SMILES 'Taking' for input: 'Taking'

Progress: 1578/2000
Progress: 1579/2000[12:12:59] SMILES Parse Error: syntax error while parsing: Taking
[12:12:59] SMILES Parse Error: Failed parsing SMILES 'Taking' for input: 'Taking'

Progress: 1580/2000[12:13:04] SMILES Parse Error: syntax error while parsing: Taking
[12:13:04] SMILES Parse Error: Failed parsing SMILES 'Taking' for input: 'Taking'

Progress: 1581/2000[12:13:09] SMILES Parse Error: syntax error while parsing: represented
[12:13:09] SMILES Parse Error: Failed parsing SMILES 'represented' for input: 'represented'
[12:13:09] SMILES Parse Error: syntax error while parsing: The
[12:13:09] SMILES Parse Error: Failed parsing SMILES 'The' for input: 'The'

Progress: 1582/2000
Progress: 1583/2000
Progress: 1584/2000[12:13:17] SMILES Parse Error: syntax error while parsing: NC(=[NH2+])B(O)C(O)C(O)C(O)C(O)C(O)C(O)C(O)C(O)C(O)C(O)C(O)C(O)C(O)C(O)C(O)C(O)C(O)C(O)C(O)C(O)C(O)C(O)C(O)C(O)C(O)C(
[12:13:17] SMILES Parse Error: Failed parsing SMILES 'NC(=[NH2+])B(O)C(O)C(O)C(O)C(O)C(O)C(O)C(O)C(O)C(O)C(O)C(O)C(O)C(O)C(O)C(O)C(O)C(O)C(O)C(O)C(O)C(O)C(O)C(O)C(O)C(O)C(' for input: 'NC(=[NH2+])B(O)C(O)C(O)C(O)C(O)C(O)C(O)C(O)C(O)C(O)C(O)C(O)C(O)C(O)C(O)C(O)C(O)C(O)C(O)C(O)C(O)C(O)C(O)C(O)C(O)C(O)C('
[12:13:17] SMILES Parse Error: syntax error while parsing: The
[12:13:17] SMILES Parse Error: Failed parsing SMILES 'The' for input: 'The'

Progress: 1585/2000[12:13:20] SMILES Parse Error: syntax error while parsing: Taking
[12:13:20] SMILES Parse Error: Failed parsing SMILES 'Taking' for input: 'Taking'

Progress: 1586/2000[12:13:22] SMILES Parse Error: syntax error while parsing: 427.0
[12:13:22] SMILES Parse Error: Failed parsing SMILES '427.0' for input: '427.0'

Progress: 1587/2000
Progress: 1588/2000
Progress: 1589/2000
Progress: 1590/2000[12:13:29] SMILES Parse Error: syntax error while parsing: NC(=[NH2+])C1CC1CSC(=O)NCC(=O)NCC(=O)NHD(C)HBD2CCCC2
[12:13:29] SMILES Parse Error: Failed parsing SMILES 'NC(=[NH2+])C1CC1CSC(=O)NCC(=O)NCC(=O)NHD(C)HBD2CCCC2' for input: 'NC(=[NH2+])C1CC1CSC(=O)NCC(=O)NCC(=O)NHD(C)HBD2CCCC2'
[12:13:29] SMILES Parse Error: syntax error while parsing: Taking
[12:13:29] SMILES Parse Error: Failed parsing SMILES 'Taking' for input: 'Taking'

Progress: 1591/2000[12:13:33] SMILES Parse Error: syntax error while parsing: NCC(=O)NC(=O)NC(=O)N(C)C(=O)C(=O)N(C)C(=O)C(=O)N(C)C(=O)HBD
[12:13:33] SMILES Parse Error: Failed parsing SMILES 'NCC(=O)NC(=O)NC(=O)N(C)C(=O)C(=O)N(C)C(=O)C(=O)N(C)C(=O)HBD' for input: 'NCC(=O)NC(=O)NC(=O)N(C)C(=O)C(=O)N(C)C(=O)C(=O)N(C)C(=O)HBD'

Progress: 1592/2000[12:13:36] SMILES Parse Error: extra close parentheses while parsing: CC(C[NH+](C[NH2+]C)C)C[P+]([O-])[O-])C(=O)O
[12:13:36] SMILES Parse Error: Failed parsing SMILES 'CC(C[NH+](C[NH2+]C)C)C[P+]([O-])[O-])C(=O)O' for input: 'CC(C[NH+](C[NH2+]C)C)C[P+]([O-])[O-])C(=O)O'
[12:13:36] SMILES Parse Error: syntax error while parsing: molecule
[12:13:36] SMILES Parse Error: Failed parsing SMILES 'molecule' for input: 'molecule'
[12:13:36] SMILES Parse Error: syntax error while parsing: Taking
[12:13:36] SMILES Parse Error: Failed parsing SMILES 'Taking' for input: 'Taking'

Progress: 1593/2000
Progress: 1594/2000[12:13:39] SMILES Parse Error: syntax error while parsing: O=C([O-])C(=O)C(=O)NCC(=O)NCC(=O)NCC(=O)NCC(=O)NCC(=O)NCC(=O)NCC(=O)NCC(=O)NCC(=O)NCC(=O)NCC(=O)NCC(=O)NCC(=O)NCC(=O)NCC(=O)NCC(=O)NCC(=O)NCC(=O)NCC(
[12:13:39] SMILES Parse Error: Failed parsing SMILES 'O=C([O-])C(=O)C(=O)NCC(=O)NCC(=O)NCC(=O)NCC(=O)NCC(=O)NCC(=O)NCC(=O)NCC(=O)NCC(=O)NCC(=O)NCC(=O)NCC(=O)NCC(=O)NCC(=O)NCC(=O)NCC(=O)NCC(=O)NCC(=O)NCC(' for input: 'O=C([O-])C(=O)C(=O)NCC(=O)NCC(=O)NCC(=O)NCC(=O)NCC(=O)NCC(=O)NCC(=O)NCC(=O)NCC(=O)NCC(=O)NCC(=O)NCC(=O)NCC(=O)NCC(=O)NCC(=O)NCC(=O)NCC(=O)NCC(=O)NCC('

Progress: 1595/2000[12:13:41] SMILES Parse Error: syntax error while parsing: CCC(CC)(CC)Sc1cc(B(O)O)ccc1lipophilic
[12:13:41] SMILES Parse Error: Failed parsing SMILES 'CCC(CC)(CC)Sc1cc(B(O)O)ccc1lipophilic' for input: 'CCC(CC)(CC)Sc1cc(B(O)O)ccc1lipophilic'

Progress: 1596/2000[12:13:44] SMILES Parse Error: syntax error while parsing: Taking
[12:13:44] SMILES Parse Error: Failed parsing SMILES 'Taking' for input: 'Taking'

Progress: 1597/2000
Progress: 1598/2000
Progress: 1599/2000
Progress: 1600/2000
Progress: 1601/2000
Progress: 1602/2000
Progress: 1603/2000
Progress: 1604/2000
Progress: 1605/2000
Progress: 1606/2000[12:14:06] non-ring atom 5 marked aromatic

Progress: 1607/2000
Progress: 1608/2000
Progress: 1609/2000[12:14:12] SMILES Parse Error: syntax error while parsing: NC(=[NH2+])C(=O)C(=O)From
[12:14:12] SMILES Parse Error: Failed parsing SMILES 'NC(=[NH2+])C(=O)C(=O)From' for input: 'NC(=[NH2+])C(=O)C(=O)From'

Progress: 1610/2000
Progress: 1611/2000
Progress: 1612/2000
Progress: 1613/2000
Progress: 1614/2000[12:14:20] SMILES Parse Error: syntax error while parsing: CCC(CC)(CC)Sc1cc(B(O)O)ccc1lipophilic
[12:14:20] SMILES Parse Error: Failed parsing SMILES 'CCC(CC)(CC)Sc1cc(B(O)O)ccc1lipophilic' for input: 'CCC(CC)(CC)Sc1cc(B(O)O)ccc1lipophilic'

Progress: 1615/2000
Progress: 1616/2000
Progress: 1617/2000
Progress: 1618/2000[12:14:34] SMILES Parse Error: syntax error while parsing: NC(=[NH2+])s1ccc(C(=O)N[C@H](C)C(=O)N[C@H](C)C(=O)N[C@H](C)C(=O)N[C@H](C)C(=O)N[C@H](C)C(=O)N[C@H](C)C(=O)N[C@H](C)C(=O)N[C@H](
[12:14:34] SMILES Parse Error: Failed parsing SMILES 'NC(=[NH2+])s1ccc(C(=O)N[C@H](C)C(=O)N[C@H](C)C(=O)N[C@H](C)C(=O)N[C@H](C)C(=O)N[C@H](C)C(=O)N[C@H](C)C(=O)N[C@H](C)C(=O)N[C@H](' for input: 'NC(=[NH2+])s1ccc(C(=O)N[C@H](C)C(=O)N[C@H](C)C(=O)N[C@H](C)C(=O)N[C@H](C)C(=O)N[C@H](C)C(=O)N[C@H](C)C(=O)N[C@H](C)C(=O)N[C@H]('
[12:14:34] SMILES Parse Error: syntax error while parsing: The
[12:14:34] SMILES Parse Error: Failed parsing SMILES 'The' for input: 'The'

Progress: 1619/2000
Progress: 1620/2000[12:14:40] SMILES Parse Error: syntax error while parsing: 614.00
[12:14:40] SMILES Parse Error: Failed parsing SMILES '614.00' for input: '614.00'

Progress: 1621/2000[12:14:42] SMILES Parse Error: syntax error while parsing: NC(=[NH2+])Tcp1nc(C(=O)Q2CC(=O)NC(=O)C2)n[nH]1
[12:14:42] SMILES Parse Error: Failed parsing SMILES 'NC(=[NH2+])Tcp1nc(C(=O)Q2CC(=O)NC(=O)C2)n[nH]1' for input: 'NC(=[NH2+])Tcp1nc(C(=O)Q2CC(=O)NC(=O)C2)n[nH]1'

Progress: 1622/2000[12:14:43] SMILES Parse Error: syntax error while parsing: C[NH+](C)C(C(=O)NN)c1nnc(H)c(C(=O)[O-])c1
[12:14:43] SMILES Parse Error: Failed parsing SMILES 'C[NH+](C)C(C(=O)NN)c1nnc(H)c(C(=O)[O-])c1' for input: 'C[NH+](C)C(C(=O)NN)c1nnc(H)c(C(=O)[O-])c1'

Progress: 1623/2000[12:14:46] SMILES Parse Error: syntax error while parsing: NC(=[NH2+])Scaffold:
[12:14:46] SMILES Parse Error: Failed parsing SMILES 'NC(=[NH2+])Scaffold:' for input: 'NC(=[NH2+])Scaffold:'
[12:14:46] SMILES Parse Error: syntax error while parsing: NC(=[NH2+])Scaffold
[12:14:46] SMILES Parse Error: Failed parsing SMILES 'NC(=[NH2+])Scaffold' for input: 'NC(=[NH2+])Scaffold'
[12:14:46] SMILES Parse Error: syntax error while parsing: The
[12:14:46] SMILES Parse Error: Failed parsing SMILES 'The' for input: 'The'

Progress: 1624/2000[12:14:50] SMILES Parse Error: syntax error while parsing: Taking
[12:14:50] SMILES Parse Error: Failed parsing SMILES 'Taking' for input: 'Taking'

Progress: 1625/2000
Progress: 1626/2000[12:14:55] SMILES Parse Error: syntax error while parsing: CC(C[NH+](C)C)C(=O)NS(=O)(=O)C[C@@H](C)C(=O)H3CC(=O)N(C)CC3
[12:14:55] SMILES Parse Error: Failed parsing SMILES 'CC(C[NH+](C)C)C(=O)NS(=O)(=O)C[C@@H](C)C(=O)H3CC(=O)N(C)CC3' for input: 'CC(C[NH+](C)C)C(=O)NS(=O)(=O)C[C@@H](C)C(=O)H3CC(=O)N(C)CC3'
[12:14:55] SMILES Parse Error: syntax error while parsing: Taking
[12:14:55] SMILES Parse Error: Failed parsing SMILES 'Taking' for input: 'Taking'

Progress: 1627/2000
Progress: 1628/2000[12:14:59] SMILES Parse Error: syntax error while parsing: NCC(=O)NC(CC(=O)NC(C)C)C(O)C(=O)NC(be)c1cccc(Cl)c1Cl
[12:14:59] SMILES Parse Error: Failed parsing SMILES 'NCC(=O)NC(CC(=O)NC(C)C)C(O)C(=O)NC(be)c1cccc(Cl)c1Cl' for input: 'NCC(=O)NC(CC(=O)NC(C)C)C(O)C(=O)NC(be)c1cccc(Cl)c1Cl'

Progress: 1629/2000
Progress: 1630/2000
Progress: 1631/2000[12:15:08] SMILES Parse Error: syntax error while parsing: 407.00
[12:15:08] SMILES Parse Error: Failed parsing SMILES '407.00' for input: '407.00'

Progress: 1632/2000[12:15:09] SMILES Parse Error: extra open parentheses for input: 'CCC(CC)(CC)Sc1cc(C(=O)'
[12:15:09] SMILES Parse Error: syntax error while parsing: The
[12:15:09] SMILES Parse Error: Failed parsing SMILES 'The' for input: 'The'

Progress: 1633/2000[12:15:11] SMILES Parse Error: syntax error while parsing: CCC(CC)(CC)Sc1cc(B(O)O)ccc1lipophilic
[12:15:11] SMILES Parse Error: Failed parsing SMILES 'CCC(CC)(CC)Sc1cc(B(O)O)ccc1lipophilic' for input: 'CCC(CC)(CC)Sc1cc(B(O)O)ccc1lipophilic'
[12:15:11] SMILES Parse Error: syntax error while parsing: CCC(CC)(CC)Sc1cc(B(O)O)ccc1lipophilic
[12:15:11] SMILES Parse Error: Failed parsing SMILES 'CCC(CC)(CC)Sc1cc(B(O)O)ccc1lipophilic' for input: 'CCC(CC)(CC)Sc1cc(B(O)O)ccc1lipophilic'
[12:15:11] SMILES Parse Error: syntax error while parsing: The
[12:15:11] SMILES Parse Error: Failed parsing SMILES 'The' for input: 'The'

Progress: 1634/2000
Progress: 1635/2000[12:15:14] SMILES Parse Error: syntax error while parsing: 555.00
[12:15:14] SMILES Parse Error: Failed parsing SMILES '555.00' for input: '555.00'

Progress: 1636/2000
Progress: 1637/2000
Progress: 1638/2000[12:15:22] SMILES Parse Error: syntax error while parsing: C[NH+](C)CC(C[NH3+])(lipophilic)C(=O)[O-]
[12:15:22] SMILES Parse Error: Failed parsing SMILES 'C[NH+](C)CC(C[NH3+])(lipophilic)C(=O)[O-]' for input: 'C[NH+](C)CC(C[NH3+])(lipophilic)C(=O)[O-]'
[12:15:22] SMILES Parse Error: syntax error while parsing: Taking
[12:15:22] SMILES Parse Error: Failed parsing SMILES 'Taking' for input: 'Taking'

Progress: 1639/2000
Progress: 1640/2000
Progress: 1641/2000[12:15:30] SMILES Parse Error: syntax error while parsing: CCC(CC)(CC)Sc1cc(C(=O)c2sccc2Br)sc1H
[12:15:30] SMILES Parse Error: Failed parsing SMILES 'CCC(CC)(CC)Sc1cc(C(=O)c2sccc2Br)sc1H' for input: 'CCC(CC)(CC)Sc1cc(C(=O)c2sccc2Br)sc1H'

Progress: 1642/2000
Progress: 1643/2000[12:15:38] SMILES Parse Error: syntax error while parsing: 3CC(C)CCC(C)c1cc(lib)cc(O)c1
[12:15:38] SMILES Parse Error: Failed parsing SMILES '3CC(C)CCC(C)c1cc(lib)cc(O)c1' for input: '3CC(C)CCC(C)c1cc(lib)cc(O)c1'

Progress: 1644/2000
Progress: 1645/2000
Progress: 1646/2000[12:15:49] SMILES Parse Error: syntax error while parsing: CC(C[NH+](C[NH2+]C)C[NH2+]C)C(=O)C(=O)C(=O)C(=O)C(=O)C(=O)C(=O)C(=O)C(=O)C(=O)C(=O)C(=O)C(=O)C(=O)C(=O)C(=O)C(=O)C(=
[12:15:49] SMILES Parse Error: Failed parsing SMILES 'CC(C[NH+](C[NH2+]C)C[NH2+]C)C(=O)C(=O)C(=O)C(=O)C(=O)C(=O)C(=O)C(=O)C(=O)C(=O)C(=O)C(=O)C(=O)C(=O)C(=O)C(=O)C(=O)C(=' for input: 'CC(C[NH+](C[NH2+]C)C[NH2+]C)C(=O)C(=O)C(=O)C(=O)C(=O)C(=O)C(=O)C(=O)C(=O)C(=O)C(=O)C(=O)C(=O)C(=O)C(=O)C(=O)C(=O)C(='
[12:15:49] SMILES Parse Error: syntax error while parsing: The
[12:15:49] SMILES Parse Error: Failed parsing SMILES 'The' for input: 'The'

Progress: 1647/2000[12:15:54] SMILES Parse Error: syntax error while parsing: 494.00
[12:15:54] SMILES Parse Error: Failed parsing SMILES '494.00' for input: '494.00'

Progress: 1648/2000[12:15:56] SMILES Parse Error: syntax error while parsing: 618.00
[12:15:56] SMILES Parse Error: Failed parsing SMILES '618.00' for input: '618.00'

Progress: 1649/2000
Progress: 1650/2000
Progress: 1651/2000[12:16:06] SMILES Parse Error: unclosed ring for input: 'NC(=[NH2+])C1CC2CC1C2CC(N)C(N)C(N)C(N)C(N)C(N)C(N)C(N)C(N)C(N)C2N'
[12:16:06] SMILES Parse Error: syntax error while parsing: Taking
[12:16:06] SMILES Parse Error: Failed parsing SMILES 'Taking' for input: 'Taking'

Progress: 1652/2000
Progress: 1653/2000[12:16:09] SMILES Parse Error: syntax error while parsing: NC(=[NH2+])C1CC1CSCff
[12:16:09] SMILES Parse Error: Failed parsing SMILES 'NC(=[NH2+])C1CC1CSCff' for input: 'NC(=[NH2+])C1CC1CSCff'

Progress: 1654/2000
Progress: 1655/2000
Progress: 1656/2000[12:16:15] non-ring atom 9 marked aromatic
[12:16:15] SMILES Parse Error: syntax error while parsing: Taking
[12:16:15] SMILES Parse Error: Failed parsing SMILES 'Taking' for input: 'Taking'

Progress: 1657/2000[12:16:17] SMILES Parse Error: syntax error while parsing: CC(C[NH+](C)C)ize(li)
[12:16:17] SMILES Parse Error: Failed parsing SMILES 'CC(C[NH+](C)C)ize(li)' for input: 'CC(C[NH+](C)C)ize(li)'
[12:16:17] SMILES Parse Error: syntax error while parsing: The
[12:16:17] SMILES Parse Error: Failed parsing SMILES 'The' for input: 'The'

Progress: 1658/2000
Progress: 1659/2000
Progress: 1660/2000[12:16:23] SMILES Parse Error: syntax error while parsing: NC(=[NH2+])C1CC1C(=O)NCC(=O)N(C)C(CO)DH(O)O
[12:16:23] SMILES Parse Error: Failed parsing SMILES 'NC(=[NH2+])C1CC1C(=O)NCC(=O)N(C)C(CO)DH(O)O' for input: 'NC(=[NH2+])C1CC1C(=O)NCC(=O)N(C)C(CO)DH(O)O'

Progress: 1661/2000
Progress: 1662/2000
Progress: 1663/2000[12:16:35] SMILES Parse Error: extra close parentheses while parsing: CC(C[NH+](C[C@@H](C)C1CCC1)CC(C)C1CCC1)C(=O)[O-])C(=O)[O-])C(=O)[O-])C1CCC1
[12:16:35] SMILES Parse Error: Failed parsing SMILES 'CC(C[NH+](C[C@@H](C)C1CCC1)CC(C)C1CCC1)C(=O)[O-])C(=O)[O-])C(=O)[O-])C1CCC1' for input: 'CC(C[NH+](C[C@@H](C)C1CCC1)CC(C)C1CCC1)C(=O)[O-])C(=O)[O-])C(=O)[O-])C1CCC1'
[12:16:35] SMILES Parse Error: syntax error while parsing: Taking
[12:16:35] SMILES Parse Error: Failed parsing SMILES 'Taking' for input: 'Taking'

Progress: 1664/2000
Progress: 1665/2000
Progress: 1666/2000[12:16:48] SMILES Parse Error: syntax error while parsing: NNC(=O)C(=O)NC(=O)Based
[12:16:48] SMILES Parse Error: Failed parsing SMILES 'NNC(=O)C(=O)NC(=O)Based' for input: 'NNC(=O)C(=O)NC(=O)Based'
[12:16:48] SMILES Parse Error: syntax error while parsing: NNC(=O)C(=O)NC(=O)Based
[12:16:48] SMILES Parse Error: Failed parsing SMILES 'NNC(=O)C(=O)NC(=O)Based' for input: 'NNC(=O)C(=O)NC(=O)Based'
[12:16:48] SMILES Parse Error: syntax error while parsing: The
[12:16:48] SMILES Parse Error: Failed parsing SMILES 'The' for input: 'The'

Progress: 1667/2000
Progress: 1668/2000
Progress: 1669/2000
Progress: 1670/2000[12:17:03] SMILES Parse Error: syntax error while parsing: NC(=[NH2+])C1CC1CSCff
[12:17:03] SMILES Parse Error: Failed parsing SMILES 'NC(=[NH2+])C1CC1CSCff' for input: 'NC(=[NH2+])C1CC1CSCff'

Progress: 1671/2000[12:17:06] SMILES Parse Error: syntax error while parsing: represented
[12:17:06] SMILES Parse Error: Failed parsing SMILES 'represented' for input: 'represented'
[12:17:06] SMILES Parse Error: syntax error while parsing: The
[12:17:06] SMILES Parse Error: Failed parsing SMILES 'The' for input: 'The'

Progress: 1672/2000
Progress: 1673/2000[12:17:09] SMILES Parse Error: syntax error while parsing: CCC(CC)(CC)Sc1ccc(C(=O)Ascc2ccccc2)cc1
[12:17:09] SMILES Parse Error: Failed parsing SMILES 'CCC(CC)(CC)Sc1ccc(C(=O)Ascc2ccccc2)cc1' for input: 'CCC(CC)(CC)Sc1ccc(C(=O)Ascc2ccccc2)cc1'
[12:17:09] SMILES Parse Error: syntax error while parsing: CCC(CC)(CC)Sc1ccc(C(=O)Ascc2ccccc2)cc1
[12:17:09] SMILES Parse Error: Failed parsing SMILES 'CCC(CC)(CC)Sc1ccc(C(=O)Ascc2ccccc2)cc1' for input: 'CCC(CC)(CC)Sc1ccc(C(=O)Ascc2ccccc2)cc1'
[12:17:09] SMILES Parse Error: syntax error while parsing: The
[12:17:09] SMILES Parse Error: Failed parsing SMILES 'The' for input: 'The'

Progress: 1674/2000[12:17:17] SMILES Parse Error: syntax error while parsing: Taking
[12:17:17] SMILES Parse Error: Failed parsing SMILES 'Taking' for input: 'Taking'

Progress: 1675/2000
Progress: 1676/2000[12:17:24] Can't kekulize mol.  Unkekulized atoms: 8 9 10 11 14
[12:17:24] SMILES Parse Error: syntax error while parsing: Taking
[12:17:24] SMILES Parse Error: Failed parsing SMILES 'Taking' for input: 'Taking'

Progress: 1677/2000
Progress: 1678/2000
Progress: 1679/2000[12:17:36] SMILES Parse Error: syntax error while parsing: C[NH+](C)C(C(=O)NN)c1sc(B(O)O)cc1T
[12:17:36] SMILES Parse Error: Failed parsing SMILES 'C[NH+](C)C(C(=O)NN)c1sc(B(O)O)cc1T' for input: 'C[NH+](C)C(C(=O)NN)c1sc(B(O)O)cc1T'

Progress: 1680/2000
Progress: 1681/2000[12:17:40] SMILES Parse Error: syntax error while parsing: CCC(CC)(CC)Sc1cc(C(=O)L)ccc1[C@@H](C)c1cccc(C(C)C)c1
[12:17:40] SMILES Parse Error: Failed parsing SMILES 'CCC(CC)(CC)Sc1cc(C(=O)L)ccc1[C@@H](C)c1cccc(C(C)C)c1' for input: 'CCC(CC)(CC)Sc1cc(C(=O)L)ccc1[C@@H](C)c1cccc(C(C)C)c1'
[12:17:40] SMILES Parse Error: syntax error while parsing: CCC(CC)(CC)Sc1cc(C(=O)L)ccc1[C@@H](C)c1cccc(C(C)C)c1
[12:17:40] SMILES Parse Error: Failed parsing SMILES 'CCC(CC)(CC)Sc1cc(C(=O)L)ccc1[C@@H](C)c1cccc(C(C)C)c1' for input: 'CCC(CC)(CC)Sc1cc(C(=O)L)ccc1[C@@H](C)c1cccc(C(C)C)c1'
[12:17:40] SMILES Parse Error: syntax error while parsing: The
[12:17:40] SMILES Parse Error: Failed parsing SMILES 'The' for input: 'The'

Progress: 1682/2000[12:17:43] SMILES Parse Error: syntax error while parsing: CCC(CC)(CC)Sc1cc(C(=O)c2cccc(Br)c2)oc1H
[12:17:43] SMILES Parse Error: Failed parsing SMILES 'CCC(CC)(CC)Sc1cc(C(=O)c2cccc(Br)c2)oc1H' for input: 'CCC(CC)(CC)Sc1cc(C(=O)c2cccc(Br)c2)oc1H'
[12:17:43] SMILES Parse Error: syntax error while parsing: represented
[12:17:43] SMILES Parse Error: Failed parsing SMILES 'represented' for input: 'represented'
[12:17:43] SMILES Parse Error: syntax error while parsing: The
[12:17:43] SMILES Parse Error: Failed parsing SMILES 'The' for input: 'The'

Progress: 1683/2000[12:17:49] SMILES Parse Error: syntax error while parsing: CC(C[NH+](C[NH2+]CCC(=O)N[C@@H](C)C(=O)N[C@H](C)C(=O)N[C@@H](C)C(=O)N[C@@H](C)C(=O)N[C@@H](C)C(=O)N[C@H](C)C(=O)N[C@@H](C)C(=O)N[
[12:17:49] SMILES Parse Error: Failed parsing SMILES 'CC(C[NH+](C[NH2+]CCC(=O)N[C@@H](C)C(=O)N[C@H](C)C(=O)N[C@@H](C)C(=O)N[C@@H](C)C(=O)N[C@@H](C)C(=O)N[C@H](C)C(=O)N[C@@H](C)C(=O)N[' for input: 'CC(C[NH+](C[NH2+]CCC(=O)N[C@@H](C)C(=O)N[C@H](C)C(=O)N[C@@H](C)C(=O)N[C@@H](C)C(=O)N[C@@H](C)C(=O)N[C@H](C)C(=O)N[C@@H](C)C(=O)N['
[12:17:49] SMILES Parse Error: syntax error while parsing: The
[12:17:49] SMILES Parse Error: Failed parsing SMILES 'The' for input: 'The'

Progress: 1684/2000
Progress: 1685/2000[12:17:58] SMILES Parse Error: syntax error while parsing: NC(=[NH2+])Sca100
[12:17:58] SMILES Parse Error: Failed parsing SMILES 'NC(=[NH2+])Sca100' for input: 'NC(=[NH2+])Sca100'
[12:17:58] SMILES Parse Error: syntax error while parsing: NC(=[NH2+])Sca100
[12:17:58] SMILES Parse Error: Failed parsing SMILES 'NC(=[NH2+])Sca100' for input: 'NC(=[NH2+])Sca100'
[12:17:58] SMILES Parse Error: syntax error while parsing: The
[12:17:58] SMILES Parse Error: Failed parsing SMILES 'The' for input: 'The'

Progress: 1686/2000[12:18:02] SMILES Parse Error: unclosed ring for input: 'CCC(CC)(CC)Sc1cc(C(=O)Cl)c(Cl)c(C(=O)O)c15'

Progress: 1687/2000
Progress: 1688/2000
Progress: 1689/2000[12:18:18] SMILES Parse Error: syntax error while parsing: Taking
[12:18:18] SMILES Parse Error: Failed parsing SMILES 'Taking' for input: 'Taking'

Progress: 1690/2000[12:18:22] SMILES Parse Error: syntax error while parsing: NC(=[NH2+])I(C)C(=O)N(C)C(=O)lip[NH+](C)C
[12:18:22] SMILES Parse Error: Failed parsing SMILES 'NC(=[NH2+])I(C)C(=O)N(C)C(=O)lip[NH+](C)C' for input: 'NC(=[NH2+])I(C)C(=O)N(C)C(=O)lip[NH+](C)C'

Progress: 1691/2000
Progress: 1692/2000[12:18:32] SMILES Parse Error: syntax error while parsing: CCC(CC)(CC)Sc1cc(C(=O)c2cc(Br)cs2)sc1H
[12:18:32] SMILES Parse Error: Failed parsing SMILES 'CCC(CC)(CC)Sc1cc(C(=O)c2cc(Br)cs2)sc1H' for input: 'CCC(CC)(CC)Sc1cc(C(=O)c2cc(Br)cs2)sc1H'
[12:18:32] SMILES Parse Error: syntax error while parsing: Taking
[12:18:32] SMILES Parse Error: Failed parsing SMILES 'Taking' for input: 'Taking'

Progress: 1693/2000[12:18:37] SMILES Parse Error: syntax error while parsing: NC(=[NH2+])C1CC1C1CC1C1CC1TLS(=O)(=O)NC1=O
[12:18:37] SMILES Parse Error: Failed parsing SMILES 'NC(=[NH2+])C1CC1C1CC1C1CC1TLS(=O)(=O)NC1=O' for input: 'NC(=[NH2+])C1CC1C1CC1C1CC1TLS(=O)(=O)NC1=O'
[12:18:37] SMILES Parse Error: syntax error while parsing: Taking
[12:18:37] SMILES Parse Error: Failed parsing SMILES 'Taking' for input: 'Taking'

Progress: 1694/2000
Progress: 1695/2000
Progress: 1696/2000
Progress: 1697/2000[12:18:58] SMILES Parse Error: syntax error while parsing: CCC(CC)(CC)Sc1c(B(O)O)c(H)c(H)c1[NH+](CC(N)=O)CC(C)C
[12:18:58] SMILES Parse Error: Failed parsing SMILES 'CCC(CC)(CC)Sc1c(B(O)O)c(H)c(H)c1[NH+](CC(N)=O)CC(C)C' for input: 'CCC(CC)(CC)Sc1c(B(O)O)c(H)c(H)c1[NH+](CC(N)=O)CC(C)C'

Progress: 1698/2000
Progress: 1699/2000[12:19:13] SMILES Parse Error: syntax error while parsing: Taking
[12:19:13] SMILES Parse Error: Failed parsing SMILES 'Taking' for input: 'Taking'

Progress: 1700/2000
Progress: 1701/2000[12:19:19] SMILES Parse Error: unclosed ring for input: 'CCC(CC)(CC)Sc1cc(C(=O)Cl)c(C(=O)O)c(C(=O)O)c14'

Progress: 1702/2000
Progress: 1703/2000[12:19:24] non-ring atom 3 marked aromatic

Progress: 1704/2000
Progress: 1705/2000[12:19:31] SMILES Parse Error: syntax error while parsing: C[NH+](C)CC(C[NH3+])C(=O)rer3cc(C(=O)rer3)C[C@@H](C)C1CC[C@@H](C)C1)NC1CC[C@@H](C)C1
[12:19:31] SMILES Parse Error: Failed parsing SMILES 'C[NH+](C)CC(C[NH3+])C(=O)rer3cc(C(=O)rer3)C[C@@H](C)C1CC[C@@H](C)C1)NC1CC[C@@H](C)C1' for input: 'C[NH+](C)CC(C[NH3+])C(=O)rer3cc(C(=O)rer3)C[C@@H](C)C1CC[C@@H](C)C1)NC1CC[C@@H](C)C1'

Progress: 1706/2000[12:19:38] SMILES Parse Error: syntax error while parsing: Taking
[12:19:38] SMILES Parse Error: Failed parsing SMILES 'Taking' for input: 'Taking'

Progress: 1707/2000
Progress: 1708/2000
Progress: 1709/2000
Progress: 1710/2000
Progress: 1711/2000
Progress: 1712/2000[12:20:02] SMILES Parse Error: syntax error while parsing: 299.00
[12:20:02] SMILES Parse Error: Failed parsing SMILES '299.00' for input: '299.00'

Progress: 1713/2000[12:20:09] SMILES Parse Error: syntax error while parsing: Taking
[12:20:09] SMILES Parse Error: Failed parsing SMILES 'Taking' for input: 'Taking'

Progress: 1714/2000[12:20:18] SMILES Parse Error: syntax error while parsing: NC(=[NH2+])S[C@@H](C)C(=O)N[C@H](C)C(=O)N[C@@H](C)C(=O)N[C@H](C)C(=O)N[C@@H](C)C(=O)N[C@H](C)C(=O)N[C@H](C)C(=O)N[C@H](C)C(=O)N[
[12:20:18] SMILES Parse Error: Failed parsing SMILES 'NC(=[NH2+])S[C@@H](C)C(=O)N[C@H](C)C(=O)N[C@@H](C)C(=O)N[C@H](C)C(=O)N[C@@H](C)C(=O)N[C@H](C)C(=O)N[C@H](C)C(=O)N[C@H](C)C(=O)N[' for input: 'NC(=[NH2+])S[C@@H](C)C(=O)N[C@H](C)C(=O)N[C@@H](C)C(=O)N[C@H](C)C(=O)N[C@@H](C)C(=O)N[C@H](C)C(=O)N[C@H](C)C(=O)N[C@H](C)C(=O)N['
[12:20:18] SMILES Parse Error: syntax error while parsing: The
[12:20:18] SMILES Parse Error: Failed parsing SMILES 'The' for input: 'The'

Progress: 1715/2000[12:20:20] SMILES Parse Error: syntax error while parsing: NC(=[NH2+])Scaffold
[12:20:20] SMILES Parse Error: Failed parsing SMILES 'NC(=[NH2+])Scaffold' for input: 'NC(=[NH2+])Scaffold'
[12:20:20] SMILES Parse Error: syntax error while parsing: NC(=[NH2+])Scaffold
[12:20:20] SMILES Parse Error: Failed parsing SMILES 'NC(=[NH2+])Scaffold' for input: 'NC(=[NH2+])Scaffold'
[12:20:20] SMILES Parse Error: syntax error while parsing: The
[12:20:20] SMILES Parse Error: Failed parsing SMILES 'The' for input: 'The'

Progress: 1716/2000
Progress: 1717/2000[12:20:36] SMILES Parse Error: syntax error while parsing: constructed
[12:20:36] SMILES Parse Error: Failed parsing SMILES 'constructed' for input: 'constructed'
[12:20:36] SMILES Parse Error: syntax error while parsing: O=C(O)C(=O)NCCNC(=O)C(=O)NCCNC(=O)C(=O)NCCNC(=O)C(=O)NLP(I)I
[12:20:36] SMILES Parse Error: Failed parsing SMILES 'O=C(O)C(=O)NCCNC(=O)C(=O)NCCNC(=O)C(=O)NCCNC(=O)C(=O)NLP(I)I' for input: 'O=C(O)C(=O)NCCNC(=O)C(=O)NCCNC(=O)C(=O)NCCNC(=O)C(=O)NLP(I)I'

Progress: 1718/2000[12:20:42] SMILES Parse Error: syntax error while parsing: NC(=[NH2+])C(B(O)O)c1cccc(C(B(O)O)c2cccc(C(B(O)O)c3cccc(C(B(O)O)c4cccc(C(B(O)O)c5cccc(C(B(O)O)c6cccc(C(B(O)O)c7cccc(C(B(O)O)c8cccc(C(
[12:20:42] SMILES Parse Error: Failed parsing SMILES 'NC(=[NH2+])C(B(O)O)c1cccc(C(B(O)O)c2cccc(C(B(O)O)c3cccc(C(B(O)O)c4cccc(C(B(O)O)c5cccc(C(B(O)O)c6cccc(C(B(O)O)c7cccc(C(B(O)O)c8cccc(C(' for input: 'NC(=[NH2+])C(B(O)O)c1cccc(C(B(O)O)c2cccc(C(B(O)O)c3cccc(C(B(O)O)c4cccc(C(B(O)O)c5cccc(C(B(O)O)c6cccc(C(B(O)O)c7cccc(C(B(O)O)c8cccc(C('
[12:20:42] SMILES Parse Error: syntax error while parsing: The
[12:20:42] SMILES Parse Error: Failed parsing SMILES 'The' for input: 'The'

Progress: 1719/2000[12:20:50] SMILES Parse Error: syntax error while parsing: 616.00
[12:20:50] SMILES Parse Error: Failed parsing SMILES '616.00' for input: '616.00'

Progress: 1720/2000
Progress: 1721/2000
Progress: 1722/2000
Progress: 1723/2000
Progress: 1724/2000
Progress: 1725/2000[12:21:17] SMILES Parse Error: syntax error while parsing: 609-lipo[d-@H](C(=O)N[P+]([O-])[O-])lipo[li+]185
[12:21:17] SMILES Parse Error: Failed parsing SMILES '609-lipo[d-@H](C(=O)N[P+]([O-])[O-])lipo[li+]185' for input: '609-lipo[d-@H](C(=O)N[P+]([O-])[O-])lipo[li+]185'

Progress: 1726/2000
Progress: 1727/2000[12:21:27] SMILES Parse Error: syntax error while parsing: Taking
[12:21:27] SMILES Parse Error: Failed parsing SMILES 'Taking' for input: 'Taking'

Progress: 1728/2000
Progress: 1729/2000
Progress: 1730/2000
Progress: 1731/2000[12:21:46] SMILES Parse Error: syntax error while parsing: Taking
[12:21:46] SMILES Parse Error: Failed parsing SMILES 'Taking' for input: 'Taking'

Progress: 1732/2000
Progress: 1733/2000
Progress: 1734/2000[12:22:01] SMILES Parse Error: syntax error while parsing: Taking
[12:22:01] SMILES Parse Error: Failed parsing SMILES 'Taking' for input: 'Taking'

Progress: 1735/2000
Progress: 1736/2000
Progress: 1737/2000
Progress: 1738/2000[12:22:17] Can't kekulize mol.  Unkekulized atoms: 8 9 10 11 16
[12:22:17] Can't kekulize mol.  Unkekulized atoms: 8 9 10 11 16
[12:22:17] SMILES Parse Error: syntax error while parsing: The
[12:22:17] SMILES Parse Error: Failed parsing SMILES 'The' for input: 'The'

Progress: 1739/2000[12:22:20] SMILES Parse Error: syntax error while parsing: C[NH+](C)C(C(=O)NN)c1cccc(lipophilic)c1
[12:22:20] SMILES Parse Error: Failed parsing SMILES 'C[NH+](C)C(C(=O)NN)c1cccc(lipophilic)c1' for input: 'C[NH+](C)C(C(=O)NN)c1cccc(lipophilic)c1'
[12:22:20] SMILES Parse Error: syntax error while parsing: C[NH+](C)C(C(=O)NN)c1cccc(lipophilic)c1
[12:22:20] SMILES Parse Error: Failed parsing SMILES 'C[NH+](C)C(C(=O)NN)c1cccc(lipophilic)c1' for input: 'C[NH+](C)C(C(=O)NN)c1cccc(lipophilic)c1'
[12:22:20] SMILES Parse Error: syntax error while parsing: The
[12:22:20] SMILES Parse Error: Failed parsing SMILES 'The' for input: 'The'

Progress: 1740/2000
Progress: 1741/2000[12:22:29] SMILES Parse Error: syntax error while parsing: TCC(=CBr)C(C)C(C)C(C)C(C)C(C)C(C)C(C)C(C)C(C)C(C)C(C)C(C)C(C)C(C)C(C)C(C)C(C)C(C)C(C)C
[12:22:29] SMILES Parse Error: Failed parsing SMILES 'TCC(=CBr)C(C)C(C)C(C)C(C)C(C)C(C)C(C)C(C)C(C)C(C)C(C)C(C)C(C)C(C)C(C)C(C)C(C)C(C)C(C)C' for input: 'TCC(=CBr)C(C)C(C)C(C)C(C)C(C)C(C)C(C)C(C)C(C)C(C)C(C)C(C)C(C)C(C)C(C)C(C)C(C)C(C)C(C)C'

Progress: 1742/2000
Progress: 1743/2000
Progress: 1744/2000
Progress: 1745/2000
Progress: 1746/2000
Progress: 1747/2000
Progress: 1748/2000[12:22:54] Can't kekulize mol.  Unkekulized atoms: 8 9 13 17 21
[12:22:54] Can't kekulize mol.  Unkekulized atoms: 8 9 13 17 21
[12:22:54] SMILES Parse Error: syntax error while parsing: The
[12:22:54] SMILES Parse Error: Failed parsing SMILES 'The' for input: 'The'

Progress: 1749/2000[12:23:01] SMILES Parse Error: syntax error while parsing: Taking
[12:23:01] SMILES Parse Error: Failed parsing SMILES 'Taking' for input: 'Taking'

Progress: 1750/2000
Progress: 1751/2000
Progress: 1752/2000
Progress: 1753/2000[12:23:17] SMILES Parse Error: syntax error while parsing: Taking
[12:23:17] SMILES Parse Error: Failed parsing SMILES 'Taking' for input: 'Taking'

Progress: 1754/2000[12:23:24] SMILES Parse Error: syntax error while parsing: NC(=[NH2+])B(O)C(O)C(O)C(O)C(O)C(O)C(O)C(O)C(O)C(O)C(O)C(O)C(O)C(O)C(O)C(O)C(O)C(O)C(O)C(O)C(O)C(O)C(O)C(O)C(O)C(O)C(
[12:23:24] SMILES Parse Error: Failed parsing SMILES 'NC(=[NH2+])B(O)C(O)C(O)C(O)C(O)C(O)C(O)C(O)C(O)C(O)C(O)C(O)C(O)C(O)C(O)C(O)C(O)C(O)C(O)C(O)C(O)C(O)C(O)C(O)C(O)C(O)C(' for input: 'NC(=[NH2+])B(O)C(O)C(O)C(O)C(O)C(O)C(O)C(O)C(O)C(O)C(O)C(O)C(O)C(O)C(O)C(O)C(O)C(O)C(O)C(O)C(O)C(O)C(O)C(O)C(O)C(O)C('
[12:23:24] SMILES Parse Error: syntax error while parsing: The
[12:23:24] SMILES Parse Error: Failed parsing SMILES 'The' for input: 'The'

Progress: 1755/2000
Progress: 1756/2000[12:23:31] SMILES Parse Error: syntax error while parsing: NC(=[NH2+])SClib2cc(Cl)cc(Cl)c2
[12:23:31] SMILES Parse Error: Failed parsing SMILES 'NC(=[NH2+])SClib2cc(Cl)cc(Cl)c2' for input: 'NC(=[NH2+])SClib2cc(Cl)cc(Cl)c2'

Progress: 1757/2000
Progress: 1758/2000[12:23:42] SMILES Parse Error: syntax error while parsing: NC(=[NH2+])I(C)C(=O)N(C)C(=O)lip[NH+](C)C
[12:23:42] SMILES Parse Error: Failed parsing SMILES 'NC(=[NH2+])I(C)C(=O)N(C)C(=O)lip[NH+](C)C' for input: 'NC(=[NH2+])I(C)C(=O)N(C)C(=O)lip[NH+](C)C'

Progress: 1759/2000
Progress: 1760/2000
Progress: 1761/2000
Progress: 1762/2000
Progress: 1763/2000
Progress: 1764/2000
Progress: 1765/2000[12:24:13] SMILES Parse Error: syntax error while parsing: CC(C[NH+](C[NH+](C)C)C[P+]([O-])[O-])[C@@H](C)C(=O)TSPA
[12:24:13] SMILES Parse Error: Failed parsing SMILES 'CC(C[NH+](C[NH+](C)C)C[P+]([O-])[O-])[C@@H](C)C(=O)TSPA' for input: 'CC(C[NH+](C[NH+](C)C)C[P+]([O-])[O-])[C@@H](C)C(=O)TSPA'

Progress: 1766/2000
Progress: 1767/2000
Progress: 1768/2000
Progress: 1769/2000
Progress: 1770/2000[12:24:41] SMILES Parse Error: syntax error while parsing: C[NH+](C)CC(C[NH3+])[I-]HBA
[12:24:41] SMILES Parse Error: Failed parsing SMILES 'C[NH+](C)CC(C[NH3+])[I-]HBA' for input: 'C[NH+](C)CC(C[NH3+])[I-]HBA'

Progress: 1771/2000
Progress: 1772/2000
Progress: 1773/2000[12:24:55] SMILES Parse Error: syntax error while parsing: Taking
[12:24:55] SMILES Parse Error: Failed parsing SMILES 'Taking' for input: 'Taking'

Progress: 1774/2000[12:25:02] SMILES Parse Error: unclosed ring for input: 'NC(=[NH2+])C1CC1C1CC1C1CC1C1CC1C1CC1C1CC1C1CC1C1CC1C1CC1C1CC1C1CC1C1CC1C1CC1C1CC1C1CC1C1CC1C1CC1C1CC1C1CC1C1CC1C1CC1C1CC1C1CC1C1CC1C1CC1C1CC1C1'
[12:25:02] SMILES Parse Error: syntax error while parsing: The
[12:25:02] SMILES Parse Error: Failed parsing SMILES 'The' for input: 'The'

Progress: 1775/2000
Progress: 1776/2000[12:25:11] SMILES Parse Error: syntax error while parsing: CCC(CC)(CC)Sc1cc(C(=O)NC(C)C)ccc1HN
[12:25:11] SMILES Parse Error: Failed parsing SMILES 'CCC(CC)(CC)Sc1cc(C(=O)NC(C)C)ccc1HN' for input: 'CCC(CC)(CC)Sc1cc(C(=O)NC(C)C)ccc1HN'
[12:25:11] SMILES Parse Error: syntax error while parsing: represented
[12:25:11] SMILES Parse Error: Failed parsing SMILES 'represented' for input: 'represented'
[12:25:11] SMILES Parse Error: syntax error while parsing: The
[12:25:11] SMILES Parse Error: Failed parsing SMILES 'The' for input: 'The'

Progress: 1777/2000
Progress: 1778/2000[12:25:20] SMILES Parse Error: syntax error while parsing: NC(=[NH2+])S[C@@H](C)C(=O)N[C@H](C)C(=O)N[C@H](C)C(=O)N[C@H](C)C(=O)N[C@H](C)C(=O)N[C@H](C)C(=O)N[C@H](C)C(=O)N[C@H](C)C(=O)N[
[12:25:20] SMILES Parse Error: Failed parsing SMILES 'NC(=[NH2+])S[C@@H](C)C(=O)N[C@H](C)C(=O)N[C@H](C)C(=O)N[C@H](C)C(=O)N[C@H](C)C(=O)N[C@H](C)C(=O)N[C@H](C)C(=O)N[C@H](C)C(=O)N[' for input: 'NC(=[NH2+])S[C@@H](C)C(=O)N[C@H](C)C(=O)N[C@H](C)C(=O)N[C@H](C)C(=O)N[C@H](C)C(=O)N[C@H](C)C(=O)N[C@H](C)C(=O)N[C@H](C)C(=O)N['
[12:25:20] SMILES Parse Error: syntax error while parsing: The
[12:25:20] SMILES Parse Error: Failed parsing SMILES 'The' for input: 'The'

Progress: 1779/2000[12:25:27] SMILES Parse Error: syntax error while parsing: Taking
[12:25:27] SMILES Parse Error: Failed parsing SMILES 'Taking' for input: 'Taking'

Progress: 1780/2000
Progress: 1781/2000
Progress: 1782/2000
Progress: 1783/2000
Progress: 1784/2000[12:25:52] non-ring atom 13 marked aromatic

Progress: 1785/2000[12:25:54] SMILES Parse Error: syntax error while parsing: 489.00
[12:25:54] SMILES Parse Error: Failed parsing SMILES '489.00' for input: '489.00'

Progress: 1786/2000
Progress: 1787/2000[12:26:02] SMILES Parse Error: syntax error while parsing: NC(=[NH2+])C(F)(F)C(=O)NCC(=O)NCC(=O)NHD(C)HBD3HBA3
[12:26:02] SMILES Parse Error: Failed parsing SMILES 'NC(=[NH2+])C(F)(F)C(=O)NCC(=O)NCC(=O)NHD(C)HBD3HBA3' for input: 'NC(=[NH2+])C(F)(F)C(=O)NCC(=O)NCC(=O)NHD(C)HBD3HBA3'
[12:26:02] SMILES Parse Error: syntax error while parsing: Taking
[12:26:02] SMILES Parse Error: Failed parsing SMILES 'Taking' for input: 'Taking'

Progress: 1788/2000
Progress: 1789/2000
Progress: 1790/2000
Progress: 1791/2000[12:26:09] SMILES Parse Error: syntax error while parsing: 538.01
[12:26:09] SMILES Parse Error: Failed parsing SMILES '538.01' for input: '538.01'

Progress: 1792/2000[12:26:15] SMILES Parse Error: syntax error while parsing: C[NH+](C)CC(C[NH3+])C(=O)L[NH+](C)C(=O)HBA

###
[12:26:15] SMILES Parse Error: Failed parsing SMILES 'C[NH+](C)CC(C[NH3+])C(=O)L[NH+](C)C(=O)HBA

###' for input: 'C[NH+](C)CC(C[NH3+])C(=O)L[NH+](C)C(=O)HBA

###'
[12:26:15] SMILES Parse Error: syntax error while parsing: C[NH+](C)CC(C[NH3+])C(=O)L[NH+](C)C(=O)HB(O)O
[12:26:15] SMILES Parse Error: Failed parsing SMILES 'C[NH+](C)CC(C[NH3+])C(=O)L[NH+](C)C(=O)HB(O)O' for input: 'C[NH+](C)CC(C[NH3+])C(=O)L[NH+](C)C(=O)HB(O)O'
[12:26:15] SMILES Parse Error: syntax error while parsing: Taking
[12:26:15] SMILES Parse Error: Failed parsing SMILES 'Taking' for input: 'Taking'

Progress: 1793/2000
Progress: 1794/2000[12:26:24] SMILES Parse Error: syntax error while parsing: represented
[12:26:24] SMILES Parse Error: Failed parsing SMILES 'represented' for input: 'represented'
[12:26:24] SMILES Parse Error: syntax error while parsing: Taking
[12:26:24] SMILES Parse Error: Failed parsing SMILES 'Taking' for input: 'Taking'

Progress: 1795/2000
Progress: 1796/2000
Progress: 1797/2000[12:26:34] SMILES Parse Error: syntax error while parsing: 498.00
[12:26:34] SMILES Parse Error: Failed parsing SMILES '498.00' for input: '498.00'

Progress: 1798/2000[12:26:40] SMILES Parse Error: syntax error while parsing: Towards
[12:26:40] SMILES Parse Error: Failed parsing SMILES 'Towards' for input: 'Towards'

Progress: 1799/2000[12:26:45] SMILES Parse Error: syntax error while parsing: NC(=[NH2+])C(=O)C(=O)C(=O)From
[12:26:45] SMILES Parse Error: Failed parsing SMILES 'NC(=[NH2+])C(=O)C(=O)C(=O)From' for input: 'NC(=[NH2+])C(=O)C(=O)C(=O)From'

Progress: 1800/2000
Progress: 1801/2000[12:26:55] SMILES Parse Error: syntax error while parsing: NC(=[NH2+])Scaffold
[12:26:55] SMILES Parse Error: Failed parsing SMILES 'NC(=[NH2+])Scaffold' for input: 'NC(=[NH2+])Scaffold'
[12:26:55] SMILES Parse Error: syntax error while parsing: denoted
[12:26:55] SMILES Parse Error: Failed parsing SMILES 'denoted' for input: 'denoted'
[12:26:55] SMILES Parse Error: syntax error while parsing: The
[12:26:55] SMILES Parse Error: Failed parsing SMILES 'The' for input: 'The'

Progress: 1802/2000[12:26:58] SMILES Parse Error: syntax error while parsing: 6CCC(CC)(CC)SO
[12:26:58] SMILES Parse Error: Failed parsing SMILES '6CCC(CC)(CC)SO' for input: '6CCC(CC)(CC)SO'

Progress: 1803/2000[12:27:04] SMILES Parse Error: syntax error while parsing: Taking
[12:27:04] SMILES Parse Error: Failed parsing SMILES 'Taking' for input: 'Taking'

Progress: 1804/2000
Progress: 1805/2000
Progress: 1806/2000
Progress: 1807/2000[12:27:14] SMILES Parse Error: syntax error while parsing: NC(=[NH2+])Based
[12:27:14] SMILES Parse Error: Failed parsing SMILES 'NC(=[NH2+])Based' for input: 'NC(=[NH2+])Based'

Progress: 1808/2000[12:27:20] SMILES Parse Error: syntax error while parsing: O=C([O-])C(=O)C(=O)C(=O)N(I)C(=O)H(O)C(=O)N(I)C(=O)C1
[12:27:20] SMILES Parse Error: Failed parsing SMILES 'O=C([O-])C(=O)C(=O)C(=O)N(I)C(=O)H(O)C(=O)N(I)C(=O)C1' for input: 'O=C([O-])C(=O)C(=O)C(=O)N(I)C(=O)H(O)C(=O)N(I)C(=O)C1'
[12:27:20] SMILES Parse Error: syntax error while parsing: O=C([O-])C(=O)C(=O)C(=O)N(I)C(=O)H(O)C(=O)N(I)C(=O)C1
[12:27:20] SMILES Parse Error: Failed parsing SMILES 'O=C([O-])C(=O)C(=O)C(=O)N(I)C(=O)H(O)C(=O)N(I)C(=O)C1' for input: 'O=C([O-])C(=O)C(=O)C(=O)N(I)C(=O)H(O)C(=O)N(I)C(=O)C1'
[12:27:20] SMILES Parse Error: syntax error while parsing: O=C([O-])C(=O)C(=O)C(=O)N(I)C(=O)H(O)C(=O)N(I)C(=O)H2
[12:27:20] SMILES Parse Error: Failed parsing SMILES 'O=C([O-])C(=O)C(=O)C(=O)N(I)C(=O)H(O)C(=O)N(I)C(=O)H2' for input: 'O=C([O-])C(=O)C(=O)C(=O)N(I)C(=O)H(O)C(=O)N(I)C(=O)H2'

Progress: 1809/2000[12:27:23] SMILES Parse Error: syntax error while parsing: CC(C[NH+](C[NH3+])C[I-]C(C)(C)C)HBD1HBA1
[12:27:23] SMILES Parse Error: Failed parsing SMILES 'CC(C[NH+](C[NH3+])C[I-]C(C)(C)C)HBD1HBA1' for input: 'CC(C[NH+](C[NH3+])C[I-]C(C)(C)C)HBD1HBA1'
[12:27:23] SMILES Parse Error: syntax error while parsing: CC(C[NH+](C[NH3+])C[I-]C(C)(C)C)HBD1HBA1
[12:27:23] SMILES Parse Error: Failed parsing SMILES 'CC(C[NH+](C[NH3+])C[I-]C(C)(C)C)HBD1HBA1' for input: 'CC(C[NH+](C[NH3+])C[I-]C(C)(C)C)HBD1HBA1'
[12:27:23] SMILES Parse Error: syntax error while parsing: The
[12:27:23] SMILES Parse Error: Failed parsing SMILES 'The' for input: 'The'

Progress: 1810/2000
Progress: 1811/2000
Progress: 1812/2000[12:27:33] SMILES Parse Error: unclosed ring for input: 'NC(=[NH2+])C1CC1C2CC2C2CC2C2(C)CC1C2CC1CC1C2CC2C2(C)CC2C1C2'
[12:27:33] SMILES Parse Error: unclosed ring for input: 'NC(=[NH2+])C1CC1C2CC2C2CC2C2(C)CC1C2CC1CC1C2CC2C2(C)CC2C1C2'
[12:27:33] SMILES Parse Error: syntax error while parsing: The
[12:27:33] SMILES Parse Error: Failed parsing SMILES 'The' for input: 'The'

Progress: 1813/2000[12:27:38] SMILES Parse Error: syntax error while parsing: Taking
[12:27:38] SMILES Parse Error: Failed parsing SMILES 'Taking' for input: 'Taking'

Progress: 1814/2000[12:27:43] SMILES Parse Error: syntax error while parsing: Taking
[12:27:43] SMILES Parse Error: Failed parsing SMILES 'Taking' for input: 'Taking'

Progress: 1815/2000
Progress: 1816/2000[12:27:47] SMILES Parse Error: syntax error while parsing: NC(=[NH2+])C1CC1CSCAsSCAs
[12:27:47] SMILES Parse Error: Failed parsing SMILES 'NC(=[NH2+])C1CC1CSCAsSCAs' for input: 'NC(=[NH2+])C1CC1CSCAsSCAs'

Progress: 1817/2000
Progress: 1818/2000[12:27:54] SMILES Parse Error: syntax error while parsing: CCC(CC)(CC)Sc1cc(C(=O)NC(C)C)ccc1Qq1ccccc1
[12:27:54] SMILES Parse Error: Failed parsing SMILES 'CCC(CC)(CC)Sc1cc(C(=O)NC(C)C)ccc1Qq1ccccc1' for input: 'CCC(CC)(CC)Sc1cc(C(=O)NC(C)C)ccc1Qq1ccccc1'
[12:27:54] SMILES Parse Error: syntax error while parsing: Taking
[12:27:54] SMILES Parse Error: Failed parsing SMILES 'Taking' for input: 'Taking'

Progress: 1819/2000
Progress: 1820/2000
Progress: 1821/2000[12:28:01] SMILES Parse Error: unclosed ring for input: 'NC(=[NH2+])C1CC1C2CC2C2CC2C2CCC2C2(C)C1C2C2CC2'
[12:28:01] SMILES Parse Error: syntax error while parsing: Taking
[12:28:01] SMILES Parse Error: Failed parsing SMILES 'Taking' for input: 'Taking'

Progress: 1822/2000[12:28:08] SMILES Parse Error: syntax error while parsing: Taking
[12:28:08] SMILES Parse Error: Failed parsing SMILES 'Taking' for input: 'Taking'

Progress: 1823/2000
Progress: 1824/2000
Progress: 1825/2000
Progress: 1826/2000
Progress: 1827/2000[12:28:27] SMILES Parse Error: unclosed ring for input: 'NC(=[NH2+])C1CC1C1CC1C1CC1C1CC1C1CC1C1CC1C1CC1C1CC1C1CC1C1CC1C1CC1C1CC1C1CC1C1CC1C1CC1C1CC1C1CC1C1CC1C1CC1C1CC1C1CC1C1CC1C1CC1C1CC1C1CC1C1CC1C1'
[12:28:27] SMILES Parse Error: syntax error while parsing: The
[12:28:27] SMILES Parse Error: Failed parsing SMILES 'The' for input: 'The'

Progress: 1828/2000[12:28:29] SMILES Parse Error: unclosed ring for input: 'NC(=[NH2+])s1ccc(C(=O)N[C@@H](C)s2)s1'
[12:28:29] SMILES Parse Error: unclosed ring for input: 'NC(=[NH2+])s1ccc(C(=O)N[C@@H](C)s2)s1'
[12:28:29] SMILES Parse Error: syntax error while parsing: The
[12:28:29] SMILES Parse Error: Failed parsing SMILES 'The' for input: 'The'

Progress: 1829/2000
Progress: 1830/2000
Progress: 1831/2000[12:28:46] SMILES Parse Error: syntax error while parsing: Taking
[12:28:46] SMILES Parse Error: Failed parsing SMILES 'Taking' for input: 'Taking'

Progress: 1832/2000[12:28:48] non-ring atom 5 marked aromatic
[12:28:48] SMILES Parse Error: syntax error while parsing: Taking
[12:28:48] SMILES Parse Error: Failed parsing SMILES 'Taking' for input: 'Taking'

Progress: 1833/2000
Progress: 1834/2000[12:28:58] SMILES Parse Error: syntax error while parsing: NC(=[NH2+])Scaffold:
[12:28:58] SMILES Parse Error: Failed parsing SMILES 'NC(=[NH2+])Scaffold:' for input: 'NC(=[NH2+])Scaffold:'
[12:28:58] SMILES Parse Error: syntax error while parsing: NC(=[NH2+])Scaffold
[12:28:58] SMILES Parse Error: Failed parsing SMILES 'NC(=[NH2+])Scaffold' for input: 'NC(=[NH2+])Scaffold'
[12:28:58] SMILES Parse Error: syntax error while parsing: The
[12:28:58] SMILES Parse Error: Failed parsing SMILES 'The' for input: 'The'

Progress: 1835/2000[12:29:02] SMILES Parse Error: syntax error while parsing: represented
[12:29:02] SMILES Parse Error: Failed parsing SMILES 'represented' for input: 'represented'
[12:29:02] SMILES Parse Error: syntax error while parsing: The
[12:29:02] SMILES Parse Error: Failed parsing SMILES 'The' for input: 'The'

Progress: 1836/2000[12:29:06] SMILES Parse Error: unclosed ring for input: 'NC(=[NH2+])C1CC1C2CC2C2CC2C2CCC2C2(C3CC3C3CC3C3CC3C3)C3(C[NH2+]C3)C1'
[12:29:06] SMILES Parse Error: syntax error while parsing: Taking
[12:29:06] SMILES Parse Error: Failed parsing SMILES 'Taking' for input: 'Taking'

Progress: 1837/2000
Progress: 1838/2000
Progress: 1839/2000
Progress: 1840/2000
Progress: 1841/2000
Progress: 1842/2000
Progress: 1843/2000
Progress: 1844/2000[12:29:46] SMILES Parse Error: syntax error while parsing: NC(=[NH2+])s1ccc(From
[12:29:46] SMILES Parse Error: Failed parsing SMILES 'NC(=[NH2+])s1ccc(From' for input: 'NC(=[NH2+])s1ccc(From'
[12:29:46] SMILES Parse Error: syntax error while parsing: NC(=[NH2+])s1ccc(From
[12:29:46] SMILES Parse Error: Failed parsing SMILES 'NC(=[NH2+])s1ccc(From' for input: 'NC(=[NH2+])s1ccc(From'
[12:29:46] SMILES Parse Error: syntax error while parsing: The
[12:29:46] SMILES Parse Error: Failed parsing SMILES 'The' for input: 'The'

Progress: 1845/2000[12:29:52] SMILES Parse Error: syntax error while parsing: NC(=[NH2+])C(=O)N[C@@H](C)C(=O)N[C@H](C)C(=O)N[C@@H](C)C(=O)N[C@@H](C)C(=O)N[C@H](C)C(=O)N[C@H](C)C(=O)N[C@H](C)C(=O)N[C@H](C)C(=O)N[C@H](C)C(=
[12:29:52] SMILES Parse Error: Failed parsing SMILES 'NC(=[NH2+])C(=O)N[C@@H](C)C(=O)N[C@H](C)C(=O)N[C@@H](C)C(=O)N[C@@H](C)C(=O)N[C@H](C)C(=O)N[C@H](C)C(=O)N[C@H](C)C(=O)N[C@H](C)C(=O)N[C@H](C)C(=' for input: 'NC(=[NH2+])C(=O)N[C@@H](C)C(=O)N[C@H](C)C(=O)N[C@@H](C)C(=O)N[C@@H](C)C(=O)N[C@H](C)C(=O)N[C@H](C)C(=O)N[C@H](C)C(=O)N[C@H](C)C(=O)N[C@H](C)C(='

Progress: 1846/2000[12:29:54] SMILES Parse Error: syntax error while parsing: CCC(CC)(CC)Sc1c(
[12:29:54] SMILES Parse Error: Failed parsing SMILES 'CCC(CC)(CC)Sc1c(' for input: 'CCC(CC)(CC)Sc1c('

Progress: 1847/2000[12:29:59] SMILES Parse Error: syntax error while parsing: Taking
[12:29:59] SMILES Parse Error: Failed parsing SMILES 'Taking' for input: 'Taking'

Progress: 1848/2000[12:30:05] SMILES Parse Error: syntax error while parsing: Taking
[12:30:05] SMILES Parse Error: Failed parsing SMILES 'Taking' for input: 'Taking'

Progress: 1849/2000
Progress: 1850/2000
Progress: 1851/2000[12:30:12] SMILES Parse Error: syntax error while parsing: NC(=[NH2+])Scaffold
[12:30:12] SMILES Parse Error: Failed parsing SMILES 'NC(=[NH2+])Scaffold' for input: 'NC(=[NH2+])Scaffold'

Progress: 1852/2000
Progress: 1853/2000[12:30:18] SMILES Parse Error: syntax error while parsing: NC(=[NH2+])Q1CC(C(=O)NC(in
[12:30:18] SMILES Parse Error: Failed parsing SMILES 'NC(=[NH2+])Q1CC(C(=O)NC(in' for input: 'NC(=[NH2+])Q1CC(C(=O)NC(in'

Progress: 1854/2000[12:30:21] Can't kekulize mol.  Unkekulized atoms: 8 9 10 25
[12:30:21] SMILES Parse Error: syntax error while parsing: Taking
[12:30:21] SMILES Parse Error: Failed parsing SMILES 'Taking' for input: 'Taking'

Progress: 1855/2000[12:30:23] SMILES Parse Error: syntax error while parsing: NC(=[NH2+])C1CC1CSCaff
[12:30:23] SMILES Parse Error: Failed parsing SMILES 'NC(=[NH2+])C1CC1CSCaff' for input: 'NC(=[NH2+])C1CC1CSCaff'

Progress: 1856/2000[12:30:26] SMILES Parse Error: syntax error while parsing: C[NH+](C)C(=O)C(=O)N(C)CC(=O)C(=O)N(C)HBA(O)C(C)C
[12:30:26] SMILES Parse Error: Failed parsing SMILES 'C[NH+](C)C(=O)C(=O)N(C)CC(=O)C(=O)N(C)HBA(O)C(C)C' for input: 'C[NH+](C)C(=O)C(=O)N(C)CC(=O)C(=O)N(C)HBA(O)C(C)C'
[12:30:26] SMILES Parse Error: syntax error while parsing: Taking
[12:30:26] SMILES Parse Error: Failed parsing SMILES 'Taking' for input: 'Taking'

Progress: 1857/2000
Progress: 1858/2000
Progress: 1859/2000
Progress: 1860/2000
Progress: 1861/2000
Progress: 1862/2000[12:30:45] SMILES Parse Error: syntax error while parsing: NC(=[NH2+])Scaffold
[12:30:45] SMILES Parse Error: Failed parsing SMILES 'NC(=[NH2+])Scaffold' for input: 'NC(=[NH2+])Scaffold'
[12:30:45] SMILES Parse Error: syntax error while parsing: NC(=[NH2+])Scaffold
[12:30:45] SMILES Parse Error: Failed parsing SMILES 'NC(=[NH2+])Scaffold' for input: 'NC(=[NH2+])Scaffold'
[12:30:45] SMILES Parse Error: syntax error while parsing: The
[12:30:45] SMILES Parse Error: Failed parsing SMILES 'The' for input: 'The'

Progress: 1863/2000
Progress: 1864/2000
Progress: 1865/2000
Progress: 1866/2000
Progress: 1867/2000[12:31:02] SMILES Parse Error: syntax error while parsing: CCC(CC)(CC)Sc1cc(B(O)O)ccc1TLS(=O)(=O)NCC(=O)NCC(=O)O
[12:31:02] SMILES Parse Error: Failed parsing SMILES 'CCC(CC)(CC)Sc1cc(B(O)O)ccc1TLS(=O)(=O)NCC(=O)NCC(=O)O' for input: 'CCC(CC)(CC)Sc1cc(B(O)O)ccc1TLS(=O)(=O)NCC(=O)NCC(=O)O'
[12:31:02] SMILES Parse Error: syntax error while parsing: Taking
[12:31:02] SMILES Parse Error: Failed parsing SMILES 'Taking' for input: 'Taking'

Progress: 1868/2000[12:31:04] SMILES Parse Error: syntax error while parsing: NC(=[NH2+])Q1CC(C(=O)[O-])C1
[12:31:04] SMILES Parse Error: Failed parsing SMILES 'NC(=[NH2+])Q1CC(C(=O)[O-])C1' for input: 'NC(=[NH2+])Q1CC(C(=O)[O-])C1'

Progress: 1869/2000[12:31:06] SMILES Parse Error: syntax error while parsing: CC(C[NH+](C)C)ize(z)s
[12:31:06] SMILES Parse Error: Failed parsing SMILES 'CC(C[NH+](C)C)ize(z)s' for input: 'CC(C[NH+](C)C)ize(z)s'
[12:31:06] SMILES Parse Error: syntax error while parsing: Taking
[12:31:06] SMILES Parse Error: Failed parsing SMILES 'Taking' for input: 'Taking'

Progress: 1870/2000[12:31:13] SMILES Parse Error: extra close parentheses while parsing: CC(C[NH+](C)C)B(O)C(C)C(C)C(C)C(C)C(C)C(C)C(C)C(C)C(C)C(C)C(C)C(C)C(C)C(C)C(C)C(C)C(C)C)s[n+]0
[12:31:13] SMILES Parse Error: Failed parsing SMILES 'CC(C[NH+](C)C)B(O)C(C)C(C)C(C)C(C)C(C)C(C)C(C)C(C)C(C)C(C)C(C)C(C)C(C)C(C)C(C)C(C)C(C)C)s[n+]0' for input: 'CC(C[NH+](C)C)B(O)C(C)C(C)C(C)C(C)C(C)C(C)C(C)C(C)C(C)C(C)C(C)C(C)C(C)C(C)C(C)C(C)C(C)C)s[n+]0'
[12:31:13] SMILES Parse Error: extra close parentheses while parsing: CC(C[NH+](C)C)B(O)C(C)C(C)C(C)C(C)C(C)C(C)C(C)C(C)C(C)C(C)C(C)C(C)C(C)C(C)C(C)C(C)C(C)C)s[n+]0
[12:31:13] SMILES Parse Error: Failed parsing SMILES 'CC(C[NH+](C)C)B(O)C(C)C(C)C(C)C(C)C(C)C(C)C(C)C(C)C(C)C(C)C(C)C(C)C(C)C(C)C(C)C(C)C(C)C)s[n+]0' for input: 'CC(C[NH+](C)C)B(O)C(C)C(C)C(C)C(C)C(C)C(C)C(C)C(C)C(C)C(C)C(C)C(C)C(C)C(C)C(C)C(C)C(C)C)s[n+]0'
[12:31:13] SMILES Parse Error: syntax error while parsing: The
[12:31:13] SMILES Parse Error: Failed parsing SMILES 'The' for input: 'The'

Progress: 1871/2000
Progress: 1872/2000[12:31:21] SMILES Parse Error: syntax error while parsing: represented
[12:31:21] SMILES Parse Error: Failed parsing SMILES 'represented' for input: 'represented'
[12:31:21] SMILES Parse Error: syntax error while parsing: The
[12:31:21] SMILES Parse Error: Failed parsing SMILES 'The' for input: 'The'

Progress: 1873/2000[12:31:27] SMILES Parse Error: syntax error while parsing: Taking
[12:31:27] SMILES Parse Error: Failed parsing SMILES 'Taking' for input: 'Taking'

Progress: 1874/2000[12:31:31] SMILES Parse Error: syntax error while parsing: NC(=[NH2+])Based
[12:31:31] SMILES Parse Error: Failed parsing SMILES 'NC(=[NH2+])Based' for input: 'NC(=[NH2+])Based'

Progress: 1875/2000[12:31:33] non-ring atom 5 marked aromatic
[12:31:33] SMILES Parse Error: syntax error while parsing: Taking
[12:31:33] SMILES Parse Error: Failed parsing SMILES 'Taking' for input: 'Taking'

Progress: 1876/2000
Progress: 1877/2000[12:31:37] non-ring atom 4 marked aromatic
[12:31:37] non-ring atom 4 marked aromatic
[12:31:37] SMILES Parse Error: syntax error while parsing: The
[12:31:37] SMILES Parse Error: Failed parsing SMILES 'The' for input: 'The'

Progress: 1878/2000[12:31:44] SMILES Parse Error: syntax error while parsing: Taking
[12:31:44] SMILES Parse Error: Failed parsing SMILES 'Taking' for input: 'Taking'

Progress: 1879/2000[12:31:53] SMILES Parse Error: syntax error while parsing: Taking
[12:31:53] SMILES Parse Error: Failed parsing SMILES 'Taking' for input: 'Taking'

Progress: 1880/2000
Progress: 1881/2000[12:32:05] SMILES Parse Error: syntax error while parsing: NC(=[NH2+])T1CCC(S(=O)(=O)NN)C1
[12:32:05] SMILES Parse Error: Failed parsing SMILES 'NC(=[NH2+])T1CCC(S(=O)(=O)NN)C1' for input: 'NC(=[NH2+])T1CCC(S(=O)(=O)NN)C1'

Progress: 1882/2000
Progress: 1883/2000
Progress: 1884/2000
Progress: 1885/2000[12:32:22] SMILES Parse Error: syntax error while parsing: NC(=[NH2+])C1CC1C1CC1C1CC1TLSCC1TLSCC2CC1CC1C2
[12:32:22] SMILES Parse Error: Failed parsing SMILES 'NC(=[NH2+])C1CC1C1CC1C1CC1TLSCC1TLSCC2CC1CC1C2' for input: 'NC(=[NH2+])C1CC1C1CC1C1CC1TLSCC1TLSCC2CC1CC1C2'

Progress: 1886/2000[12:32:25] SMILES Parse Error: syntax error while parsing: CCC(CC)(CC)Sc1cc(B(O)O)c(C)rc1C
[12:32:25] SMILES Parse Error: Failed parsing SMILES 'CCC(CC)(CC)Sc1cc(B(O)O)c(C)rc1C' for input: 'CCC(CC)(CC)Sc1cc(B(O)O)c(C)rc1C'
[12:32:25] SMILES Parse Error: syntax error while parsing: CCC(CC)(CC)Sc1cc(B(O)O)c(C)rc1C
[12:32:25] SMILES Parse Error: Failed parsing SMILES 'CCC(CC)(CC)Sc1cc(B(O)O)c(C)rc1C' for input: 'CCC(CC)(CC)Sc1cc(B(O)O)c(C)rc1C'
[12:32:25] SMILES Parse Error: syntax error while parsing: The
[12:32:25] SMILES Parse Error: Failed parsing SMILES 'The' for input: 'The'

Progress: 1887/2000[12:32:28] SMILES Parse Error: syntax error while parsing: 463.00
[12:32:28] SMILES Parse Error: Failed parsing SMILES '463.00' for input: '463.00'

Progress: 1888/2000[12:32:36] SMILES Parse Error: syntax error while parsing: Taking
[12:32:36] SMILES Parse Error: Failed parsing SMILES 'Taking' for input: 'Taking'

Progress: 1889/2000
Progress: 1890/2000
Progress: 1891/2000[12:32:43] SMILES Parse Error: syntax error while parsing: 581-HBD-HBDC-c1cscc1Br
[12:32:43] SMILES Parse Error: Failed parsing SMILES '581-HBD-HBDC-c1cscc1Br' for input: '581-HBD-HBDC-c1cscc1Br'

Progress: 1892/2000
Progress: 1893/2000
Progress: 1894/2000
Progress: 1895/2000[12:33:03] SMILES Parse Error: syntax error while parsing: Taking
[12:33:03] SMILES Parse Error: Failed parsing SMILES 'Taking' for input: 'Taking'

Progress: 1896/2000
Progress: 1897/2000
Progress: 1898/2000[12:33:18] SMILES Parse Error: syntax error while parsing: NC(=[NH2+])C1CC1CSCff
[12:33:18] SMILES Parse Error: Failed parsing SMILES 'NC(=[NH2+])C1CC1CSCff' for input: 'NC(=[NH2+])C1CC1CSCff'

Progress: 1899/2000
Progress: 1900/2000
Progress: 1901/2000
Progress: 1902/2000
Progress: 1903/2000[12:33:44] non-ring atom 5 marked aromatic
[12:33:44] SMILES Parse Error: syntax error while parsing: Taking
[12:33:44] SMILES Parse Error: Failed parsing SMILES 'Taking' for input: 'Taking'

Progress: 1904/2000
Progress: 1905/2000[12:33:52] SMILES Parse Error: syntax error while parsing: NC(=[NH2+])C1CC1CSCaff
[12:33:52] SMILES Parse Error: Failed parsing SMILES 'NC(=[NH2+])C1CC1CSCaff' for input: 'NC(=[NH2+])C1CC1CSCaff'
[12:33:52] SMILES Parse Error: syntax error while parsing: NC(=[NH2+])C1CC1CSCaff
[12:33:52] SMILES Parse Error: Failed parsing SMILES 'NC(=[NH2+])C1CC1CSCaff' for input: 'NC(=[NH2+])C1CC1CSCaff'
[12:33:52] SMILES Parse Error: syntax error while parsing: The
[12:33:52] SMILES Parse Error: Failed parsing SMILES 'The' for input: 'The'

Progress: 1906/2000[12:33:53] SMILES Parse Error: syntax error while parsing: CCC(C)(C)C1(
[12:33:53] SMILES Parse Error: Failed parsing SMILES 'CCC(C)(C)C1(' for input: 'CCC(C)(C)C1('

Progress: 1907/2000[12:33:54] SMILES Parse Error: syntax error while parsing: 416.00
[12:33:54] SMILES Parse Error: Failed parsing SMILES '416.00' for input: '416.00'

Progress: 1908/2000[12:33:57] SMILES Parse Error: syntax error while parsing: NC(=[NH2+])SLS(=O)(=O)
[12:33:57] SMILES Parse Error: Failed parsing SMILES 'NC(=[NH2+])SLS(=O)(=O)' for input: 'NC(=[NH2+])SLS(=O)(=O)'
[12:33:57] SMILES Parse Error: syntax error while parsing: NC(=[NH2+])SLS(=O)(=O)
[12:33:57] SMILES Parse Error: Failed parsing SMILES 'NC(=[NH2+])SLS(=O)(=O)' for input: 'NC(=[NH2+])SLS(=O)(=O)'
[12:33:57] SMILES Parse Error: syntax error while parsing: The
[12:33:57] SMILES Parse Error: Failed parsing SMILES 'The' for input: 'The'

Progress: 1909/2000[12:34:01] SMILES Parse Error: syntax error while parsing: NC(=[NH2+])C(N)sc1ncccc1Toxic
[12:34:01] SMILES Parse Error: Failed parsing SMILES 'NC(=[NH2+])C(N)sc1ncccc1Toxic' for input: 'NC(=[NH2+])C(N)sc1ncccc1Toxic'
[12:34:01] SMILES Parse Error: syntax error while parsing: Taking
[12:34:01] SMILES Parse Error: Failed parsing SMILES 'Taking' for input: 'Taking'

Progress: 1910/2000
Progress: 1911/2000[12:34:10] SMILES Parse Error: syntax error while parsing: Taking
[12:34:10] SMILES Parse Error: Failed parsing SMILES 'Taking' for input: 'Taking'

Progress: 1912/2000
Progress: 1913/2000
Progress: 1914/2000
Progress: 1915/2000[12:34:28] SMILES Parse Error: syntax error while parsing: Taking
[12:34:28] SMILES Parse Error: Failed parsing SMILES 'Taking' for input: 'Taking'

Progress: 1916/2000
Progress: 1917/2000
Progress: 1918/2000
Progress: 1919/2000
Progress: 1920/2000[12:34:46] SMILES Parse Error: syntax error while parsing: C[NH+](C)CC(C[NH3+])UV5002
[12:34:46] SMILES Parse Error: Failed parsing SMILES 'C[NH+](C)CC(C[NH3+])UV5002' for input: 'C[NH+](C)CC(C[NH3+])UV5002'
[12:34:46] SMILES Parse Error: syntax error while parsing: optimized
[12:34:46] SMILES Parse Error: Failed parsing SMILES 'optimized' for input: 'optimized'
[12:34:46] SMILES Parse Error: syntax error while parsing: 600.00
[12:34:46] SMILES Parse Error: Failed parsing SMILES '600.00' for input: '600.00'

Progress: 1921/2000
Progress: 1922/2000
Progress: 1923/2000[12:35:07] SMILES Parse Error: syntax error while parsing: Taking
[12:35:07] SMILES Parse Error: Failed parsing SMILES 'Taking' for input: 'Taking'

Progress: 1924/2000
Progress: 1925/2000
Progress: 1926/2000[12:35:19] SMILES Parse Error: syntax error while parsing: CCC(CC)(CC)Sc1cc(B(O)O)ccc1lipophilic
[12:35:19] SMILES Parse Error: Failed parsing SMILES 'CCC(CC)(CC)Sc1cc(B(O)O)ccc1lipophilic' for input: 'CCC(CC)(CC)Sc1cc(B(O)O)ccc1lipophilic'

Progress: 1927/2000
Progress: 1928/2000[12:35:28] SMILES Parse Error: syntax error while parsing: NC(=[NH2+])s1ccc(
[12:35:28] SMILES Parse Error: Failed parsing SMILES 'NC(=[NH2+])s1ccc(' for input: 'NC(=[NH2+])s1ccc('
[12:35:28] SMILES Parse Error: syntax error while parsing: NC(=[NH2+])s1ccc(
[12:35:28] SMILES Parse Error: Failed parsing SMILES 'NC(=[NH2+])s1ccc(' for input: 'NC(=[NH2+])s1ccc('
[12:35:28] SMILES Parse Error: syntax error while parsing: The
[12:35:28] SMILES Parse Error: Failed parsing SMILES 'The' for input: 'The'

Progress: 1929/2000
Progress: 1930/2000
Progress: 1931/2000
Progress: 1932/2000[12:35:47] SMILES Parse Error: syntax error while parsing: represented
[12:35:47] SMILES Parse Error: Failed parsing SMILES 'represented' for input: 'represented'
[12:35:47] SMILES Parse Error: syntax error while parsing: The
[12:35:47] SMILES Parse Error: Failed parsing SMILES 'The' for input: 'The'

Progress: 1933/2000
Progress: 1934/2000[12:35:54] Can't kekulize mol.  Unkekulized atoms: 8 9 10 11 14

Progress: 1935/2000
Progress: 1936/2000
Progress: 1937/2000
Progress: 1938/2000
Progress: 1939/2000
Progress: 1940/2000[12:36:20] SMILES Parse Error: syntax error while parsing: NC(=[NH2+])C1CC1C1CC1C1CC1C1HBD(C(=O)[O-])C2
[12:36:20] SMILES Parse Error: Failed parsing SMILES 'NC(=[NH2+])C1CC1C1CC1C1CC1C1HBD(C(=O)[O-])C2' for input: 'NC(=[NH2+])C1CC1C1CC1C1CC1C1HBD(C(=O)[O-])C2'
[12:36:20] SMILES Parse Error: syntax error while parsing: Taking
[12:36:20] SMILES Parse Error: Failed parsing SMILES 'Taking' for input: 'Taking'

Progress: 1941/2000
Progress: 1942/2000[12:36:33] SMILES Parse Error: syntax error while parsing: Taking
[12:36:33] SMILES Parse Error: Failed parsing SMILES 'Taking' for input: 'Taking'

Progress: 1943/2000
Progress: 1944/2000[12:36:43] SMILES Parse Error: syntax error while parsing: Taking
[12:36:43] SMILES Parse Error: Failed parsing SMILES 'Taking' for input: 'Taking'

Progress: 1945/2000
Progress: 1946/2000[12:36:54] SMILES Parse Error: syntax error while parsing: Taking
[12:36:54] SMILES Parse Error: Failed parsing SMILES 'Taking' for input: 'Taking'

Progress: 1947/2000
Progress: 1948/2000[12:37:05] SMILES Parse Error: extra close parentheses while parsing: NC(=[NH2+])n1ncc(C(=O)NC(N)=[NH+]O)c1SC(N)=[NH2+])SC
[12:37:05] SMILES Parse Error: Failed parsing SMILES 'NC(=[NH2+])n1ncc(C(=O)NC(N)=[NH+]O)c1SC(N)=[NH2+])SC' for input: 'NC(=[NH2+])n1ncc(C(=O)NC(N)=[NH+]O)c1SC(N)=[NH2+])SC'

Progress: 1949/2000
Progress: 1950/2000
Progress: 1951/2000
Progress: 1952/2000[12:37:34] SMILES Parse Error: syntax error while parsing: designed
[12:37:34] SMILES Parse Error: Failed parsing SMILES 'designed' for input: 'designed'
[12:37:34] SMILES Parse Error: syntax error while parsing: NCC(=O)NC(=O)NCC(=O)NC(=O)NCC(=O)NC(=O)NH(C)B(O)O
[12:37:34] SMILES Parse Error: Failed parsing SMILES 'NCC(=O)NC(=O)NCC(=O)NC(=O)NCC(=O)NC(=O)NH(C)B(O)O' for input: 'NCC(=O)NC(=O)NCC(=O)NC(=O)NCC(=O)NC(=O)NH(C)B(O)O'

Progress: 1953/2000
Progress: 1954/2000
Progress: 1955/2000
Progress: 1956/2000[12:37:56] SMILES Parse Error: syntax error while parsing: CC(C(=O)[O-])(C(=O)[O-])C(=O)C(=O)NCC(=O)NCC(=O)NHD
[12:37:56] SMILES Parse Error: Failed parsing SMILES 'CC(C(=O)[O-])(C(=O)[O-])C(=O)C(=O)NCC(=O)NCC(=O)NHD' for input: 'CC(C(=O)[O-])(C(=O)[O-])C(=O)C(=O)NCC(=O)NCC(=O)NHD'
[12:37:56] SMILES Parse Error: syntax error while parsing: Taking
[12:37:56] SMILES Parse Error: Failed parsing SMILES 'Taking' for input: 'Taking'

Progress: 1957/2000
Progress: 1958/2000
Progress: 1959/2000
Progress: 1960/2000
Progress: 1961/2000[12:38:19] SMILES Parse Error: syntax error while parsing: CC(C[NH+](C)C)c1ccc(
[12:38:19] SMILES Parse Error: Failed parsing SMILES 'CC(C[NH+](C)C)c1ccc(' for input: 'CC(C[NH+](C)C)c1ccc('
[12:38:19] SMILES Parse Error: syntax error while parsing: denoted
[12:38:19] SMILES Parse Error: Failed parsing SMILES 'denoted' for input: 'denoted'
[12:38:19] SMILES Parse Error: syntax error while parsing: The
[12:38:19] SMILES Parse Error: Failed parsing SMILES 'The' for input: 'The'

Progress: 1962/2000
Progress: 1963/2000
Progress: 1964/2000
Progress: 1965/2000[12:38:32] non-ring atom 5 marked aromatic

Progress: 1966/2000
Progress: 1967/2000
Progress: 1968/2000[12:38:43] SMILES Parse Error: syntax error while parsing: CCC(CC)(CC)Sc1cc(C2CC2)oc1C(=O)oor[NH3+]
[12:38:43] SMILES Parse Error: Failed parsing SMILES 'CCC(CC)(CC)Sc1cc(C2CC2)oc1C(=O)oor[NH3+]' for input: 'CCC(CC)(CC)Sc1cc(C2CC2)oc1C(=O)oor[NH3+]'
[12:38:43] SMILES Parse Error: syntax error while parsing: CCC(CC)(CC)Sc1cc(C2CC2)oc1C(=O)oor[NH3+]
[12:38:43] SMILES Parse Error: Failed parsing SMILES 'CCC(CC)(CC)Sc1cc(C2CC2)oc1C(=O)oor[NH3+]' for input: 'CCC(CC)(CC)Sc1cc(C2CC2)oc1C(=O)oor[NH3+]'
[12:38:43] SMILES Parse Error: syntax error while parsing: The
[12:38:43] SMILES Parse Error: Failed parsing SMILES 'The' for input: 'The'

Progress: 1969/2000[12:38:45] SMILES Parse Error: extra open parentheses for input: 'CCC(CC)(CC)Sc1cc(C(=O)'

Progress: 1970/2000
Progress: 1971/2000[12:38:50] SMILES Parse Error: syntax error while parsing: NC(=[NH2+])B(O)C(O)C(=O)NCC(=O)NCC(=O)NHD(C)c1sccc1Br
[12:38:50] SMILES Parse Error: Failed parsing SMILES 'NC(=[NH2+])B(O)C(O)C(=O)NCC(=O)NCC(=O)NHD(C)c1sccc1Br' for input: 'NC(=[NH2+])B(O)C(O)C(=O)NCC(=O)NCC(=O)NHD(C)c1sccc1Br'
[12:38:50] SMILES Parse Error: syntax error while parsing: NC(=[NH2+])B(O)C(O)C(=O)NCC(=O)NCC(=O)NHD(C)c1sccc1Br
[12:38:50] SMILES Parse Error: Failed parsing SMILES 'NC(=[NH2+])B(O)C(O)C(=O)NCC(=O)NCC(=O)NHD(C)c1sccc1Br' for input: 'NC(=[NH2+])B(O)C(O)C(=O)NCC(=O)NCC(=O)NHD(C)c1sccc1Br'
[12:38:50] SMILES Parse Error: syntax error while parsing: The
[12:38:50] SMILES Parse Error: Failed parsing SMILES 'The' for input: 'The'

Progress: 1972/2000[12:38:57] SMILES Parse Error: syntax error while parsing: O=C([O-])C(=O)C(=O)NCC(=O)NCC(=O)NCC(=O)NCC(=O)NCC(=O)NCC(=O)NCC(=O)NCC(=O)NCC(=O)NCC(=O)NCC(=O)NCC(=O)NCC(=O)NCC(=O)NCC(=O)NCC(=O)NCC(=O)NCC(=O)NCC(
[12:38:57] SMILES Parse Error: Failed parsing SMILES 'O=C([O-])C(=O)C(=O)NCC(=O)NCC(=O)NCC(=O)NCC(=O)NCC(=O)NCC(=O)NCC(=O)NCC(=O)NCC(=O)NCC(=O)NCC(=O)NCC(=O)NCC(=O)NCC(=O)NCC(=O)NCC(=O)NCC(=O)NCC(=O)NCC(' for input: 'O=C([O-])C(=O)C(=O)NCC(=O)NCC(=O)NCC(=O)NCC(=O)NCC(=O)NCC(=O)NCC(=O)NCC(=O)NCC(=O)NCC(=O)NCC(=O)NCC(=O)NCC(=O)NCC(=O)NCC(=O)NCC(=O)NCC(=O)NCC(=O)NCC('

Progress: 1973/2000
Progress: 1974/2000
Progress: 1975/2000[12:39:09] SMILES Parse Error: syntax error while parsing: NC(=[NH2+])Based
[12:39:09] SMILES Parse Error: Failed parsing SMILES 'NC(=[NH2+])Based' for input: 'NC(=[NH2+])Based'
[12:39:09] SMILES Parse Error: syntax error while parsing: NC(=[NH2+])Based
[12:39:09] SMILES Parse Error: Failed parsing SMILES 'NC(=[NH2+])Based' for input: 'NC(=[NH2+])Based'
[12:39:09] SMILES Parse Error: syntax error while parsing: The
[12:39:09] SMILES Parse Error: Failed parsing SMILES 'The' for input: 'The'

Progress: 1976/2000[12:39:17] SMILES Parse Error: unclosed ring for input: 'NC(=[NH2+])C1CC1C1CC1C1CC1C1CC1C1CC1C1CC1C1CC1C1CC1C1CC1C1CC1C1CC1C1CC1C1CC1C1CC1C1CC1C1CC1C1CC1C1CC1C1CC1C1CC1C1CC1C1CC1C1CC1C1CC1C1CC1C1CC1C1'
[12:39:17] SMILES Parse Error: syntax error while parsing: The
[12:39:17] SMILES Parse Error: Failed parsing SMILES 'The' for input: 'The'

Progress: 1977/2000
Progress: 1978/2000[12:39:28] SMILES Parse Error: syntax error while parsing: NC(=[NH2+])I(C)C(=O)N(C)C(=O)NCC(=O)NCC(=O)NCC(=O)NCC(=O)NCC(=O)NCC(=O)NCC(=O)NCC(=O)NCC(=O)NCC(=O)NCC(=O)NCC(=O)NCC(=O)NCC(=O)NCC(=
[12:39:28] SMILES Parse Error: Failed parsing SMILES 'NC(=[NH2+])I(C)C(=O)N(C)C(=O)NCC(=O)NCC(=O)NCC(=O)NCC(=O)NCC(=O)NCC(=O)NCC(=O)NCC(=O)NCC(=O)NCC(=O)NCC(=O)NCC(=O)NCC(=O)NCC(=O)NCC(=' for input: 'NC(=[NH2+])I(C)C(=O)N(C)C(=O)NCC(=O)NCC(=O)NCC(=O)NCC(=O)NCC(=O)NCC(=O)NCC(=O)NCC(=O)NCC(=O)NCC(=O)NCC(=O)NCC(=O)NCC(=O)NCC(=O)NCC(='
[12:39:28] SMILES Parse Error: syntax error while parsing: The
[12:39:28] SMILES Parse Error: Failed parsing SMILES 'The' for input: 'The'

Progress: 1979/2000[12:39:36] SMILES Parse Error: syntax error while parsing: Taking
[12:39:36] SMILES Parse Error: Failed parsing SMILES 'Taking' for input: 'Taking'

Progress: 1980/2000[12:39:43] SMILES Parse Error: unclosed ring for input: 'NC(=[NH2+])C1CC1C1CC1C1CC1C1CC1C1CC1C1CC1C1CC1C1CC1C1CC1C1CC1C1CC1C1CC1C1CC1C1CC1C1CC1C1CC1C1CC1C1CC1C1CC1C1CC1C1CC1C1CC1C1CC1C1CC1C1CC1C1CC1C1'
[12:39:43] SMILES Parse Error: syntax error while parsing: The
[12:39:43] SMILES Parse Error: Failed parsing SMILES 'The' for input: 'The'

Progress: 1981/2000[12:39:46] SMILES Parse Error: syntax error while parsing: NC(=[NH2+])Scaffold
[12:39:46] SMILES Parse Error: Failed parsing SMILES 'NC(=[NH2+])Scaffold' for input: 'NC(=[NH2+])Scaffold'
[12:39:46] SMILES Parse Error: syntax error while parsing: NC(=[NH2+])Scaffold
[12:39:46] SMILES Parse Error: Failed parsing SMILES 'NC(=[NH2+])Scaffold' for input: 'NC(=[NH2+])Scaffold'
[12:39:46] SMILES Parse Error: syntax error while parsing: The
[12:39:46] SMILES Parse Error: Failed parsing SMILES 'The' for input: 'The'

Progress: 1982/2000
Progress: 1983/2000
Progress: 1984/2000[12:40:08] SMILES Parse Error: syntax error while parsing: the
[12:40:08] SMILES Parse Error: Failed parsing SMILES 'the' for input: 'the'
[12:40:08] SMILES Parse Error: syntax error while parsing: 0.42
[12:40:08] SMILES Parse Error: Failed parsing SMILES '0.42' for input: '0.42'

Progress: 1985/2000
Progress: 1986/2000[12:40:17] SMILES Parse Error: syntax error while parsing: NC(=[NH2+])C1CC1CSCAsSCAs
[12:40:17] SMILES Parse Error: Failed parsing SMILES 'NC(=[NH2+])C1CC1CSCAsSCAs' for input: 'NC(=[NH2+])C1CC1CSCAsSCAs'

Progress: 1987/2000
Progress: 1988/2000
Progress: 1989/2000[12:40:32] SMILES Parse Error: syntax error while parsing: NC(=[NH2+])Q1(C[NH2+]C)C[C@@H]1liopilaticity
[12:40:32] SMILES Parse Error: Failed parsing SMILES 'NC(=[NH2+])Q1(C[NH2+]C)C[C@@H]1liopilaticity' for input: 'NC(=[NH2+])Q1(C[NH2+]C)C[C@@H]1liopilaticity'

Progress: 1990/2000
Progress: 1991/2000
Progress: 1992/2000[12:40:44] non-ring atom 4 marked aromatic

Progress: 1993/2000
Progress: 1994/2000[12:40:49] non-ring atom 4 marked aromatic
[12:40:49] non-ring atom 4 marked aromatic
[12:40:49] SMILES Parse Error: syntax error while parsing: The
[12:40:49] SMILES Parse Error: Failed parsing SMILES 'The' for input: 'The'

Progress: 1995/2000
Progress: 1996/2000[12:40:54] non-ring atom 5 marked aromatic
[12:40:54] SMILES Parse Error: syntax error while parsing: Taking
[12:40:54] SMILES Parse Error: Failed parsing SMILES 'Taking' for input: 'Taking'

Progress: 1997/2000[12:41:00] SMILES Parse Error: syntax error while parsing: Taking
[12:41:00] SMILES Parse Error: Failed parsing SMILES 'Taking' for input: 'Taking'

Progress: 1998/2000[12:41:02] SMILES Parse Error: syntax error while parsing: CCC(CC)(CC)Sc1ccc(B(O)O)cc1HN
[12:41:02] SMILES Parse Error: Failed parsing SMILES 'CCC(CC)(CC)Sc1ccc(B(O)O)cc1HN' for input: 'CCC(CC)(CC)Sc1ccc(B(O)O)cc1HN'
[12:41:02] SMILES Parse Error: syntax error while parsing: CCC(CC)(CC)Sc1ccc(B(O)O)cc1HN
[12:41:02] SMILES Parse Error: Failed parsing SMILES 'CCC(CC)(CC)Sc1ccc(B(O)O)cc1HN' for input: 'CCC(CC)(CC)Sc1ccc(B(O)O)cc1HN'
[12:41:02] SMILES Parse Error: syntax error while parsing: The
[12:41:02] SMILES Parse Error: Failed parsing SMILES 'The' for input: 'The'

Progress: 1999/2000
Progress: 2000/2000[12:41:17] SMILES Parse Error: syntax error while parsing: 5CCC(CC)(CC)C(C)(C)C(=O)OC(C)(C)C(=O)OC(C)(C)C(=O)OC(C)(C)C(=O)OC(C)(C)C(=O)OC(C)(C)C(=O)OC(C)(C)C(=O)OC(C)(C)C(=O)OC(C)(C)C(=O)OC(C)(C)C(=O)OC(C)(C)C(=O
[12:41:17] SMILES Parse Error: Failed parsing SMILES '5CCC(CC)(CC)C(C)(C)C(=O)OC(C)(C)C(=O)OC(C)(C)C(=O)OC(C)(C)C(=O)OC(C)(C)C(=O)OC(C)(C)C(=O)OC(C)(C)C(=O)OC(C)(C)C(=O)OC(C)(C)C(=O)OC(C)(C)C(=O)OC(C)(C)C(=O' for input: '5CCC(CC)(CC)C(C)(C)C(=O)OC(C)(C)C(=O)OC(C)(C)C(=O)OC(C)(C)C(=O)OC(C)(C)C(=O)OC(C)(C)C(=O)OC(C)(C)C(=O)OC(C)(C)C(=O)OC(C)(C)C(=O)OC(C)(C)C(=O)OC(C)(C)C(=O'
[12:41:17] DEPRECATION WARNING: please use MorganGenerator
[12:41:17] DEPRECATION WARNING: please use MorganGenerator
[12:41:17] DEPRECATION WARNING: please use MorganGenerator
[12:41:17] DEPRECATION WARNING: please use MorganGenerator
[12:41:17] DEPRECATION WARNING: please use MorganGenerator
[12:41:17] DEPRECATION WARNING: please use MorganGenerator
[12:41:17] DEPRECATION WARNING: please use MorganGenerator
[12:41:17] DEPRECATION WARNING: please use MorganGenerator
[12:41:17] DEPRECATION WARNING: please use MorganGenerator
[12:41:17] DEPRECATION WARNING: please use MorganGenerator
[12:41:17] DEPRECATION WARNING: please use MorganGenerator
[12:41:17] DEPRECATION WARNING: please use MorganGenerator
[12:41:17] DEPRECATION WARNING: please use MorganGenerator
[12:41:17] DEPRECATION WARNING: please use MorganGenerator
[12:41:17] DEPRECATION WARNING: please use MorganGenerator
[12:41:17] DEPRECATION WARNING: please use MorganGenerator
[12:41:17] DEPRECATION WARNING: please use MorganGenerator
[12:41:17] DEPRECATION WARNING: please use MorganGenerator
[12:41:17] DEPRECATION WARNING: please use MorganGenerator
[12:41:17] DEPRECATION WARNING: please use MorganGenerator
[12:41:17] DEPRECATION WARNING: please use MorganGenerator
[12:41:17] DEPRECATION WARNING: please use MorganGenerator
[12:41:17] DEPRECATION WARNING: please use MorganGenerator
[12:41:17] DEPRECATION WARNING: please use MorganGenerator
[12:41:17] DEPRECATION WARNING: please use MorganGenerator
[12:41:17] DEPRECATION WARNING: please use MorganGenerator
[12:41:17] DEPRECATION WARNING: please use MorganGenerator
[12:41:17] DEPRECATION WARNING: please use MorganGenerator
[12:41:17] DEPRECATION WARNING: please use MorganGenerator
[12:41:17] DEPRECATION WARNING: please use MorganGenerator
[12:41:17] DEPRECATION WARNING: please use MorganGenerator
[12:41:17] DEPRECATION WARNING: please use MorganGenerator
[12:41:17] DEPRECATION WARNING: please use MorganGenerator
[12:41:17] DEPRECATION WARNING: please use MorganGenerator
[12:41:17] DEPRECATION WARNING: please use MorganGenerator
[12:41:17] DEPRECATION WARNING: please use MorganGenerator
[12:41:17] DEPRECATION WARNING: please use MorganGenerator
[12:41:17] DEPRECATION WARNING: please use MorganGenerator
[12:41:17] DEPRECATION WARNING: please use MorganGenerator
[12:41:17] DEPRECATION WARNING: please use MorganGenerator
[12:41:17] DEPRECATION WARNING: please use MorganGenerator
[12:41:17] DEPRECATION WARNING: please use MorganGenerator
[12:41:17] DEPRECATION WARNING: please use MorganGenerator
[12:41:17] DEPRECATION WARNING: please use MorganGenerator
[12:41:17] DEPRECATION WARNING: please use MorganGenerator
[12:41:17] DEPRECATION WARNING: please use MorganGenerator
[12:41:17] DEPRECATION WARNING: please use MorganGenerator
[12:41:17] DEPRECATION WARNING: please use MorganGenerator
[12:41:17] DEPRECATION WARNING: please use MorganGenerator
[12:41:17] DEPRECATION WARNING: please use MorganGenerator
[12:41:17] DEPRECATION WARNING: please use MorganGenerator
[12:41:17] DEPRECATION WARNING: please use MorganGenerator
[12:41:17] DEPRECATION WARNING: please use MorganGenerator
[12:41:17] DEPRECATION WARNING: please use MorganGenerator
[12:41:17] DEPRECATION WARNING: please use MorganGenerator
[12:41:17] DEPRECATION WARNING: please use MorganGenerator
[12:41:17] DEPRECATION WARNING: please use MorganGenerator
[12:41:17] DEPRECATION WARNING: please use MorganGenerator
[12:41:17] DEPRECATION WARNING: please use MorganGenerator
[12:41:17] DEPRECATION WARNING: please use MorganGenerator
[12:41:17] DEPRECATION WARNING: please use MorganGenerator
[12:41:17] DEPRECATION WARNING: please use MorganGenerator
[12:41:17] DEPRECATION WARNING: please use MorganGenerator
[12:41:17] DEPRECATION WARNING: please use MorganGenerator
[12:41:17] DEPRECATION WARNING: please use MorganGenerator
[12:41:17] DEPRECATION WARNING: please use MorganGenerator
[12:41:17] DEPRECATION WARNING: please use MorganGenerator
[12:41:17] DEPRECATION WARNING: please use MorganGenerator
[12:41:17] DEPRECATION WARNING: please use MorganGenerator
[12:41:17] DEPRECATION WARNING: please use MorganGenerator
[12:41:17] DEPRECATION WARNING: please use MorganGenerator
[12:41:17] DEPRECATION WARNING: please use MorganGenerator
[12:41:17] DEPRECATION WARNING: please use MorganGenerator
[12:41:17] DEPRECATION WARNING: please use MorganGenerator
[12:41:17] DEPRECATION WARNING: please use MorganGenerator
[12:41:17] DEPRECATION WARNING: please use MorganGenerator
[12:41:17] DEPRECATION WARNING: please use MorganGenerator
[12:41:17] DEPRECATION WARNING: please use MorganGenerator
[12:41:17] DEPRECATION WARNING: please use MorganGenerator
[12:41:17] DEPRECATION WARNING: please use MorganGenerator
[12:41:17] DEPRECATION WARNING: please use MorganGenerator
[12:41:17] DEPRECATION WARNING: please use MorganGenerator
[12:41:17] DEPRECATION WARNING: please use MorganGenerator
[12:41:17] DEPRECATION WARNING: please use MorganGenerator
[12:41:17] DEPRECATION WARNING: please use MorganGenerator
[12:41:17] DEPRECATION WARNING: please use MorganGenerator
[12:41:17] DEPRECATION WARNING: please use MorganGenerator
[12:41:17] DEPRECATION WARNING: please use MorganGenerator
[12:41:17] DEPRECATION WARNING: please use MorganGenerator
[12:41:17] DEPRECATION WARNING: please use MorganGenerator
[12:41:17] DEPRECATION WARNING: please use MorganGenerator
[12:41:17] DEPRECATION WARNING: please use MorganGenerator
[12:41:17] DEPRECATION WARNING: please use MorganGenerator
[12:41:17] DEPRECATION WARNING: please use MorganGenerator
[12:41:17] DEPRECATION WARNING: please use MorganGenerator
[12:41:17] DEPRECATION WARNING: please use MorganGenerator
[12:41:17] DEPRECATION WARNING: please use MorganGenerator
[12:41:17] DEPRECATION WARNING: please use MorganGenerator
[12:41:17] DEPRECATION WARNING: please use MorganGenerator
[12:41:17] DEPRECATION WARNING: please use MorganGenerator
[12:41:17] DEPRECATION WARNING: please use MorganGenerator
[12:41:17] DEPRECATION WARNING: please use MorganGenerator
[12:41:17] DEPRECATION WARNING: please use MorganGenerator
[12:41:17] DEPRECATION WARNING: please use MorganGenerator
[12:41:17] DEPRECATION WARNING: please use MorganGenerator
[12:41:17] DEPRECATION WARNING: please use MorganGenerator
[12:41:17] DEPRECATION WARNING: please use MorganGenerator
[12:41:17] DEPRECATION WARNING: please use MorganGenerator
[12:41:17] DEPRECATION WARNING: please use MorganGenerator
[12:41:17] DEPRECATION WARNING: please use MorganGenerator
[12:41:17] DEPRECATION WARNING: please use MorganGenerator
[12:41:17] DEPRECATION WARNING: please use MorganGenerator
[12:41:17] DEPRECATION WARNING: please use MorganGenerator
[12:41:17] DEPRECATION WARNING: please use MorganGenerator
[12:41:17] DEPRECATION WARNING: please use MorganGenerator
[12:41:17] DEPRECATION WARNING: please use MorganGenerator
[12:41:17] DEPRECATION WARNING: please use MorganGenerator
[12:41:17] DEPRECATION WARNING: please use MorganGenerator
[12:41:17] DEPRECATION WARNING: please use MorganGenerator
[12:41:17] DEPRECATION WARNING: please use MorganGenerator
[12:41:17] DEPRECATION WARNING: please use MorganGenerator
[12:41:17] DEPRECATION WARNING: please use MorganGenerator
[12:41:17] DEPRECATION WARNING: please use MorganGenerator
[12:41:17] DEPRECATION WARNING: please use MorganGenerator
[12:41:17] DEPRECATION WARNING: please use MorganGenerator
[12:41:17] DEPRECATION WARNING: please use MorganGenerator
[12:41:17] DEPRECATION WARNING: please use MorganGenerator
[12:41:17] DEPRECATION WARNING: please use MorganGenerator
[12:41:17] DEPRECATION WARNING: please use MorganGenerator
[12:41:17] DEPRECATION WARNING: please use MorganGenerator
[12:41:17] DEPRECATION WARNING: please use MorganGenerator
[12:41:17] DEPRECATION WARNING: please use MorganGenerator
[12:41:17] DEPRECATION WARNING: please use MorganGenerator
[12:41:17] DEPRECATION WARNING: please use MorganGenerator
[12:41:17] DEPRECATION WARNING: please use MorganGenerator
[12:41:17] DEPRECATION WARNING: please use MorganGenerator
[12:41:17] DEPRECATION WARNING: please use MorganGenerator
[12:41:17] DEPRECATION WARNING: please use MorganGenerator
[12:41:17] DEPRECATION WARNING: please use MorganGenerator
[12:41:17] DEPRECATION WARNING: please use MorganGenerator
[12:41:17] DEPRECATION WARNING: please use MorganGenerator
[12:41:17] DEPRECATION WARNING: please use MorganGenerator
[12:41:17] DEPRECATION WARNING: please use MorganGenerator
[12:41:17] DEPRECATION WARNING: please use MorganGenerator
[12:41:17] DEPRECATION WARNING: please use MorganGenerator
[12:41:17] DEPRECATION WARNING: please use MorganGenerator
[12:41:17] DEPRECATION WARNING: please use MorganGenerator
[12:41:17] DEPRECATION WARNING: please use MorganGenerator
[12:41:17] DEPRECATION WARNING: please use MorganGenerator
[12:41:17] DEPRECATION WARNING: please use MorganGenerator
[12:41:17] DEPRECATION WARNING: please use MorganGenerator
[12:41:17] DEPRECATION WARNING: please use MorganGenerator
[12:41:17] DEPRECATION WARNING: please use MorganGenerator
[12:41:17] DEPRECATION WARNING: please use MorganGenerator
[12:41:17] DEPRECATION WARNING: please use MorganGenerator
[12:41:17] DEPRECATION WARNING: please use MorganGenerator
[12:41:17] DEPRECATION WARNING: please use MorganGenerator
[12:41:17] DEPRECATION WARNING: please use MorganGenerator
[12:41:17] DEPRECATION WARNING: please use MorganGenerator
[12:41:17] DEPRECATION WARNING: please use MorganGenerator
[12:41:17] DEPRECATION WARNING: please use MorganGenerator
[12:41:17] DEPRECATION WARNING: please use MorganGenerator
[12:41:17] DEPRECATION WARNING: please use MorganGenerator
[12:41:17] DEPRECATION WARNING: please use MorganGenerator
[12:41:17] DEPRECATION WARNING: please use MorganGenerator
[12:41:17] DEPRECATION WARNING: please use MorganGenerator
[12:41:17] DEPRECATION WARNING: please use MorganGenerator
[12:41:17] DEPRECATION WARNING: please use MorganGenerator
[12:41:17] DEPRECATION WARNING: please use MorganGenerator
[12:41:17] DEPRECATION WARNING: please use MorganGenerator
[12:41:17] DEPRECATION WARNING: please use MorganGenerator
[12:41:17] DEPRECATION WARNING: please use MorganGenerator
[12:41:17] DEPRECATION WARNING: please use MorganGenerator
[12:41:17] DEPRECATION WARNING: please use MorganGenerator
[12:41:17] DEPRECATION WARNING: please use MorganGenerator
[12:41:17] DEPRECATION WARNING: please use MorganGenerator
[12:41:17] DEPRECATION WARNING: please use MorganGenerator
[12:41:17] DEPRECATION WARNING: please use MorganGenerator
[12:41:17] DEPRECATION WARNING: please use MorganGenerator
[12:41:17] DEPRECATION WARNING: please use MorganGenerator
[12:41:17] DEPRECATION WARNING: please use MorganGenerator
[12:41:17] DEPRECATION WARNING: please use MorganGenerator
[12:41:17] DEPRECATION WARNING: please use MorganGenerator
[12:41:17] DEPRECATION WARNING: please use MorganGenerator
[12:41:17] DEPRECATION WARNING: please use MorganGenerator
[12:41:17] DEPRECATION WARNING: please use MorganGenerator
[12:41:17] DEPRECATION WARNING: please use MorganGenerator
[12:41:17] DEPRECATION WARNING: please use MorganGenerator
[12:41:17] DEPRECATION WARNING: please use MorganGenerator
[12:41:17] DEPRECATION WARNING: please use MorganGenerator
[12:41:17] DEPRECATION WARNING: please use MorganGenerator
[12:41:17] DEPRECATION WARNING: please use MorganGenerator
[12:41:17] DEPRECATION WARNING: please use MorganGenerator
[12:41:17] DEPRECATION WARNING: please use MorganGenerator
[12:41:17] DEPRECATION WARNING: please use MorganGenerator
[12:41:17] DEPRECATION WARNING: please use MorganGenerator
[12:41:17] DEPRECATION WARNING: please use MorganGenerator
[12:41:17] DEPRECATION WARNING: please use MorganGenerator
[12:41:17] DEPRECATION WARNING: please use MorganGenerator
[12:41:17] DEPRECATION WARNING: please use MorganGenerator
[12:41:17] DEPRECATION WARNING: please use MorganGenerator
[12:41:17] DEPRECATION WARNING: please use MorganGenerator
[12:41:17] DEPRECATION WARNING: please use MorganGenerator
[12:41:17] DEPRECATION WARNING: please use MorganGenerator
[12:41:17] DEPRECATION WARNING: please use MorganGenerator
[12:41:17] DEPRECATION WARNING: please use MorganGenerator
[12:41:17] DEPRECATION WARNING: please use MorganGenerator
[12:41:17] DEPRECATION WARNING: please use MorganGenerator
[12:41:17] DEPRECATION WARNING: please use MorganGenerator
[12:41:17] DEPRECATION WARNING: please use MorganGenerator
[12:41:17] DEPRECATION WARNING: please use MorganGenerator
[12:41:17] DEPRECATION WARNING: please use MorganGenerator
[12:41:17] DEPRECATION WARNING: please use MorganGenerator
[12:41:17] DEPRECATION WARNING: please use MorganGenerator
[12:41:17] DEPRECATION WARNING: please use MorganGenerator
[12:41:17] DEPRECATION WARNING: please use MorganGenerator
[12:41:17] DEPRECATION WARNING: please use MorganGenerator
[12:41:17] DEPRECATION WARNING: please use MorganGenerator
[12:41:17] DEPRECATION WARNING: please use MorganGenerator
[12:41:17] DEPRECATION WARNING: please use MorganGenerator
[12:41:17] DEPRECATION WARNING: please use MorganGenerator
[12:41:17] DEPRECATION WARNING: please use MorganGenerator
[12:41:17] DEPRECATION WARNING: please use MorganGenerator
[12:41:17] DEPRECATION WARNING: please use MorganGenerator
[12:41:17] DEPRECATION WARNING: please use MorganGenerator
[12:41:17] DEPRECATION WARNING: please use MorganGenerator
[12:41:17] DEPRECATION WARNING: please use MorganGenerator
[12:41:17] DEPRECATION WARNING: please use MorganGenerator
[12:41:17] DEPRECATION WARNING: please use MorganGenerator
[12:41:17] DEPRECATION WARNING: please use MorganGenerator
[12:41:17] DEPRECATION WARNING: please use MorganGenerator
[12:41:17] DEPRECATION WARNING: please use MorganGenerator
[12:41:17] DEPRECATION WARNING: please use MorganGenerator
[12:41:17] DEPRECATION WARNING: please use MorganGenerator
[12:41:17] DEPRECATION WARNING: please use MorganGenerator
[12:41:17] DEPRECATION WARNING: please use MorganGenerator
[12:41:17] DEPRECATION WARNING: please use MorganGenerator
[12:41:17] DEPRECATION WARNING: please use MorganGenerator
[12:41:17] DEPRECATION WARNING: please use MorganGenerator
[12:41:17] DEPRECATION WARNING: please use MorganGenerator
[12:41:17] DEPRECATION WARNING: please use MorganGenerator
[12:41:17] DEPRECATION WARNING: please use MorganGenerator
[12:41:17] DEPRECATION WARNING: please use MorganGenerator
[12:41:17] DEPRECATION WARNING: please use MorganGenerator
[12:41:17] DEPRECATION WARNING: please use MorganGenerator
[12:41:17] DEPRECATION WARNING: please use MorganGenerator
[12:41:17] DEPRECATION WARNING: please use MorganGenerator
[12:41:17] DEPRECATION WARNING: please use MorganGenerator
[12:41:17] DEPRECATION WARNING: please use MorganGenerator
[12:41:17] DEPRECATION WARNING: please use MorganGenerator
[12:41:17] DEPRECATION WARNING: please use MorganGenerator
[12:41:17] DEPRECATION WARNING: please use MorganGenerator
[12:41:17] DEPRECATION WARNING: please use MorganGenerator
[12:41:17] DEPRECATION WARNING: please use MorganGenerator
[12:41:17] DEPRECATION WARNING: please use MorganGenerator
[12:41:17] DEPRECATION WARNING: please use MorganGenerator
[12:41:17] DEPRECATION WARNING: please use MorganGenerator
[12:41:17] DEPRECATION WARNING: please use MorganGenerator
[12:41:17] DEPRECATION WARNING: please use MorganGenerator
[12:41:17] DEPRECATION WARNING: please use MorganGenerator
[12:41:17] DEPRECATION WARNING: please use MorganGenerator
[12:41:17] DEPRECATION WARNING: please use MorganGenerator
[12:41:17] DEPRECATION WARNING: please use MorganGenerator
[12:41:17] DEPRECATION WARNING: please use MorganGenerator
[12:41:17] DEPRECATION WARNING: please use MorganGenerator
[12:41:17] DEPRECATION WARNING: please use MorganGenerator
[12:41:17] DEPRECATION WARNING: please use MorganGenerator
[12:41:17] DEPRECATION WARNING: please use MorganGenerator
[12:41:17] DEPRECATION WARNING: please use MorganGenerator
[12:41:17] DEPRECATION WARNING: please use MorganGenerator
[12:41:17] DEPRECATION WARNING: please use MorganGenerator
[12:41:17] DEPRECATION WARNING: please use MorganGenerator
[12:41:17] DEPRECATION WARNING: please use MorganGenerator
[12:41:17] DEPRECATION WARNING: please use MorganGenerator
[12:41:17] DEPRECATION WARNING: please use MorganGenerator
[12:41:17] DEPRECATION WARNING: please use MorganGenerator
[12:41:17] DEPRECATION WARNING: please use MorganGenerator
[12:41:17] DEPRECATION WARNING: please use MorganGenerator
[12:41:17] DEPRECATION WARNING: please use MorganGenerator
[12:41:17] DEPRECATION WARNING: please use MorganGenerator
[12:41:17] DEPRECATION WARNING: please use MorganGenerator
[12:41:17] DEPRECATION WARNING: please use MorganGenerator
[12:41:17] DEPRECATION WARNING: please use MorganGenerator
[12:41:17] DEPRECATION WARNING: please use MorganGenerator
[12:41:17] DEPRECATION WARNING: please use MorganGenerator
[12:41:17] DEPRECATION WARNING: please use MorganGenerator
[12:41:17] DEPRECATION WARNING: please use MorganGenerator
[12:41:17] DEPRECATION WARNING: please use MorganGenerator
[12:41:17] DEPRECATION WARNING: please use MorganGenerator
[12:41:17] DEPRECATION WARNING: please use MorganGenerator
[12:41:17] DEPRECATION WARNING: please use MorganGenerator
[12:41:17] DEPRECATION WARNING: please use MorganGenerator
[12:41:17] DEPRECATION WARNING: please use MorganGenerator
[12:41:17] DEPRECATION WARNING: please use MorganGenerator
[12:41:17] DEPRECATION WARNING: please use MorganGenerator
[12:41:17] DEPRECATION WARNING: please use MorganGenerator
[12:41:17] DEPRECATION WARNING: please use MorganGenerator
[12:41:17] DEPRECATION WARNING: please use MorganGenerator
[12:41:17] DEPRECATION WARNING: please use MorganGenerator
[12:41:17] DEPRECATION WARNING: please use MorganGenerator
[12:41:17] DEPRECATION WARNING: please use MorganGenerator
[12:41:17] DEPRECATION WARNING: please use MorganGenerator
[12:41:17] DEPRECATION WARNING: please use MorganGenerator
[12:41:17] DEPRECATION WARNING: please use MorganGenerator
[12:41:17] DEPRECATION WARNING: please use MorganGenerator
[12:41:17] DEPRECATION WARNING: please use MorganGenerator
[12:41:17] DEPRECATION WARNING: please use MorganGenerator
[12:41:17] DEPRECATION WARNING: please use MorganGenerator
[12:41:17] DEPRECATION WARNING: please use MorganGenerator
[12:41:17] DEPRECATION WARNING: please use MorganGenerator
[12:41:17] DEPRECATION WARNING: please use MorganGenerator
[12:41:17] DEPRECATION WARNING: please use MorganGenerator
[12:41:17] DEPRECATION WARNING: please use MorganGenerator
[12:41:17] DEPRECATION WARNING: please use MorganGenerator
[12:41:17] DEPRECATION WARNING: please use MorganGenerator
[12:41:17] DEPRECATION WARNING: please use MorganGenerator
[12:41:17] DEPRECATION WARNING: please use MorganGenerator
[12:41:17] DEPRECATION WARNING: please use MorganGenerator
[12:41:17] DEPRECATION WARNING: please use MorganGenerator
[12:41:17] DEPRECATION WARNING: please use MorganGenerator
[12:41:17] DEPRECATION WARNING: please use MorganGenerator
[12:41:17] DEPRECATION WARNING: please use MorganGenerator
[12:41:17] DEPRECATION WARNING: please use MorganGenerator
[12:41:17] DEPRECATION WARNING: please use MorganGenerator
[12:41:17] DEPRECATION WARNING: please use MorganGenerator
[12:41:17] DEPRECATION WARNING: please use MorganGenerator
[12:41:17] DEPRECATION WARNING: please use MorganGenerator
[12:41:17] DEPRECATION WARNING: please use MorganGenerator
[12:41:17] DEPRECATION WARNING: please use MorganGenerator
[12:41:17] DEPRECATION WARNING: please use MorganGenerator
[12:41:17] DEPRECATION WARNING: please use MorganGenerator
[12:41:17] DEPRECATION WARNING: please use MorganGenerator
[12:41:17] DEPRECATION WARNING: please use MorganGenerator
[12:41:17] DEPRECATION WARNING: please use MorganGenerator
[12:41:17] DEPRECATION WARNING: please use MorganGenerator
[12:41:17] DEPRECATION WARNING: please use MorganGenerator
[12:41:17] DEPRECATION WARNING: please use MorganGenerator
[12:41:17] DEPRECATION WARNING: please use MorganGenerator
[12:41:17] DEPRECATION WARNING: please use MorganGenerator
[12:41:17] DEPRECATION WARNING: please use MorganGenerator
[12:41:17] DEPRECATION WARNING: please use MorganGenerator
[12:41:17] DEPRECATION WARNING: please use MorganGenerator
[12:41:17] DEPRECATION WARNING: please use MorganGenerator
[12:41:17] DEPRECATION WARNING: please use MorganGenerator
[12:41:17] DEPRECATION WARNING: please use MorganGenerator
[12:41:17] DEPRECATION WARNING: please use MorganGenerator
[12:41:17] DEPRECATION WARNING: please use MorganGenerator
[12:41:17] DEPRECATION WARNING: please use MorganGenerator
[12:41:17] DEPRECATION WARNING: please use MorganGenerator
[12:41:17] DEPRECATION WARNING: please use MorganGenerator
[12:41:17] DEPRECATION WARNING: please use MorganGenerator
[12:41:17] DEPRECATION WARNING: please use MorganGenerator
[12:41:17] DEPRECATION WARNING: please use MorganGenerator
[12:41:17] DEPRECATION WARNING: please use MorganGenerator
[12:41:17] DEPRECATION WARNING: please use MorganGenerator
[12:41:17] DEPRECATION WARNING: please use MorganGenerator
[12:41:17] DEPRECATION WARNING: please use MorganGenerator
[12:41:17] DEPRECATION WARNING: please use MorganGenerator
[12:41:17] DEPRECATION WARNING: please use MorganGenerator
[12:41:17] DEPRECATION WARNING: please use MorganGenerator
[12:41:17] DEPRECATION WARNING: please use MorganGenerator
[12:41:17] DEPRECATION WARNING: please use MorganGenerator
[12:41:17] DEPRECATION WARNING: please use MorganGenerator


[3/3] Calculating metrics...

Results:
  Validity:              1272/2000 (63.6%)
  Uniqueness:            363/1272 (28.54%)
  Diversity:             0.8985
  Scaffold preservation: 0/2000 (0.0%)
  Property satisfaction: 17/2000 (0.9%)
  Overall success:       0/2000 (0.0%)

 Results saved to: /root/autodl-tmp/multimodel/ablation_study/results/drugassist_results.json
================================================================================


