================================================================================
LLaMA2-7B-chat Baseline Evaluation - 2000 samples
================================================================================

Configuration:
  - Text-only input (no scaffold images/SMILES)
  - Property constraints only (MW, LogP, HBD, HBA, TPSA, QED)
  - Save all generation results

Starting 2000 samples evaluation...
Estimated time: 1-2 hours

================================================================================
Running LLaMA2Evaluator
================================================================================
[1/3] Loading model...
Loading LLaMA2 from /root/autodl-tmp/multimodel/models/Llama-2-7b-chat-hf...

Loading checkpoint shards:   0%|                                                                                                                                                  | 0/2 [00:00<?, ?it/s]
Loading checkpoint shards:  50%|█████████████████████████████████████████████████████████████████████                                                                     | 1/2 [00:23<00:23, 23.87s/it]
Loading checkpoint shards: 100%|██████████████████████████████████████████████████████████████████████████████████████████████████████████████████████████████████████████| 2/2 [00:32<00:00, 15.04s/it]
Loading checkpoint shards: 100%|██████████████████████████████████████████████████████████████████████████████████████████████████████████████████████████████████████████| 2/2 [00:32<00:00, 16.36s/it]LLaMA2 model loaded successfully
[2/3] Running inference on 2000 samples...

Progress: 1/2000[13:17:25] SMILES Parse Error: syntax error while parsing: the
[13:17:25] SMILES Parse Error: Failed parsing SMILES 'the' for input: 'the'
[13:17:25] SMILES Parse Error: syntax error while parsing: Sure
[13:17:25] SMILES Parse Error: Failed parsing SMILES 'Sure' for input: 'Sure'

Progress: 2/2000[13:17:26] SMILES Parse Error: syntax error while parsing: the
[13:17:26] SMILES Parse Error: Failed parsing SMILES 'the' for input: 'the'
[13:17:26] SMILES Parse Error: syntax error while parsing: Sure
[13:17:26] SMILES Parse Error: Failed parsing SMILES 'Sure' for input: 'Sure'

Progress: 3/2000[13:17:27] SMILES Parse Error: syntax error while parsing: the
[13:17:27] SMILES Parse Error: Failed parsing SMILES 'the' for input: 'the'
[13:17:27] SMILES Parse Error: syntax error while parsing: Sure
[13:17:27] SMILES Parse Error: Failed parsing SMILES 'Sure' for input: 'Sure'

Progress: 4/2000[13:17:29] SMILES Parse Error: syntax error while parsing: the
[13:17:29] SMILES Parse Error: Failed parsing SMILES 'the' for input: 'the'
[13:17:29] SMILES Parse Error: syntax error while parsing: Sure
[13:17:29] SMILES Parse Error: Failed parsing SMILES 'Sure' for input: 'Sure'

Progress: 5/2000
Progress: 6/2000[13:17:32] SMILES Parse Error: syntax error while parsing: Sure
[13:17:32] SMILES Parse Error: Failed parsing SMILES 'Sure' for input: 'Sure'

Progress: 7/2000[13:17:34] SMILES Parse Error: syntax error while parsing: the
[13:17:34] SMILES Parse Error: Failed parsing SMILES 'the' for input: 'the'
[13:17:34] SMILES Parse Error: syntax error while parsing: Sure
[13:17:34] SMILES Parse Error: Failed parsing SMILES 'Sure' for input: 'Sure'

Progress: 8/2000[13:17:38] SMILES Parse Error: ring closure 1 duplicates bond between atom 88 and atom 93 for input: 'CC(=O)Nc1ccc(cc1)S(=O)(=O)Nc2ccc(cc2)C(=O)Nc3ccc(cc3)C(=O)Nc4ccc(cc4)C(=O)Nc5ccc(cc5)S(=O)(=O)Nc6ccc(cc6)C(=O)Nc7ccc(cc7)C(=O)Nc8ccc(cc8)C(=O)Nc9ccc(cc9)S(=O)(=O)Nc10ccc(cc10)'
[13:17:38] SMILES Parse Error: syntax error while parsing: a
[13:17:38] SMILES Parse Error: Failed parsing SMILES 'a' for input: 'a'
[13:17:38] SMILES Parse Error: syntax error while parsing: SMILES
[13:17:38] SMILES Parse Error: Failed parsing SMILES 'SMILES' for input: 'SMILES'

Progress: 9/2000[13:17:39] SMILES Parse Error: syntax error while parsing: SMILES
[13:17:39] SMILES Parse Error: Failed parsing SMILES 'SMILES' for input: 'SMILES'
[13:17:39] SMILES Parse Error: syntax error while parsing: SMILES
[13:17:39] SMILES Parse Error: Failed parsing SMILES 'SMILES' for input: 'SMILES'

Progress: 10/2000[13:17:41] SMILES Parse Error: syntax error while parsing: the
[13:17:41] SMILES Parse Error: Failed parsing SMILES 'the' for input: 'the'
[13:17:41] SMILES Parse Error: syntax error while parsing: Sure
[13:17:41] SMILES Parse Error: Failed parsing SMILES 'Sure' for input: 'Sure'

Progress: 11/2000[13:17:42] SMILES Parse Error: syntax error while parsing: the
[13:17:42] SMILES Parse Error: Failed parsing SMILES 'the' for input: 'the'
[13:17:42] SMILES Parse Error: syntax error while parsing: Sure
[13:17:42] SMILES Parse Error: Failed parsing SMILES 'Sure' for input: 'Sure'

Progress: 12/2000[13:17:43] SMILES Parse Error: syntax error while parsing: the
[13:17:43] SMILES Parse Error: Failed parsing SMILES 'the' for input: 'the'
[13:17:43] SMILES Parse Error: syntax error while parsing: Sure
[13:17:43] SMILES Parse Error: Failed parsing SMILES 'Sure' for input: 'Sure'

Progress: 13/2000[13:17:46] SMILES Parse Error: syntax error while parsing: a
[13:17:46] SMILES Parse Error: Failed parsing SMILES 'a' for input: 'a'
[13:17:46] SMILES Parse Error: syntax error while parsing: SMILES
[13:17:46] SMILES Parse Error: Failed parsing SMILES 'SMILES' for input: 'SMILES'

Progress: 14/2000[13:17:48] SMILES Parse Error: syntax error while parsing: the
[13:17:48] SMILES Parse Error: Failed parsing SMILES 'the' for input: 'the'
[13:17:48] SMILES Parse Error: syntax error while parsing: Sure
[13:17:48] SMILES Parse Error: Failed parsing SMILES 'Sure' for input: 'Sure'

Progress: 15/2000[13:17:50] SMILES Parse Error: syntax error while parsing: the
[13:17:50] SMILES Parse Error: Failed parsing SMILES 'the' for input: 'the'
[13:17:50] SMILES Parse Error: syntax error while parsing: Sure
[13:17:50] SMILES Parse Error: Failed parsing SMILES 'Sure' for input: 'Sure'

Progress: 16/2000
Progress: 17/2000[13:17:53] SMILES Parse Error: syntax error while parsing: the
[13:17:53] SMILES Parse Error: Failed parsing SMILES 'the' for input: 'the'
[13:17:53] SMILES Parse Error: syntax error while parsing: Sure
[13:17:53] SMILES Parse Error: Failed parsing SMILES 'Sure' for input: 'Sure'

Progress: 18/2000[13:17:54] SMILES Parse Error: syntax error while parsing: the
[13:17:54] SMILES Parse Error: Failed parsing SMILES 'the' for input: 'the'
[13:17:54] SMILES Parse Error: syntax error while parsing: Sure
[13:17:54] SMILES Parse Error: Failed parsing SMILES 'Sure' for input: 'Sure'

Progress: 19/2000[13:17:55] SMILES Parse Error: syntax error while parsing: a
[13:17:55] SMILES Parse Error: Failed parsing SMILES 'a' for input: 'a'
[13:17:55] SMILES Parse Error: syntax error while parsing: SMILES
[13:17:55] SMILES Parse Error: Failed parsing SMILES 'SMILES' for input: 'SMILES'

Progress: 20/2000[13:17:56] SMILES Parse Error: syntax error while parsing: SMILES
[13:17:56] SMILES Parse Error: Failed parsing SMILES 'SMILES' for input: 'SMILES'

Progress: 21/2000[13:17:57] SMILES Parse Error: syntax error while parsing: the
[13:17:57] SMILES Parse Error: Failed parsing SMILES 'the' for input: 'the'
[13:17:57] SMILES Parse Error: syntax error while parsing: Sure
[13:17:57] SMILES Parse Error: Failed parsing SMILES 'Sure' for input: 'Sure'

Progress: 22/2000[13:17:59] SMILES Parse Error: syntax error while parsing: hydrophobic-bonding
[13:17:59] SMILES Parse Error: Failed parsing SMILES 'hydrophobic-bonding' for input: 'hydrophobic-bonding'
[13:17:59] SMILES Parse Error: syntax error while parsing: the
[13:17:59] SMILES Parse Error: Failed parsing SMILES 'the' for input: 'the'
[13:17:59] SMILES Parse Error: syntax error while parsing: Sure
[13:17:59] SMILES Parse Error: Failed parsing SMILES 'Sure' for input: 'Sure'

Progress: 23/2000[13:18:01] SMILES Parse Error: syntax error while parsing: the
[13:18:01] SMILES Parse Error: Failed parsing SMILES 'the' for input: 'the'
[13:18:01] SMILES Parse Error: syntax error while parsing: Sure
[13:18:01] SMILES Parse Error: Failed parsing SMILES 'Sure' for input: 'Sure'

Progress: 24/2000[13:18:03] SMILES Parse Error: syntax error while parsing: is
[13:18:03] SMILES Parse Error: Failed parsing SMILES 'is' for input: 'is'
[13:18:03] SMILES Parse Error: syntax error while parsing: Sure
[13:18:03] SMILES Parse Error: Failed parsing SMILES 'Sure' for input: 'Sure'

Progress: 25/2000[13:18:04] SMILES Parse Error: syntax error while parsing: is
[13:18:04] SMILES Parse Error: Failed parsing SMILES 'is' for input: 'is'
[13:18:04] SMILES Parse Error: syntax error while parsing: SMILES
[13:18:04] SMILES Parse Error: Failed parsing SMILES 'SMILES' for input: 'SMILES'

Progress: 26/2000[13:18:05] SMILES Parse Error: syntax error while parsing: the
[13:18:05] SMILES Parse Error: Failed parsing SMILES 'the' for input: 'the'
[13:18:05] SMILES Parse Error: syntax error while parsing: Sure
[13:18:05] SMILES Parse Error: Failed parsing SMILES 'Sure' for input: 'Sure'

Progress: 27/2000[13:18:08] SMILES Parse Error: syntax error while parsing: the
[13:18:08] SMILES Parse Error: Failed parsing SMILES 'the' for input: 'the'
[13:18:08] SMILES Parse Error: syntax error while parsing: Sure
[13:18:08] SMILES Parse Error: Failed parsing SMILES 'Sure' for input: 'Sure'

Progress: 28/2000[13:18:10] SMILES Parse Error: syntax error while parsing: the
[13:18:10] SMILES Parse Error: Failed parsing SMILES 'the' for input: 'the'
[13:18:10] SMILES Parse Error: syntax error while parsing: Sure
[13:18:10] SMILES Parse Error: Failed parsing SMILES 'Sure' for input: 'Sure'

Progress: 29/2000[13:18:13] SMILES Parse Error: syntax error while parsing: Sure
[13:18:13] SMILES Parse Error: Failed parsing SMILES 'Sure' for input: 'Sure'

Progress: 30/2000[13:18:15] SMILES Parse Error: syntax error while parsing: the
[13:18:15] SMILES Parse Error: Failed parsing SMILES 'the' for input: 'the'
[13:18:15] SMILES Parse Error: syntax error while parsing: Sure
[13:18:15] SMILES Parse Error: Failed parsing SMILES 'Sure' for input: 'Sure'

Progress: 31/2000[13:18:17] SMILES Parse Error: syntax error while parsing: the
[13:18:17] SMILES Parse Error: Failed parsing SMILES 'the' for input: 'the'
[13:18:17] SMILES Parse Error: syntax error while parsing: Sure
[13:18:17] SMILES Parse Error: Failed parsing SMILES 'Sure' for input: 'Sure'

Progress: 32/2000[13:18:19] SMILES Parse Error: syntax error while parsing: the
[13:18:19] SMILES Parse Error: Failed parsing SMILES 'the' for input: 'the'
[13:18:19] SMILES Parse Error: syntax error while parsing: Sure
[13:18:19] SMILES Parse Error: Failed parsing SMILES 'Sure' for input: 'Sure'

Progress: 33/2000[13:18:20] SMILES Parse Error: syntax error while parsing: the
[13:18:20] SMILES Parse Error: Failed parsing SMILES 'the' for input: 'the'
[13:18:20] SMILES Parse Error: syntax error while parsing: Sure
[13:18:20] SMILES Parse Error: Failed parsing SMILES 'Sure' for input: 'Sure'

Progress: 34/2000[13:18:21] SMILES Parse Error: syntax error while parsing: the
[13:18:21] SMILES Parse Error: Failed parsing SMILES 'the' for input: 'the'
[13:18:21] SMILES Parse Error: syntax error while parsing: Sure
[13:18:21] SMILES Parse Error: Failed parsing SMILES 'Sure' for input: 'Sure'

Progress: 35/2000[13:18:23] SMILES Parse Error: syntax error while parsing: the
[13:18:23] SMILES Parse Error: Failed parsing SMILES 'the' for input: 'the'
[13:18:23] SMILES Parse Error: syntax error while parsing: Sure
[13:18:23] SMILES Parse Error: Failed parsing SMILES 'Sure' for input: 'Sure'

Progress: 36/2000[13:18:24] SMILES Parse Error: syntax error while parsing: the
[13:18:24] SMILES Parse Error: Failed parsing SMILES 'the' for input: 'the'
[13:18:24] SMILES Parse Error: syntax error while parsing: Sure
[13:18:24] SMILES Parse Error: Failed parsing SMILES 'Sure' for input: 'Sure'

Progress: 37/2000[13:18:26] SMILES Parse Error: syntax error while parsing: the
[13:18:26] SMILES Parse Error: Failed parsing SMILES 'the' for input: 'the'
[13:18:26] SMILES Parse Error: syntax error while parsing: Sure
[13:18:26] SMILES Parse Error: Failed parsing SMILES 'Sure' for input: 'Sure'

Progress: 38/2000[13:18:28] SMILES Parse Error: syntax error while parsing: the
[13:18:28] SMILES Parse Error: Failed parsing SMILES 'the' for input: 'the'
[13:18:28] SMILES Parse Error: syntax error while parsing: Sure
[13:18:28] SMILES Parse Error: Failed parsing SMILES 'Sure' for input: 'Sure'

Progress: 39/2000[13:18:30] SMILES Parse Error: syntax error while parsing: is
[13:18:30] SMILES Parse Error: Failed parsing SMILES 'is' for input: 'is'
[13:18:30] SMILES Parse Error: syntax error while parsing: SMILES
[13:18:30] SMILES Parse Error: Failed parsing SMILES 'SMILES' for input: 'SMILES'

Progress: 40/2000[13:18:31] SMILES Parse Error: syntax error while parsing: the
[13:18:31] SMILES Parse Error: Failed parsing SMILES 'the' for input: 'the'
[13:18:31] SMILES Parse Error: syntax error while parsing: Sure
[13:18:31] SMILES Parse Error: Failed parsing SMILES 'Sure' for input: 'Sure'

Progress: 41/2000[13:18:32] SMILES Parse Error: syntax error while parsing: a
[13:18:32] SMILES Parse Error: Failed parsing SMILES 'a' for input: 'a'
[13:18:32] SMILES Parse Error: syntax error while parsing: SMILES
[13:18:32] SMILES Parse Error: Failed parsing SMILES 'SMILES' for input: 'SMILES'

Progress: 42/2000[13:18:34] SMILES Parse Error: syntax error while parsing: SMILES
[13:18:34] SMILES Parse Error: Failed parsing SMILES 'SMILES' for input: 'SMILES'

Progress: 43/2000[13:18:36] SMILES Parse Error: syntax error while parsing: the
[13:18:36] SMILES Parse Error: Failed parsing SMILES 'the' for input: 'the'
[13:18:36] SMILES Parse Error: syntax error while parsing: Sure
[13:18:36] SMILES Parse Error: Failed parsing SMILES 'Sure' for input: 'Sure'

Progress: 44/2000[13:18:38] SMILES Parse Error: syntax error while parsing: the
[13:18:38] SMILES Parse Error: Failed parsing SMILES 'the' for input: 'the'
[13:18:38] SMILES Parse Error: syntax error while parsing: Sure
[13:18:38] SMILES Parse Error: Failed parsing SMILES 'Sure' for input: 'Sure'

Progress: 45/2000[13:18:39] SMILES Parse Error: syntax error while parsing: the
[13:18:39] SMILES Parse Error: Failed parsing SMILES 'the' for input: 'the'
[13:18:39] SMILES Parse Error: syntax error while parsing: Sure
[13:18:39] SMILES Parse Error: Failed parsing SMILES 'Sure' for input: 'Sure'

Progress: 46/2000[13:18:42] SMILES Parse Error: syntax error while parsing: the
[13:18:42] SMILES Parse Error: Failed parsing SMILES 'the' for input: 'the'
[13:18:42] SMILES Parse Error: syntax error while parsing: Sure
[13:18:42] SMILES Parse Error: Failed parsing SMILES 'Sure' for input: 'Sure'

Progress: 47/2000[13:18:43] SMILES Parse Error: syntax error while parsing: the
[13:18:43] SMILES Parse Error: Failed parsing SMILES 'the' for input: 'the'
[13:18:43] SMILES Parse Error: syntax error while parsing: Sure
[13:18:43] SMILES Parse Error: Failed parsing SMILES 'Sure' for input: 'Sure'

Progress: 48/2000[13:18:45] SMILES Parse Error: syntax error while parsing: the
[13:18:45] SMILES Parse Error: Failed parsing SMILES 'the' for input: 'the'
[13:18:45] SMILES Parse Error: syntax error while parsing: Sure
[13:18:45] SMILES Parse Error: Failed parsing SMILES 'Sure' for input: 'Sure'

Progress: 49/2000[13:18:46] SMILES Parse Error: syntax error while parsing: the
[13:18:46] SMILES Parse Error: Failed parsing SMILES 'the' for input: 'the'
[13:18:46] SMILES Parse Error: syntax error while parsing: Sure
[13:18:46] SMILES Parse Error: Failed parsing SMILES 'Sure' for input: 'Sure'

Progress: 50/2000[13:18:48] SMILES Parse Error: syntax error while parsing: the
[13:18:48] SMILES Parse Error: Failed parsing SMILES 'the' for input: 'the'
[13:18:48] SMILES Parse Error: syntax error while parsing: Sure
[13:18:48] SMILES Parse Error: Failed parsing SMILES 'Sure' for input: 'Sure'

Progress: 51/2000[13:18:49] SMILES Parse Error: syntax error while parsing: is
[13:18:49] SMILES Parse Error: Failed parsing SMILES 'is' for input: 'is'
[13:18:49] SMILES Parse Error: syntax error while parsing: SMILES
[13:18:49] SMILES Parse Error: Failed parsing SMILES 'SMILES' for input: 'SMILES'

Progress: 52/2000[13:18:51] SMILES Parse Error: syntax error while parsing: the
[13:18:51] SMILES Parse Error: Failed parsing SMILES 'the' for input: 'the'
[13:18:51] SMILES Parse Error: syntax error while parsing: Sure
[13:18:51] SMILES Parse Error: Failed parsing SMILES 'Sure' for input: 'Sure'

Progress: 53/2000
Progress: 54/2000[13:18:54] SMILES Parse Error: syntax error while parsing: the
[13:18:54] SMILES Parse Error: Failed parsing SMILES 'the' for input: 'the'
[13:18:54] SMILES Parse Error: syntax error while parsing: Sure
[13:18:54] SMILES Parse Error: Failed parsing SMILES 'Sure' for input: 'Sure'

Progress: 55/2000[13:18:56] SMILES Parse Error: syntax error while parsing: the
[13:18:56] SMILES Parse Error: Failed parsing SMILES 'the' for input: 'the'
[13:18:56] SMILES Parse Error: syntax error while parsing: Sure
[13:18:56] SMILES Parse Error: Failed parsing SMILES 'Sure' for input: 'Sure'

Progress: 56/2000[13:18:58] SMILES Parse Error: syntax error while parsing: the
[13:18:58] SMILES Parse Error: Failed parsing SMILES 'the' for input: 'the'
[13:18:58] SMILES Parse Error: syntax error while parsing: Sure
[13:18:58] SMILES Parse Error: Failed parsing SMILES 'Sure' for input: 'Sure'

Progress: 57/2000[13:19:00] SMILES Parse Error: syntax error while parsing: the
[13:19:00] SMILES Parse Error: Failed parsing SMILES 'the' for input: 'the'
[13:19:00] SMILES Parse Error: syntax error while parsing: Sure
[13:19:00] SMILES Parse Error: Failed parsing SMILES 'Sure' for input: 'Sure'

Progress: 58/2000
Progress: 59/2000[13:19:03] SMILES Parse Error: syntax error while parsing: is
[13:19:03] SMILES Parse Error: Failed parsing SMILES 'is' for input: 'is'
[13:19:03] SMILES Parse Error: syntax error while parsing: SMILES
[13:19:03] SMILES Parse Error: Failed parsing SMILES 'SMILES' for input: 'SMILES'

Progress: 60/2000[13:19:05] SMILES Parse Error: syntax error while parsing: the
[13:19:05] SMILES Parse Error: Failed parsing SMILES 'the' for input: 'the'
[13:19:05] SMILES Parse Error: syntax error while parsing: Sure
[13:19:05] SMILES Parse Error: Failed parsing SMILES 'Sure' for input: 'Sure'

Progress: 61/2000[13:19:06] SMILES Parse Error: syntax error while parsing: the
[13:19:06] SMILES Parse Error: Failed parsing SMILES 'the' for input: 'the'
[13:19:06] SMILES Parse Error: syntax error while parsing: Sure
[13:19:06] SMILES Parse Error: Failed parsing SMILES 'Sure' for input: 'Sure'

Progress: 62/2000[13:19:09] SMILES Parse Error: syntax error while parsing: molecule
[13:19:09] SMILES Parse Error: Failed parsing SMILES 'molecule' for input: 'molecule'
[13:19:09] SMILES Parse Error: syntax error while parsing: Sure
[13:19:09] SMILES Parse Error: Failed parsing SMILES 'Sure' for input: 'Sure'

Progress: 63/2000[13:19:10] SMILES Parse Error: syntax error while parsing: the
[13:19:10] SMILES Parse Error: Failed parsing SMILES 'the' for input: 'the'
[13:19:10] SMILES Parse Error: syntax error while parsing: Sure
[13:19:10] SMILES Parse Error: Failed parsing SMILES 'Sure' for input: 'Sure'

Progress: 64/2000[13:19:11] SMILES Parse Error: syntax error while parsing: the
[13:19:11] SMILES Parse Error: Failed parsing SMILES 'the' for input: 'the'
[13:19:11] SMILES Parse Error: syntax error while parsing: Sure
[13:19:11] SMILES Parse Error: Failed parsing SMILES 'Sure' for input: 'Sure'

Progress: 65/2000[13:19:13] SMILES Parse Error: syntax error while parsing: the
[13:19:13] SMILES Parse Error: Failed parsing SMILES 'the' for input: 'the'
[13:19:13] SMILES Parse Error: syntax error while parsing: Sure
[13:19:13] SMILES Parse Error: Failed parsing SMILES 'Sure' for input: 'Sure'

Progress: 66/2000[13:19:15] SMILES Parse Error: syntax error while parsing: SMILES
[13:19:15] SMILES Parse Error: Failed parsing SMILES 'SMILES' for input: 'SMILES'
[13:19:15] SMILES Parse Error: syntax error while parsing: SMILES
[13:19:15] SMILES Parse Error: Failed parsing SMILES 'SMILES' for input: 'SMILES'

Progress: 67/2000[13:19:17] SMILES Parse Error: syntax error while parsing: the
[13:19:17] SMILES Parse Error: Failed parsing SMILES 'the' for input: 'the'
[13:19:17] SMILES Parse Error: syntax error while parsing: Sure
[13:19:17] SMILES Parse Error: Failed parsing SMILES 'Sure' for input: 'Sure'

Progress: 68/2000[13:19:18] SMILES Parse Error: syntax error while parsing: SMILES
[13:19:18] SMILES Parse Error: Failed parsing SMILES 'SMILES' for input: 'SMILES'

Progress: 69/2000[13:19:20] SMILES Parse Error: syntax error while parsing: the
[13:19:20] SMILES Parse Error: Failed parsing SMILES 'the' for input: 'the'
[13:19:20] SMILES Parse Error: syntax error while parsing: Sure
[13:19:20] SMILES Parse Error: Failed parsing SMILES 'Sure' for input: 'Sure'

Progress: 70/2000[13:19:22] SMILES Parse Error: syntax error while parsing: the
[13:19:22] SMILES Parse Error: Failed parsing SMILES 'the' for input: 'the'
[13:19:22] SMILES Parse Error: syntax error while parsing: Sure
[13:19:22] SMILES Parse Error: Failed parsing SMILES 'Sure' for input: 'Sure'

Progress: 71/2000[13:19:24] SMILES Parse Error: syntax error while parsing: the
[13:19:24] SMILES Parse Error: Failed parsing SMILES 'the' for input: 'the'
[13:19:24] SMILES Parse Error: syntax error while parsing: Sure
[13:19:24] SMILES Parse Error: Failed parsing SMILES 'Sure' for input: 'Sure'

Progress: 72/2000[13:19:26] SMILES Parse Error: syntax error while parsing: the
[13:19:26] SMILES Parse Error: Failed parsing SMILES 'the' for input: 'the'
[13:19:26] SMILES Parse Error: syntax error while parsing: Sure
[13:19:26] SMILES Parse Error: Failed parsing SMILES 'Sure' for input: 'Sure'

Progress: 73/2000[13:19:27] SMILES Parse Error: syntax error while parsing: the
[13:19:27] SMILES Parse Error: Failed parsing SMILES 'the' for input: 'the'
[13:19:27] SMILES Parse Error: syntax error while parsing: Sure
[13:19:27] SMILES Parse Error: Failed parsing SMILES 'Sure' for input: 'Sure'

Progress: 74/2000[13:19:28] SMILES Parse Error: syntax error while parsing: SMILES
[13:19:28] SMILES Parse Error: Failed parsing SMILES 'SMILES' for input: 'SMILES'

Progress: 75/2000[13:19:30] SMILES Parse Error: syntax error while parsing: the
[13:19:30] SMILES Parse Error: Failed parsing SMILES 'the' for input: 'the'
[13:19:30] SMILES Parse Error: syntax error while parsing: Sure
[13:19:30] SMILES Parse Error: Failed parsing SMILES 'Sure' for input: 'Sure'

Progress: 76/2000[13:19:33] SMILES Parse Error: syntax error while parsing: the
[13:19:33] SMILES Parse Error: Failed parsing SMILES 'the' for input: 'the'
[13:19:33] SMILES Parse Error: syntax error while parsing: Sure
[13:19:33] SMILES Parse Error: Failed parsing SMILES 'Sure' for input: 'Sure'

Progress: 77/2000[13:19:34] SMILES Parse Error: syntax error while parsing: Sure
[13:19:34] SMILES Parse Error: Failed parsing SMILES 'Sure' for input: 'Sure'

Progress: 78/2000
Progress: 79/2000[13:19:37] SMILES Parse Error: syntax error while parsing: the
[13:19:37] SMILES Parse Error: Failed parsing SMILES 'the' for input: 'the'
[13:19:37] SMILES Parse Error: syntax error while parsing: Sure
[13:19:37] SMILES Parse Error: Failed parsing SMILES 'Sure' for input: 'Sure'

Progress: 80/2000[13:19:38] SMILES Parse Error: syntax error while parsing: the
[13:19:38] SMILES Parse Error: Failed parsing SMILES 'the' for input: 'the'
[13:19:38] SMILES Parse Error: syntax error while parsing: Sure
[13:19:38] SMILES Parse Error: Failed parsing SMILES 'Sure' for input: 'Sure'

Progress: 81/2000[13:19:39] SMILES Parse Error: syntax error while parsing: the
[13:19:39] SMILES Parse Error: Failed parsing SMILES 'the' for input: 'the'
[13:19:39] SMILES Parse Error: syntax error while parsing: Sure
[13:19:39] SMILES Parse Error: Failed parsing SMILES 'Sure' for input: 'Sure'

Progress: 82/2000[13:19:40] SMILES Parse Error: syntax error while parsing: the
[13:19:40] SMILES Parse Error: Failed parsing SMILES 'the' for input: 'the'
[13:19:40] SMILES Parse Error: syntax error while parsing: Sure
[13:19:40] SMILES Parse Error: Failed parsing SMILES 'Sure' for input: 'Sure'

Progress: 83/2000[13:19:42] SMILES Parse Error: syntax error while parsing: the
[13:19:42] SMILES Parse Error: Failed parsing SMILES 'the' for input: 'the'
[13:19:42] SMILES Parse Error: syntax error while parsing: Sure
[13:19:42] SMILES Parse Error: Failed parsing SMILES 'Sure' for input: 'Sure'

Progress: 84/2000[13:19:45] SMILES Parse Error: syntax error while parsing: the
[13:19:45] SMILES Parse Error: Failed parsing SMILES 'the' for input: 'the'
[13:19:45] SMILES Parse Error: syntax error while parsing: Sure
[13:19:45] SMILES Parse Error: Failed parsing SMILES 'Sure' for input: 'Sure'

Progress: 85/2000[13:19:46] SMILES Parse Error: syntax error while parsing: the
[13:19:46] SMILES Parse Error: Failed parsing SMILES 'the' for input: 'the'
[13:19:46] SMILES Parse Error: syntax error while parsing: Sure
[13:19:46] SMILES Parse Error: Failed parsing SMILES 'Sure' for input: 'Sure'

Progress: 86/2000[13:19:47] SMILES Parse Error: syntax error while parsing: the
[13:19:47] SMILES Parse Error: Failed parsing SMILES 'the' for input: 'the'
[13:19:47] SMILES Parse Error: syntax error while parsing: Sure
[13:19:47] SMILES Parse Error: Failed parsing SMILES 'Sure' for input: 'Sure'

Progress: 87/2000[13:19:48] SMILES Parse Error: syntax error while parsing: the
[13:19:48] SMILES Parse Error: Failed parsing SMILES 'the' for input: 'the'
[13:19:48] SMILES Parse Error: syntax error while parsing: Sure
[13:19:48] SMILES Parse Error: Failed parsing SMILES 'Sure' for input: 'Sure'

Progress: 88/2000[13:19:50] SMILES Parse Error: syntax error while parsing: the
[13:19:50] SMILES Parse Error: Failed parsing SMILES 'the' for input: 'the'
[13:19:50] SMILES Parse Error: syntax error while parsing: Sure
[13:19:50] SMILES Parse Error: Failed parsing SMILES 'Sure' for input: 'Sure'

Progress: 89/2000[13:19:51] SMILES Parse Error: syntax error while parsing: the
[13:19:51] SMILES Parse Error: Failed parsing SMILES 'the' for input: 'the'
[13:19:51] SMILES Parse Error: syntax error while parsing: Sure
[13:19:51] SMILES Parse Error: Failed parsing SMILES 'Sure' for input: 'Sure'

Progress: 90/2000[13:19:53] SMILES Parse Error: syntax error while parsing: the
[13:19:53] SMILES Parse Error: Failed parsing SMILES 'the' for input: 'the'
[13:19:53] SMILES Parse Error: syntax error while parsing: Sure
[13:19:53] SMILES Parse Error: Failed parsing SMILES 'Sure' for input: 'Sure'

Progress: 91/2000[13:19:55] SMILES Parse Error: syntax error while parsing: the
[13:19:55] SMILES Parse Error: Failed parsing SMILES 'the' for input: 'the'
[13:19:55] SMILES Parse Error: syntax error while parsing: Sure
[13:19:55] SMILES Parse Error: Failed parsing SMILES 'Sure' for input: 'Sure'

Progress: 92/2000[13:19:56] SMILES Parse Error: syntax error while parsing: the
[13:19:56] SMILES Parse Error: Failed parsing SMILES 'the' for input: 'the'
[13:19:56] SMILES Parse Error: syntax error while parsing: Sure
[13:19:56] SMILES Parse Error: Failed parsing SMILES 'Sure' for input: 'Sure'

Progress: 93/2000[13:19:57] SMILES Parse Error: syntax error while parsing: the
[13:19:57] SMILES Parse Error: Failed parsing SMILES 'the' for input: 'the'
[13:19:57] SMILES Parse Error: syntax error while parsing: Sure
[13:19:57] SMILES Parse Error: Failed parsing SMILES 'Sure' for input: 'Sure'

Progress: 94/2000[13:19:59] SMILES Parse Error: syntax error while parsing: a
[13:19:59] SMILES Parse Error: Failed parsing SMILES 'a' for input: 'a'
[13:19:59] SMILES Parse Error: syntax error while parsing: Sure
[13:19:59] SMILES Parse Error: Failed parsing SMILES 'Sure' for input: 'Sure'

Progress: 95/2000[13:20:01] SMILES Parse Error: syntax error while parsing: the
[13:20:01] SMILES Parse Error: Failed parsing SMILES 'the' for input: 'the'
[13:20:01] SMILES Parse Error: syntax error while parsing: Sure
[13:20:01] SMILES Parse Error: Failed parsing SMILES 'Sure' for input: 'Sure'

Progress: 96/2000[13:20:02] SMILES Parse Error: syntax error while parsing: the
[13:20:02] SMILES Parse Error: Failed parsing SMILES 'the' for input: 'the'
[13:20:02] SMILES Parse Error: syntax error while parsing: Sure
[13:20:02] SMILES Parse Error: Failed parsing SMILES 'Sure' for input: 'Sure'

Progress: 97/2000[13:20:05] non-ring atom 0 marked aromatic
[13:20:05] SMILES Parse Error: syntax error while parsing: the
[13:20:05] SMILES Parse Error: Failed parsing SMILES 'the' for input: 'the'
[13:20:05] SMILES Parse Error: syntax error while parsing: Sure
[13:20:05] SMILES Parse Error: Failed parsing SMILES 'Sure' for input: 'Sure'

Progress: 98/2000[13:20:07] SMILES Parse Error: syntax error while parsing: the
[13:20:07] SMILES Parse Error: Failed parsing SMILES 'the' for input: 'the'
[13:20:07] SMILES Parse Error: syntax error while parsing: Sure
[13:20:07] SMILES Parse Error: Failed parsing SMILES 'Sure' for input: 'Sure'

Progress: 99/2000[13:20:09] SMILES Parse Error: syntax error while parsing: the
[13:20:09] SMILES Parse Error: Failed parsing SMILES 'the' for input: 'the'
[13:20:09] SMILES Parse Error: syntax error while parsing: Sure
[13:20:09] SMILES Parse Error: Failed parsing SMILES 'Sure' for input: 'Sure'

Progress: 100/2000[13:20:10] SMILES Parse Error: syntax error while parsing: the
[13:20:10] SMILES Parse Error: Failed parsing SMILES 'the' for input: 'the'
[13:20:10] SMILES Parse Error: syntax error while parsing: Sure
[13:20:10] SMILES Parse Error: Failed parsing SMILES 'Sure' for input: 'Sure'

Progress: 101/2000[13:20:11] SMILES Parse Error: syntax error while parsing: the
[13:20:11] SMILES Parse Error: Failed parsing SMILES 'the' for input: 'the'
[13:20:11] SMILES Parse Error: syntax error while parsing: Sure
[13:20:11] SMILES Parse Error: Failed parsing SMILES 'Sure' for input: 'Sure'

Progress: 102/2000[13:20:13] SMILES Parse Error: syntax error while parsing: the
[13:20:13] SMILES Parse Error: Failed parsing SMILES 'the' for input: 'the'
[13:20:13] SMILES Parse Error: syntax error while parsing: Sure
[13:20:13] SMILES Parse Error: Failed parsing SMILES 'Sure' for input: 'Sure'

Progress: 103/2000[13:20:16] SMILES Parse Error: syntax error while parsing: the
[13:20:16] SMILES Parse Error: Failed parsing SMILES 'the' for input: 'the'
[13:20:16] SMILES Parse Error: syntax error while parsing: Sure
[13:20:16] SMILES Parse Error: Failed parsing SMILES 'Sure' for input: 'Sure'

Progress: 104/2000[13:20:18] SMILES Parse Error: syntax error while parsing: the
[13:20:18] SMILES Parse Error: Failed parsing SMILES 'the' for input: 'the'
[13:20:18] SMILES Parse Error: syntax error while parsing: Sure
[13:20:18] SMILES Parse Error: Failed parsing SMILES 'Sure' for input: 'Sure'

Progress: 105/2000[13:20:20] SMILES Parse Error: syntax error while parsing: the
[13:20:20] SMILES Parse Error: Failed parsing SMILES 'the' for input: 'the'
[13:20:20] SMILES Parse Error: syntax error while parsing: Here
[13:20:20] SMILES Parse Error: Failed parsing SMILES 'Here' for input: 'Here'

Progress: 106/2000[13:20:22] SMILES Parse Error: syntax error while parsing: the
[13:20:22] SMILES Parse Error: Failed parsing SMILES 'the' for input: 'the'
[13:20:22] SMILES Parse Error: syntax error while parsing: Sure
[13:20:22] SMILES Parse Error: Failed parsing SMILES 'Sure' for input: 'Sure'

Progress: 107/2000[13:20:24] SMILES Parse Error: syntax error while parsing: the
[13:20:24] SMILES Parse Error: Failed parsing SMILES 'the' for input: 'the'
[13:20:24] SMILES Parse Error: syntax error while parsing: Sure
[13:20:24] SMILES Parse Error: Failed parsing SMILES 'Sure' for input: 'Sure'

Progress: 108/2000[13:20:25] SMILES Parse Error: syntax error while parsing: the
[13:20:25] SMILES Parse Error: Failed parsing SMILES 'the' for input: 'the'
[13:20:25] SMILES Parse Error: syntax error while parsing: Sure
[13:20:25] SMILES Parse Error: Failed parsing SMILES 'Sure' for input: 'Sure'

Progress: 109/2000[13:20:27] SMILES Parse Error: syntax error while parsing: the
[13:20:27] SMILES Parse Error: Failed parsing SMILES 'the' for input: 'the'
[13:20:27] SMILES Parse Error: syntax error while parsing: Sure
[13:20:27] SMILES Parse Error: Failed parsing SMILES 'Sure' for input: 'Sure'

Progress: 110/2000[13:20:28] SMILES Parse Error: syntax error while parsing: the
[13:20:28] SMILES Parse Error: Failed parsing SMILES 'the' for input: 'the'
[13:20:28] SMILES Parse Error: syntax error while parsing: Sure
[13:20:28] SMILES Parse Error: Failed parsing SMILES 'Sure' for input: 'Sure'

Progress: 111/2000[13:20:29] SMILES Parse Error: syntax error while parsing: the
[13:20:29] SMILES Parse Error: Failed parsing SMILES 'the' for input: 'the'
[13:20:29] SMILES Parse Error: syntax error while parsing: Sure
[13:20:29] SMILES Parse Error: Failed parsing SMILES 'Sure' for input: 'Sure'

Progress: 112/2000[13:20:31] SMILES Parse Error: syntax error while parsing: the
[13:20:31] SMILES Parse Error: Failed parsing SMILES 'the' for input: 'the'
[13:20:31] SMILES Parse Error: syntax error while parsing: Sure
[13:20:31] SMILES Parse Error: Failed parsing SMILES 'Sure' for input: 'Sure'

Progress: 113/2000[13:20:32] SMILES Parse Error: syntax error while parsing: the
[13:20:32] SMILES Parse Error: Failed parsing SMILES 'the' for input: 'the'
[13:20:32] SMILES Parse Error: syntax error while parsing: Sure
[13:20:32] SMILES Parse Error: Failed parsing SMILES 'Sure' for input: 'Sure'

Progress: 114/2000[13:20:34] SMILES Parse Error: syntax error while parsing: the
[13:20:34] SMILES Parse Error: Failed parsing SMILES 'the' for input: 'the'
[13:20:34] SMILES Parse Error: syntax error while parsing: Sure
[13:20:34] SMILES Parse Error: Failed parsing SMILES 'Sure' for input: 'Sure'

Progress: 115/2000[13:20:36] SMILES Parse Error: syntax error while parsing: the
[13:20:36] SMILES Parse Error: Failed parsing SMILES 'the' for input: 'the'
[13:20:36] SMILES Parse Error: syntax error while parsing: Sure
[13:20:36] SMILES Parse Error: Failed parsing SMILES 'Sure' for input: 'Sure'

Progress: 116/2000[13:20:38] SMILES Parse Error: syntax error while parsing: the
[13:20:38] SMILES Parse Error: Failed parsing SMILES 'the' for input: 'the'
[13:20:38] SMILES Parse Error: syntax error while parsing: Sure
[13:20:38] SMILES Parse Error: Failed parsing SMILES 'Sure' for input: 'Sure'

Progress: 117/2000[13:20:39] SMILES Parse Error: syntax error while parsing: the
[13:20:39] SMILES Parse Error: Failed parsing SMILES 'the' for input: 'the'
[13:20:39] SMILES Parse Error: syntax error while parsing: Sure
[13:20:39] SMILES Parse Error: Failed parsing SMILES 'Sure' for input: 'Sure'

Progress: 118/2000[13:20:41] SMILES Parse Error: syntax error while parsing: the
[13:20:41] SMILES Parse Error: Failed parsing SMILES 'the' for input: 'the'
[13:20:41] SMILES Parse Error: syntax error while parsing: Sure
[13:20:41] SMILES Parse Error: Failed parsing SMILES 'Sure' for input: 'Sure'

Progress: 119/2000[13:20:43] SMILES Parse Error: syntax error while parsing: the
[13:20:43] SMILES Parse Error: Failed parsing SMILES 'the' for input: 'the'
[13:20:43] SMILES Parse Error: syntax error while parsing: Sure
[13:20:43] SMILES Parse Error: Failed parsing SMILES 'Sure' for input: 'Sure'

Progress: 120/2000[13:20:44] SMILES Parse Error: syntax error while parsing: the
[13:20:44] SMILES Parse Error: Failed parsing SMILES 'the' for input: 'the'
[13:20:44] SMILES Parse Error: syntax error while parsing: Sure
[13:20:44] SMILES Parse Error: Failed parsing SMILES 'Sure' for input: 'Sure'

Progress: 121/2000[13:20:45] SMILES Parse Error: syntax error while parsing: the
[13:20:45] SMILES Parse Error: Failed parsing SMILES 'the' for input: 'the'
[13:20:45] SMILES Parse Error: syntax error while parsing: Sure
[13:20:45] SMILES Parse Error: Failed parsing SMILES 'Sure' for input: 'Sure'

Progress: 122/2000[13:20:47] SMILES Parse Error: syntax error while parsing: the
[13:20:47] SMILES Parse Error: Failed parsing SMILES 'the' for input: 'the'
[13:20:47] SMILES Parse Error: syntax error while parsing: Sure
[13:20:47] SMILES Parse Error: Failed parsing SMILES 'Sure' for input: 'Sure'

Progress: 123/2000[13:20:48] SMILES Parse Error: syntax error while parsing: the
[13:20:48] SMILES Parse Error: Failed parsing SMILES 'the' for input: 'the'
[13:20:48] SMILES Parse Error: syntax error while parsing: Sure
[13:20:48] SMILES Parse Error: Failed parsing SMILES 'Sure' for input: 'Sure'

Progress: 124/2000[13:20:50] SMILES Parse Error: syntax error while parsing: the
[13:20:50] SMILES Parse Error: Failed parsing SMILES 'the' for input: 'the'
[13:20:50] SMILES Parse Error: syntax error while parsing: Sure
[13:20:50] SMILES Parse Error: Failed parsing SMILES 'Sure' for input: 'Sure'

Progress: 125/2000[13:20:51] SMILES Parse Error: syntax error while parsing: the
[13:20:51] SMILES Parse Error: Failed parsing SMILES 'the' for input: 'the'
[13:20:51] SMILES Parse Error: syntax error while parsing: Sure
[13:20:51] SMILES Parse Error: Failed parsing SMILES 'Sure' for input: 'Sure'

Progress: 126/2000[13:20:52] SMILES Parse Error: syntax error while parsing: the
[13:20:52] SMILES Parse Error: Failed parsing SMILES 'the' for input: 'the'
[13:20:52] SMILES Parse Error: syntax error while parsing: Sure
[13:20:52] SMILES Parse Error: Failed parsing SMILES 'Sure' for input: 'Sure'

Progress: 127/2000[13:20:53] SMILES Parse Error: syntax error while parsing: the
[13:20:53] SMILES Parse Error: Failed parsing SMILES 'the' for input: 'the'
[13:20:53] SMILES Parse Error: syntax error while parsing: Sure
[13:20:53] SMILES Parse Error: Failed parsing SMILES 'Sure' for input: 'Sure'

Progress: 128/2000[13:20:55] SMILES Parse Error: syntax error while parsing: the
[13:20:55] SMILES Parse Error: Failed parsing SMILES 'the' for input: 'the'
[13:20:55] SMILES Parse Error: syntax error while parsing: Sure
[13:20:55] SMILES Parse Error: Failed parsing SMILES 'Sure' for input: 'Sure'

Progress: 129/2000[13:20:57] SMILES Parse Error: syntax error while parsing: the
[13:20:57] SMILES Parse Error: Failed parsing SMILES 'the' for input: 'the'
[13:20:57] SMILES Parse Error: syntax error while parsing: Sure
[13:20:57] SMILES Parse Error: Failed parsing SMILES 'Sure' for input: 'Sure'

Progress: 130/2000[13:20:59] SMILES Parse Error: syntax error while parsing: the
[13:20:59] SMILES Parse Error: Failed parsing SMILES 'the' for input: 'the'
[13:20:59] SMILES Parse Error: syntax error while parsing: Sure
[13:20:59] SMILES Parse Error: Failed parsing SMILES 'Sure' for input: 'Sure'

Progress: 131/2000[13:21:01] SMILES Parse Error: syntax error while parsing: the
[13:21:01] SMILES Parse Error: Failed parsing SMILES 'the' for input: 'the'
[13:21:01] SMILES Parse Error: syntax error while parsing: Sure
[13:21:01] SMILES Parse Error: Failed parsing SMILES 'Sure' for input: 'Sure'

Progress: 132/2000[13:21:03] SMILES Parse Error: syntax error while parsing: SMILES
[13:21:03] SMILES Parse Error: Failed parsing SMILES 'SMILES' for input: 'SMILES'

Progress: 133/2000
Progress: 134/2000[13:21:06] SMILES Parse Error: syntax error while parsing: the
[13:21:06] SMILES Parse Error: Failed parsing SMILES 'the' for input: 'the'
[13:21:06] SMILES Parse Error: syntax error while parsing: Sure
[13:21:06] SMILES Parse Error: Failed parsing SMILES 'Sure' for input: 'Sure'

Progress: 135/2000[13:21:07] SMILES Parse Error: syntax error while parsing: the
[13:21:07] SMILES Parse Error: Failed parsing SMILES 'the' for input: 'the'
[13:21:07] SMILES Parse Error: syntax error while parsing: Sure
[13:21:07] SMILES Parse Error: Failed parsing SMILES 'Sure' for input: 'Sure'

Progress: 136/2000[13:21:09] SMILES Parse Error: syntax error while parsing: the
[13:21:09] SMILES Parse Error: Failed parsing SMILES 'the' for input: 'the'
[13:21:09] SMILES Parse Error: syntax error while parsing: Sure
[13:21:09] SMILES Parse Error: Failed parsing SMILES 'Sure' for input: 'Sure'

Progress: 137/2000[13:21:10] SMILES Parse Error: syntax error while parsing: the
[13:21:10] SMILES Parse Error: Failed parsing SMILES 'the' for input: 'the'
[13:21:10] SMILES Parse Error: syntax error while parsing: Sure
[13:21:10] SMILES Parse Error: Failed parsing SMILES 'Sure' for input: 'Sure'

Progress: 138/2000[13:21:11] SMILES Parse Error: syntax error while parsing: is
[13:21:11] SMILES Parse Error: Failed parsing SMILES 'is' for input: 'is'
[13:21:11] SMILES Parse Error: syntax error while parsing: SMILES
[13:21:11] SMILES Parse Error: Failed parsing SMILES 'SMILES' for input: 'SMILES'

Progress: 139/2000[13:21:14] SMILES Parse Error: syntax error while parsing: the
[13:21:14] SMILES Parse Error: Failed parsing SMILES 'the' for input: 'the'
[13:21:14] SMILES Parse Error: syntax error while parsing: Sure
[13:21:14] SMILES Parse Error: Failed parsing SMILES 'Sure' for input: 'Sure'

Progress: 140/2000[13:21:15] SMILES Parse Error: syntax error while parsing: the
[13:21:15] SMILES Parse Error: Failed parsing SMILES 'the' for input: 'the'
[13:21:15] SMILES Parse Error: syntax error while parsing: Sure
[13:21:15] SMILES Parse Error: Failed parsing SMILES 'Sure' for input: 'Sure'

Progress: 141/2000[13:21:17] SMILES Parse Error: syntax error while parsing: the
[13:21:17] SMILES Parse Error: Failed parsing SMILES 'the' for input: 'the'
[13:21:17] SMILES Parse Error: syntax error while parsing: Sure
[13:21:17] SMILES Parse Error: Failed parsing SMILES 'Sure' for input: 'Sure'

Progress: 142/2000[13:21:18] SMILES Parse Error: syntax error while parsing: the
[13:21:18] SMILES Parse Error: Failed parsing SMILES 'the' for input: 'the'
[13:21:18] SMILES Parse Error: syntax error while parsing: Sure
[13:21:18] SMILES Parse Error: Failed parsing SMILES 'Sure' for input: 'Sure'

Progress: 143/2000[13:21:20] SMILES Parse Error: syntax error while parsing: the
[13:21:20] SMILES Parse Error: Failed parsing SMILES 'the' for input: 'the'
[13:21:20] SMILES Parse Error: syntax error while parsing: Sure
[13:21:20] SMILES Parse Error: Failed parsing SMILES 'Sure' for input: 'Sure'

Progress: 144/2000[13:21:21] SMILES Parse Error: syntax error while parsing: the
[13:21:21] SMILES Parse Error: Failed parsing SMILES 'the' for input: 'the'
[13:21:21] SMILES Parse Error: syntax error while parsing: Sure
[13:21:21] SMILES Parse Error: Failed parsing SMILES 'Sure' for input: 'Sure'

Progress: 145/2000[13:21:22] SMILES Parse Error: syntax error while parsing: the
[13:21:22] SMILES Parse Error: Failed parsing SMILES 'the' for input: 'the'
[13:21:22] SMILES Parse Error: syntax error while parsing: Sure
[13:21:22] SMILES Parse Error: Failed parsing SMILES 'Sure' for input: 'Sure'

Progress: 146/2000[13:21:24] SMILES Parse Error: syntax error while parsing: the
[13:21:24] SMILES Parse Error: Failed parsing SMILES 'the' for input: 'the'
[13:21:24] SMILES Parse Error: syntax error while parsing: Sure
[13:21:24] SMILES Parse Error: Failed parsing SMILES 'Sure' for input: 'Sure'

Progress: 147/2000[13:21:25] SMILES Parse Error: syntax error while parsing: the
[13:21:25] SMILES Parse Error: Failed parsing SMILES 'the' for input: 'the'
[13:21:25] SMILES Parse Error: syntax error while parsing: Sure
[13:21:25] SMILES Parse Error: Failed parsing SMILES 'Sure' for input: 'Sure'

Progress: 148/2000[13:21:27] SMILES Parse Error: syntax error while parsing: the
[13:21:27] SMILES Parse Error: Failed parsing SMILES 'the' for input: 'the'
[13:21:27] SMILES Parse Error: syntax error while parsing: Sure
[13:21:27] SMILES Parse Error: Failed parsing SMILES 'Sure' for input: 'Sure'

Progress: 149/2000[13:21:28] SMILES Parse Error: syntax error while parsing: the
[13:21:28] SMILES Parse Error: Failed parsing SMILES 'the' for input: 'the'
[13:21:28] SMILES Parse Error: syntax error while parsing: Sure
[13:21:28] SMILES Parse Error: Failed parsing SMILES 'Sure' for input: 'Sure'

Progress: 150/2000
Progress: 151/2000[13:21:30] SMILES Parse Error: syntax error while parsing: the
[13:21:30] SMILES Parse Error: Failed parsing SMILES 'the' for input: 'the'
[13:21:30] SMILES Parse Error: syntax error while parsing: Sure
[13:21:30] SMILES Parse Error: Failed parsing SMILES 'Sure' for input: 'Sure'

Progress: 152/2000[13:21:31] SMILES Parse Error: syntax error while parsing: the
[13:21:31] SMILES Parse Error: Failed parsing SMILES 'the' for input: 'the'
[13:21:31] SMILES Parse Error: syntax error while parsing: Sure
[13:21:31] SMILES Parse Error: Failed parsing SMILES 'Sure' for input: 'Sure'

Progress: 153/2000[13:21:33] SMILES Parse Error: syntax error while parsing: the
[13:21:33] SMILES Parse Error: Failed parsing SMILES 'the' for input: 'the'
[13:21:33] SMILES Parse Error: syntax error while parsing: Sure
[13:21:33] SMILES Parse Error: Failed parsing SMILES 'Sure' for input: 'Sure'

Progress: 154/2000[13:21:34] SMILES Parse Error: syntax error while parsing: the
[13:21:34] SMILES Parse Error: Failed parsing SMILES 'the' for input: 'the'
[13:21:34] SMILES Parse Error: syntax error while parsing: Sure
[13:21:34] SMILES Parse Error: Failed parsing SMILES 'Sure' for input: 'Sure'

Progress: 155/2000[13:21:36] SMILES Parse Error: syntax error while parsing: the
[13:21:36] SMILES Parse Error: Failed parsing SMILES 'the' for input: 'the'
[13:21:36] SMILES Parse Error: syntax error while parsing: Sure
[13:21:36] SMILES Parse Error: Failed parsing SMILES 'Sure' for input: 'Sure'

Progress: 156/2000[13:21:37] SMILES Parse Error: syntax error while parsing: the
[13:21:37] SMILES Parse Error: Failed parsing SMILES 'the' for input: 'the'
[13:21:37] SMILES Parse Error: syntax error while parsing: Sure
[13:21:37] SMILES Parse Error: Failed parsing SMILES 'Sure' for input: 'Sure'

Progress: 157/2000[13:21:38] SMILES Parse Error: syntax error while parsing: the
[13:21:38] SMILES Parse Error: Failed parsing SMILES 'the' for input: 'the'
[13:21:38] SMILES Parse Error: syntax error while parsing: Sure
[13:21:38] SMILES Parse Error: Failed parsing SMILES 'Sure' for input: 'Sure'

Progress: 158/2000[13:21:40] SMILES Parse Error: syntax error while parsing: the
[13:21:40] SMILES Parse Error: Failed parsing SMILES 'the' for input: 'the'
[13:21:40] SMILES Parse Error: syntax error while parsing: Sure
[13:21:40] SMILES Parse Error: Failed parsing SMILES 'Sure' for input: 'Sure'

Progress: 159/2000[13:21:43] SMILES Parse Error: syntax error while parsing: the
[13:21:43] SMILES Parse Error: Failed parsing SMILES 'the' for input: 'the'
[13:21:43] SMILES Parse Error: syntax error while parsing: Sure
[13:21:43] SMILES Parse Error: Failed parsing SMILES 'Sure' for input: 'Sure'

Progress: 160/2000[13:21:45] SMILES Parse Error: syntax error while parsing: SMILES
[13:21:45] SMILES Parse Error: Failed parsing SMILES 'SMILES' for input: 'SMILES'
[13:21:45] SMILES Parse Error: syntax error while parsing: SMILES
[13:21:45] SMILES Parse Error: Failed parsing SMILES 'SMILES' for input: 'SMILES'

Progress: 161/2000[13:21:46] SMILES Parse Error: syntax error while parsing: the
[13:21:46] SMILES Parse Error: Failed parsing SMILES 'the' for input: 'the'
[13:21:46] SMILES Parse Error: syntax error while parsing: Sure
[13:21:46] SMILES Parse Error: Failed parsing SMILES 'Sure' for input: 'Sure'

Progress: 162/2000[13:21:48] SMILES Parse Error: syntax error while parsing: the
[13:21:48] SMILES Parse Error: Failed parsing SMILES 'the' for input: 'the'
[13:21:48] SMILES Parse Error: syntax error while parsing: Sure
[13:21:48] SMILES Parse Error: Failed parsing SMILES 'Sure' for input: 'Sure'

Progress: 163/2000[13:21:49] SMILES Parse Error: syntax error while parsing: the
[13:21:49] SMILES Parse Error: Failed parsing SMILES 'the' for input: 'the'
[13:21:49] SMILES Parse Error: syntax error while parsing: Sure
[13:21:49] SMILES Parse Error: Failed parsing SMILES 'Sure' for input: 'Sure'

Progress: 164/2000[13:21:50] SMILES Parse Error: syntax error while parsing: the
[13:21:50] SMILES Parse Error: Failed parsing SMILES 'the' for input: 'the'
[13:21:50] SMILES Parse Error: syntax error while parsing: Sure
[13:21:50] SMILES Parse Error: Failed parsing SMILES 'Sure' for input: 'Sure'

Progress: 165/2000[13:21:53] SMILES Parse Error: syntax error while parsing: the
[13:21:53] SMILES Parse Error: Failed parsing SMILES 'the' for input: 'the'
[13:21:53] SMILES Parse Error: syntax error while parsing: Sure
[13:21:53] SMILES Parse Error: Failed parsing SMILES 'Sure' for input: 'Sure'

Progress: 166/2000[13:21:55] SMILES Parse Error: syntax error while parsing: the
[13:21:55] SMILES Parse Error: Failed parsing SMILES 'the' for input: 'the'
[13:21:55] SMILES Parse Error: syntax error while parsing: Sure
[13:21:55] SMILES Parse Error: Failed parsing SMILES 'Sure' for input: 'Sure'

Progress: 167/2000[13:21:56] SMILES Parse Error: syntax error while parsing: the
[13:21:56] SMILES Parse Error: Failed parsing SMILES 'the' for input: 'the'
[13:21:56] SMILES Parse Error: syntax error while parsing: Here
[13:21:56] SMILES Parse Error: Failed parsing SMILES 'Here' for input: 'Here'

Progress: 168/2000[13:21:58] SMILES Parse Error: syntax error while parsing: the
[13:21:58] SMILES Parse Error: Failed parsing SMILES 'the' for input: 'the'
[13:21:58] SMILES Parse Error: syntax error while parsing: Sure
[13:21:58] SMILES Parse Error: Failed parsing SMILES 'Sure' for input: 'Sure'

Progress: 169/2000[13:22:01] SMILES Parse Error: syntax error while parsing: the
[13:22:01] SMILES Parse Error: Failed parsing SMILES 'the' for input: 'the'
[13:22:01] SMILES Parse Error: syntax error while parsing: Sure
[13:22:01] SMILES Parse Error: Failed parsing SMILES 'Sure' for input: 'Sure'

Progress: 170/2000[13:22:02] SMILES Parse Error: syntax error while parsing: the
[13:22:02] SMILES Parse Error: Failed parsing SMILES 'the' for input: 'the'
[13:22:02] SMILES Parse Error: syntax error while parsing: Sure
[13:22:02] SMILES Parse Error: Failed parsing SMILES 'Sure' for input: 'Sure'

Progress: 171/2000[13:22:04] SMILES Parse Error: syntax error while parsing: the
[13:22:04] SMILES Parse Error: Failed parsing SMILES 'the' for input: 'the'
[13:22:04] SMILES Parse Error: syntax error while parsing: Sure
[13:22:04] SMILES Parse Error: Failed parsing SMILES 'Sure' for input: 'Sure'

Progress: 172/2000[13:22:07] SMILES Parse Error: syntax error while parsing: Sure
[13:22:07] SMILES Parse Error: Failed parsing SMILES 'Sure' for input: 'Sure'

Progress: 173/2000[13:22:08] SMILES Parse Error: syntax error while parsing: the
[13:22:08] SMILES Parse Error: Failed parsing SMILES 'the' for input: 'the'
[13:22:08] SMILES Parse Error: syntax error while parsing: Sure
[13:22:08] SMILES Parse Error: Failed parsing SMILES 'Sure' for input: 'Sure'

Progress: 174/2000[13:22:09] SMILES Parse Error: syntax error while parsing: is
[13:22:09] SMILES Parse Error: Failed parsing SMILES 'is' for input: 'is'
[13:22:09] SMILES Parse Error: syntax error while parsing: SMILES
[13:22:09] SMILES Parse Error: Failed parsing SMILES 'SMILES' for input: 'SMILES'

Progress: 175/2000[13:22:11] SMILES Parse Error: syntax error while parsing: the
[13:22:11] SMILES Parse Error: Failed parsing SMILES 'the' for input: 'the'
[13:22:11] SMILES Parse Error: syntax error while parsing: Sure
[13:22:11] SMILES Parse Error: Failed parsing SMILES 'Sure' for input: 'Sure'

Progress: 176/2000[13:22:12] SMILES Parse Error: syntax error while parsing: the
[13:22:12] SMILES Parse Error: Failed parsing SMILES 'the' for input: 'the'
[13:22:12] SMILES Parse Error: syntax error while parsing: Sure
[13:22:12] SMILES Parse Error: Failed parsing SMILES 'Sure' for input: 'Sure'

Progress: 177/2000[13:22:14] SMILES Parse Error: syntax error while parsing: the
[13:22:14] SMILES Parse Error: Failed parsing SMILES 'the' for input: 'the'
[13:22:14] SMILES Parse Error: syntax error while parsing: Sure
[13:22:14] SMILES Parse Error: Failed parsing SMILES 'Sure' for input: 'Sure'

Progress: 178/2000[13:22:15] SMILES Parse Error: syntax error while parsing: the
[13:22:15] SMILES Parse Error: Failed parsing SMILES 'the' for input: 'the'
[13:22:15] SMILES Parse Error: syntax error while parsing: Sure
[13:22:15] SMILES Parse Error: Failed parsing SMILES 'Sure' for input: 'Sure'

Progress: 179/2000[13:22:17] SMILES Parse Error: syntax error while parsing: the
[13:22:17] SMILES Parse Error: Failed parsing SMILES 'the' for input: 'the'
[13:22:17] SMILES Parse Error: syntax error while parsing: Sure
[13:22:17] SMILES Parse Error: Failed parsing SMILES 'Sure' for input: 'Sure'

Progress: 180/2000[13:22:19] SMILES Parse Error: syntax error while parsing: the
[13:22:19] SMILES Parse Error: Failed parsing SMILES 'the' for input: 'the'
[13:22:19] SMILES Parse Error: syntax error while parsing: Sure
[13:22:19] SMILES Parse Error: Failed parsing SMILES 'Sure' for input: 'Sure'

Progress: 181/2000[13:22:20] SMILES Parse Error: syntax error while parsing: the
[13:22:20] SMILES Parse Error: Failed parsing SMILES 'the' for input: 'the'
[13:22:20] SMILES Parse Error: syntax error while parsing: Sure
[13:22:20] SMILES Parse Error: Failed parsing SMILES 'Sure' for input: 'Sure'

Progress: 182/2000[13:22:22] SMILES Parse Error: syntax error while parsing: the
[13:22:22] SMILES Parse Error: Failed parsing SMILES 'the' for input: 'the'
[13:22:22] SMILES Parse Error: syntax error while parsing: Sure
[13:22:22] SMILES Parse Error: Failed parsing SMILES 'Sure' for input: 'Sure'

Progress: 183/2000[13:22:25] SMILES Parse Error: syntax error while parsing: also
[13:22:25] SMILES Parse Error: Failed parsing SMILES 'also' for input: 'also'
[13:22:25] SMILES Parse Error: syntax error while parsing: Sure
[13:22:25] SMILES Parse Error: Failed parsing SMILES 'Sure' for input: 'Sure'

Progress: 184/2000[13:22:26] SMILES Parse Error: syntax error while parsing: the
[13:22:26] SMILES Parse Error: Failed parsing SMILES 'the' for input: 'the'
[13:22:26] SMILES Parse Error: syntax error while parsing: Sure
[13:22:26] SMILES Parse Error: Failed parsing SMILES 'Sure' for input: 'Sure'

Progress: 185/2000[13:22:28] SMILES Parse Error: syntax error while parsing: the
[13:22:28] SMILES Parse Error: Failed parsing SMILES 'the' for input: 'the'
[13:22:28] SMILES Parse Error: syntax error while parsing: Sure
[13:22:28] SMILES Parse Error: Failed parsing SMILES 'Sure' for input: 'Sure'

Progress: 186/2000[13:22:30] SMILES Parse Error: syntax error while parsing: SMILES
[13:22:30] SMILES Parse Error: Failed parsing SMILES 'SMILES' for input: 'SMILES'

Progress: 187/2000[13:22:32] SMILES Parse Error: syntax error while parsing: the
[13:22:32] SMILES Parse Error: Failed parsing SMILES 'the' for input: 'the'
[13:22:32] SMILES Parse Error: syntax error while parsing: Sure
[13:22:32] SMILES Parse Error: Failed parsing SMILES 'Sure' for input: 'Sure'

Progress: 188/2000[13:22:33] SMILES Parse Error: syntax error while parsing: SMILES
[13:22:33] SMILES Parse Error: Failed parsing SMILES 'SMILES' for input: 'SMILES'

Progress: 189/2000[13:22:34] SMILES Parse Error: syntax error while parsing: the
[13:22:34] SMILES Parse Error: Failed parsing SMILES 'the' for input: 'the'
[13:22:34] SMILES Parse Error: syntax error while parsing: Sure
[13:22:34] SMILES Parse Error: Failed parsing SMILES 'Sure' for input: 'Sure'

Progress: 190/2000[13:22:36] SMILES Parse Error: syntax error while parsing: the
[13:22:36] SMILES Parse Error: Failed parsing SMILES 'the' for input: 'the'
[13:22:36] SMILES Parse Error: syntax error while parsing: Sure
[13:22:36] SMILES Parse Error: Failed parsing SMILES 'Sure' for input: 'Sure'

Progress: 191/2000[13:22:37] SMILES Parse Error: syntax error while parsing: the
[13:22:37] SMILES Parse Error: Failed parsing SMILES 'the' for input: 'the'
[13:22:37] SMILES Parse Error: syntax error while parsing: Sure
[13:22:37] SMILES Parse Error: Failed parsing SMILES 'Sure' for input: 'Sure'

Progress: 192/2000[13:22:39] SMILES Parse Error: syntax error while parsing: the
[13:22:39] SMILES Parse Error: Failed parsing SMILES 'the' for input: 'the'
[13:22:39] SMILES Parse Error: syntax error while parsing: Sure
[13:22:39] SMILES Parse Error: Failed parsing SMILES 'Sure' for input: 'Sure'

Progress: 193/2000[13:22:40] SMILES Parse Error: syntax error while parsing: the
[13:22:40] SMILES Parse Error: Failed parsing SMILES 'the' for input: 'the'
[13:22:40] SMILES Parse Error: syntax error while parsing: Sure
[13:22:40] SMILES Parse Error: Failed parsing SMILES 'Sure' for input: 'Sure'

Progress: 194/2000[13:22:41] SMILES Parse Error: syntax error while parsing: the
[13:22:41] SMILES Parse Error: Failed parsing SMILES 'the' for input: 'the'
[13:22:41] SMILES Parse Error: syntax error while parsing: Sure
[13:22:41] SMILES Parse Error: Failed parsing SMILES 'Sure' for input: 'Sure'

Progress: 195/2000[13:22:43] SMILES Parse Error: syntax error while parsing: SMILES
[13:22:43] SMILES Parse Error: Failed parsing SMILES 'SMILES' for input: 'SMILES'

Progress: 196/2000[13:22:44] SMILES Parse Error: syntax error while parsing: the
[13:22:44] SMILES Parse Error: Failed parsing SMILES 'the' for input: 'the'
[13:22:44] SMILES Parse Error: syntax error while parsing: Sure
[13:22:44] SMILES Parse Error: Failed parsing SMILES 'Sure' for input: 'Sure'

Progress: 197/2000[13:22:45] SMILES Parse Error: syntax error while parsing: Sure
[13:22:45] SMILES Parse Error: Failed parsing SMILES 'Sure' for input: 'Sure'

Progress: 198/2000[13:22:46] SMILES Parse Error: syntax error while parsing: the
[13:22:46] SMILES Parse Error: Failed parsing SMILES 'the' for input: 'the'
[13:22:46] SMILES Parse Error: syntax error while parsing: Sure
[13:22:46] SMILES Parse Error: Failed parsing SMILES 'Sure' for input: 'Sure'

Progress: 199/2000[13:22:47] SMILES Parse Error: syntax error while parsing: the
[13:22:47] SMILES Parse Error: Failed parsing SMILES 'the' for input: 'the'
[13:22:47] SMILES Parse Error: syntax error while parsing: Sure
[13:22:47] SMILES Parse Error: Failed parsing SMILES 'Sure' for input: 'Sure'

Progress: 200/2000[13:22:49] SMILES Parse Error: syntax error while parsing: the
[13:22:49] SMILES Parse Error: Failed parsing SMILES 'the' for input: 'the'
[13:22:49] SMILES Parse Error: syntax error while parsing: Sure
[13:22:49] SMILES Parse Error: Failed parsing SMILES 'Sure' for input: 'Sure'

Progress: 201/2000[13:22:51] SMILES Parse Error: syntax error while parsing: the
[13:22:51] SMILES Parse Error: Failed parsing SMILES 'the' for input: 'the'
[13:22:51] SMILES Parse Error: syntax error while parsing: Sure
[13:22:51] SMILES Parse Error: Failed parsing SMILES 'Sure' for input: 'Sure'

Progress: 202/2000[13:22:52] SMILES Parse Error: syntax error while parsing: the
[13:22:52] SMILES Parse Error: Failed parsing SMILES 'the' for input: 'the'
[13:22:52] SMILES Parse Error: syntax error while parsing: Sure
[13:22:52] SMILES Parse Error: Failed parsing SMILES 'Sure' for input: 'Sure'

Progress: 203/2000
Progress: 204/2000[13:22:55] SMILES Parse Error: syntax error while parsing: the
[13:22:55] SMILES Parse Error: Failed parsing SMILES 'the' for input: 'the'
[13:22:55] SMILES Parse Error: syntax error while parsing: Sure
[13:22:55] SMILES Parse Error: Failed parsing SMILES 'Sure' for input: 'Sure'

Progress: 205/2000[13:22:56] SMILES Parse Error: syntax error while parsing: the
[13:22:56] SMILES Parse Error: Failed parsing SMILES 'the' for input: 'the'
[13:22:56] SMILES Parse Error: syntax error while parsing: Sure
[13:22:56] SMILES Parse Error: Failed parsing SMILES 'Sure' for input: 'Sure'

Progress: 206/2000[13:22:58] SMILES Parse Error: syntax error while parsing: the
[13:22:58] SMILES Parse Error: Failed parsing SMILES 'the' for input: 'the'
[13:22:58] SMILES Parse Error: syntax error while parsing: Sure
[13:22:58] SMILES Parse Error: Failed parsing SMILES 'Sure' for input: 'Sure'

Progress: 207/2000[13:23:01] SMILES Parse Error: syntax error while parsing: included
[13:23:01] SMILES Parse Error: Failed parsing SMILES 'included' for input: 'included'
[13:23:01] SMILES Parse Error: syntax error while parsing: Sure
[13:23:01] SMILES Parse Error: Failed parsing SMILES 'Sure' for input: 'Sure'

Progress: 208/2000[13:23:02] SMILES Parse Error: syntax error while parsing: the
[13:23:02] SMILES Parse Error: Failed parsing SMILES 'the' for input: 'the'
[13:23:02] SMILES Parse Error: syntax error while parsing: Sure
[13:23:02] SMILES Parse Error: Failed parsing SMILES 'Sure' for input: 'Sure'

Progress: 209/2000[13:23:03] SMILES Parse Error: syntax error while parsing: the
[13:23:03] SMILES Parse Error: Failed parsing SMILES 'the' for input: 'the'
[13:23:03] SMILES Parse Error: syntax error while parsing: Sure
[13:23:03] SMILES Parse Error: Failed parsing SMILES 'Sure' for input: 'Sure'

Progress: 210/2000[13:23:05] SMILES Parse Error: syntax error while parsing: the
[13:23:05] SMILES Parse Error: Failed parsing SMILES 'the' for input: 'the'
[13:23:05] SMILES Parse Error: syntax error while parsing: Sure
[13:23:05] SMILES Parse Error: Failed parsing SMILES 'Sure' for input: 'Sure'

Progress: 211/2000[13:23:07] SMILES Parse Error: syntax error while parsing: the
[13:23:07] SMILES Parse Error: Failed parsing SMILES 'the' for input: 'the'
[13:23:07] SMILES Parse Error: syntax error while parsing: Sure
[13:23:07] SMILES Parse Error: Failed parsing SMILES 'Sure' for input: 'Sure'

Progress: 212/2000[13:23:08] SMILES Parse Error: syntax error while parsing: the
[13:23:08] SMILES Parse Error: Failed parsing SMILES 'the' for input: 'the'
[13:23:08] SMILES Parse Error: syntax error while parsing: Sure
[13:23:08] SMILES Parse Error: Failed parsing SMILES 'Sure' for input: 'Sure'

Progress: 213/2000[13:23:10] SMILES Parse Error: syntax error while parsing: the
[13:23:10] SMILES Parse Error: Failed parsing SMILES 'the' for input: 'the'
[13:23:10] SMILES Parse Error: syntax error while parsing: Sure
[13:23:10] SMILES Parse Error: Failed parsing SMILES 'Sure' for input: 'Sure'

Progress: 214/2000[13:23:11] SMILES Parse Error: syntax error while parsing: the
[13:23:11] SMILES Parse Error: Failed parsing SMILES 'the' for input: 'the'
[13:23:11] SMILES Parse Error: syntax error while parsing: Sure
[13:23:11] SMILES Parse Error: Failed parsing SMILES 'Sure' for input: 'Sure'

Progress: 215/2000[13:23:13] SMILES Parse Error: syntax error while parsing: the
[13:23:13] SMILES Parse Error: Failed parsing SMILES 'the' for input: 'the'
[13:23:13] SMILES Parse Error: syntax error while parsing: Sure
[13:23:13] SMILES Parse Error: Failed parsing SMILES 'Sure' for input: 'Sure'

Progress: 216/2000[13:23:14] SMILES Parse Error: syntax error while parsing: the
[13:23:14] SMILES Parse Error: Failed parsing SMILES 'the' for input: 'the'
[13:23:14] SMILES Parse Error: syntax error while parsing: Sure
[13:23:14] SMILES Parse Error: Failed parsing SMILES 'Sure' for input: 'Sure'

Progress: 217/2000[13:23:15] SMILES Parse Error: syntax error while parsing: the
[13:23:15] SMILES Parse Error: Failed parsing SMILES 'the' for input: 'the'
[13:23:15] SMILES Parse Error: syntax error while parsing: Sure
[13:23:15] SMILES Parse Error: Failed parsing SMILES 'Sure' for input: 'Sure'

Progress: 218/2000[13:23:17] SMILES Parse Error: syntax error while parsing: the
[13:23:17] SMILES Parse Error: Failed parsing SMILES 'the' for input: 'the'
[13:23:17] SMILES Parse Error: syntax error while parsing: Sure
[13:23:17] SMILES Parse Error: Failed parsing SMILES 'Sure' for input: 'Sure'

Progress: 219/2000[13:23:18] SMILES Parse Error: syntax error while parsing: the
[13:23:18] SMILES Parse Error: Failed parsing SMILES 'the' for input: 'the'
[13:23:18] SMILES Parse Error: syntax error while parsing: Sure
[13:23:18] SMILES Parse Error: Failed parsing SMILES 'Sure' for input: 'Sure'

Progress: 220/2000[13:23:20] SMILES Parse Error: syntax error while parsing: the
[13:23:20] SMILES Parse Error: Failed parsing SMILES 'the' for input: 'the'
[13:23:20] SMILES Parse Error: syntax error while parsing: Sure
[13:23:20] SMILES Parse Error: Failed parsing SMILES 'Sure' for input: 'Sure'

Progress: 221/2000
Progress: 222/2000[13:23:24] SMILES Parse Error: syntax error while parsing: the
[13:23:24] SMILES Parse Error: Failed parsing SMILES 'the' for input: 'the'
[13:23:24] SMILES Parse Error: syntax error while parsing: Sure
[13:23:24] SMILES Parse Error: Failed parsing SMILES 'Sure' for input: 'Sure'

Progress: 223/2000[13:23:26] SMILES Parse Error: syntax error while parsing: the
[13:23:26] SMILES Parse Error: Failed parsing SMILES 'the' for input: 'the'
[13:23:26] SMILES Parse Error: syntax error while parsing: Sure
[13:23:26] SMILES Parse Error: Failed parsing SMILES 'Sure' for input: 'Sure'

Progress: 224/2000[13:23:28] SMILES Parse Error: syntax error while parsing: helps
[13:23:28] SMILES Parse Error: Failed parsing SMILES 'helps' for input: 'helps'
[13:23:28] SMILES Parse Error: syntax error while parsing: Sure
[13:23:28] SMILES Parse Error: Failed parsing SMILES 'Sure' for input: 'Sure'

Progress: 225/2000[13:23:30] SMILES Parse Error: syntax error while parsing: SMILES
[13:23:30] SMILES Parse Error: Failed parsing SMILES 'SMILES' for input: 'SMILES'
[13:23:30] SMILES Parse Error: syntax error while parsing: SMILES
[13:23:30] SMILES Parse Error: Failed parsing SMILES 'SMILES' for input: 'SMILES'

Progress: 226/2000[13:23:31] SMILES Parse Error: syntax error while parsing: the
[13:23:31] SMILES Parse Error: Failed parsing SMILES 'the' for input: 'the'
[13:23:31] SMILES Parse Error: syntax error while parsing: Sure
[13:23:31] SMILES Parse Error: Failed parsing SMILES 'Sure' for input: 'Sure'

Progress: 227/2000[13:23:32] SMILES Parse Error: syntax error while parsing: SMILES
[13:23:32] SMILES Parse Error: Failed parsing SMILES 'SMILES' for input: 'SMILES'

Progress: 228/2000[13:23:34] SMILES Parse Error: syntax error while parsing: the
[13:23:34] SMILES Parse Error: Failed parsing SMILES 'the' for input: 'the'
[13:23:34] SMILES Parse Error: syntax error while parsing: Sure
[13:23:34] SMILES Parse Error: Failed parsing SMILES 'Sure' for input: 'Sure'

Progress: 229/2000[13:23:36] SMILES Parse Error: syntax error while parsing: the
[13:23:36] SMILES Parse Error: Failed parsing SMILES 'the' for input: 'the'
[13:23:36] SMILES Parse Error: syntax error while parsing: Sure
[13:23:36] SMILES Parse Error: Failed parsing SMILES 'Sure' for input: 'Sure'

Progress: 230/2000[13:23:37] SMILES Parse Error: syntax error while parsing: SMILES
[13:23:37] SMILES Parse Error: Failed parsing SMILES 'SMILES' for input: 'SMILES'

Progress: 231/2000[13:23:38] SMILES Parse Error: syntax error while parsing: the
[13:23:38] SMILES Parse Error: Failed parsing SMILES 'the' for input: 'the'
[13:23:38] SMILES Parse Error: syntax error while parsing: Sure
[13:23:38] SMILES Parse Error: Failed parsing SMILES 'Sure' for input: 'Sure'

Progress: 232/2000[13:23:40] SMILES Parse Error: syntax error while parsing: SMILES
[13:23:40] SMILES Parse Error: Failed parsing SMILES 'SMILES' for input: 'SMILES'
[13:23:40] SMILES Parse Error: syntax error while parsing: SMILES
[13:23:40] SMILES Parse Error: Failed parsing SMILES 'SMILES' for input: 'SMILES'

Progress: 233/2000[13:23:42] SMILES Parse Error: syntax error while parsing: the
[13:23:42] SMILES Parse Error: Failed parsing SMILES 'the' for input: 'the'
[13:23:42] SMILES Parse Error: syntax error while parsing: Sure
[13:23:42] SMILES Parse Error: Failed parsing SMILES 'Sure' for input: 'Sure'

Progress: 234/2000[13:23:43] SMILES Parse Error: syntax error while parsing: the
[13:23:43] SMILES Parse Error: Failed parsing SMILES 'the' for input: 'the'
[13:23:43] SMILES Parse Error: syntax error while parsing: Sure
[13:23:43] SMILES Parse Error: Failed parsing SMILES 'Sure' for input: 'Sure'

Progress: 235/2000[13:23:46] SMILES Parse Error: syntax error while parsing: SMILES
[13:23:46] SMILES Parse Error: Failed parsing SMILES 'SMILES' for input: 'SMILES'

Progress: 236/2000[13:23:47] SMILES Parse Error: syntax error while parsing: the
[13:23:47] SMILES Parse Error: Failed parsing SMILES 'the' for input: 'the'
[13:23:47] SMILES Parse Error: syntax error while parsing: Sure
[13:23:47] SMILES Parse Error: Failed parsing SMILES 'Sure' for input: 'Sure'

Progress: 237/2000[13:23:48] SMILES Parse Error: syntax error while parsing: the
[13:23:48] SMILES Parse Error: Failed parsing SMILES 'the' for input: 'the'
[13:23:48] SMILES Parse Error: syntax error while parsing: Sure
[13:23:48] SMILES Parse Error: Failed parsing SMILES 'Sure' for input: 'Sure'

Progress: 238/2000[13:23:51] SMILES Parse Error: syntax error while parsing: the
[13:23:51] SMILES Parse Error: Failed parsing SMILES 'the' for input: 'the'
[13:23:51] SMILES Parse Error: syntax error while parsing: Sure
[13:23:51] SMILES Parse Error: Failed parsing SMILES 'Sure' for input: 'Sure'

Progress: 239/2000[13:23:52] SMILES Parse Error: syntax error while parsing: the
[13:23:52] SMILES Parse Error: Failed parsing SMILES 'the' for input: 'the'
[13:23:52] SMILES Parse Error: syntax error while parsing: Sure
[13:23:52] SMILES Parse Error: Failed parsing SMILES 'Sure' for input: 'Sure'

Progress: 240/2000[13:23:54] SMILES Parse Error: syntax error while parsing: the
[13:23:54] SMILES Parse Error: Failed parsing SMILES 'the' for input: 'the'
[13:23:54] SMILES Parse Error: syntax error while parsing: Sure
[13:23:54] SMILES Parse Error: Failed parsing SMILES 'Sure' for input: 'Sure'

Progress: 241/2000[13:23:56] SMILES Parse Error: syntax error while parsing: the
[13:23:56] SMILES Parse Error: Failed parsing SMILES 'the' for input: 'the'
[13:23:56] SMILES Parse Error: syntax error while parsing: Sure
[13:23:56] SMILES Parse Error: Failed parsing SMILES 'Sure' for input: 'Sure'

Progress: 242/2000[13:23:57] SMILES Parse Error: syntax error while parsing: the
[13:23:57] SMILES Parse Error: Failed parsing SMILES 'the' for input: 'the'
[13:23:57] SMILES Parse Error: syntax error while parsing: Sure
[13:23:57] SMILES Parse Error: Failed parsing SMILES 'Sure' for input: 'Sure'

Progress: 243/2000[13:24:00] SMILES Parse Error: syntax error while parsing: the
[13:24:00] SMILES Parse Error: Failed parsing SMILES 'the' for input: 'the'
[13:24:00] SMILES Parse Error: syntax error while parsing: Sure
[13:24:00] SMILES Parse Error: Failed parsing SMILES 'Sure' for input: 'Sure'

Progress: 244/2000[13:24:01] SMILES Parse Error: syntax error while parsing: the
[13:24:01] SMILES Parse Error: Failed parsing SMILES 'the' for input: 'the'
[13:24:01] SMILES Parse Error: syntax error while parsing: Sure
[13:24:01] SMILES Parse Error: Failed parsing SMILES 'Sure' for input: 'Sure'

Progress: 245/2000[13:24:03] SMILES Parse Error: syntax error while parsing: SMILES
[13:24:03] SMILES Parse Error: Failed parsing SMILES 'SMILES' for input: 'SMILES'

Progress: 246/2000[13:24:04] SMILES Parse Error: syntax error while parsing: the
[13:24:04] SMILES Parse Error: Failed parsing SMILES 'the' for input: 'the'
[13:24:04] SMILES Parse Error: syntax error while parsing: Sure
[13:24:04] SMILES Parse Error: Failed parsing SMILES 'Sure' for input: 'Sure'

Progress: 247/2000[13:24:07] SMILES Parse Error: syntax error while parsing: the
[13:24:07] SMILES Parse Error: Failed parsing SMILES 'the' for input: 'the'
[13:24:07] SMILES Parse Error: syntax error while parsing: Sure
[13:24:07] SMILES Parse Error: Failed parsing SMILES 'Sure' for input: 'Sure'

Progress: 248/2000[13:24:08] SMILES Parse Error: syntax error while parsing: the
[13:24:08] SMILES Parse Error: Failed parsing SMILES 'the' for input: 'the'
[13:24:08] SMILES Parse Error: syntax error while parsing: Sure
[13:24:08] SMILES Parse Error: Failed parsing SMILES 'Sure' for input: 'Sure'

Progress: 249/2000[13:24:10] SMILES Parse Error: syntax error while parsing: the
[13:24:10] SMILES Parse Error: Failed parsing SMILES 'the' for input: 'the'
[13:24:10] SMILES Parse Error: syntax error while parsing: Sure
[13:24:10] SMILES Parse Error: Failed parsing SMILES 'Sure' for input: 'Sure'

Progress: 250/2000[13:24:11] SMILES Parse Error: syntax error while parsing: the
[13:24:11] SMILES Parse Error: Failed parsing SMILES 'the' for input: 'the'
[13:24:11] SMILES Parse Error: syntax error while parsing: Sure
[13:24:11] SMILES Parse Error: Failed parsing SMILES 'Sure' for input: 'Sure'

Progress: 251/2000[13:24:13] SMILES Parse Error: syntax error while parsing: the
[13:24:13] SMILES Parse Error: Failed parsing SMILES 'the' for input: 'the'
[13:24:13] SMILES Parse Error: syntax error while parsing: Sure
[13:24:13] SMILES Parse Error: Failed parsing SMILES 'Sure' for input: 'Sure'

Progress: 252/2000[13:24:14] SMILES Parse Error: syntax error while parsing: SMILES
[13:24:14] SMILES Parse Error: Failed parsing SMILES 'SMILES' for input: 'SMILES'

Progress: 253/2000[13:24:16] SMILES Parse Error: syntax error while parsing: the
[13:24:16] SMILES Parse Error: Failed parsing SMILES 'the' for input: 'the'
[13:24:16] SMILES Parse Error: syntax error while parsing: Sure
[13:24:16] SMILES Parse Error: Failed parsing SMILES 'Sure' for input: 'Sure'

Progress: 254/2000[13:24:17] SMILES Parse Error: syntax error while parsing: the
[13:24:17] SMILES Parse Error: Failed parsing SMILES 'the' for input: 'the'
[13:24:17] SMILES Parse Error: syntax error while parsing: Sure
[13:24:17] SMILES Parse Error: Failed parsing SMILES 'Sure' for input: 'Sure'

Progress: 255/2000[13:24:18] SMILES Parse Error: syntax error while parsing: the
[13:24:18] SMILES Parse Error: Failed parsing SMILES 'the' for input: 'the'
[13:24:18] SMILES Parse Error: syntax error while parsing: Sure
[13:24:18] SMILES Parse Error: Failed parsing SMILES 'Sure' for input: 'Sure'

Progress: 256/2000[13:24:19] SMILES Parse Error: syntax error while parsing: the
[13:24:19] SMILES Parse Error: Failed parsing SMILES 'the' for input: 'the'
[13:24:19] SMILES Parse Error: syntax error while parsing: Sure
[13:24:19] SMILES Parse Error: Failed parsing SMILES 'Sure' for input: 'Sure'

Progress: 257/2000[13:24:21] SMILES Parse Error: syntax error while parsing: the
[13:24:21] SMILES Parse Error: Failed parsing SMILES 'the' for input: 'the'
[13:24:21] SMILES Parse Error: syntax error while parsing: Sure
[13:24:21] SMILES Parse Error: Failed parsing SMILES 'Sure' for input: 'Sure'

Progress: 258/2000[13:24:22] SMILES Parse Error: syntax error while parsing: the
[13:24:22] SMILES Parse Error: Failed parsing SMILES 'the' for input: 'the'
[13:24:22] SMILES Parse Error: syntax error while parsing: Sure
[13:24:22] SMILES Parse Error: Failed parsing SMILES 'Sure' for input: 'Sure'

Progress: 259/2000[13:24:23] SMILES Parse Error: syntax error while parsing: the
[13:24:23] SMILES Parse Error: Failed parsing SMILES 'the' for input: 'the'
[13:24:23] SMILES Parse Error: syntax error while parsing: Sure
[13:24:23] SMILES Parse Error: Failed parsing SMILES 'Sure' for input: 'Sure'

Progress: 260/2000[13:24:25] SMILES Parse Error: syntax error while parsing: the
[13:24:25] SMILES Parse Error: Failed parsing SMILES 'the' for input: 'the'
[13:24:25] SMILES Parse Error: syntax error while parsing: Sure
[13:24:25] SMILES Parse Error: Failed parsing SMILES 'Sure' for input: 'Sure'

Progress: 261/2000[13:24:26] SMILES Parse Error: syntax error while parsing: the
[13:24:26] SMILES Parse Error: Failed parsing SMILES 'the' for input: 'the'
[13:24:26] SMILES Parse Error: syntax error while parsing: Sure
[13:24:26] SMILES Parse Error: Failed parsing SMILES 'Sure' for input: 'Sure'

Progress: 262/2000[13:24:28] SMILES Parse Error: syntax error while parsing: the
[13:24:28] SMILES Parse Error: Failed parsing SMILES 'the' for input: 'the'
[13:24:28] SMILES Parse Error: syntax error while parsing: Sure
[13:24:28] SMILES Parse Error: Failed parsing SMILES 'Sure' for input: 'Sure'

Progress: 263/2000[13:24:30] SMILES Parse Error: syntax error while parsing: the
[13:24:30] SMILES Parse Error: Failed parsing SMILES 'the' for input: 'the'
[13:24:30] SMILES Parse Error: syntax error while parsing: Sure
[13:24:30] SMILES Parse Error: Failed parsing SMILES 'Sure' for input: 'Sure'

Progress: 264/2000[13:24:31] SMILES Parse Error: syntax error while parsing: the
[13:24:31] SMILES Parse Error: Failed parsing SMILES 'the' for input: 'the'
[13:24:31] SMILES Parse Error: syntax error while parsing: Sure
[13:24:31] SMILES Parse Error: Failed parsing SMILES 'Sure' for input: 'Sure'

Progress: 265/2000[13:24:34] SMILES Parse Error: syntax error while parsing: Sure
[13:24:34] SMILES Parse Error: Failed parsing SMILES 'Sure' for input: 'Sure'

Progress: 266/2000[13:24:35] SMILES Parse Error: syntax error while parsing: the
[13:24:35] SMILES Parse Error: Failed parsing SMILES 'the' for input: 'the'
[13:24:35] SMILES Parse Error: syntax error while parsing: Sure
[13:24:35] SMILES Parse Error: Failed parsing SMILES 'Sure' for input: 'Sure'

Progress: 267/2000[13:24:37] SMILES Parse Error: syntax error while parsing: the
[13:24:37] SMILES Parse Error: Failed parsing SMILES 'the' for input: 'the'
[13:24:37] SMILES Parse Error: syntax error while parsing: Sure
[13:24:37] SMILES Parse Error: Failed parsing SMILES 'Sure' for input: 'Sure'

Progress: 268/2000[13:24:39] SMILES Parse Error: syntax error while parsing: the
[13:24:39] SMILES Parse Error: Failed parsing SMILES 'the' for input: 'the'
[13:24:39] SMILES Parse Error: syntax error while parsing: Sure
[13:24:39] SMILES Parse Error: Failed parsing SMILES 'Sure' for input: 'Sure'

Progress: 269/2000[13:24:40] SMILES Parse Error: syntax error while parsing: the
[13:24:40] SMILES Parse Error: Failed parsing SMILES 'the' for input: 'the'
[13:24:40] SMILES Parse Error: syntax error while parsing: Sure
[13:24:40] SMILES Parse Error: Failed parsing SMILES 'Sure' for input: 'Sure'

Progress: 270/2000[13:24:41] SMILES Parse Error: syntax error while parsing: the
[13:24:41] SMILES Parse Error: Failed parsing SMILES 'the' for input: 'the'
[13:24:41] SMILES Parse Error: syntax error while parsing: Sure
[13:24:41] SMILES Parse Error: Failed parsing SMILES 'Sure' for input: 'Sure'

Progress: 271/2000[13:24:43] SMILES Parse Error: syntax error while parsing: the
[13:24:43] SMILES Parse Error: Failed parsing SMILES 'the' for input: 'the'
[13:24:43] SMILES Parse Error: syntax error while parsing: Sure
[13:24:43] SMILES Parse Error: Failed parsing SMILES 'Sure' for input: 'Sure'

Progress: 272/2000[13:24:45] SMILES Parse Error: syntax error while parsing: the
[13:24:45] SMILES Parse Error: Failed parsing SMILES 'the' for input: 'the'
[13:24:45] SMILES Parse Error: syntax error while parsing: Sure
[13:24:45] SMILES Parse Error: Failed parsing SMILES 'Sure' for input: 'Sure'

Progress: 273/2000[13:24:47] SMILES Parse Error: syntax error while parsing: the
[13:24:47] SMILES Parse Error: Failed parsing SMILES 'the' for input: 'the'
[13:24:47] SMILES Parse Error: syntax error while parsing: Sure
[13:24:47] SMILES Parse Error: Failed parsing SMILES 'Sure' for input: 'Sure'

Progress: 274/2000[13:24:49] SMILES Parse Error: syntax error while parsing: the
[13:24:49] SMILES Parse Error: Failed parsing SMILES 'the' for input: 'the'
[13:24:49] SMILES Parse Error: syntax error while parsing: Sure
[13:24:49] SMILES Parse Error: Failed parsing SMILES 'Sure' for input: 'Sure'

Progress: 275/2000[13:24:51] SMILES Parse Error: syntax error while parsing: the
[13:24:51] SMILES Parse Error: Failed parsing SMILES 'the' for input: 'the'
[13:24:51] SMILES Parse Error: syntax error while parsing: Sure
[13:24:51] SMILES Parse Error: Failed parsing SMILES 'Sure' for input: 'Sure'

Progress: 276/2000[13:24:52] SMILES Parse Error: syntax error while parsing: the
[13:24:52] SMILES Parse Error: Failed parsing SMILES 'the' for input: 'the'
[13:24:52] SMILES Parse Error: syntax error while parsing: Sure
[13:24:52] SMILES Parse Error: Failed parsing SMILES 'Sure' for input: 'Sure'

Progress: 277/2000[13:24:53] SMILES Parse Error: syntax error while parsing: the
[13:24:53] SMILES Parse Error: Failed parsing SMILES 'the' for input: 'the'
[13:24:53] SMILES Parse Error: syntax error while parsing: Sure
[13:24:53] SMILES Parse Error: Failed parsing SMILES 'Sure' for input: 'Sure'

Progress: 278/2000[13:24:54] SMILES Parse Error: syntax error while parsing: the
[13:24:54] SMILES Parse Error: Failed parsing SMILES 'the' for input: 'the'
[13:24:54] SMILES Parse Error: syntax error while parsing: Sure
[13:24:54] SMILES Parse Error: Failed parsing SMILES 'Sure' for input: 'Sure'

Progress: 279/2000[13:24:56] SMILES Parse Error: syntax error while parsing: is
[13:24:56] SMILES Parse Error: Failed parsing SMILES 'is' for input: 'is'
[13:24:56] SMILES Parse Error: syntax error while parsing: SMILES
[13:24:56] SMILES Parse Error: Failed parsing SMILES 'SMILES' for input: 'SMILES'

Progress: 280/2000[13:24:57] SMILES Parse Error: syntax error while parsing: the
[13:24:57] SMILES Parse Error: Failed parsing SMILES 'the' for input: 'the'
[13:24:57] SMILES Parse Error: syntax error while parsing: Sure
[13:24:57] SMILES Parse Error: Failed parsing SMILES 'Sure' for input: 'Sure'

Progress: 281/2000[13:24:59] SMILES Parse Error: syntax error while parsing: the
[13:24:59] SMILES Parse Error: Failed parsing SMILES 'the' for input: 'the'
[13:24:59] SMILES Parse Error: syntax error while parsing: Sure
[13:24:59] SMILES Parse Error: Failed parsing SMILES 'Sure' for input: 'Sure'

Progress: 282/2000[13:25:00] SMILES Parse Error: syntax error while parsing: the
[13:25:00] SMILES Parse Error: Failed parsing SMILES 'the' for input: 'the'
[13:25:00] SMILES Parse Error: syntax error while parsing: Sure
[13:25:00] SMILES Parse Error: Failed parsing SMILES 'Sure' for input: 'Sure'

Progress: 283/2000[13:25:02] SMILES Parse Error: syntax error while parsing: the
[13:25:02] SMILES Parse Error: Failed parsing SMILES 'the' for input: 'the'
[13:25:02] SMILES Parse Error: syntax error while parsing: Sure
[13:25:02] SMILES Parse Error: Failed parsing SMILES 'Sure' for input: 'Sure'

Progress: 284/2000[13:25:05] SMILES Parse Error: syntax error while parsing: hydrophobic-hydrophilic
[13:25:05] SMILES Parse Error: Failed parsing SMILES 'hydrophobic-hydrophilic' for input: 'hydrophobic-hydrophilic'
[13:25:05] SMILES Parse Error: syntax error while parsing: case
[13:25:05] SMILES Parse Error: Failed parsing SMILES 'case' for input: 'case'
[13:25:05] SMILES Parse Error: syntax error while parsing: SMILES
[13:25:05] SMILES Parse Error: Failed parsing SMILES 'SMILES' for input: 'SMILES'

Progress: 285/2000[13:25:07] SMILES Parse Error: syntax error while parsing: SMILES
[13:25:07] SMILES Parse Error: Failed parsing SMILES 'SMILES' for input: 'SMILES'

Progress: 286/2000[13:25:08] SMILES Parse Error: syntax error while parsing: the
[13:25:08] SMILES Parse Error: Failed parsing SMILES 'the' for input: 'the'
[13:25:08] SMILES Parse Error: syntax error while parsing: Sure
[13:25:08] SMILES Parse Error: Failed parsing SMILES 'Sure' for input: 'Sure'

Progress: 287/2000[13:25:09] SMILES Parse Error: syntax error while parsing: the
[13:25:09] SMILES Parse Error: Failed parsing SMILES 'the' for input: 'the'
[13:25:09] SMILES Parse Error: syntax error while parsing: Sure
[13:25:09] SMILES Parse Error: Failed parsing SMILES 'Sure' for input: 'Sure'

Progress: 288/2000[13:25:11] SMILES Parse Error: syntax error while parsing: the
[13:25:11] SMILES Parse Error: Failed parsing SMILES 'the' for input: 'the'
[13:25:11] SMILES Parse Error: syntax error while parsing: Sure
[13:25:11] SMILES Parse Error: Failed parsing SMILES 'Sure' for input: 'Sure'

Progress: 289/2000[13:25:13] SMILES Parse Error: syntax error while parsing: the
[13:25:13] SMILES Parse Error: Failed parsing SMILES 'the' for input: 'the'
[13:25:13] SMILES Parse Error: syntax error while parsing: Sure
[13:25:13] SMILES Parse Error: Failed parsing SMILES 'Sure' for input: 'Sure'

Progress: 290/2000
Progress: 291/2000[13:25:16] SMILES Parse Error: syntax error while parsing: the
[13:25:16] SMILES Parse Error: Failed parsing SMILES 'the' for input: 'the'
[13:25:16] SMILES Parse Error: syntax error while parsing: Sure
[13:25:16] SMILES Parse Error: Failed parsing SMILES 'Sure' for input: 'Sure'

Progress: 292/2000[13:25:18] SMILES Parse Error: syntax error while parsing: the
[13:25:18] SMILES Parse Error: Failed parsing SMILES 'the' for input: 'the'
[13:25:18] SMILES Parse Error: syntax error while parsing: Sure
[13:25:18] SMILES Parse Error: Failed parsing SMILES 'Sure' for input: 'Sure'

Progress: 293/2000[13:25:19] SMILES Parse Error: syntax error while parsing: the
[13:25:19] SMILES Parse Error: Failed parsing SMILES 'the' for input: 'the'
[13:25:19] SMILES Parse Error: syntax error while parsing: Sure
[13:25:19] SMILES Parse Error: Failed parsing SMILES 'Sure' for input: 'Sure'

Progress: 294/2000[13:25:21] SMILES Parse Error: syntax error while parsing: the
[13:25:21] SMILES Parse Error: Failed parsing SMILES 'the' for input: 'the'
[13:25:21] SMILES Parse Error: syntax error while parsing: Sure
[13:25:21] SMILES Parse Error: Failed parsing SMILES 'Sure' for input: 'Sure'

Progress: 295/2000[13:25:22] SMILES Parse Error: syntax error while parsing: SMILES
[13:25:22] SMILES Parse Error: Failed parsing SMILES 'SMILES' for input: 'SMILES'

Progress: 296/2000[13:25:24] SMILES Parse Error: syntax error while parsing: the
[13:25:24] SMILES Parse Error: Failed parsing SMILES 'the' for input: 'the'
[13:25:24] SMILES Parse Error: syntax error while parsing: Sure
[13:25:24] SMILES Parse Error: Failed parsing SMILES 'Sure' for input: 'Sure'

Progress: 297/2000[13:25:28] SMILES Parse Error: syntax error while parsing: may
[13:25:28] SMILES Parse Error: Failed parsing SMILES 'may' for input: 'may'
[13:25:28] SMILES Parse Error: syntax error while parsing: SMILES
[13:25:28] SMILES Parse Error: Failed parsing SMILES 'SMILES' for input: 'SMILES'

Progress: 298/2000[13:25:29] SMILES Parse Error: syntax error while parsing: the
[13:25:29] SMILES Parse Error: Failed parsing SMILES 'the' for input: 'the'
[13:25:29] SMILES Parse Error: syntax error while parsing: Sure
[13:25:29] SMILES Parse Error: Failed parsing SMILES 'Sure' for input: 'Sure'

Progress: 299/2000[13:25:30] SMILES Parse Error: syntax error while parsing: the
[13:25:30] SMILES Parse Error: Failed parsing SMILES 'the' for input: 'the'
[13:25:30] SMILES Parse Error: syntax error while parsing: Sure
[13:25:30] SMILES Parse Error: Failed parsing SMILES 'Sure' for input: 'Sure'

Progress: 300/2000[13:25:32] SMILES Parse Error: syntax error while parsing: the
[13:25:32] SMILES Parse Error: Failed parsing SMILES 'the' for input: 'the'
[13:25:32] SMILES Parse Error: syntax error while parsing: Sure
[13:25:32] SMILES Parse Error: Failed parsing SMILES 'Sure' for input: 'Sure'

Progress: 301/2000[13:25:33] SMILES Parse Error: syntax error while parsing: the
[13:25:33] SMILES Parse Error: Failed parsing SMILES 'the' for input: 'the'
[13:25:33] SMILES Parse Error: syntax error while parsing: Sure
[13:25:33] SMILES Parse Error: Failed parsing SMILES 'Sure' for input: 'Sure'

Progress: 302/2000[13:25:34] SMILES Parse Error: syntax error while parsing: the
[13:25:34] SMILES Parse Error: Failed parsing SMILES 'the' for input: 'the'
[13:25:34] SMILES Parse Error: syntax error while parsing: Sure
[13:25:34] SMILES Parse Error: Failed parsing SMILES 'Sure' for input: 'Sure'

Progress: 303/2000[13:25:38] SMILES Parse Error: syntax error while parsing: the
[13:25:38] SMILES Parse Error: Failed parsing SMILES 'the' for input: 'the'
[13:25:38] SMILES Parse Error: syntax error while parsing: Sure
[13:25:38] SMILES Parse Error: Failed parsing SMILES 'Sure' for input: 'Sure'

Progress: 304/2000[13:25:40] SMILES Parse Error: syntax error while parsing: the
[13:25:40] SMILES Parse Error: Failed parsing SMILES 'the' for input: 'the'
[13:25:40] SMILES Parse Error: syntax error while parsing: Sure
[13:25:40] SMILES Parse Error: Failed parsing SMILES 'Sure' for input: 'Sure'

Progress: 305/2000[13:25:41] SMILES Parse Error: syntax error while parsing: the
[13:25:41] SMILES Parse Error: Failed parsing SMILES 'the' for input: 'the'
[13:25:41] SMILES Parse Error: syntax error while parsing: Sure
[13:25:41] SMILES Parse Error: Failed parsing SMILES 'Sure' for input: 'Sure'

Progress: 306/2000[13:25:42] SMILES Parse Error: syntax error while parsing: the
[13:25:42] SMILES Parse Error: Failed parsing SMILES 'the' for input: 'the'
[13:25:42] SMILES Parse Error: syntax error while parsing: Sure
[13:25:42] SMILES Parse Error: Failed parsing SMILES 'Sure' for input: 'Sure'

Progress: 307/2000[13:25:44] SMILES Parse Error: syntax error while parsing: the
[13:25:44] SMILES Parse Error: Failed parsing SMILES 'the' for input: 'the'
[13:25:44] SMILES Parse Error: syntax error while parsing: Sure
[13:25:44] SMILES Parse Error: Failed parsing SMILES 'Sure' for input: 'Sure'

Progress: 308/2000[13:25:45] SMILES Parse Error: syntax error while parsing: the
[13:25:45] SMILES Parse Error: Failed parsing SMILES 'the' for input: 'the'
[13:25:45] SMILES Parse Error: syntax error while parsing: Sure
[13:25:45] SMILES Parse Error: Failed parsing SMILES 'Sure' for input: 'Sure'

Progress: 309/2000[13:25:47] SMILES Parse Error: syntax error while parsing: the
[13:25:47] SMILES Parse Error: Failed parsing SMILES 'the' for input: 'the'
[13:25:47] SMILES Parse Error: syntax error while parsing: Sure
[13:25:47] SMILES Parse Error: Failed parsing SMILES 'Sure' for input: 'Sure'

Progress: 310/2000[13:25:49] SMILES Parse Error: syntax error while parsing: SMILES
[13:25:49] SMILES Parse Error: Failed parsing SMILES 'SMILES' for input: 'SMILES'

Progress: 311/2000[13:25:50] SMILES Parse Error: syntax error while parsing: the
[13:25:50] SMILES Parse Error: Failed parsing SMILES 'the' for input: 'the'
[13:25:50] SMILES Parse Error: syntax error while parsing: Sure
[13:25:50] SMILES Parse Error: Failed parsing SMILES 'Sure' for input: 'Sure'

Progress: 312/2000[13:25:51] SMILES Parse Error: syntax error while parsing: the
[13:25:51] SMILES Parse Error: Failed parsing SMILES 'the' for input: 'the'
[13:25:51] SMILES Parse Error: syntax error while parsing: Sure
[13:25:51] SMILES Parse Error: Failed parsing SMILES 'Sure' for input: 'Sure'

Progress: 313/2000[13:25:53] SMILES Parse Error: syntax error while parsing: the
[13:25:53] SMILES Parse Error: Failed parsing SMILES 'the' for input: 'the'
[13:25:53] SMILES Parse Error: syntax error while parsing: Sure
[13:25:53] SMILES Parse Error: Failed parsing SMILES 'Sure' for input: 'Sure'

Progress: 314/2000[13:25:54] SMILES Parse Error: syntax error while parsing: the
[13:25:54] SMILES Parse Error: Failed parsing SMILES 'the' for input: 'the'
[13:25:54] SMILES Parse Error: syntax error while parsing: Sure
[13:25:54] SMILES Parse Error: Failed parsing SMILES 'Sure' for input: 'Sure'

Progress: 315/2000[13:25:55] SMILES Parse Error: syntax error while parsing: the
[13:25:55] SMILES Parse Error: Failed parsing SMILES 'the' for input: 'the'
[13:25:55] SMILES Parse Error: syntax error while parsing: Sure
[13:25:55] SMILES Parse Error: Failed parsing SMILES 'Sure' for input: 'Sure'

Progress: 316/2000[13:25:56] SMILES Parse Error: syntax error while parsing: the
[13:25:56] SMILES Parse Error: Failed parsing SMILES 'the' for input: 'the'
[13:25:56] SMILES Parse Error: syntax error while parsing: Sure
[13:25:56] SMILES Parse Error: Failed parsing SMILES 'Sure' for input: 'Sure'

Progress: 317/2000[13:25:58] SMILES Parse Error: syntax error while parsing: the
[13:25:58] SMILES Parse Error: Failed parsing SMILES 'the' for input: 'the'
[13:25:58] SMILES Parse Error: syntax error while parsing: Sure
[13:25:58] SMILES Parse Error: Failed parsing SMILES 'Sure' for input: 'Sure'

Progress: 318/2000[13:26:00] SMILES Parse Error: syntax error while parsing: the
[13:26:00] SMILES Parse Error: Failed parsing SMILES 'the' for input: 'the'
[13:26:00] SMILES Parse Error: syntax error while parsing: Sure
[13:26:00] SMILES Parse Error: Failed parsing SMILES 'Sure' for input: 'Sure'

Progress: 319/2000[13:26:01] SMILES Parse Error: syntax error while parsing: the
[13:26:01] SMILES Parse Error: Failed parsing SMILES 'the' for input: 'the'
[13:26:01] SMILES Parse Error: syntax error while parsing: Sure
[13:26:01] SMILES Parse Error: Failed parsing SMILES 'Sure' for input: 'Sure'

Progress: 320/2000[13:26:04] SMILES Parse Error: syntax error while parsing: the
[13:26:04] SMILES Parse Error: Failed parsing SMILES 'the' for input: 'the'
[13:26:04] SMILES Parse Error: syntax error while parsing: Sure
[13:26:04] SMILES Parse Error: Failed parsing SMILES 'Sure' for input: 'Sure'

Progress: 321/2000[13:26:05] SMILES Parse Error: syntax error while parsing: the
[13:26:05] SMILES Parse Error: Failed parsing SMILES 'the' for input: 'the'
[13:26:05] SMILES Parse Error: syntax error while parsing: Sure
[13:26:05] SMILES Parse Error: Failed parsing SMILES 'Sure' for input: 'Sure'

Progress: 322/2000[13:26:07] SMILES Parse Error: syntax error while parsing: the
[13:26:07] SMILES Parse Error: Failed parsing SMILES 'the' for input: 'the'
[13:26:07] SMILES Parse Error: syntax error while parsing: Sure
[13:26:07] SMILES Parse Error: Failed parsing SMILES 'Sure' for input: 'Sure'

Progress: 323/2000[13:26:09] SMILES Parse Error: syntax error while parsing: the
[13:26:09] SMILES Parse Error: Failed parsing SMILES 'the' for input: 'the'
[13:26:09] SMILES Parse Error: syntax error while parsing: Sure
[13:26:09] SMILES Parse Error: Failed parsing SMILES 'Sure' for input: 'Sure'

Progress: 324/2000[13:26:10] SMILES Parse Error: syntax error while parsing: the
[13:26:10] SMILES Parse Error: Failed parsing SMILES 'the' for input: 'the'
[13:26:10] SMILES Parse Error: syntax error while parsing: Sure
[13:26:10] SMILES Parse Error: Failed parsing SMILES 'Sure' for input: 'Sure'

Progress: 325/2000[13:26:11] SMILES Parse Error: syntax error while parsing: the
[13:26:11] SMILES Parse Error: Failed parsing SMILES 'the' for input: 'the'
[13:26:11] SMILES Parse Error: syntax error while parsing: Sure
[13:26:11] SMILES Parse Error: Failed parsing SMILES 'Sure' for input: 'Sure'

Progress: 326/2000[13:26:12] SMILES Parse Error: syntax error while parsing: the
[13:26:12] SMILES Parse Error: Failed parsing SMILES 'the' for input: 'the'
[13:26:12] SMILES Parse Error: syntax error while parsing: Sure
[13:26:12] SMILES Parse Error: Failed parsing SMILES 'Sure' for input: 'Sure'

Progress: 327/2000[13:26:15] SMILES Parse Error: syntax error while parsing: the
[13:26:15] SMILES Parse Error: Failed parsing SMILES 'the' for input: 'the'
[13:26:15] SMILES Parse Error: syntax error while parsing: Sure
[13:26:15] SMILES Parse Error: Failed parsing SMILES 'Sure' for input: 'Sure'

Progress: 328/2000[13:26:17] SMILES Parse Error: syntax error while parsing: is
[13:26:17] SMILES Parse Error: Failed parsing SMILES 'is' for input: 'is'
[13:26:17] SMILES Parse Error: syntax error while parsing: SMILES
[13:26:17] SMILES Parse Error: Failed parsing SMILES 'SMILES' for input: 'SMILES'

Progress: 329/2000[13:26:19] SMILES Parse Error: syntax error while parsing: the
[13:26:19] SMILES Parse Error: Failed parsing SMILES 'the' for input: 'the'
[13:26:19] SMILES Parse Error: syntax error while parsing: Sure
[13:26:19] SMILES Parse Error: Failed parsing SMILES 'Sure' for input: 'Sure'

Progress: 330/2000[13:26:20] SMILES Parse Error: syntax error while parsing: the
[13:26:20] SMILES Parse Error: Failed parsing SMILES 'the' for input: 'the'
[13:26:20] SMILES Parse Error: syntax error while parsing: Sure
[13:26:20] SMILES Parse Error: Failed parsing SMILES 'Sure' for input: 'Sure'

Progress: 331/2000[13:26:21] SMILES Parse Error: syntax error while parsing: the
[13:26:21] SMILES Parse Error: Failed parsing SMILES 'the' for input: 'the'
[13:26:21] SMILES Parse Error: syntax error while parsing: Sure
[13:26:21] SMILES Parse Error: Failed parsing SMILES 'Sure' for input: 'Sure'

Progress: 332/2000[13:26:22] SMILES Parse Error: syntax error while parsing: the
[13:26:22] SMILES Parse Error: Failed parsing SMILES 'the' for input: 'the'
[13:26:22] SMILES Parse Error: syntax error while parsing: Sure
[13:26:22] SMILES Parse Error: Failed parsing SMILES 'Sure' for input: 'Sure'

Progress: 333/2000[13:26:24] SMILES Parse Error: syntax error while parsing: the
[13:26:24] SMILES Parse Error: Failed parsing SMILES 'the' for input: 'the'
[13:26:24] SMILES Parse Error: syntax error while parsing: Sure
[13:26:24] SMILES Parse Error: Failed parsing SMILES 'Sure' for input: 'Sure'

Progress: 334/2000[13:26:25] SMILES Parse Error: syntax error while parsing: the
[13:26:25] SMILES Parse Error: Failed parsing SMILES 'the' for input: 'the'
[13:26:25] SMILES Parse Error: syntax error while parsing: Sure
[13:26:25] SMILES Parse Error: Failed parsing SMILES 'Sure' for input: 'Sure'

Progress: 335/2000[13:26:27] SMILES Parse Error: syntax error while parsing: the
[13:26:27] SMILES Parse Error: Failed parsing SMILES 'the' for input: 'the'
[13:26:27] SMILES Parse Error: syntax error while parsing: Sure
[13:26:27] SMILES Parse Error: Failed parsing SMILES 'Sure' for input: 'Sure'

Progress: 336/2000[13:26:28] SMILES Parse Error: syntax error while parsing: the
[13:26:28] SMILES Parse Error: Failed parsing SMILES 'the' for input: 'the'
[13:26:28] SMILES Parse Error: syntax error while parsing: Sure
[13:26:28] SMILES Parse Error: Failed parsing SMILES 'Sure' for input: 'Sure'

Progress: 337/2000[13:26:30] SMILES Parse Error: syntax error while parsing: the
[13:26:30] SMILES Parse Error: Failed parsing SMILES 'the' for input: 'the'
[13:26:30] SMILES Parse Error: syntax error while parsing: Sure
[13:26:30] SMILES Parse Error: Failed parsing SMILES 'Sure' for input: 'Sure'

Progress: 338/2000[13:26:32] SMILES Parse Error: syntax error while parsing: the
[13:26:32] SMILES Parse Error: Failed parsing SMILES 'the' for input: 'the'
[13:26:32] SMILES Parse Error: syntax error while parsing: Sure
[13:26:32] SMILES Parse Error: Failed parsing SMILES 'Sure' for input: 'Sure'

Progress: 339/2000[13:26:33] SMILES Parse Error: syntax error while parsing: the
[13:26:33] SMILES Parse Error: Failed parsing SMILES 'the' for input: 'the'
[13:26:33] SMILES Parse Error: syntax error while parsing: Sure
[13:26:33] SMILES Parse Error: Failed parsing SMILES 'Sure' for input: 'Sure'

Progress: 340/2000[13:26:35] SMILES Parse Error: syntax error while parsing: the
[13:26:35] SMILES Parse Error: Failed parsing SMILES 'the' for input: 'the'
[13:26:35] SMILES Parse Error: syntax error while parsing: Sure
[13:26:35] SMILES Parse Error: Failed parsing SMILES 'Sure' for input: 'Sure'

Progress: 341/2000[13:26:37] SMILES Parse Error: syntax error while parsing: the
[13:26:37] SMILES Parse Error: Failed parsing SMILES 'the' for input: 'the'
[13:26:37] SMILES Parse Error: syntax error while parsing: Sure
[13:26:37] SMILES Parse Error: Failed parsing SMILES 'Sure' for input: 'Sure'

Progress: 342/2000[13:26:38] SMILES Parse Error: syntax error while parsing: the
[13:26:38] SMILES Parse Error: Failed parsing SMILES 'the' for input: 'the'
[13:26:38] SMILES Parse Error: syntax error while parsing: Sure
[13:26:38] SMILES Parse Error: Failed parsing SMILES 'Sure' for input: 'Sure'

Progress: 343/2000[13:26:39] SMILES Parse Error: syntax error while parsing: the
[13:26:39] SMILES Parse Error: Failed parsing SMILES 'the' for input: 'the'
[13:26:39] SMILES Parse Error: syntax error while parsing: Sure
[13:26:39] SMILES Parse Error: Failed parsing SMILES 'Sure' for input: 'Sure'

Progress: 344/2000[13:26:41] SMILES Parse Error: syntax error while parsing: a
[13:26:41] SMILES Parse Error: Failed parsing SMILES 'a' for input: 'a'
[13:26:41] SMILES Parse Error: syntax error while parsing: SMILES
[13:26:41] SMILES Parse Error: Failed parsing SMILES 'SMILES' for input: 'SMILES'

Progress: 345/2000[13:26:42] SMILES Parse Error: syntax error while parsing: the
[13:26:42] SMILES Parse Error: Failed parsing SMILES 'the' for input: 'the'
[13:26:42] SMILES Parse Error: syntax error while parsing: Sure
[13:26:42] SMILES Parse Error: Failed parsing SMILES 'Sure' for input: 'Sure'

Progress: 346/2000[13:26:44] SMILES Parse Error: syntax error while parsing: the
[13:26:44] SMILES Parse Error: Failed parsing SMILES 'the' for input: 'the'
[13:26:44] SMILES Parse Error: syntax error while parsing: Sure
[13:26:44] SMILES Parse Error: Failed parsing SMILES 'Sure' for input: 'Sure'

Progress: 347/2000[13:26:45] SMILES Parse Error: syntax error while parsing: the
[13:26:45] SMILES Parse Error: Failed parsing SMILES 'the' for input: 'the'
[13:26:45] SMILES Parse Error: syntax error while parsing: Sure
[13:26:45] SMILES Parse Error: Failed parsing SMILES 'Sure' for input: 'Sure'

Progress: 348/2000[13:26:47] SMILES Parse Error: syntax error while parsing: SMILES
[13:26:47] SMILES Parse Error: Failed parsing SMILES 'SMILES' for input: 'SMILES'

Progress: 349/2000[13:26:49] SMILES Parse Error: syntax error while parsing: the
[13:26:49] SMILES Parse Error: Failed parsing SMILES 'the' for input: 'the'
[13:26:49] SMILES Parse Error: syntax error while parsing: Sure
[13:26:49] SMILES Parse Error: Failed parsing SMILES 'Sure' for input: 'Sure'

Progress: 350/2000[13:26:50] SMILES Parse Error: syntax error while parsing: the
[13:26:50] SMILES Parse Error: Failed parsing SMILES 'the' for input: 'the'
[13:26:50] SMILES Parse Error: syntax error while parsing: Sure
[13:26:50] SMILES Parse Error: Failed parsing SMILES 'Sure' for input: 'Sure'

Progress: 351/2000[13:26:52] SMILES Parse Error: syntax error while parsing: the
[13:26:52] SMILES Parse Error: Failed parsing SMILES 'the' for input: 'the'
[13:26:52] SMILES Parse Error: syntax error while parsing: Sure
[13:26:52] SMILES Parse Error: Failed parsing SMILES 'Sure' for input: 'Sure'

Progress: 352/2000[13:26:54] SMILES Parse Error: syntax error while parsing: the
[13:26:54] SMILES Parse Error: Failed parsing SMILES 'the' for input: 'the'
[13:26:54] SMILES Parse Error: syntax error while parsing: Sure
[13:26:54] SMILES Parse Error: Failed parsing SMILES 'Sure' for input: 'Sure'

Progress: 353/2000[13:26:55] SMILES Parse Error: syntax error while parsing: the
[13:26:55] SMILES Parse Error: Failed parsing SMILES 'the' for input: 'the'
[13:26:55] SMILES Parse Error: syntax error while parsing: Sure
[13:26:55] SMILES Parse Error: Failed parsing SMILES 'Sure' for input: 'Sure'

Progress: 354/2000[13:26:56] SMILES Parse Error: syntax error while parsing: the
[13:26:56] SMILES Parse Error: Failed parsing SMILES 'the' for input: 'the'
[13:26:56] SMILES Parse Error: syntax error while parsing: Sure
[13:26:56] SMILES Parse Error: Failed parsing SMILES 'Sure' for input: 'Sure'

Progress: 355/2000[13:26:58] SMILES Parse Error: syntax error while parsing: SMILES
[13:26:58] SMILES Parse Error: Failed parsing SMILES 'SMILES' for input: 'SMILES'
[13:26:58] SMILES Parse Error: syntax error while parsing: SMILES
[13:26:58] SMILES Parse Error: Failed parsing SMILES 'SMILES' for input: 'SMILES'

Progress: 356/2000
Progress: 357/2000[13:27:03] SMILES Parse Error: syntax error while parsing: the
[13:27:03] SMILES Parse Error: Failed parsing SMILES 'the' for input: 'the'
[13:27:03] SMILES Parse Error: syntax error while parsing: Sure
[13:27:03] SMILES Parse Error: Failed parsing SMILES 'Sure' for input: 'Sure'

Progress: 358/2000[13:27:04] SMILES Parse Error: syntax error while parsing: the
[13:27:04] SMILES Parse Error: Failed parsing SMILES 'the' for input: 'the'
[13:27:04] SMILES Parse Error: syntax error while parsing: Sure
[13:27:04] SMILES Parse Error: Failed parsing SMILES 'Sure' for input: 'Sure'

Progress: 359/2000[13:27:06] SMILES Parse Error: syntax error while parsing: the
[13:27:06] SMILES Parse Error: Failed parsing SMILES 'the' for input: 'the'
[13:27:06] SMILES Parse Error: syntax error while parsing: Sure
[13:27:06] SMILES Parse Error: Failed parsing SMILES 'Sure' for input: 'Sure'

Progress: 360/2000[13:27:09] SMILES Parse Error: syntax error while parsing: SMILES
[13:27:09] SMILES Parse Error: Failed parsing SMILES 'SMILES' for input: 'SMILES'

Progress: 361/2000[13:27:10] SMILES Parse Error: syntax error while parsing: the
[13:27:10] SMILES Parse Error: Failed parsing SMILES 'the' for input: 'the'
[13:27:10] SMILES Parse Error: syntax error while parsing: Sure
[13:27:10] SMILES Parse Error: Failed parsing SMILES 'Sure' for input: 'Sure'

Progress: 362/2000[13:27:11] SMILES Parse Error: syntax error while parsing: the
[13:27:11] SMILES Parse Error: Failed parsing SMILES 'the' for input: 'the'
[13:27:11] SMILES Parse Error: syntax error while parsing: Sure
[13:27:11] SMILES Parse Error: Failed parsing SMILES 'Sure' for input: 'Sure'

Progress: 363/2000[13:27:12] SMILES Parse Error: syntax error while parsing: the
[13:27:12] SMILES Parse Error: Failed parsing SMILES 'the' for input: 'the'
[13:27:12] SMILES Parse Error: syntax error while parsing: Sure
[13:27:12] SMILES Parse Error: Failed parsing SMILES 'Sure' for input: 'Sure'

Progress: 364/2000[13:27:14] SMILES Parse Error: syntax error while parsing: the
[13:27:14] SMILES Parse Error: Failed parsing SMILES 'the' for input: 'the'
[13:27:14] SMILES Parse Error: syntax error while parsing: Sure
[13:27:14] SMILES Parse Error: Failed parsing SMILES 'Sure' for input: 'Sure'

Progress: 365/2000
Progress: 366/2000[13:27:17] SMILES Parse Error: syntax error while parsing: the
[13:27:17] SMILES Parse Error: Failed parsing SMILES 'the' for input: 'the'
[13:27:17] SMILES Parse Error: syntax error while parsing: Sure
[13:27:17] SMILES Parse Error: Failed parsing SMILES 'Sure' for input: 'Sure'

Progress: 367/2000[13:27:19] SMILES Parse Error: syntax error while parsing: the
[13:27:19] SMILES Parse Error: Failed parsing SMILES 'the' for input: 'the'
[13:27:19] SMILES Parse Error: syntax error while parsing: Sure
[13:27:19] SMILES Parse Error: Failed parsing SMILES 'Sure' for input: 'Sure'

Progress: 368/2000[13:27:20] SMILES Parse Error: syntax error while parsing: SMILES
[13:27:20] SMILES Parse Error: Failed parsing SMILES 'SMILES' for input: 'SMILES'

Progress: 369/2000[13:27:21] SMILES Parse Error: syntax error while parsing: the
[13:27:21] SMILES Parse Error: Failed parsing SMILES 'the' for input: 'the'
[13:27:21] SMILES Parse Error: syntax error while parsing: Sure
[13:27:21] SMILES Parse Error: Failed parsing SMILES 'Sure' for input: 'Sure'

Progress: 370/2000[13:27:22] SMILES Parse Error: syntax error while parsing: the
[13:27:22] SMILES Parse Error: Failed parsing SMILES 'the' for input: 'the'
[13:27:22] SMILES Parse Error: syntax error while parsing: Sure
[13:27:22] SMILES Parse Error: Failed parsing SMILES 'Sure' for input: 'Sure'

Progress: 371/2000[13:27:24] SMILES Parse Error: syntax error while parsing: the
[13:27:24] SMILES Parse Error: Failed parsing SMILES 'the' for input: 'the'
[13:27:24] SMILES Parse Error: syntax error while parsing: Sure
[13:27:24] SMILES Parse Error: Failed parsing SMILES 'Sure' for input: 'Sure'

Progress: 372/2000[13:27:26] SMILES Parse Error: syntax error while parsing: the
[13:27:26] SMILES Parse Error: Failed parsing SMILES 'the' for input: 'the'
[13:27:26] SMILES Parse Error: syntax error while parsing: Sure
[13:27:26] SMILES Parse Error: Failed parsing SMILES 'Sure' for input: 'Sure'

Progress: 373/2000[13:27:28] SMILES Parse Error: syntax error while parsing: the
[13:27:28] SMILES Parse Error: Failed parsing SMILES 'the' for input: 'the'
[13:27:28] SMILES Parse Error: syntax error while parsing: Sure
[13:27:28] SMILES Parse Error: Failed parsing SMILES 'Sure' for input: 'Sure'

Progress: 374/2000[13:27:30] SMILES Parse Error: syntax error while parsing: the
[13:27:30] SMILES Parse Error: Failed parsing SMILES 'the' for input: 'the'
[13:27:30] SMILES Parse Error: syntax error while parsing: Sure
[13:27:30] SMILES Parse Error: Failed parsing SMILES 'Sure' for input: 'Sure'

Progress: 375/2000[13:27:31] SMILES Parse Error: syntax error while parsing: the
[13:27:31] SMILES Parse Error: Failed parsing SMILES 'the' for input: 'the'
[13:27:31] SMILES Parse Error: syntax error while parsing: Sure
[13:27:31] SMILES Parse Error: Failed parsing SMILES 'Sure' for input: 'Sure'

Progress: 376/2000
Progress: 377/2000[13:27:34] SMILES Parse Error: syntax error while parsing: the
[13:27:34] SMILES Parse Error: Failed parsing SMILES 'the' for input: 'the'
[13:27:34] SMILES Parse Error: syntax error while parsing: Sure
[13:27:34] SMILES Parse Error: Failed parsing SMILES 'Sure' for input: 'Sure'

Progress: 378/2000[13:27:36] SMILES Parse Error: syntax error while parsing: the
[13:27:36] SMILES Parse Error: Failed parsing SMILES 'the' for input: 'the'
[13:27:36] SMILES Parse Error: syntax error while parsing: Sure
[13:27:36] SMILES Parse Error: Failed parsing SMILES 'Sure' for input: 'Sure'

Progress: 379/2000[13:27:37] SMILES Parse Error: syntax error while parsing: the
[13:27:37] SMILES Parse Error: Failed parsing SMILES 'the' for input: 'the'
[13:27:37] SMILES Parse Error: syntax error while parsing: Sure
[13:27:37] SMILES Parse Error: Failed parsing SMILES 'Sure' for input: 'Sure'

Progress: 380/2000[13:27:39] SMILES Parse Error: syntax error while parsing: the
[13:27:39] SMILES Parse Error: Failed parsing SMILES 'the' for input: 'the'
[13:27:39] SMILES Parse Error: syntax error while parsing: Sure
[13:27:39] SMILES Parse Error: Failed parsing SMILES 'Sure' for input: 'Sure'

Progress: 381/2000[13:27:41] SMILES Parse Error: syntax error while parsing: the
[13:27:41] SMILES Parse Error: Failed parsing SMILES 'the' for input: 'the'
[13:27:41] SMILES Parse Error: syntax error while parsing: Sure
[13:27:41] SMILES Parse Error: Failed parsing SMILES 'Sure' for input: 'Sure'

Progress: 382/2000[13:27:44] SMILES Parse Error: syntax error while parsing: the
[13:27:44] SMILES Parse Error: Failed parsing SMILES 'the' for input: 'the'
[13:27:44] SMILES Parse Error: syntax error while parsing: Sure
[13:27:44] SMILES Parse Error: Failed parsing SMILES 'Sure' for input: 'Sure'

Progress: 383/2000[13:27:47] SMILES Parse Error: syntax error while parsing: SMILES
[13:27:47] SMILES Parse Error: Failed parsing SMILES 'SMILES' for input: 'SMILES'

Progress: 384/2000[13:27:50] SMILES Parse Error: syntax error while parsing: molecule
[13:27:50] SMILES Parse Error: Failed parsing SMILES 'molecule' for input: 'molecule'
[13:27:50] SMILES Parse Error: syntax error while parsing: Sure
[13:27:50] SMILES Parse Error: Failed parsing SMILES 'Sure' for input: 'Sure'

Progress: 385/2000[13:27:51] SMILES Parse Error: syntax error while parsing: SMILES
[13:27:51] SMILES Parse Error: Failed parsing SMILES 'SMILES' for input: 'SMILES'
[13:27:51] SMILES Parse Error: syntax error while parsing: SMILES
[13:27:51] SMILES Parse Error: Failed parsing SMILES 'SMILES' for input: 'SMILES'

Progress: 386/2000[13:27:53] SMILES Parse Error: syntax error while parsing: the
[13:27:53] SMILES Parse Error: Failed parsing SMILES 'the' for input: 'the'
[13:27:53] SMILES Parse Error: syntax error while parsing: Sure
[13:27:53] SMILES Parse Error: Failed parsing SMILES 'Sure' for input: 'Sure'

Progress: 387/2000[13:27:55] SMILES Parse Error: syntax error while parsing: the
[13:27:55] SMILES Parse Error: Failed parsing SMILES 'the' for input: 'the'
[13:27:55] SMILES Parse Error: syntax error while parsing: Sure
[13:27:55] SMILES Parse Error: Failed parsing SMILES 'Sure' for input: 'Sure'

Progress: 388/2000[13:27:56] SMILES Parse Error: syntax error while parsing: the
[13:27:56] SMILES Parse Error: Failed parsing SMILES 'the' for input: 'the'
[13:27:56] SMILES Parse Error: syntax error while parsing: Sure
[13:27:56] SMILES Parse Error: Failed parsing SMILES 'Sure' for input: 'Sure'

Progress: 389/2000[13:27:57] SMILES Parse Error: syntax error while parsing: the
[13:27:57] SMILES Parse Error: Failed parsing SMILES 'the' for input: 'the'
[13:27:57] SMILES Parse Error: syntax error while parsing: Sure
[13:27:57] SMILES Parse Error: Failed parsing SMILES 'Sure' for input: 'Sure'

Progress: 390/2000[13:27:58] SMILES Parse Error: syntax error while parsing: the
[13:27:58] SMILES Parse Error: Failed parsing SMILES 'the' for input: 'the'
[13:27:58] SMILES Parse Error: syntax error while parsing: Sure
[13:27:58] SMILES Parse Error: Failed parsing SMILES 'Sure' for input: 'Sure'

Progress: 391/2000[13:28:00] SMILES Parse Error: syntax error while parsing: the
[13:28:00] SMILES Parse Error: Failed parsing SMILES 'the' for input: 'the'
[13:28:00] SMILES Parse Error: syntax error while parsing: Sure
[13:28:00] SMILES Parse Error: Failed parsing SMILES 'Sure' for input: 'Sure'

Progress: 392/2000[13:28:01] SMILES Parse Error: syntax error while parsing: the
[13:28:01] SMILES Parse Error: Failed parsing SMILES 'the' for input: 'the'
[13:28:01] SMILES Parse Error: syntax error while parsing: Sure
[13:28:01] SMILES Parse Error: Failed parsing SMILES 'Sure' for input: 'Sure'

Progress: 393/2000[13:28:02] SMILES Parse Error: syntax error while parsing: the
[13:28:02] SMILES Parse Error: Failed parsing SMILES 'the' for input: 'the'
[13:28:02] SMILES Parse Error: syntax error while parsing: Sure
[13:28:02] SMILES Parse Error: Failed parsing SMILES 'Sure' for input: 'Sure'

Progress: 394/2000[13:28:04] SMILES Parse Error: syntax error while parsing: Sure
[13:28:04] SMILES Parse Error: Failed parsing SMILES 'Sure' for input: 'Sure'

Progress: 395/2000[13:28:05] SMILES Parse Error: syntax error while parsing: the
[13:28:05] SMILES Parse Error: Failed parsing SMILES 'the' for input: 'the'
[13:28:05] SMILES Parse Error: syntax error while parsing: Sure
[13:28:05] SMILES Parse Error: Failed parsing SMILES 'Sure' for input: 'Sure'

Progress: 396/2000[13:28:07] SMILES Parse Error: syntax error while parsing: the
[13:28:07] SMILES Parse Error: Failed parsing SMILES 'the' for input: 'the'
[13:28:07] SMILES Parse Error: syntax error while parsing: Sure
[13:28:07] SMILES Parse Error: Failed parsing SMILES 'Sure' for input: 'Sure'

Progress: 397/2000[13:28:09] SMILES Parse Error: syntax error while parsing: the
[13:28:09] SMILES Parse Error: Failed parsing SMILES 'the' for input: 'the'
[13:28:09] SMILES Parse Error: syntax error while parsing: Sure
[13:28:09] SMILES Parse Error: Failed parsing SMILES 'Sure' for input: 'Sure'

Progress: 398/2000[13:28:10] SMILES Parse Error: syntax error while parsing: the
[13:28:10] SMILES Parse Error: Failed parsing SMILES 'the' for input: 'the'
[13:28:10] SMILES Parse Error: syntax error while parsing: Sure
[13:28:10] SMILES Parse Error: Failed parsing SMILES 'Sure' for input: 'Sure'

Progress: 399/2000[13:28:11] SMILES Parse Error: syntax error while parsing: the
[13:28:11] SMILES Parse Error: Failed parsing SMILES 'the' for input: 'the'
[13:28:11] SMILES Parse Error: syntax error while parsing: Sure
[13:28:11] SMILES Parse Error: Failed parsing SMILES 'Sure' for input: 'Sure'

Progress: 400/2000[13:28:12] SMILES Parse Error: syntax error while parsing: the
[13:28:12] SMILES Parse Error: Failed parsing SMILES 'the' for input: 'the'
[13:28:12] SMILES Parse Error: syntax error while parsing: Sure
[13:28:12] SMILES Parse Error: Failed parsing SMILES 'Sure' for input: 'Sure'

Progress: 401/2000[13:28:13] SMILES Parse Error: syntax error while parsing: the
[13:28:13] SMILES Parse Error: Failed parsing SMILES 'the' for input: 'the'
[13:28:13] SMILES Parse Error: syntax error while parsing: Sure
[13:28:13] SMILES Parse Error: Failed parsing SMILES 'Sure' for input: 'Sure'

Progress: 402/2000[13:28:14] SMILES Parse Error: syntax error while parsing: the
[13:28:14] SMILES Parse Error: Failed parsing SMILES 'the' for input: 'the'
[13:28:14] SMILES Parse Error: syntax error while parsing: Sure
[13:28:14] SMILES Parse Error: Failed parsing SMILES 'Sure' for input: 'Sure'

Progress: 403/2000[13:28:16] SMILES Parse Error: syntax error while parsing: the
[13:28:16] SMILES Parse Error: Failed parsing SMILES 'the' for input: 'the'
[13:28:16] SMILES Parse Error: syntax error while parsing: Sure
[13:28:16] SMILES Parse Error: Failed parsing SMILES 'Sure' for input: 'Sure'

Progress: 404/2000[13:28:18] SMILES Parse Error: syntax error while parsing: the
[13:28:18] SMILES Parse Error: Failed parsing SMILES 'the' for input: 'the'
[13:28:18] SMILES Parse Error: syntax error while parsing: Sure
[13:28:18] SMILES Parse Error: Failed parsing SMILES 'Sure' for input: 'Sure'

Progress: 405/2000[13:28:20] SMILES Parse Error: syntax error while parsing: SMILES
[13:28:20] SMILES Parse Error: Failed parsing SMILES 'SMILES' for input: 'SMILES'

Progress: 406/2000[13:28:21] SMILES Parse Error: syntax error while parsing: the
[13:28:21] SMILES Parse Error: Failed parsing SMILES 'the' for input: 'the'
[13:28:21] SMILES Parse Error: syntax error while parsing: Sure
[13:28:21] SMILES Parse Error: Failed parsing SMILES 'Sure' for input: 'Sure'

Progress: 407/2000[13:28:22] SMILES Parse Error: syntax error while parsing: the
[13:28:22] SMILES Parse Error: Failed parsing SMILES 'the' for input: 'the'
[13:28:22] SMILES Parse Error: syntax error while parsing: Sure
[13:28:22] SMILES Parse Error: Failed parsing SMILES 'Sure' for input: 'Sure'

Progress: 408/2000[13:28:23] SMILES Parse Error: syntax error while parsing: the
[13:28:23] SMILES Parse Error: Failed parsing SMILES 'the' for input: 'the'
[13:28:23] SMILES Parse Error: syntax error while parsing: Sure
[13:28:23] SMILES Parse Error: Failed parsing SMILES 'Sure' for input: 'Sure'

Progress: 409/2000[13:28:25] SMILES Parse Error: syntax error while parsing: the
[13:28:25] SMILES Parse Error: Failed parsing SMILES 'the' for input: 'the'
[13:28:25] SMILES Parse Error: syntax error while parsing: Sure
[13:28:25] SMILES Parse Error: Failed parsing SMILES 'Sure' for input: 'Sure'

Progress: 410/2000[13:28:26] SMILES Parse Error: syntax error while parsing: the
[13:28:26] SMILES Parse Error: Failed parsing SMILES 'the' for input: 'the'
[13:28:26] SMILES Parse Error: syntax error while parsing: Sure
[13:28:26] SMILES Parse Error: Failed parsing SMILES 'Sure' for input: 'Sure'

Progress: 411/2000[13:28:28] SMILES Parse Error: syntax error while parsing: the
[13:28:28] SMILES Parse Error: Failed parsing SMILES 'the' for input: 'the'
[13:28:28] SMILES Parse Error: syntax error while parsing: Sure
[13:28:28] SMILES Parse Error: Failed parsing SMILES 'Sure' for input: 'Sure'

Progress: 412/2000[13:28:29] SMILES Parse Error: syntax error while parsing: the
[13:28:29] SMILES Parse Error: Failed parsing SMILES 'the' for input: 'the'
[13:28:29] SMILES Parse Error: syntax error while parsing: Sure
[13:28:29] SMILES Parse Error: Failed parsing SMILES 'Sure' for input: 'Sure'

Progress: 413/2000[13:28:30] SMILES Parse Error: syntax error while parsing: is
[13:28:30] SMILES Parse Error: Failed parsing SMILES 'is' for input: 'is'
[13:28:30] SMILES Parse Error: syntax error while parsing: SMILES
[13:28:30] SMILES Parse Error: Failed parsing SMILES 'SMILES' for input: 'SMILES'

Progress: 414/2000[13:28:33] SMILES Parse Error: syntax error while parsing: the
[13:28:33] SMILES Parse Error: Failed parsing SMILES 'the' for input: 'the'
[13:28:33] SMILES Parse Error: syntax error while parsing: Sure
[13:28:33] SMILES Parse Error: Failed parsing SMILES 'Sure' for input: 'Sure'

Progress: 415/2000[13:28:35] SMILES Parse Error: syntax error while parsing: the
[13:28:35] SMILES Parse Error: Failed parsing SMILES 'the' for input: 'the'
[13:28:35] SMILES Parse Error: syntax error while parsing: Sure
[13:28:35] SMILES Parse Error: Failed parsing SMILES 'Sure' for input: 'Sure'

Progress: 416/2000[13:28:37] SMILES Parse Error: syntax error while parsing: the
[13:28:37] SMILES Parse Error: Failed parsing SMILES 'the' for input: 'the'
[13:28:37] SMILES Parse Error: syntax error while parsing: Sure
[13:28:37] SMILES Parse Error: Failed parsing SMILES 'Sure' for input: 'Sure'

Progress: 417/2000[13:28:38] SMILES Parse Error: syntax error while parsing: the
[13:28:38] SMILES Parse Error: Failed parsing SMILES 'the' for input: 'the'
[13:28:38] SMILES Parse Error: syntax error while parsing: Sure
[13:28:38] SMILES Parse Error: Failed parsing SMILES 'Sure' for input: 'Sure'

Progress: 418/2000[13:28:40] SMILES Parse Error: syntax error while parsing: the
[13:28:40] SMILES Parse Error: Failed parsing SMILES 'the' for input: 'the'
[13:28:40] SMILES Parse Error: syntax error while parsing: Sure
[13:28:40] SMILES Parse Error: Failed parsing SMILES 'Sure' for input: 'Sure'

Progress: 419/2000[13:28:41] SMILES Parse Error: syntax error while parsing: the
[13:28:41] SMILES Parse Error: Failed parsing SMILES 'the' for input: 'the'
[13:28:41] SMILES Parse Error: syntax error while parsing: Sure
[13:28:41] SMILES Parse Error: Failed parsing SMILES 'Sure' for input: 'Sure'

Progress: 420/2000[13:28:43] SMILES Parse Error: syntax error while parsing: the
[13:28:43] SMILES Parse Error: Failed parsing SMILES 'the' for input: 'the'
[13:28:43] SMILES Parse Error: syntax error while parsing: Sure
[13:28:43] SMILES Parse Error: Failed parsing SMILES 'Sure' for input: 'Sure'

Progress: 421/2000[13:28:46] SMILES Parse Error: syntax error while parsing: the
[13:28:46] SMILES Parse Error: Failed parsing SMILES 'the' for input: 'the'
[13:28:46] SMILES Parse Error: syntax error while parsing: Sure
[13:28:46] SMILES Parse Error: Failed parsing SMILES 'Sure' for input: 'Sure'

Progress: 422/2000[13:28:47] SMILES Parse Error: syntax error while parsing: the
[13:28:47] SMILES Parse Error: Failed parsing SMILES 'the' for input: 'the'
[13:28:47] SMILES Parse Error: syntax error while parsing: Sure
[13:28:47] SMILES Parse Error: Failed parsing SMILES 'Sure' for input: 'Sure'

Progress: 423/2000[13:28:49] SMILES Parse Error: syntax error while parsing: the
[13:28:49] SMILES Parse Error: Failed parsing SMILES 'the' for input: 'the'
[13:28:49] SMILES Parse Error: syntax error while parsing: Sure
[13:28:49] SMILES Parse Error: Failed parsing SMILES 'Sure' for input: 'Sure'

Progress: 424/2000[13:28:50] SMILES Parse Error: syntax error while parsing: the
[13:28:50] SMILES Parse Error: Failed parsing SMILES 'the' for input: 'the'
[13:28:50] SMILES Parse Error: syntax error while parsing: Sure
[13:28:50] SMILES Parse Error: Failed parsing SMILES 'Sure' for input: 'Sure'

Progress: 425/2000[13:28:52] SMILES Parse Error: syntax error while parsing: the
[13:28:52] SMILES Parse Error: Failed parsing SMILES 'the' for input: 'the'
[13:28:52] SMILES Parse Error: syntax error while parsing: Sure
[13:28:52] SMILES Parse Error: Failed parsing SMILES 'Sure' for input: 'Sure'

Progress: 426/2000[13:28:54] SMILES Parse Error: syntax error while parsing: the
[13:28:54] SMILES Parse Error: Failed parsing SMILES 'the' for input: 'the'
[13:28:54] SMILES Parse Error: syntax error while parsing: Sure
[13:28:54] SMILES Parse Error: Failed parsing SMILES 'Sure' for input: 'Sure'

Progress: 427/2000[13:28:55] SMILES Parse Error: syntax error while parsing: the
[13:28:55] SMILES Parse Error: Failed parsing SMILES 'the' for input: 'the'
[13:28:55] SMILES Parse Error: syntax error while parsing: Sure
[13:28:55] SMILES Parse Error: Failed parsing SMILES 'Sure' for input: 'Sure'

Progress: 428/2000[13:28:56] SMILES Parse Error: syntax error while parsing: the
[13:28:56] SMILES Parse Error: Failed parsing SMILES 'the' for input: 'the'
[13:28:56] SMILES Parse Error: syntax error while parsing: Sure
[13:28:56] SMILES Parse Error: Failed parsing SMILES 'Sure' for input: 'Sure'

Progress: 429/2000[13:28:58] SMILES Parse Error: syntax error while parsing: SMILES
[13:28:58] SMILES Parse Error: Failed parsing SMILES 'SMILES' for input: 'SMILES'

Progress: 430/2000[13:28:59] SMILES Parse Error: syntax error while parsing: the
[13:28:59] SMILES Parse Error: Failed parsing SMILES 'the' for input: 'the'
[13:28:59] SMILES Parse Error: syntax error while parsing: Sure
[13:28:59] SMILES Parse Error: Failed parsing SMILES 'Sure' for input: 'Sure'

Progress: 431/2000[13:29:01] SMILES Parse Error: syntax error while parsing: the
[13:29:01] SMILES Parse Error: Failed parsing SMILES 'the' for input: 'the'
[13:29:01] SMILES Parse Error: syntax error while parsing: Sure
[13:29:01] SMILES Parse Error: Failed parsing SMILES 'Sure' for input: 'Sure'

Progress: 432/2000[13:29:03] SMILES Parse Error: syntax error while parsing: the
[13:29:03] SMILES Parse Error: Failed parsing SMILES 'the' for input: 'the'
[13:29:03] SMILES Parse Error: syntax error while parsing: Sure
[13:29:03] SMILES Parse Error: Failed parsing SMILES 'Sure' for input: 'Sure'

Progress: 433/2000[13:29:04] SMILES Parse Error: syntax error while parsing: the
[13:29:04] SMILES Parse Error: Failed parsing SMILES 'the' for input: 'the'
[13:29:04] SMILES Parse Error: syntax error while parsing: Sure
[13:29:04] SMILES Parse Error: Failed parsing SMILES 'Sure' for input: 'Sure'

Progress: 434/2000[13:29:06] SMILES Parse Error: syntax error while parsing: the
[13:29:06] SMILES Parse Error: Failed parsing SMILES 'the' for input: 'the'
[13:29:06] SMILES Parse Error: syntax error while parsing: Sure
[13:29:06] SMILES Parse Error: Failed parsing SMILES 'Sure' for input: 'Sure'

Progress: 435/2000[13:29:07] SMILES Parse Error: syntax error while parsing: the
[13:29:07] SMILES Parse Error: Failed parsing SMILES 'the' for input: 'the'
[13:29:07] SMILES Parse Error: syntax error while parsing: Sure
[13:29:07] SMILES Parse Error: Failed parsing SMILES 'Sure' for input: 'Sure'

Progress: 436/2000[13:29:09] SMILES Parse Error: syntax error while parsing: the
[13:29:09] SMILES Parse Error: Failed parsing SMILES 'the' for input: 'the'
[13:29:09] SMILES Parse Error: syntax error while parsing: Sure
[13:29:09] SMILES Parse Error: Failed parsing SMILES 'Sure' for input: 'Sure'

Progress: 437/2000[13:29:11] SMILES Parse Error: syntax error while parsing: the
[13:29:11] SMILES Parse Error: Failed parsing SMILES 'the' for input: 'the'
[13:29:11] SMILES Parse Error: syntax error while parsing: Sure
[13:29:11] SMILES Parse Error: Failed parsing SMILES 'Sure' for input: 'Sure'

Progress: 438/2000[13:29:14] SMILES Parse Error: syntax error while parsing: SMILES
[13:29:14] SMILES Parse Error: Failed parsing SMILES 'SMILES' for input: 'SMILES'

Progress: 439/2000[13:29:15] SMILES Parse Error: syntax error while parsing: the
[13:29:15] SMILES Parse Error: Failed parsing SMILES 'the' for input: 'the'
[13:29:15] SMILES Parse Error: syntax error while parsing: Sure
[13:29:15] SMILES Parse Error: Failed parsing SMILES 'Sure' for input: 'Sure'

Progress: 440/2000[13:29:16] SMILES Parse Error: syntax error while parsing: the
[13:29:16] SMILES Parse Error: Failed parsing SMILES 'the' for input: 'the'
[13:29:16] SMILES Parse Error: syntax error while parsing: Sure
[13:29:16] SMILES Parse Error: Failed parsing SMILES 'Sure' for input: 'Sure'

Progress: 441/2000[13:29:18] SMILES Parse Error: syntax error while parsing: the
[13:29:18] SMILES Parse Error: Failed parsing SMILES 'the' for input: 'the'
[13:29:18] SMILES Parse Error: syntax error while parsing: Sure
[13:29:18] SMILES Parse Error: Failed parsing SMILES 'Sure' for input: 'Sure'

Progress: 442/2000[13:29:19] SMILES Parse Error: syntax error while parsing: the
[13:29:19] SMILES Parse Error: Failed parsing SMILES 'the' for input: 'the'
[13:29:19] SMILES Parse Error: syntax error while parsing: Sure
[13:29:19] SMILES Parse Error: Failed parsing SMILES 'Sure' for input: 'Sure'

Progress: 443/2000[13:29:21] SMILES Parse Error: syntax error while parsing: the
[13:29:21] SMILES Parse Error: Failed parsing SMILES 'the' for input: 'the'
[13:29:21] SMILES Parse Error: syntax error while parsing: Sure
[13:29:21] SMILES Parse Error: Failed parsing SMILES 'Sure' for input: 'Sure'

Progress: 444/2000[13:29:22] SMILES Parse Error: syntax error while parsing: the
[13:29:22] SMILES Parse Error: Failed parsing SMILES 'the' for input: 'the'
[13:29:22] SMILES Parse Error: syntax error while parsing: Sure
[13:29:22] SMILES Parse Error: Failed parsing SMILES 'Sure' for input: 'Sure'

Progress: 445/2000[13:29:25] SMILES Parse Error: syntax error while parsing: the
[13:29:25] SMILES Parse Error: Failed parsing SMILES 'the' for input: 'the'
[13:29:25] SMILES Parse Error: syntax error while parsing: Sure
[13:29:25] SMILES Parse Error: Failed parsing SMILES 'Sure' for input: 'Sure'

Progress: 446/2000[13:29:27] SMILES Parse Error: syntax error while parsing: the
[13:29:27] SMILES Parse Error: Failed parsing SMILES 'the' for input: 'the'
[13:29:27] SMILES Parse Error: syntax error while parsing: Sure
[13:29:27] SMILES Parse Error: Failed parsing SMILES 'Sure' for input: 'Sure'

Progress: 447/2000[13:29:29] SMILES Parse Error: syntax error while parsing: the
[13:29:29] SMILES Parse Error: Failed parsing SMILES 'the' for input: 'the'
[13:29:29] SMILES Parse Error: syntax error while parsing: Sure
[13:29:29] SMILES Parse Error: Failed parsing SMILES 'Sure' for input: 'Sure'

Progress: 448/2000[13:29:30] SMILES Parse Error: syntax error while parsing: the
[13:29:30] SMILES Parse Error: Failed parsing SMILES 'the' for input: 'the'
[13:29:30] SMILES Parse Error: syntax error while parsing: Sure
[13:29:30] SMILES Parse Error: Failed parsing SMILES 'Sure' for input: 'Sure'

Progress: 449/2000[13:29:31] SMILES Parse Error: syntax error while parsing: the
[13:29:31] SMILES Parse Error: Failed parsing SMILES 'the' for input: 'the'
[13:29:31] SMILES Parse Error: syntax error while parsing: Sure
[13:29:31] SMILES Parse Error: Failed parsing SMILES 'Sure' for input: 'Sure'

Progress: 450/2000[13:29:33] SMILES Parse Error: syntax error while parsing: is
[13:29:33] SMILES Parse Error: Failed parsing SMILES 'is' for input: 'is'
[13:29:33] SMILES Parse Error: syntax error while parsing: SMILES
[13:29:33] SMILES Parse Error: Failed parsing SMILES 'SMILES' for input: 'SMILES'

Progress: 451/2000[13:29:34] SMILES Parse Error: syntax error while parsing: the
[13:29:34] SMILES Parse Error: Failed parsing SMILES 'the' for input: 'the'
[13:29:34] SMILES Parse Error: syntax error while parsing: Sure
[13:29:34] SMILES Parse Error: Failed parsing SMILES 'Sure' for input: 'Sure'

Progress: 452/2000[13:29:35] SMILES Parse Error: syntax error while parsing: the
[13:29:35] SMILES Parse Error: Failed parsing SMILES 'the' for input: 'the'
[13:29:35] SMILES Parse Error: syntax error while parsing: Sure
[13:29:35] SMILES Parse Error: Failed parsing SMILES 'Sure' for input: 'Sure'

Progress: 453/2000[13:29:37] SMILES Parse Error: syntax error while parsing: the
[13:29:37] SMILES Parse Error: Failed parsing SMILES 'the' for input: 'the'
[13:29:37] SMILES Parse Error: syntax error while parsing: Sure
[13:29:37] SMILES Parse Error: Failed parsing SMILES 'Sure' for input: 'Sure'

Progress: 454/2000[13:29:38] SMILES Parse Error: syntax error while parsing: the
[13:29:38] SMILES Parse Error: Failed parsing SMILES 'the' for input: 'the'
[13:29:38] SMILES Parse Error: syntax error while parsing: Sure
[13:29:38] SMILES Parse Error: Failed parsing SMILES 'Sure' for input: 'Sure'

Progress: 455/2000[13:29:41] SMILES Parse Error: syntax error while parsing: the
[13:29:41] SMILES Parse Error: Failed parsing SMILES 'the' for input: 'the'
[13:29:41] SMILES Parse Error: syntax error while parsing: Sure
[13:29:41] SMILES Parse Error: Failed parsing SMILES 'Sure' for input: 'Sure'

Progress: 456/2000[13:29:42] SMILES Parse Error: syntax error while parsing: the
[13:29:42] SMILES Parse Error: Failed parsing SMILES 'the' for input: 'the'
[13:29:42] SMILES Parse Error: syntax error while parsing: Sure
[13:29:42] SMILES Parse Error: Failed parsing SMILES 'Sure' for input: 'Sure'

Progress: 457/2000[13:29:44] SMILES Parse Error: syntax error while parsing: the
[13:29:44] SMILES Parse Error: Failed parsing SMILES 'the' for input: 'the'
[13:29:44] SMILES Parse Error: syntax error while parsing: Sure
[13:29:44] SMILES Parse Error: Failed parsing SMILES 'Sure' for input: 'Sure'

Progress: 458/2000[13:29:47] SMILES Parse Error: syntax error while parsing: SMILES
[13:29:47] SMILES Parse Error: Failed parsing SMILES 'SMILES' for input: 'SMILES'

Progress: 459/2000[13:29:48] SMILES Parse Error: syntax error while parsing: the
[13:29:48] SMILES Parse Error: Failed parsing SMILES 'the' for input: 'the'
[13:29:48] SMILES Parse Error: syntax error while parsing: Sure
[13:29:48] SMILES Parse Error: Failed parsing SMILES 'Sure' for input: 'Sure'

Progress: 460/2000[13:29:50] SMILES Parse Error: syntax error while parsing: the
[13:29:50] SMILES Parse Error: Failed parsing SMILES 'the' for input: 'the'
[13:29:50] SMILES Parse Error: syntax error while parsing: Sure
[13:29:50] SMILES Parse Error: Failed parsing SMILES 'Sure' for input: 'Sure'

Progress: 461/2000[13:29:52] SMILES Parse Error: syntax error while parsing: is
[13:29:52] SMILES Parse Error: Failed parsing SMILES 'is' for input: 'is'
[13:29:52] SMILES Parse Error: syntax error while parsing: SMILES
[13:29:52] SMILES Parse Error: Failed parsing SMILES 'SMILES' for input: 'SMILES'

Progress: 462/2000[13:29:55] SMILES Parse Error: syntax error while parsing: a
[13:29:55] SMILES Parse Error: Failed parsing SMILES 'a' for input: 'a'
[13:29:55] SMILES Parse Error: syntax error while parsing: SMILES
[13:29:55] SMILES Parse Error: Failed parsing SMILES 'SMILES' for input: 'SMILES'

Progress: 463/2000[13:29:57] SMILES Parse Error: syntax error while parsing: the
[13:29:57] SMILES Parse Error: Failed parsing SMILES 'the' for input: 'the'
[13:29:57] SMILES Parse Error: syntax error while parsing: Sure
[13:29:57] SMILES Parse Error: Failed parsing SMILES 'Sure' for input: 'Sure'

Progress: 464/2000[13:29:58] SMILES Parse Error: syntax error while parsing: the
[13:29:58] SMILES Parse Error: Failed parsing SMILES 'the' for input: 'the'
[13:29:58] SMILES Parse Error: syntax error while parsing: Sure
[13:29:58] SMILES Parse Error: Failed parsing SMILES 'Sure' for input: 'Sure'

Progress: 465/2000[13:30:01] SMILES Parse Error: syntax error while parsing: the
[13:30:01] SMILES Parse Error: Failed parsing SMILES 'the' for input: 'the'
[13:30:01] SMILES Parse Error: syntax error while parsing: Sure
[13:30:01] SMILES Parse Error: Failed parsing SMILES 'Sure' for input: 'Sure'

Progress: 466/2000[13:30:02] SMILES Parse Error: syntax error while parsing: is
[13:30:02] SMILES Parse Error: Failed parsing SMILES 'is' for input: 'is'
[13:30:02] SMILES Parse Error: syntax error while parsing: SMILES
[13:30:02] SMILES Parse Error: Failed parsing SMILES 'SMILES' for input: 'SMILES'

Progress: 467/2000[13:30:03] SMILES Parse Error: syntax error while parsing: the
[13:30:03] SMILES Parse Error: Failed parsing SMILES 'the' for input: 'the'
[13:30:03] SMILES Parse Error: syntax error while parsing: Sure
[13:30:03] SMILES Parse Error: Failed parsing SMILES 'Sure' for input: 'Sure'

Progress: 468/2000[13:30:05] SMILES Parse Error: syntax error while parsing: SMILES
[13:30:05] SMILES Parse Error: Failed parsing SMILES 'SMILES' for input: 'SMILES'

Progress: 469/2000[13:30:06] SMILES Parse Error: syntax error while parsing: the
[13:30:06] SMILES Parse Error: Failed parsing SMILES 'the' for input: 'the'
[13:30:06] SMILES Parse Error: syntax error while parsing: Sure
[13:30:06] SMILES Parse Error: Failed parsing SMILES 'Sure' for input: 'Sure'

Progress: 470/2000[13:30:08] SMILES Parse Error: syntax error while parsing: the
[13:30:08] SMILES Parse Error: Failed parsing SMILES 'the' for input: 'the'
[13:30:08] SMILES Parse Error: syntax error while parsing: Sure
[13:30:08] SMILES Parse Error: Failed parsing SMILES 'Sure' for input: 'Sure'

Progress: 471/2000[13:30:09] SMILES Parse Error: syntax error while parsing: the
[13:30:09] SMILES Parse Error: Failed parsing SMILES 'the' for input: 'the'
[13:30:09] SMILES Parse Error: syntax error while parsing: Sure
[13:30:09] SMILES Parse Error: Failed parsing SMILES 'Sure' for input: 'Sure'

Progress: 472/2000[13:30:11] SMILES Parse Error: syntax error while parsing: the
[13:30:11] SMILES Parse Error: Failed parsing SMILES 'the' for input: 'the'
[13:30:11] SMILES Parse Error: syntax error while parsing: Sure
[13:30:11] SMILES Parse Error: Failed parsing SMILES 'Sure' for input: 'Sure'

Progress: 473/2000[13:30:12] SMILES Parse Error: syntax error while parsing: the
[13:30:12] SMILES Parse Error: Failed parsing SMILES 'the' for input: 'the'
[13:30:12] SMILES Parse Error: syntax error while parsing: Sure
[13:30:12] SMILES Parse Error: Failed parsing SMILES 'Sure' for input: 'Sure'

Progress: 474/2000[13:30:13] SMILES Parse Error: syntax error while parsing: a
[13:30:13] SMILES Parse Error: Failed parsing SMILES 'a' for input: 'a'
[13:30:13] SMILES Parse Error: syntax error while parsing: SMILES
[13:30:13] SMILES Parse Error: Failed parsing SMILES 'SMILES' for input: 'SMILES'

Progress: 475/2000[13:30:15] SMILES Parse Error: syntax error while parsing: the
[13:30:15] SMILES Parse Error: Failed parsing SMILES 'the' for input: 'the'
[13:30:15] SMILES Parse Error: syntax error while parsing: Sure
[13:30:15] SMILES Parse Error: Failed parsing SMILES 'Sure' for input: 'Sure'

Progress: 476/2000[13:30:17] SMILES Parse Error: syntax error while parsing: the
[13:30:17] SMILES Parse Error: Failed parsing SMILES 'the' for input: 'the'
[13:30:17] SMILES Parse Error: syntax error while parsing: Sure
[13:30:17] SMILES Parse Error: Failed parsing SMILES 'Sure' for input: 'Sure'

Progress: 477/2000[13:30:18] SMILES Parse Error: syntax error while parsing: the
[13:30:18] SMILES Parse Error: Failed parsing SMILES 'the' for input: 'the'
[13:30:18] SMILES Parse Error: syntax error while parsing: Sure
[13:30:18] SMILES Parse Error: Failed parsing SMILES 'Sure' for input: 'Sure'

Progress: 478/2000[13:30:19] SMILES Parse Error: syntax error while parsing: SMILES
[13:30:19] SMILES Parse Error: Failed parsing SMILES 'SMILES' for input: 'SMILES'

Progress: 479/2000[13:30:21] SMILES Parse Error: syntax error while parsing: SMILES
[13:30:21] SMILES Parse Error: Failed parsing SMILES 'SMILES' for input: 'SMILES'

Progress: 480/2000[13:30:23] SMILES Parse Error: syntax error while parsing: the
[13:30:23] SMILES Parse Error: Failed parsing SMILES 'the' for input: 'the'
[13:30:23] SMILES Parse Error: syntax error while parsing: Sure
[13:30:23] SMILES Parse Error: Failed parsing SMILES 'Sure' for input: 'Sure'

Progress: 481/2000[13:30:24] SMILES Parse Error: syntax error while parsing: a
[13:30:24] SMILES Parse Error: Failed parsing SMILES 'a' for input: 'a'
[13:30:24] SMILES Parse Error: syntax error while parsing: SMILES
[13:30:24] SMILES Parse Error: Failed parsing SMILES 'SMILES' for input: 'SMILES'

Progress: 482/2000[13:30:25] SMILES Parse Error: syntax error while parsing: the
[13:30:25] SMILES Parse Error: Failed parsing SMILES 'the' for input: 'the'
[13:30:25] SMILES Parse Error: syntax error while parsing: Sure
[13:30:25] SMILES Parse Error: Failed parsing SMILES 'Sure' for input: 'Sure'

Progress: 483/2000[13:30:27] SMILES Parse Error: syntax error while parsing: the
[13:30:27] SMILES Parse Error: Failed parsing SMILES 'the' for input: 'the'
[13:30:27] SMILES Parse Error: syntax error while parsing: Sure
[13:30:27] SMILES Parse Error: Failed parsing SMILES 'Sure' for input: 'Sure'

Progress: 484/2000[13:30:28] SMILES Parse Error: syntax error while parsing: the
[13:30:28] SMILES Parse Error: Failed parsing SMILES 'the' for input: 'the'
[13:30:28] SMILES Parse Error: syntax error while parsing: Sure
[13:30:28] SMILES Parse Error: Failed parsing SMILES 'Sure' for input: 'Sure'

Progress: 485/2000[13:30:30] SMILES Parse Error: syntax error while parsing: the
[13:30:30] SMILES Parse Error: Failed parsing SMILES 'the' for input: 'the'
[13:30:30] SMILES Parse Error: syntax error while parsing: Sure
[13:30:30] SMILES Parse Error: Failed parsing SMILES 'Sure' for input: 'Sure'

Progress: 486/2000[13:30:32] SMILES Parse Error: syntax error while parsing: Sure
[13:30:32] SMILES Parse Error: Failed parsing SMILES 'Sure' for input: 'Sure'

Progress: 487/2000[13:30:34] SMILES Parse Error: syntax error while parsing: the
[13:30:34] SMILES Parse Error: Failed parsing SMILES 'the' for input: 'the'
[13:30:34] SMILES Parse Error: syntax error while parsing: Sure
[13:30:34] SMILES Parse Error: Failed parsing SMILES 'Sure' for input: 'Sure'

Progress: 488/2000[13:30:39] SMILES Parse Error: syntax error while parsing: the
[13:30:39] SMILES Parse Error: Failed parsing SMILES 'the' for input: 'the'
[13:30:39] SMILES Parse Error: syntax error while parsing: Sure
[13:30:39] SMILES Parse Error: Failed parsing SMILES 'Sure' for input: 'Sure'

Progress: 489/2000[13:30:42] SMILES Parse Error: syntax error while parsing: HBD
[13:30:42] SMILES Parse Error: Failed parsing SMILES 'HBD' for input: 'HBD'
[13:30:42] SMILES Parse Error: syntax error while parsing: the
[13:30:42] SMILES Parse Error: Failed parsing SMILES 'the' for input: 'the'
[13:30:42] SMILES Parse Error: syntax error while parsing: Sure
[13:30:42] SMILES Parse Error: Failed parsing SMILES 'Sure' for input: 'Sure'

Progress: 490/2000[13:30:43] SMILES Parse Error: syntax error while parsing: the
[13:30:43] SMILES Parse Error: Failed parsing SMILES 'the' for input: 'the'
[13:30:43] SMILES Parse Error: syntax error while parsing: Sure
[13:30:43] SMILES Parse Error: Failed parsing SMILES 'Sure' for input: 'Sure'

Progress: 491/2000[13:30:45] SMILES Parse Error: syntax error while parsing: the
[13:30:45] SMILES Parse Error: Failed parsing SMILES 'the' for input: 'the'
[13:30:45] SMILES Parse Error: syntax error while parsing: Sure
[13:30:45] SMILES Parse Error: Failed parsing SMILES 'Sure' for input: 'Sure'

Progress: 492/2000[13:30:46] SMILES Parse Error: syntax error while parsing: the
[13:30:46] SMILES Parse Error: Failed parsing SMILES 'the' for input: 'the'
[13:30:46] SMILES Parse Error: syntax error while parsing: Sure
[13:30:46] SMILES Parse Error: Failed parsing SMILES 'Sure' for input: 'Sure'

Progress: 493/2000[13:30:48] SMILES Parse Error: syntax error while parsing: the
[13:30:48] SMILES Parse Error: Failed parsing SMILES 'the' for input: 'the'
[13:30:48] SMILES Parse Error: syntax error while parsing: Sure
[13:30:48] SMILES Parse Error: Failed parsing SMILES 'Sure' for input: 'Sure'

Progress: 494/2000[13:30:49] SMILES Parse Error: syntax error while parsing: the
[13:30:49] SMILES Parse Error: Failed parsing SMILES 'the' for input: 'the'
[13:30:49] SMILES Parse Error: syntax error while parsing: Sure
[13:30:49] SMILES Parse Error: Failed parsing SMILES 'Sure' for input: 'Sure'

Progress: 495/2000[13:30:50] SMILES Parse Error: syntax error while parsing: the
[13:30:50] SMILES Parse Error: Failed parsing SMILES 'the' for input: 'the'
[13:30:50] SMILES Parse Error: syntax error while parsing: Sure
[13:30:50] SMILES Parse Error: Failed parsing SMILES 'Sure' for input: 'Sure'

Progress: 496/2000[13:30:52] SMILES Parse Error: syntax error while parsing: Sure
[13:30:52] SMILES Parse Error: Failed parsing SMILES 'Sure' for input: 'Sure'

Progress: 497/2000[13:30:54] SMILES Parse Error: syntax error while parsing: the
[13:30:54] SMILES Parse Error: Failed parsing SMILES 'the' for input: 'the'
[13:30:54] SMILES Parse Error: syntax error while parsing: Sure
[13:30:54] SMILES Parse Error: Failed parsing SMILES 'Sure' for input: 'Sure'

Progress: 498/2000[13:30:55] SMILES Parse Error: syntax error while parsing: the
[13:30:55] SMILES Parse Error: Failed parsing SMILES 'the' for input: 'the'
[13:30:55] SMILES Parse Error: syntax error while parsing: Sure
[13:30:55] SMILES Parse Error: Failed parsing SMILES 'Sure' for input: 'Sure'

Progress: 499/2000[13:30:56] SMILES Parse Error: syntax error while parsing: the
[13:30:56] SMILES Parse Error: Failed parsing SMILES 'the' for input: 'the'
[13:30:56] SMILES Parse Error: syntax error while parsing: Sure
[13:30:56] SMILES Parse Error: Failed parsing SMILES 'Sure' for input: 'Sure'

Progress: 500/2000[13:30:58] SMILES Parse Error: syntax error while parsing: the
[13:30:58] SMILES Parse Error: Failed parsing SMILES 'the' for input: 'the'
[13:30:58] SMILES Parse Error: syntax error while parsing: Sure
[13:30:58] SMILES Parse Error: Failed parsing SMILES 'Sure' for input: 'Sure'

Progress: 501/2000[13:30:59] SMILES Parse Error: syntax error while parsing: the
[13:30:59] SMILES Parse Error: Failed parsing SMILES 'the' for input: 'the'
[13:30:59] SMILES Parse Error: syntax error while parsing: Sure
[13:30:59] SMILES Parse Error: Failed parsing SMILES 'Sure' for input: 'Sure'

Progress: 502/2000[13:31:01] SMILES Parse Error: syntax error while parsing: the
[13:31:01] SMILES Parse Error: Failed parsing SMILES 'the' for input: 'the'
[13:31:01] SMILES Parse Error: syntax error while parsing: Sure
[13:31:01] SMILES Parse Error: Failed parsing SMILES 'Sure' for input: 'Sure'

Progress: 503/2000[13:31:02] SMILES Parse Error: syntax error while parsing: the
[13:31:02] SMILES Parse Error: Failed parsing SMILES 'the' for input: 'the'
[13:31:02] SMILES Parse Error: syntax error while parsing: Sure
[13:31:02] SMILES Parse Error: Failed parsing SMILES 'Sure' for input: 'Sure'

Progress: 504/2000[13:31:04] SMILES Parse Error: syntax error while parsing: SMILES
[13:31:04] SMILES Parse Error: Failed parsing SMILES 'SMILES' for input: 'SMILES'
[13:31:04] SMILES Parse Error: syntax error while parsing: SMILES
[13:31:04] SMILES Parse Error: Failed parsing SMILES 'SMILES' for input: 'SMILES'

Progress: 505/2000[13:31:05] SMILES Parse Error: syntax error while parsing: the
[13:31:05] SMILES Parse Error: Failed parsing SMILES 'the' for input: 'the'
[13:31:05] SMILES Parse Error: syntax error while parsing: Sure
[13:31:05] SMILES Parse Error: Failed parsing SMILES 'Sure' for input: 'Sure'

Progress: 506/2000[13:31:07] SMILES Parse Error: syntax error while parsing: the
[13:31:07] SMILES Parse Error: Failed parsing SMILES 'the' for input: 'the'
[13:31:07] SMILES Parse Error: syntax error while parsing: Sure
[13:31:07] SMILES Parse Error: Failed parsing SMILES 'Sure' for input: 'Sure'

Progress: 507/2000[13:31:08] SMILES Parse Error: syntax error while parsing: the
[13:31:08] SMILES Parse Error: Failed parsing SMILES 'the' for input: 'the'
[13:31:08] SMILES Parse Error: syntax error while parsing: Sure
[13:31:08] SMILES Parse Error: Failed parsing SMILES 'Sure' for input: 'Sure'

Progress: 508/2000[13:31:10] SMILES Parse Error: syntax error while parsing: the
[13:31:10] SMILES Parse Error: Failed parsing SMILES 'the' for input: 'the'
[13:31:10] SMILES Parse Error: syntax error while parsing: Sure
[13:31:10] SMILES Parse Error: Failed parsing SMILES 'Sure' for input: 'Sure'

Progress: 509/2000[13:31:11] SMILES Parse Error: syntax error while parsing: the
[13:31:11] SMILES Parse Error: Failed parsing SMILES 'the' for input: 'the'
[13:31:11] SMILES Parse Error: syntax error while parsing: Sure
[13:31:11] SMILES Parse Error: Failed parsing SMILES 'Sure' for input: 'Sure'

Progress: 510/2000[13:31:12] SMILES Parse Error: syntax error while parsing: the
[13:31:12] SMILES Parse Error: Failed parsing SMILES 'the' for input: 'the'
[13:31:12] SMILES Parse Error: syntax error while parsing: Sure
[13:31:12] SMILES Parse Error: Failed parsing SMILES 'Sure' for input: 'Sure'

Progress: 511/2000[13:31:15] SMILES Parse Error: syntax error while parsing: the
[13:31:15] SMILES Parse Error: Failed parsing SMILES 'the' for input: 'the'
[13:31:15] SMILES Parse Error: syntax error while parsing: Sure
[13:31:15] SMILES Parse Error: Failed parsing SMILES 'Sure' for input: 'Sure'

Progress: 512/2000[13:31:16] SMILES Parse Error: syntax error while parsing: the
[13:31:16] SMILES Parse Error: Failed parsing SMILES 'the' for input: 'the'
[13:31:16] SMILES Parse Error: syntax error while parsing: Sure
[13:31:16] SMILES Parse Error: Failed parsing SMILES 'Sure' for input: 'Sure'

Progress: 513/2000[13:31:18] SMILES Parse Error: syntax error while parsing: the
[13:31:18] SMILES Parse Error: Failed parsing SMILES 'the' for input: 'the'
[13:31:18] SMILES Parse Error: syntax error while parsing: Sure
[13:31:18] SMILES Parse Error: Failed parsing SMILES 'Sure' for input: 'Sure'

Progress: 514/2000[13:31:19] SMILES Parse Error: syntax error while parsing: SMILES
[13:31:19] SMILES Parse Error: Failed parsing SMILES 'SMILES' for input: 'SMILES'

Progress: 515/2000[13:31:21] SMILES Parse Error: syntax error while parsing: the
[13:31:21] SMILES Parse Error: Failed parsing SMILES 'the' for input: 'the'
[13:31:21] SMILES Parse Error: syntax error while parsing: Sure
[13:31:21] SMILES Parse Error: Failed parsing SMILES 'Sure' for input: 'Sure'

Progress: 516/2000[13:31:23] SMILES Parse Error: syntax error while parsing: the
[13:31:23] SMILES Parse Error: Failed parsing SMILES 'the' for input: 'the'
[13:31:23] SMILES Parse Error: syntax error while parsing: Here
[13:31:23] SMILES Parse Error: Failed parsing SMILES 'Here' for input: 'Here'

Progress: 517/2000[13:31:25] SMILES Parse Error: syntax error while parsing: the
[13:31:25] SMILES Parse Error: Failed parsing SMILES 'the' for input: 'the'
[13:31:25] SMILES Parse Error: syntax error while parsing: Sure
[13:31:25] SMILES Parse Error: Failed parsing SMILES 'Sure' for input: 'Sure'

Progress: 518/2000[13:31:26] SMILES Parse Error: syntax error while parsing: the
[13:31:26] SMILES Parse Error: Failed parsing SMILES 'the' for input: 'the'
[13:31:26] SMILES Parse Error: syntax error while parsing: Sure
[13:31:26] SMILES Parse Error: Failed parsing SMILES 'Sure' for input: 'Sure'

Progress: 519/2000[13:31:28] SMILES Parse Error: syntax error while parsing: the
[13:31:28] SMILES Parse Error: Failed parsing SMILES 'the' for input: 'the'
[13:31:28] SMILES Parse Error: syntax error while parsing: Sure
[13:31:28] SMILES Parse Error: Failed parsing SMILES 'Sure' for input: 'Sure'

Progress: 520/2000[13:31:30] SMILES Parse Error: syntax error while parsing: the
[13:31:30] SMILES Parse Error: Failed parsing SMILES 'the' for input: 'the'
[13:31:30] SMILES Parse Error: syntax error while parsing: Sure
[13:31:30] SMILES Parse Error: Failed parsing SMILES 'Sure' for input: 'Sure'

Progress: 521/2000[13:31:31] SMILES Parse Error: syntax error while parsing: the
[13:31:31] SMILES Parse Error: Failed parsing SMILES 'the' for input: 'the'
[13:31:31] SMILES Parse Error: syntax error while parsing: Sure
[13:31:31] SMILES Parse Error: Failed parsing SMILES 'Sure' for input: 'Sure'

Progress: 522/2000[13:31:33] SMILES Parse Error: syntax error while parsing: the
[13:31:33] SMILES Parse Error: Failed parsing SMILES 'the' for input: 'the'
[13:31:33] SMILES Parse Error: syntax error while parsing: Sure
[13:31:33] SMILES Parse Error: Failed parsing SMILES 'Sure' for input: 'Sure'

Progress: 523/2000[13:31:34] SMILES Parse Error: syntax error while parsing: the
[13:31:34] SMILES Parse Error: Failed parsing SMILES 'the' for input: 'the'
[13:31:34] SMILES Parse Error: syntax error while parsing: Sure
[13:31:34] SMILES Parse Error: Failed parsing SMILES 'Sure' for input: 'Sure'

Progress: 524/2000[13:31:35] SMILES Parse Error: syntax error while parsing: the
[13:31:35] SMILES Parse Error: Failed parsing SMILES 'the' for input: 'the'
[13:31:35] SMILES Parse Error: syntax error while parsing: Sure
[13:31:35] SMILES Parse Error: Failed parsing SMILES 'Sure' for input: 'Sure'

Progress: 525/2000[13:31:36] SMILES Parse Error: syntax error while parsing: the
[13:31:36] SMILES Parse Error: Failed parsing SMILES 'the' for input: 'the'
[13:31:36] SMILES Parse Error: syntax error while parsing: Sure
[13:31:36] SMILES Parse Error: Failed parsing SMILES 'Sure' for input: 'Sure'

Progress: 526/2000
Progress: 527/2000[13:31:41] SMILES Parse Error: syntax error while parsing: the
[13:31:41] SMILES Parse Error: Failed parsing SMILES 'the' for input: 'the'
[13:31:41] SMILES Parse Error: syntax error while parsing: Sure
[13:31:41] SMILES Parse Error: Failed parsing SMILES 'Sure' for input: 'Sure'

Progress: 528/2000[13:31:44] SMILES Parse Error: syntax error while parsing: H
[13:31:44] SMILES Parse Error: Failed parsing SMILES 'H' for input: 'H'
[13:31:44] SMILES Parse Error: syntax error while parsing: the
[13:31:44] SMILES Parse Error: Failed parsing SMILES 'the' for input: 'the'
[13:31:44] SMILES Parse Error: syntax error while parsing: Sure
[13:31:44] SMILES Parse Error: Failed parsing SMILES 'Sure' for input: 'Sure'

Progress: 529/2000
Progress: 530/2000[13:31:47] SMILES Parse Error: syntax error while parsing: the
[13:31:47] SMILES Parse Error: Failed parsing SMILES 'the' for input: 'the'
[13:31:47] SMILES Parse Error: syntax error while parsing: Sure
[13:31:47] SMILES Parse Error: Failed parsing SMILES 'Sure' for input: 'Sure'

Progress: 531/2000[13:31:49] SMILES Parse Error: syntax error while parsing: the
[13:31:49] SMILES Parse Error: Failed parsing SMILES 'the' for input: 'the'
[13:31:49] SMILES Parse Error: syntax error while parsing: Sure
[13:31:49] SMILES Parse Error: Failed parsing SMILES 'Sure' for input: 'Sure'

Progress: 532/2000[13:31:50] SMILES Parse Error: syntax error while parsing: the
[13:31:50] SMILES Parse Error: Failed parsing SMILES 'the' for input: 'the'
[13:31:50] SMILES Parse Error: syntax error while parsing: Sure
[13:31:50] SMILES Parse Error: Failed parsing SMILES 'Sure' for input: 'Sure'

Progress: 533/2000[13:31:52] SMILES Parse Error: syntax error while parsing: the
[13:31:52] SMILES Parse Error: Failed parsing SMILES 'the' for input: 'the'
[13:31:52] SMILES Parse Error: syntax error while parsing: Sure
[13:31:52] SMILES Parse Error: Failed parsing SMILES 'Sure' for input: 'Sure'

Progress: 534/2000[13:31:53] SMILES Parse Error: syntax error while parsing: the
[13:31:53] SMILES Parse Error: Failed parsing SMILES 'the' for input: 'the'
[13:31:53] SMILES Parse Error: syntax error while parsing: Sure
[13:31:53] SMILES Parse Error: Failed parsing SMILES 'Sure' for input: 'Sure'

Progress: 535/2000[13:31:55] SMILES Parse Error: syntax error while parsing: scaffold
[13:31:55] SMILES Parse Error: Failed parsing SMILES 'scaffold' for input: 'scaffold'
[13:31:55] SMILES Parse Error: syntax error while parsing: Sure
[13:31:55] SMILES Parse Error: Failed parsing SMILES 'Sure' for input: 'Sure'

Progress: 536/2000[13:31:57] SMILES Parse Error: syntax error while parsing: Sure
[13:31:57] SMILES Parse Error: Failed parsing SMILES 'Sure' for input: 'Sure'

Progress: 537/2000[13:31:59] SMILES Parse Error: syntax error while parsing: the
[13:31:59] SMILES Parse Error: Failed parsing SMILES 'the' for input: 'the'
[13:31:59] SMILES Parse Error: syntax error while parsing: Sure
[13:31:59] SMILES Parse Error: Failed parsing SMILES 'Sure' for input: 'Sure'

Progress: 538/2000[13:32:02] SMILES Parse Error: syntax error while parsing: molecule
[13:32:02] SMILES Parse Error: Failed parsing SMILES 'molecule' for input: 'molecule'
[13:32:02] SMILES Parse Error: syntax error while parsing: Sure
[13:32:02] SMILES Parse Error: Failed parsing SMILES 'Sure' for input: 'Sure'

Progress: 539/2000[13:32:04] SMILES Parse Error: syntax error while parsing: the
[13:32:04] SMILES Parse Error: Failed parsing SMILES 'the' for input: 'the'
[13:32:04] SMILES Parse Error: syntax error while parsing: Sure
[13:32:04] SMILES Parse Error: Failed parsing SMILES 'Sure' for input: 'Sure'

Progress: 540/2000[13:32:05] SMILES Parse Error: syntax error while parsing: the
[13:32:05] SMILES Parse Error: Failed parsing SMILES 'the' for input: 'the'
[13:32:05] SMILES Parse Error: syntax error while parsing: Sure
[13:32:05] SMILES Parse Error: Failed parsing SMILES 'Sure' for input: 'Sure'

Progress: 541/2000[13:32:07] SMILES Parse Error: syntax error while parsing: the
[13:32:07] SMILES Parse Error: Failed parsing SMILES 'the' for input: 'the'
[13:32:07] SMILES Parse Error: syntax error while parsing: Sure
[13:32:07] SMILES Parse Error: Failed parsing SMILES 'Sure' for input: 'Sure'

Progress: 542/2000[13:32:08] SMILES Parse Error: syntax error while parsing: SMILES
[13:32:08] SMILES Parse Error: Failed parsing SMILES 'SMILES' for input: 'SMILES'

Progress: 543/2000[13:32:09] SMILES Parse Error: syntax error while parsing: the
[13:32:09] SMILES Parse Error: Failed parsing SMILES 'the' for input: 'the'
[13:32:09] SMILES Parse Error: syntax error while parsing: Sure
[13:32:09] SMILES Parse Error: Failed parsing SMILES 'Sure' for input: 'Sure'

Progress: 544/2000[13:32:11] SMILES Parse Error: syntax error while parsing: the
[13:32:11] SMILES Parse Error: Failed parsing SMILES 'the' for input: 'the'
[13:32:11] SMILES Parse Error: syntax error while parsing: Sure
[13:32:11] SMILES Parse Error: Failed parsing SMILES 'Sure' for input: 'Sure'

Progress: 545/2000[13:32:13] SMILES Parse Error: syntax error while parsing: is
[13:32:13] SMILES Parse Error: Failed parsing SMILES 'is' for input: 'is'
[13:32:13] SMILES Parse Error: syntax error while parsing: SMILES
[13:32:13] SMILES Parse Error: Failed parsing SMILES 'SMILES' for input: 'SMILES'

Progress: 546/2000[13:32:14] SMILES Parse Error: syntax error while parsing: the
[13:32:14] SMILES Parse Error: Failed parsing SMILES 'the' for input: 'the'
[13:32:14] SMILES Parse Error: syntax error while parsing: Sure
[13:32:14] SMILES Parse Error: Failed parsing SMILES 'Sure' for input: 'Sure'

Progress: 547/2000[13:32:15] SMILES Parse Error: syntax error while parsing: the
[13:32:15] SMILES Parse Error: Failed parsing SMILES 'the' for input: 'the'
[13:32:15] SMILES Parse Error: syntax error while parsing: Sure
[13:32:15] SMILES Parse Error: Failed parsing SMILES 'Sure' for input: 'Sure'

Progress: 548/2000[13:32:19] SMILES Parse Error: syntax error while parsing: the
[13:32:19] SMILES Parse Error: Failed parsing SMILES 'the' for input: 'the'
[13:32:19] SMILES Parse Error: syntax error while parsing: Sure
[13:32:19] SMILES Parse Error: Failed parsing SMILES 'Sure' for input: 'Sure'

Progress: 549/2000[13:32:22] SMILES Parse Error: syntax error while parsing: SMILES
[13:32:22] SMILES Parse Error: Failed parsing SMILES 'SMILES' for input: 'SMILES'

Progress: 550/2000[13:32:23] SMILES Parse Error: syntax error while parsing: the
[13:32:23] SMILES Parse Error: Failed parsing SMILES 'the' for input: 'the'
[13:32:23] SMILES Parse Error: syntax error while parsing: Sure
[13:32:23] SMILES Parse Error: Failed parsing SMILES 'Sure' for input: 'Sure'

Progress: 551/2000
Progress: 552/2000[13:32:28] SMILES Parse Error: syntax error while parsing: a
[13:32:28] SMILES Parse Error: Failed parsing SMILES 'a' for input: 'a'
[13:32:28] SMILES Parse Error: syntax error while parsing: SMILES
[13:32:28] SMILES Parse Error: Failed parsing SMILES 'SMILES' for input: 'SMILES'

Progress: 553/2000[13:32:29] SMILES Parse Error: syntax error while parsing: the
[13:32:29] SMILES Parse Error: Failed parsing SMILES 'the' for input: 'the'
[13:32:29] SMILES Parse Error: syntax error while parsing: Sure
[13:32:29] SMILES Parse Error: Failed parsing SMILES 'Sure' for input: 'Sure'

Progress: 554/2000[13:32:30] SMILES Parse Error: syntax error while parsing: the
[13:32:30] SMILES Parse Error: Failed parsing SMILES 'the' for input: 'the'
[13:32:31] SMILES Parse Error: syntax error while parsing: Sure
[13:32:31] SMILES Parse Error: Failed parsing SMILES 'Sure' for input: 'Sure'

Progress: 555/2000[13:32:32] SMILES Parse Error: syntax error while parsing: the
[13:32:32] SMILES Parse Error: Failed parsing SMILES 'the' for input: 'the'
[13:32:32] SMILES Parse Error: syntax error while parsing: Sure
[13:32:32] SMILES Parse Error: Failed parsing SMILES 'Sure' for input: 'Sure'

Progress: 556/2000[13:32:34] SMILES Parse Error: syntax error while parsing: the
[13:32:34] SMILES Parse Error: Failed parsing SMILES 'the' for input: 'the'
[13:32:34] SMILES Parse Error: syntax error while parsing: Sure
[13:32:34] SMILES Parse Error: Failed parsing SMILES 'Sure' for input: 'Sure'

Progress: 557/2000[13:32:35] SMILES Parse Error: syntax error while parsing: the
[13:32:35] SMILES Parse Error: Failed parsing SMILES 'the' for input: 'the'
[13:32:35] SMILES Parse Error: syntax error while parsing: Sure
[13:32:35] SMILES Parse Error: Failed parsing SMILES 'Sure' for input: 'Sure'

Progress: 558/2000[13:32:37] SMILES Parse Error: syntax error while parsing: the
[13:32:37] SMILES Parse Error: Failed parsing SMILES 'the' for input: 'the'
[13:32:37] SMILES Parse Error: syntax error while parsing: Sure
[13:32:37] SMILES Parse Error: Failed parsing SMILES 'Sure' for input: 'Sure'

Progress: 559/2000[13:32:38] SMILES Parse Error: syntax error while parsing: the
[13:32:38] SMILES Parse Error: Failed parsing SMILES 'the' for input: 'the'
[13:32:38] SMILES Parse Error: syntax error while parsing: Sure
[13:32:38] SMILES Parse Error: Failed parsing SMILES 'Sure' for input: 'Sure'

Progress: 560/2000[13:32:40] SMILES Parse Error: syntax error while parsing: the
[13:32:40] SMILES Parse Error: Failed parsing SMILES 'the' for input: 'the'
[13:32:40] SMILES Parse Error: syntax error while parsing: Sure
[13:32:40] SMILES Parse Error: Failed parsing SMILES 'Sure' for input: 'Sure'

Progress: 561/2000[13:32:41] SMILES Parse Error: syntax error while parsing: the
[13:32:41] SMILES Parse Error: Failed parsing SMILES 'the' for input: 'the'
[13:32:41] SMILES Parse Error: syntax error while parsing: Sure
[13:32:41] SMILES Parse Error: Failed parsing SMILES 'Sure' for input: 'Sure'

Progress: 562/2000[13:32:42] SMILES Parse Error: syntax error while parsing: the
[13:32:42] SMILES Parse Error: Failed parsing SMILES 'the' for input: 'the'
[13:32:42] SMILES Parse Error: syntax error while parsing: Sure
[13:32:42] SMILES Parse Error: Failed parsing SMILES 'Sure' for input: 'Sure'

Progress: 563/2000[13:32:43] SMILES Parse Error: syntax error while parsing: the
[13:32:43] SMILES Parse Error: Failed parsing SMILES 'the' for input: 'the'
[13:32:43] SMILES Parse Error: syntax error while parsing: Sure
[13:32:43] SMILES Parse Error: Failed parsing SMILES 'Sure' for input: 'Sure'

Progress: 564/2000[13:32:44] SMILES Parse Error: syntax error while parsing: the
[13:32:44] SMILES Parse Error: Failed parsing SMILES 'the' for input: 'the'
[13:32:44] SMILES Parse Error: syntax error while parsing: Sure
[13:32:44] SMILES Parse Error: Failed parsing SMILES 'Sure' for input: 'Sure'

Progress: 565/2000[13:32:46] SMILES Parse Error: syntax error while parsing: the
[13:32:46] SMILES Parse Error: Failed parsing SMILES 'the' for input: 'the'
[13:32:46] SMILES Parse Error: syntax error while parsing: Sure
[13:32:46] SMILES Parse Error: Failed parsing SMILES 'Sure' for input: 'Sure'

Progress: 566/2000[13:32:47] SMILES Parse Error: syntax error while parsing: the
[13:32:47] SMILES Parse Error: Failed parsing SMILES 'the' for input: 'the'
[13:32:47] SMILES Parse Error: syntax error while parsing: Sure
[13:32:47] SMILES Parse Error: Failed parsing SMILES 'Sure' for input: 'Sure'

Progress: 567/2000[13:32:48] SMILES Parse Error: syntax error while parsing: the
[13:32:48] SMILES Parse Error: Failed parsing SMILES 'the' for input: 'the'
[13:32:48] SMILES Parse Error: syntax error while parsing: Sure
[13:32:48] SMILES Parse Error: Failed parsing SMILES 'Sure' for input: 'Sure'

Progress: 568/2000[13:32:50] SMILES Parse Error: syntax error while parsing: the
[13:32:50] SMILES Parse Error: Failed parsing SMILES 'the' for input: 'the'
[13:32:50] SMILES Parse Error: syntax error while parsing: Sure
[13:32:50] SMILES Parse Error: Failed parsing SMILES 'Sure' for input: 'Sure'

Progress: 569/2000[13:32:51] SMILES Parse Error: syntax error while parsing: the
[13:32:51] SMILES Parse Error: Failed parsing SMILES 'the' for input: 'the'
[13:32:51] SMILES Parse Error: syntax error while parsing: Sure
[13:32:51] SMILES Parse Error: Failed parsing SMILES 'Sure' for input: 'Sure'

Progress: 570/2000[13:32:52] SMILES Parse Error: syntax error while parsing: the
[13:32:52] SMILES Parse Error: Failed parsing SMILES 'the' for input: 'the'
[13:32:52] SMILES Parse Error: syntax error while parsing: Sure
[13:32:52] SMILES Parse Error: Failed parsing SMILES 'Sure' for input: 'Sure'

Progress: 571/2000[13:32:54] SMILES Parse Error: syntax error while parsing: the
[13:32:54] SMILES Parse Error: Failed parsing SMILES 'the' for input: 'the'
[13:32:54] SMILES Parse Error: syntax error while parsing: Sure
[13:32:54] SMILES Parse Error: Failed parsing SMILES 'Sure' for input: 'Sure'

Progress: 572/2000[13:32:56] SMILES Parse Error: syntax error while parsing: the
[13:32:56] SMILES Parse Error: Failed parsing SMILES 'the' for input: 'the'
[13:32:56] SMILES Parse Error: syntax error while parsing: Sure
[13:32:56] SMILES Parse Error: Failed parsing SMILES 'Sure' for input: 'Sure'

Progress: 573/2000[13:32:58] SMILES Parse Error: syntax error while parsing: the
[13:32:58] SMILES Parse Error: Failed parsing SMILES 'the' for input: 'the'
[13:32:58] SMILES Parse Error: syntax error while parsing: Sure
[13:32:58] SMILES Parse Error: Failed parsing SMILES 'Sure' for input: 'Sure'

Progress: 574/2000[13:33:01] SMILES Parse Error: syntax error while parsing: the
[13:33:01] SMILES Parse Error: Failed parsing SMILES 'the' for input: 'the'
[13:33:01] SMILES Parse Error: syntax error while parsing: Sure
[13:33:01] SMILES Parse Error: Failed parsing SMILES 'Sure' for input: 'Sure'

Progress: 575/2000[13:33:02] SMILES Parse Error: syntax error while parsing: the
[13:33:02] SMILES Parse Error: Failed parsing SMILES 'the' for input: 'the'
[13:33:02] SMILES Parse Error: syntax error while parsing: Sure
[13:33:02] SMILES Parse Error: Failed parsing SMILES 'Sure' for input: 'Sure'

Progress: 576/2000[13:33:06] SMILES Parse Error: syntax error while parsing: just
[13:33:06] SMILES Parse Error: Failed parsing SMILES 'just' for input: 'just'
[13:33:06] SMILES Parse Error: syntax error while parsing: Sure
[13:33:06] SMILES Parse Error: Failed parsing SMILES 'Sure' for input: 'Sure'

Progress: 577/2000[13:33:08] SMILES Parse Error: syntax error while parsing: the
[13:33:08] SMILES Parse Error: Failed parsing SMILES 'the' for input: 'the'
[13:33:08] SMILES Parse Error: syntax error while parsing: Sure
[13:33:08] SMILES Parse Error: Failed parsing SMILES 'Sure' for input: 'Sure'

Progress: 578/2000[13:33:10] SMILES Parse Error: syntax error while parsing: the
[13:33:10] SMILES Parse Error: Failed parsing SMILES 'the' for input: 'the'
[13:33:10] SMILES Parse Error: syntax error while parsing: Sure
[13:33:10] SMILES Parse Error: Failed parsing SMILES 'Sure' for input: 'Sure'

Progress: 579/2000[13:33:12] SMILES Parse Error: syntax error while parsing: the
[13:33:12] SMILES Parse Error: Failed parsing SMILES 'the' for input: 'the'
[13:33:12] SMILES Parse Error: syntax error while parsing: Sure
[13:33:12] SMILES Parse Error: Failed parsing SMILES 'Sure' for input: 'Sure'

Progress: 580/2000
Progress: 581/2000[13:33:16] SMILES Parse Error: syntax error while parsing: the
[13:33:16] SMILES Parse Error: Failed parsing SMILES 'the' for input: 'the'
[13:33:16] SMILES Parse Error: syntax error while parsing: Sure
[13:33:16] SMILES Parse Error: Failed parsing SMILES 'Sure' for input: 'Sure'

Progress: 582/2000[13:33:18] SMILES Parse Error: syntax error while parsing: the
[13:33:18] SMILES Parse Error: Failed parsing SMILES 'the' for input: 'the'
[13:33:18] SMILES Parse Error: syntax error while parsing: Sure
[13:33:18] SMILES Parse Error: Failed parsing SMILES 'Sure' for input: 'Sure'

Progress: 583/2000[13:33:19] SMILES Parse Error: syntax error while parsing: the
[13:33:19] SMILES Parse Error: Failed parsing SMILES 'the' for input: 'the'
[13:33:19] SMILES Parse Error: syntax error while parsing: Sure
[13:33:19] SMILES Parse Error: Failed parsing SMILES 'Sure' for input: 'Sure'

Progress: 584/2000[13:33:21] SMILES Parse Error: syntax error while parsing: the
[13:33:21] SMILES Parse Error: Failed parsing SMILES 'the' for input: 'the'
[13:33:21] SMILES Parse Error: syntax error while parsing: Sure
[13:33:21] SMILES Parse Error: Failed parsing SMILES 'Sure' for input: 'Sure'

Progress: 585/2000[13:33:22] SMILES Parse Error: syntax error while parsing: is
[13:33:22] SMILES Parse Error: Failed parsing SMILES 'is' for input: 'is'
[13:33:22] SMILES Parse Error: syntax error while parsing: SMILES
[13:33:22] SMILES Parse Error: Failed parsing SMILES 'SMILES' for input: 'SMILES'

Progress: 586/2000[13:33:24] SMILES Parse Error: syntax error while parsing: the
[13:33:24] SMILES Parse Error: Failed parsing SMILES 'the' for input: 'the'
[13:33:24] SMILES Parse Error: syntax error while parsing: Sure
[13:33:24] SMILES Parse Error: Failed parsing SMILES 'Sure' for input: 'Sure'

Progress: 587/2000[13:33:25] SMILES Parse Error: syntax error while parsing: the
[13:33:25] SMILES Parse Error: Failed parsing SMILES 'the' for input: 'the'
[13:33:25] SMILES Parse Error: syntax error while parsing: Sure
[13:33:25] SMILES Parse Error: Failed parsing SMILES 'Sure' for input: 'Sure'

Progress: 588/2000
Progress: 589/2000[13:33:29] SMILES Parse Error: syntax error while parsing: the
[13:33:29] SMILES Parse Error: Failed parsing SMILES 'the' for input: 'the'
[13:33:29] SMILES Parse Error: syntax error while parsing: Sure
[13:33:29] SMILES Parse Error: Failed parsing SMILES 'Sure' for input: 'Sure'

Progress: 590/2000[13:33:30] SMILES Parse Error: syntax error while parsing: the
[13:33:30] SMILES Parse Error: Failed parsing SMILES 'the' for input: 'the'
[13:33:30] SMILES Parse Error: syntax error while parsing: Sure
[13:33:30] SMILES Parse Error: Failed parsing SMILES 'Sure' for input: 'Sure'

Progress: 591/2000[13:33:31] SMILES Parse Error: syntax error while parsing: the
[13:33:31] SMILES Parse Error: Failed parsing SMILES 'the' for input: 'the'
[13:33:31] SMILES Parse Error: syntax error while parsing: Sure
[13:33:31] SMILES Parse Error: Failed parsing SMILES 'Sure' for input: 'Sure'

Progress: 592/2000[13:33:34] SMILES Parse Error: syntax error while parsing: molecule
[13:33:34] SMILES Parse Error: Failed parsing SMILES 'molecule' for input: 'molecule'
[13:33:34] SMILES Parse Error: syntax error while parsing: Sure
[13:33:34] SMILES Parse Error: Failed parsing SMILES 'Sure' for input: 'Sure'

Progress: 593/2000[13:33:35] SMILES Parse Error: syntax error while parsing: the
[13:33:35] SMILES Parse Error: Failed parsing SMILES 'the' for input: 'the'
[13:33:35] SMILES Parse Error: syntax error while parsing: Sure
[13:33:35] SMILES Parse Error: Failed parsing SMILES 'Sure' for input: 'Sure'

Progress: 594/2000[13:33:37] SMILES Parse Error: syntax error while parsing: the
[13:33:37] SMILES Parse Error: Failed parsing SMILES 'the' for input: 'the'
[13:33:37] SMILES Parse Error: syntax error while parsing: Sure
[13:33:37] SMILES Parse Error: Failed parsing SMILES 'Sure' for input: 'Sure'

Progress: 595/2000[13:33:38] SMILES Parse Error: syntax error while parsing: the
[13:33:38] SMILES Parse Error: Failed parsing SMILES 'the' for input: 'the'
[13:33:38] SMILES Parse Error: syntax error while parsing: Sure
[13:33:38] SMILES Parse Error: Failed parsing SMILES 'Sure' for input: 'Sure'

Progress: 596/2000[13:33:39] SMILES Parse Error: syntax error while parsing: the
[13:33:39] SMILES Parse Error: Failed parsing SMILES 'the' for input: 'the'
[13:33:39] SMILES Parse Error: syntax error while parsing: Sure
[13:33:39] SMILES Parse Error: Failed parsing SMILES 'Sure' for input: 'Sure'

Progress: 597/2000[13:33:41] SMILES Parse Error: syntax error while parsing: the
[13:33:41] SMILES Parse Error: Failed parsing SMILES 'the' for input: 'the'
[13:33:41] SMILES Parse Error: syntax error while parsing: Sure
[13:33:41] SMILES Parse Error: Failed parsing SMILES 'Sure' for input: 'Sure'

Progress: 598/2000[13:33:42] SMILES Parse Error: syntax error while parsing: SMILES
[13:33:42] SMILES Parse Error: Failed parsing SMILES 'SMILES' for input: 'SMILES'
[13:33:42] SMILES Parse Error: syntax error while parsing: SMILES
[13:33:42] SMILES Parse Error: Failed parsing SMILES 'SMILES' for input: 'SMILES'

Progress: 599/2000[13:33:43] SMILES Parse Error: syntax error while parsing: the
[13:33:43] SMILES Parse Error: Failed parsing SMILES 'the' for input: 'the'
[13:33:43] SMILES Parse Error: syntax error while parsing: Sure
[13:33:43] SMILES Parse Error: Failed parsing SMILES 'Sure' for input: 'Sure'

Progress: 600/2000[13:33:45] SMILES Parse Error: syntax error while parsing: the
[13:33:45] SMILES Parse Error: Failed parsing SMILES 'the' for input: 'the'
[13:33:45] SMILES Parse Error: syntax error while parsing: Sure
[13:33:45] SMILES Parse Error: Failed parsing SMILES 'Sure' for input: 'Sure'

Progress: 601/2000[13:33:47] SMILES Parse Error: syntax error while parsing: Sure
[13:33:47] SMILES Parse Error: Failed parsing SMILES 'Sure' for input: 'Sure'

Progress: 602/2000[13:33:48] SMILES Parse Error: syntax error while parsing: the
[13:33:48] SMILES Parse Error: Failed parsing SMILES 'the' for input: 'the'
[13:33:48] SMILES Parse Error: syntax error while parsing: Sure
[13:33:48] SMILES Parse Error: Failed parsing SMILES 'Sure' for input: 'Sure'

Progress: 603/2000[13:33:50] SMILES Parse Error: syntax error while parsing: the
[13:33:50] SMILES Parse Error: Failed parsing SMILES 'the' for input: 'the'
[13:33:50] SMILES Parse Error: syntax error while parsing: Sure
[13:33:50] SMILES Parse Error: Failed parsing SMILES 'Sure' for input: 'Sure'

Progress: 604/2000[13:33:52] SMILES Parse Error: syntax error while parsing: the
[13:33:52] SMILES Parse Error: Failed parsing SMILES 'the' for input: 'the'
[13:33:52] SMILES Parse Error: syntax error while parsing: Sure
[13:33:52] SMILES Parse Error: Failed parsing SMILES 'Sure' for input: 'Sure'

Progress: 605/2000[13:33:54] SMILES Parse Error: syntax error while parsing: the
[13:33:54] SMILES Parse Error: Failed parsing SMILES 'the' for input: 'the'
[13:33:54] SMILES Parse Error: syntax error while parsing: Sure
[13:33:54] SMILES Parse Error: Failed parsing SMILES 'Sure' for input: 'Sure'

Progress: 606/2000[13:33:55] SMILES Parse Error: syntax error while parsing: the
[13:33:55] SMILES Parse Error: Failed parsing SMILES 'the' for input: 'the'
[13:33:55] SMILES Parse Error: syntax error while parsing: Sure
[13:33:55] SMILES Parse Error: Failed parsing SMILES 'Sure' for input: 'Sure'

Progress: 607/2000
Progress: 608/2000[13:34:00] SMILES Parse Error: syntax error while parsing: the
[13:34:00] SMILES Parse Error: Failed parsing SMILES 'the' for input: 'the'
[13:34:00] SMILES Parse Error: syntax error while parsing: Sure
[13:34:00] SMILES Parse Error: Failed parsing SMILES 'Sure' for input: 'Sure'

Progress: 609/2000[13:34:02] SMILES Parse Error: syntax error while parsing: hydrophobic-boron-dioxide
[13:34:02] SMILES Parse Error: Failed parsing SMILES 'hydrophobic-boron-dioxide' for input: 'hydrophobic-boron-dioxide'
[13:34:02] SMILES Parse Error: syntax error while parsing: the
[13:34:02] SMILES Parse Error: Failed parsing SMILES 'the' for input: 'the'
[13:34:02] SMILES Parse Error: syntax error while parsing: Sure
[13:34:02] SMILES Parse Error: Failed parsing SMILES 'Sure' for input: 'Sure'

Progress: 610/2000[13:34:04] SMILES Parse Error: syntax error while parsing: the
[13:34:04] SMILES Parse Error: Failed parsing SMILES 'the' for input: 'the'
[13:34:04] SMILES Parse Error: syntax error while parsing: Sure
[13:34:04] SMILES Parse Error: Failed parsing SMILES 'Sure' for input: 'Sure'

Progress: 611/2000[13:34:06] SMILES Parse Error: syntax error while parsing: the
[13:34:06] SMILES Parse Error: Failed parsing SMILES 'the' for input: 'the'
[13:34:06] SMILES Parse Error: syntax error while parsing: Sure
[13:34:06] SMILES Parse Error: Failed parsing SMILES 'Sure' for input: 'Sure'

Progress: 612/2000[13:34:07] SMILES Parse Error: syntax error while parsing: the
[13:34:07] SMILES Parse Error: Failed parsing SMILES 'the' for input: 'the'
[13:34:07] SMILES Parse Error: syntax error while parsing: Sure
[13:34:07] SMILES Parse Error: Failed parsing SMILES 'Sure' for input: 'Sure'

Progress: 613/2000[13:34:09] SMILES Parse Error: syntax error while parsing: the
[13:34:09] SMILES Parse Error: Failed parsing SMILES 'the' for input: 'the'
[13:34:09] SMILES Parse Error: syntax error while parsing: Sure
[13:34:09] SMILES Parse Error: Failed parsing SMILES 'Sure' for input: 'Sure'

Progress: 614/2000
Progress: 615/2000[13:34:12] SMILES Parse Error: syntax error while parsing: the
[13:34:12] SMILES Parse Error: Failed parsing SMILES 'the' for input: 'the'
[13:34:12] SMILES Parse Error: syntax error while parsing: Sure
[13:34:12] SMILES Parse Error: Failed parsing SMILES 'Sure' for input: 'Sure'

Progress: 616/2000[13:34:13] SMILES Parse Error: syntax error while parsing: the
[13:34:13] SMILES Parse Error: Failed parsing SMILES 'the' for input: 'the'
[13:34:13] SMILES Parse Error: syntax error while parsing: Sure
[13:34:13] SMILES Parse Error: Failed parsing SMILES 'Sure' for input: 'Sure'

Progress: 617/2000[13:34:15] SMILES Parse Error: syntax error while parsing: the
[13:34:15] SMILES Parse Error: Failed parsing SMILES 'the' for input: 'the'
[13:34:15] SMILES Parse Error: syntax error while parsing: Sure
[13:34:15] SMILES Parse Error: Failed parsing SMILES 'Sure' for input: 'Sure'

Progress: 618/2000[13:34:16] SMILES Parse Error: syntax error while parsing: the
[13:34:16] SMILES Parse Error: Failed parsing SMILES 'the' for input: 'the'
[13:34:16] SMILES Parse Error: syntax error while parsing: Sure
[13:34:16] SMILES Parse Error: Failed parsing SMILES 'Sure' for input: 'Sure'

Progress: 619/2000
Progress: 620/2000[13:34:19] SMILES Parse Error: syntax error while parsing: SMILES
[13:34:19] SMILES Parse Error: Failed parsing SMILES 'SMILES' for input: 'SMILES'

Progress: 621/2000[13:34:21] SMILES Parse Error: syntax error while parsing: the
[13:34:21] SMILES Parse Error: Failed parsing SMILES 'the' for input: 'the'
[13:34:21] SMILES Parse Error: syntax error while parsing: Sure
[13:34:21] SMILES Parse Error: Failed parsing SMILES 'Sure' for input: 'Sure'

Progress: 622/2000[13:34:23] SMILES Parse Error: syntax error while parsing: the
[13:34:23] SMILES Parse Error: Failed parsing SMILES 'the' for input: 'the'
[13:34:23] SMILES Parse Error: syntax error while parsing: Sure
[13:34:23] SMILES Parse Error: Failed parsing SMILES 'Sure' for input: 'Sure'

Progress: 623/2000[13:34:24] SMILES Parse Error: syntax error while parsing: the
[13:34:24] SMILES Parse Error: Failed parsing SMILES 'the' for input: 'the'
[13:34:24] SMILES Parse Error: syntax error while parsing: Sure
[13:34:24] SMILES Parse Error: Failed parsing SMILES 'Sure' for input: 'Sure'

Progress: 624/2000[13:34:26] SMILES Parse Error: syntax error while parsing: the
[13:34:26] SMILES Parse Error: Failed parsing SMILES 'the' for input: 'the'
[13:34:26] SMILES Parse Error: syntax error while parsing: Sure
[13:34:26] SMILES Parse Error: Failed parsing SMILES 'Sure' for input: 'Sure'

Progress: 625/2000[13:34:27] SMILES Parse Error: syntax error while parsing: the
[13:34:27] SMILES Parse Error: Failed parsing SMILES 'the' for input: 'the'
[13:34:27] SMILES Parse Error: syntax error while parsing: Sure
[13:34:27] SMILES Parse Error: Failed parsing SMILES 'Sure' for input: 'Sure'

Progress: 626/2000[13:34:28] SMILES Parse Error: syntax error while parsing: SMILES
[13:34:28] SMILES Parse Error: Failed parsing SMILES 'SMILES' for input: 'SMILES'

Progress: 627/2000[13:34:30] SMILES Parse Error: syntax error while parsing: the
[13:34:30] SMILES Parse Error: Failed parsing SMILES 'the' for input: 'the'
[13:34:30] SMILES Parse Error: syntax error while parsing: Sure
[13:34:30] SMILES Parse Error: Failed parsing SMILES 'Sure' for input: 'Sure'

Progress: 628/2000[13:34:32] SMILES Parse Error: syntax error while parsing: the
[13:34:32] SMILES Parse Error: Failed parsing SMILES 'the' for input: 'the'
[13:34:32] SMILES Parse Error: syntax error while parsing: Sure
[13:34:32] SMILES Parse Error: Failed parsing SMILES 'Sure' for input: 'Sure'

Progress: 629/2000[13:34:33] SMILES Parse Error: syntax error while parsing: the
[13:34:33] SMILES Parse Error: Failed parsing SMILES 'the' for input: 'the'
[13:34:33] SMILES Parse Error: syntax error while parsing: Sure
[13:34:33] SMILES Parse Error: Failed parsing SMILES 'Sure' for input: 'Sure'

Progress: 630/2000
Progress: 631/2000[13:34:36] SMILES Parse Error: syntax error while parsing: the
[13:34:36] SMILES Parse Error: Failed parsing SMILES 'the' for input: 'the'
[13:34:36] SMILES Parse Error: syntax error while parsing: Sure
[13:34:36] SMILES Parse Error: Failed parsing SMILES 'Sure' for input: 'Sure'

Progress: 632/2000[13:34:37] SMILES Parse Error: syntax error while parsing: the
[13:34:37] SMILES Parse Error: Failed parsing SMILES 'the' for input: 'the'
[13:34:37] SMILES Parse Error: syntax error while parsing: Sure
[13:34:37] SMILES Parse Error: Failed parsing SMILES 'Sure' for input: 'Sure'

Progress: 633/2000
Progress: 634/2000[13:34:41] SMILES Parse Error: syntax error while parsing: the
[13:34:41] SMILES Parse Error: Failed parsing SMILES 'the' for input: 'the'
[13:34:41] SMILES Parse Error: syntax error while parsing: Sure
[13:34:41] SMILES Parse Error: Failed parsing SMILES 'Sure' for input: 'Sure'

Progress: 635/2000[13:34:42] SMILES Parse Error: syntax error while parsing: the
[13:34:42] SMILES Parse Error: Failed parsing SMILES 'the' for input: 'the'
[13:34:42] SMILES Parse Error: syntax error while parsing: Sure
[13:34:42] SMILES Parse Error: Failed parsing SMILES 'Sure' for input: 'Sure'

Progress: 636/2000[13:34:44] SMILES Parse Error: syntax error while parsing: the
[13:34:44] SMILES Parse Error: Failed parsing SMILES 'the' for input: 'the'
[13:34:44] SMILES Parse Error: syntax error while parsing: Sure
[13:34:44] SMILES Parse Error: Failed parsing SMILES 'Sure' for input: 'Sure'

Progress: 637/2000[13:34:45] SMILES Parse Error: syntax error while parsing: the
[13:34:45] SMILES Parse Error: Failed parsing SMILES 'the' for input: 'the'
[13:34:45] SMILES Parse Error: syntax error while parsing: Sure
[13:34:45] SMILES Parse Error: Failed parsing SMILES 'Sure' for input: 'Sure'

Progress: 638/2000[13:34:47] SMILES Parse Error: syntax error while parsing: the
[13:34:47] SMILES Parse Error: Failed parsing SMILES 'the' for input: 'the'
[13:34:47] SMILES Parse Error: syntax error while parsing: Sure
[13:34:47] SMILES Parse Error: Failed parsing SMILES 'Sure' for input: 'Sure'

Progress: 639/2000[13:34:48] SMILES Parse Error: syntax error while parsing: the
[13:34:48] SMILES Parse Error: Failed parsing SMILES 'the' for input: 'the'
[13:34:48] SMILES Parse Error: syntax error while parsing: Sure
[13:34:48] SMILES Parse Error: Failed parsing SMILES 'Sure' for input: 'Sure'

Progress: 640/2000
Progress: 641/2000[13:34:53] SMILES Parse Error: syntax error while parsing: the
[13:34:53] SMILES Parse Error: Failed parsing SMILES 'the' for input: 'the'
[13:34:53] SMILES Parse Error: syntax error while parsing: Sure
[13:34:53] SMILES Parse Error: Failed parsing SMILES 'Sure' for input: 'Sure'

Progress: 642/2000[13:34:54] SMILES Parse Error: syntax error while parsing: the
[13:34:54] SMILES Parse Error: Failed parsing SMILES 'the' for input: 'the'
[13:34:54] SMILES Parse Error: syntax error while parsing: Sure
[13:34:54] SMILES Parse Error: Failed parsing SMILES 'Sure' for input: 'Sure'

Progress: 643/2000[13:34:56] SMILES Parse Error: syntax error while parsing: the
[13:34:56] SMILES Parse Error: Failed parsing SMILES 'the' for input: 'the'
[13:34:56] SMILES Parse Error: syntax error while parsing: Sure
[13:34:56] SMILES Parse Error: Failed parsing SMILES 'Sure' for input: 'Sure'

Progress: 644/2000[13:34:57] SMILES Parse Error: syntax error while parsing: the
[13:34:57] SMILES Parse Error: Failed parsing SMILES 'the' for input: 'the'
[13:34:57] SMILES Parse Error: syntax error while parsing: Sure
[13:34:57] SMILES Parse Error: Failed parsing SMILES 'Sure' for input: 'Sure'

Progress: 645/2000[13:34:59] SMILES Parse Error: syntax error while parsing: the
[13:34:59] SMILES Parse Error: Failed parsing SMILES 'the' for input: 'the'
[13:34:59] SMILES Parse Error: syntax error while parsing: Sure
[13:34:59] SMILES Parse Error: Failed parsing SMILES 'Sure' for input: 'Sure'

Progress: 646/2000[13:35:00] SMILES Parse Error: syntax error while parsing: the
[13:35:00] SMILES Parse Error: Failed parsing SMILES 'the' for input: 'the'
[13:35:00] SMILES Parse Error: syntax error while parsing: Sure
[13:35:00] SMILES Parse Error: Failed parsing SMILES 'Sure' for input: 'Sure'

Progress: 647/2000[13:35:01] SMILES Parse Error: syntax error while parsing: the
[13:35:01] SMILES Parse Error: Failed parsing SMILES 'the' for input: 'the'
[13:35:01] SMILES Parse Error: syntax error while parsing: Sure
[13:35:01] SMILES Parse Error: Failed parsing SMILES 'Sure' for input: 'Sure'

Progress: 648/2000[13:35:03] SMILES Parse Error: syntax error while parsing: the
[13:35:03] SMILES Parse Error: Failed parsing SMILES 'the' for input: 'the'
[13:35:03] SMILES Parse Error: syntax error while parsing: Sure
[13:35:03] SMILES Parse Error: Failed parsing SMILES 'Sure' for input: 'Sure'

Progress: 649/2000[13:35:04] SMILES Parse Error: syntax error while parsing: the
[13:35:04] SMILES Parse Error: Failed parsing SMILES 'the' for input: 'the'
[13:35:04] SMILES Parse Error: syntax error while parsing: Sure
[13:35:04] SMILES Parse Error: Failed parsing SMILES 'Sure' for input: 'Sure'

Progress: 650/2000[13:35:06] SMILES Parse Error: syntax error while parsing: the
[13:35:06] SMILES Parse Error: Failed parsing SMILES 'the' for input: 'the'
[13:35:06] SMILES Parse Error: syntax error while parsing: Sure
[13:35:06] SMILES Parse Error: Failed parsing SMILES 'Sure' for input: 'Sure'

Progress: 651/2000[13:35:08] SMILES Parse Error: syntax error while parsing: the
[13:35:08] SMILES Parse Error: Failed parsing SMILES 'the' for input: 'the'
[13:35:08] SMILES Parse Error: syntax error while parsing: Sure
[13:35:08] SMILES Parse Error: Failed parsing SMILES 'Sure' for input: 'Sure'

Progress: 652/2000[13:35:09] SMILES Parse Error: syntax error while parsing: the
[13:35:09] SMILES Parse Error: Failed parsing SMILES 'the' for input: 'the'
[13:35:09] SMILES Parse Error: syntax error while parsing: Sure
[13:35:09] SMILES Parse Error: Failed parsing SMILES 'Sure' for input: 'Sure'

Progress: 653/2000[13:35:10] SMILES Parse Error: syntax error while parsing: the
[13:35:10] SMILES Parse Error: Failed parsing SMILES 'the' for input: 'the'
[13:35:10] SMILES Parse Error: syntax error while parsing: Sure
[13:35:10] SMILES Parse Error: Failed parsing SMILES 'Sure' for input: 'Sure'

Progress: 654/2000[13:35:13] SMILES Parse Error: syntax error while parsing: the
[13:35:13] SMILES Parse Error: Failed parsing SMILES 'the' for input: 'the'
[13:35:13] SMILES Parse Error: syntax error while parsing: Sure
[13:35:13] SMILES Parse Error: Failed parsing SMILES 'Sure' for input: 'Sure'

Progress: 655/2000[13:35:14] SMILES Parse Error: syntax error while parsing: the
[13:35:14] SMILES Parse Error: Failed parsing SMILES 'the' for input: 'the'
[13:35:14] SMILES Parse Error: syntax error while parsing: Sure
[13:35:14] SMILES Parse Error: Failed parsing SMILES 'Sure' for input: 'Sure'

Progress: 656/2000[13:35:16] SMILES Parse Error: syntax error while parsing: the
[13:35:16] SMILES Parse Error: Failed parsing SMILES 'the' for input: 'the'
[13:35:16] SMILES Parse Error: syntax error while parsing: Sure
[13:35:16] SMILES Parse Error: Failed parsing SMILES 'Sure' for input: 'Sure'

Progress: 657/2000[13:35:18] SMILES Parse Error: syntax error while parsing: molecule
[13:35:18] SMILES Parse Error: Failed parsing SMILES 'molecule' for input: 'molecule'
[13:35:18] SMILES Parse Error: syntax error while parsing: Sure
[13:35:18] SMILES Parse Error: Failed parsing SMILES 'Sure' for input: 'Sure'

Progress: 658/2000[13:35:20] SMILES Parse Error: syntax error while parsing: the
[13:35:20] SMILES Parse Error: Failed parsing SMILES 'the' for input: 'the'
[13:35:20] SMILES Parse Error: syntax error while parsing: Sure
[13:35:20] SMILES Parse Error: Failed parsing SMILES 'Sure' for input: 'Sure'

Progress: 659/2000[13:35:21] SMILES Parse Error: syntax error while parsing: the
[13:35:21] SMILES Parse Error: Failed parsing SMILES 'the' for input: 'the'
[13:35:21] SMILES Parse Error: syntax error while parsing: Sure
[13:35:21] SMILES Parse Error: Failed parsing SMILES 'Sure' for input: 'Sure'

Progress: 660/2000[13:35:22] SMILES Parse Error: syntax error while parsing: Sure
[13:35:22] SMILES Parse Error: Failed parsing SMILES 'Sure' for input: 'Sure'

Progress: 661/2000[13:35:24] SMILES Parse Error: syntax error while parsing: the
[13:35:24] SMILES Parse Error: Failed parsing SMILES 'the' for input: 'the'
[13:35:24] SMILES Parse Error: syntax error while parsing: Sure
[13:35:24] SMILES Parse Error: Failed parsing SMILES 'Sure' for input: 'Sure'

Progress: 662/2000[13:35:29] SMILES Parse Error: syntax error while parsing: a
[13:35:29] SMILES Parse Error: Failed parsing SMILES 'a' for input: 'a'
[13:35:29] SMILES Parse Error: syntax error while parsing: SMILES
[13:35:29] SMILES Parse Error: Failed parsing SMILES 'SMILES' for input: 'SMILES'

Progress: 663/2000[13:35:31] SMILES Parse Error: syntax error while parsing: the
[13:35:31] SMILES Parse Error: Failed parsing SMILES 'the' for input: 'the'
[13:35:31] SMILES Parse Error: syntax error while parsing: Sure
[13:35:31] SMILES Parse Error: Failed parsing SMILES 'Sure' for input: 'Sure'

Progress: 664/2000[13:35:32] SMILES Parse Error: syntax error while parsing: the
[13:35:32] SMILES Parse Error: Failed parsing SMILES 'the' for input: 'the'
[13:35:32] SMILES Parse Error: syntax error while parsing: Sure
[13:35:32] SMILES Parse Error: Failed parsing SMILES 'Sure' for input: 'Sure'

Progress: 665/2000[13:35:33] SMILES Parse Error: syntax error while parsing: the
[13:35:33] SMILES Parse Error: Failed parsing SMILES 'the' for input: 'the'
[13:35:33] SMILES Parse Error: syntax error while parsing: Sure
[13:35:33] SMILES Parse Error: Failed parsing SMILES 'Sure' for input: 'Sure'

Progress: 666/2000[13:35:35] SMILES Parse Error: syntax error while parsing: the
[13:35:35] SMILES Parse Error: Failed parsing SMILES 'the' for input: 'the'
[13:35:35] SMILES Parse Error: syntax error while parsing: Sure
[13:35:35] SMILES Parse Error: Failed parsing SMILES 'Sure' for input: 'Sure'

Progress: 667/2000[13:35:36] SMILES Parse Error: syntax error while parsing: the
[13:35:36] SMILES Parse Error: Failed parsing SMILES 'the' for input: 'the'
[13:35:36] SMILES Parse Error: syntax error while parsing: Sure
[13:35:36] SMILES Parse Error: Failed parsing SMILES 'Sure' for input: 'Sure'

Progress: 668/2000[13:35:38] SMILES Parse Error: syntax error while parsing: SMILES
[13:35:38] SMILES Parse Error: Failed parsing SMILES 'SMILES' for input: 'SMILES'

Progress: 669/2000[13:35:40] SMILES Parse Error: syntax error while parsing: SMILES
[13:35:40] SMILES Parse Error: Failed parsing SMILES 'SMILES' for input: 'SMILES'

Progress: 670/2000[13:35:41] SMILES Parse Error: syntax error while parsing: the
[13:35:41] SMILES Parse Error: Failed parsing SMILES 'the' for input: 'the'
[13:35:41] SMILES Parse Error: syntax error while parsing: Sure
[13:35:41] SMILES Parse Error: Failed parsing SMILES 'Sure' for input: 'Sure'

Progress: 671/2000[13:35:43] SMILES Parse Error: syntax error while parsing: a
[13:35:43] SMILES Parse Error: Failed parsing SMILES 'a' for input: 'a'
[13:35:43] SMILES Parse Error: syntax error while parsing: SMILES
[13:35:43] SMILES Parse Error: Failed parsing SMILES 'SMILES' for input: 'SMILES'

Progress: 672/2000[13:35:44] SMILES Parse Error: syntax error while parsing: the
[13:35:44] SMILES Parse Error: Failed parsing SMILES 'the' for input: 'the'
[13:35:44] SMILES Parse Error: syntax error while parsing: Sure
[13:35:44] SMILES Parse Error: Failed parsing SMILES 'Sure' for input: 'Sure'

Progress: 673/2000[13:35:46] SMILES Parse Error: syntax error while parsing: the
[13:35:46] SMILES Parse Error: Failed parsing SMILES 'the' for input: 'the'
[13:35:46] SMILES Parse Error: syntax error while parsing: Sure
[13:35:46] SMILES Parse Error: Failed parsing SMILES 'Sure' for input: 'Sure'

Progress: 674/2000
Progress: 675/2000[13:35:49] SMILES Parse Error: syntax error while parsing: the
[13:35:49] SMILES Parse Error: Failed parsing SMILES 'the' for input: 'the'
[13:35:49] SMILES Parse Error: syntax error while parsing: Sure
[13:35:49] SMILES Parse Error: Failed parsing SMILES 'Sure' for input: 'Sure'

Progress: 676/2000[13:35:50] SMILES Parse Error: syntax error while parsing: the
[13:35:50] SMILES Parse Error: Failed parsing SMILES 'the' for input: 'the'
[13:35:50] SMILES Parse Error: syntax error while parsing: Sure
[13:35:50] SMILES Parse Error: Failed parsing SMILES 'Sure' for input: 'Sure'

Progress: 677/2000[13:35:52] SMILES Parse Error: syntax error while parsing: the
[13:35:52] SMILES Parse Error: Failed parsing SMILES 'the' for input: 'the'
[13:35:52] SMILES Parse Error: syntax error while parsing: Sure
[13:35:52] SMILES Parse Error: Failed parsing SMILES 'Sure' for input: 'Sure'

Progress: 678/2000[13:35:53] SMILES Parse Error: syntax error while parsing: the
[13:35:53] SMILES Parse Error: Failed parsing SMILES 'the' for input: 'the'
[13:35:53] SMILES Parse Error: syntax error while parsing: Sure
[13:35:53] SMILES Parse Error: Failed parsing SMILES 'Sure' for input: 'Sure'

Progress: 679/2000[13:35:55] SMILES Parse Error: syntax error while parsing: the
[13:35:55] SMILES Parse Error: Failed parsing SMILES 'the' for input: 'the'
[13:35:55] SMILES Parse Error: syntax error while parsing: Sure
[13:35:55] SMILES Parse Error: Failed parsing SMILES 'Sure' for input: 'Sure'

Progress: 680/2000[13:35:58] SMILES Parse Error: syntax error while parsing: SMILES
[13:35:58] SMILES Parse Error: Failed parsing SMILES 'SMILES' for input: 'SMILES'

Progress: 681/2000[13:36:00] SMILES Parse Error: syntax error while parsing: the
[13:36:00] SMILES Parse Error: Failed parsing SMILES 'the' for input: 'the'
[13:36:00] SMILES Parse Error: syntax error while parsing: Sure
[13:36:00] SMILES Parse Error: Failed parsing SMILES 'Sure' for input: 'Sure'

Progress: 682/2000
Progress: 683/2000[13:36:03] SMILES Parse Error: syntax error while parsing: is
[13:36:03] SMILES Parse Error: Failed parsing SMILES 'is' for input: 'is'
[13:36:03] SMILES Parse Error: syntax error while parsing: SMILES
[13:36:03] SMILES Parse Error: Failed parsing SMILES 'SMILES' for input: 'SMILES'

Progress: 684/2000[13:36:04] SMILES Parse Error: syntax error while parsing: the
[13:36:04] SMILES Parse Error: Failed parsing SMILES 'the' for input: 'the'
[13:36:04] SMILES Parse Error: syntax error while parsing: Sure
[13:36:04] SMILES Parse Error: Failed parsing SMILES 'Sure' for input: 'Sure'

Progress: 685/2000[13:36:05] SMILES Parse Error: syntax error while parsing: the
[13:36:05] SMILES Parse Error: Failed parsing SMILES 'the' for input: 'the'
[13:36:05] SMILES Parse Error: syntax error while parsing: Sure
[13:36:05] SMILES Parse Error: Failed parsing SMILES 'Sure' for input: 'Sure'

Progress: 686/2000[13:36:06] SMILES Parse Error: syntax error while parsing: the
[13:36:06] SMILES Parse Error: Failed parsing SMILES 'the' for input: 'the'
[13:36:06] SMILES Parse Error: syntax error while parsing: Sure
[13:36:06] SMILES Parse Error: Failed parsing SMILES 'Sure' for input: 'Sure'

Progress: 687/2000[13:36:08] SMILES Parse Error: syntax error while parsing: the
[13:36:08] SMILES Parse Error: Failed parsing SMILES 'the' for input: 'the'
[13:36:08] SMILES Parse Error: syntax error while parsing: Sure
[13:36:08] SMILES Parse Error: Failed parsing SMILES 'Sure' for input: 'Sure'

Progress: 688/2000[13:36:10] SMILES Parse Error: syntax error while parsing: the
[13:36:10] SMILES Parse Error: Failed parsing SMILES 'the' for input: 'the'
[13:36:10] SMILES Parse Error: syntax error while parsing: Sure
[13:36:10] SMILES Parse Error: Failed parsing SMILES 'Sure' for input: 'Sure'

Progress: 689/2000[13:36:12] SMILES Parse Error: syntax error while parsing: the
[13:36:12] SMILES Parse Error: Failed parsing SMILES 'the' for input: 'the'
[13:36:12] SMILES Parse Error: syntax error while parsing: Sure
[13:36:12] SMILES Parse Error: Failed parsing SMILES 'Sure' for input: 'Sure'

Progress: 690/2000[13:36:15] SMILES Parse Error: syntax error while parsing: the
[13:36:15] SMILES Parse Error: Failed parsing SMILES 'the' for input: 'the'
[13:36:15] SMILES Parse Error: syntax error while parsing: Sure
[13:36:15] SMILES Parse Error: Failed parsing SMILES 'Sure' for input: 'Sure'

Progress: 691/2000[13:36:16] SMILES Parse Error: syntax error while parsing: the
[13:36:16] SMILES Parse Error: Failed parsing SMILES 'the' for input: 'the'
[13:36:16] SMILES Parse Error: syntax error while parsing: Sure
[13:36:16] SMILES Parse Error: Failed parsing SMILES 'Sure' for input: 'Sure'

Progress: 692/2000[13:36:18] SMILES Parse Error: syntax error while parsing: the
[13:36:18] SMILES Parse Error: Failed parsing SMILES 'the' for input: 'the'
[13:36:18] SMILES Parse Error: syntax error while parsing: Sure
[13:36:18] SMILES Parse Error: Failed parsing SMILES 'Sure' for input: 'Sure'

Progress: 693/2000[13:36:19] SMILES Parse Error: syntax error while parsing: the
[13:36:19] SMILES Parse Error: Failed parsing SMILES 'the' for input: 'the'
[13:36:19] SMILES Parse Error: syntax error while parsing: Sure
[13:36:19] SMILES Parse Error: Failed parsing SMILES 'Sure' for input: 'Sure'

Progress: 694/2000[13:36:21] SMILES Parse Error: syntax error while parsing: the
[13:36:21] SMILES Parse Error: Failed parsing SMILES 'the' for input: 'the'
[13:36:21] SMILES Parse Error: syntax error while parsing: Sure
[13:36:21] SMILES Parse Error: Failed parsing SMILES 'Sure' for input: 'Sure'

Progress: 695/2000[13:36:23] SMILES Parse Error: syntax error while parsing: is
[13:36:23] SMILES Parse Error: Failed parsing SMILES 'is' for input: 'is'
[13:36:23] SMILES Parse Error: syntax error while parsing: Sure
[13:36:23] SMILES Parse Error: Failed parsing SMILES 'Sure' for input: 'Sure'

Progress: 696/2000[13:36:25] SMILES Parse Error: syntax error while parsing: the
[13:36:25] SMILES Parse Error: Failed parsing SMILES 'the' for input: 'the'
[13:36:25] SMILES Parse Error: syntax error while parsing: Sure
[13:36:25] SMILES Parse Error: Failed parsing SMILES 'Sure' for input: 'Sure'

Progress: 697/2000[13:36:26] SMILES Parse Error: syntax error while parsing: the
[13:36:26] SMILES Parse Error: Failed parsing SMILES 'the' for input: 'the'
[13:36:26] SMILES Parse Error: syntax error while parsing: Sure
[13:36:26] SMILES Parse Error: Failed parsing SMILES 'Sure' for input: 'Sure'

Progress: 698/2000[13:36:27] SMILES Parse Error: syntax error while parsing: the
[13:36:27] SMILES Parse Error: Failed parsing SMILES 'the' for input: 'the'
[13:36:27] SMILES Parse Error: syntax error while parsing: Sure
[13:36:27] SMILES Parse Error: Failed parsing SMILES 'Sure' for input: 'Sure'

Progress: 699/2000[13:36:29] SMILES Parse Error: syntax error while parsing: the
[13:36:29] SMILES Parse Error: Failed parsing SMILES 'the' for input: 'the'
[13:36:29] SMILES Parse Error: syntax error while parsing: Sure
[13:36:29] SMILES Parse Error: Failed parsing SMILES 'Sure' for input: 'Sure'

Progress: 700/2000[13:36:31] SMILES Parse Error: syntax error while parsing: the
[13:36:31] SMILES Parse Error: Failed parsing SMILES 'the' for input: 'the'
[13:36:31] SMILES Parse Error: syntax error while parsing: Sure
[13:36:31] SMILES Parse Error: Failed parsing SMILES 'Sure' for input: 'Sure'

Progress: 701/2000[13:36:32] SMILES Parse Error: syntax error while parsing: the
[13:36:32] SMILES Parse Error: Failed parsing SMILES 'the' for input: 'the'
[13:36:32] SMILES Parse Error: syntax error while parsing: Sure
[13:36:32] SMILES Parse Error: Failed parsing SMILES 'Sure' for input: 'Sure'

Progress: 702/2000[13:36:33] SMILES Parse Error: syntax error while parsing: the
[13:36:33] SMILES Parse Error: Failed parsing SMILES 'the' for input: 'the'
[13:36:33] SMILES Parse Error: syntax error while parsing: Sure
[13:36:33] SMILES Parse Error: Failed parsing SMILES 'Sure' for input: 'Sure'

Progress: 703/2000[13:36:35] SMILES Parse Error: syntax error while parsing: the
[13:36:35] SMILES Parse Error: Failed parsing SMILES 'the' for input: 'the'
[13:36:35] SMILES Parse Error: syntax error while parsing: Sure
[13:36:35] SMILES Parse Error: Failed parsing SMILES 'Sure' for input: 'Sure'

Progress: 704/2000[13:36:36] SMILES Parse Error: syntax error while parsing: the
[13:36:36] SMILES Parse Error: Failed parsing SMILES 'the' for input: 'the'
[13:36:36] SMILES Parse Error: syntax error while parsing: Sure
[13:36:36] SMILES Parse Error: Failed parsing SMILES 'Sure' for input: 'Sure'

Progress: 705/2000[13:36:39] SMILES Parse Error: syntax error while parsing: the
[13:36:39] SMILES Parse Error: Failed parsing SMILES 'the' for input: 'the'
[13:36:39] SMILES Parse Error: syntax error while parsing: Sure
[13:36:39] SMILES Parse Error: Failed parsing SMILES 'Sure' for input: 'Sure'

Progress: 706/2000[13:36:40] SMILES Parse Error: syntax error while parsing: the
[13:36:40] SMILES Parse Error: Failed parsing SMILES 'the' for input: 'the'
[13:36:40] SMILES Parse Error: syntax error while parsing: Sure
[13:36:40] SMILES Parse Error: Failed parsing SMILES 'Sure' for input: 'Sure'

Progress: 707/2000[13:36:41] SMILES Parse Error: syntax error while parsing: the
[13:36:41] SMILES Parse Error: Failed parsing SMILES 'the' for input: 'the'
[13:36:41] SMILES Parse Error: syntax error while parsing: Sure
[13:36:41] SMILES Parse Error: Failed parsing SMILES 'Sure' for input: 'Sure'

Progress: 708/2000[13:36:43] SMILES Parse Error: syntax error while parsing: the
[13:36:43] SMILES Parse Error: Failed parsing SMILES 'the' for input: 'the'
[13:36:43] SMILES Parse Error: syntax error while parsing: Sure
[13:36:43] SMILES Parse Error: Failed parsing SMILES 'Sure' for input: 'Sure'

Progress: 709/2000[13:36:44] SMILES Parse Error: syntax error while parsing: SMILES
[13:36:44] SMILES Parse Error: Failed parsing SMILES 'SMILES' for input: 'SMILES'
[13:36:44] SMILES Parse Error: syntax error while parsing: SMILES
[13:36:44] SMILES Parse Error: Failed parsing SMILES 'SMILES' for input: 'SMILES'

Progress: 710/2000[13:36:46] SMILES Parse Error: syntax error while parsing: the
[13:36:46] SMILES Parse Error: Failed parsing SMILES 'the' for input: 'the'
[13:36:46] SMILES Parse Error: syntax error while parsing: Sure
[13:36:46] SMILES Parse Error: Failed parsing SMILES 'Sure' for input: 'Sure'

Progress: 711/2000[13:36:47] SMILES Parse Error: syntax error while parsing: the
[13:36:47] SMILES Parse Error: Failed parsing SMILES 'the' for input: 'the'
[13:36:47] SMILES Parse Error: syntax error while parsing: Sure
[13:36:47] SMILES Parse Error: Failed parsing SMILES 'Sure' for input: 'Sure'

Progress: 712/2000[13:36:48] SMILES Parse Error: syntax error while parsing: the
[13:36:48] SMILES Parse Error: Failed parsing SMILES 'the' for input: 'the'
[13:36:48] SMILES Parse Error: syntax error while parsing: Sure
[13:36:48] SMILES Parse Error: Failed parsing SMILES 'Sure' for input: 'Sure'

Progress: 713/2000[13:36:49] SMILES Parse Error: syntax error while parsing: the
[13:36:49] SMILES Parse Error: Failed parsing SMILES 'the' for input: 'the'
[13:36:49] SMILES Parse Error: syntax error while parsing: Sure
[13:36:49] SMILES Parse Error: Failed parsing SMILES 'Sure' for input: 'Sure'

Progress: 714/2000[13:36:51] SMILES Parse Error: syntax error while parsing: the
[13:36:51] SMILES Parse Error: Failed parsing SMILES 'the' for input: 'the'
[13:36:51] SMILES Parse Error: syntax error while parsing: Sure
[13:36:51] SMILES Parse Error: Failed parsing SMILES 'Sure' for input: 'Sure'

Progress: 715/2000[13:36:52] SMILES Parse Error: syntax error while parsing: the
[13:36:52] SMILES Parse Error: Failed parsing SMILES 'the' for input: 'the'
[13:36:52] SMILES Parse Error: syntax error while parsing: Sure
[13:36:52] SMILES Parse Error: Failed parsing SMILES 'Sure' for input: 'Sure'

Progress: 716/2000
Progress: 717/2000[13:36:58] SMILES Parse Error: syntax error while parsing: SMILES
[13:36:58] SMILES Parse Error: Failed parsing SMILES 'SMILES' for input: 'SMILES'

Progress: 718/2000[13:36:59] SMILES Parse Error: syntax error while parsing: the
[13:36:59] SMILES Parse Error: Failed parsing SMILES 'the' for input: 'the'
[13:36:59] SMILES Parse Error: syntax error while parsing: Sure
[13:36:59] SMILES Parse Error: Failed parsing SMILES 'Sure' for input: 'Sure'

Progress: 719/2000[13:37:01] SMILES Parse Error: syntax error while parsing: the
[13:37:01] SMILES Parse Error: Failed parsing SMILES 'the' for input: 'the'
[13:37:01] SMILES Parse Error: syntax error while parsing: Sure
[13:37:01] SMILES Parse Error: Failed parsing SMILES 'Sure' for input: 'Sure'

Progress: 720/2000[13:37:03] SMILES Parse Error: syntax error while parsing: the
[13:37:03] SMILES Parse Error: Failed parsing SMILES 'the' for input: 'the'
[13:37:03] SMILES Parse Error: syntax error while parsing: Sure
[13:37:03] SMILES Parse Error: Failed parsing SMILES 'Sure' for input: 'Sure'

Progress: 721/2000[13:37:07] SMILES Parse Error: syntax error while parsing: is
[13:37:07] SMILES Parse Error: Failed parsing SMILES 'is' for input: 'is'
[13:37:07] SMILES Parse Error: syntax error while parsing: SMILES
[13:37:07] SMILES Parse Error: Failed parsing SMILES 'SMILES' for input: 'SMILES'

Progress: 722/2000[13:37:09] SMILES Parse Error: syntax error while parsing: a
[13:37:09] SMILES Parse Error: Failed parsing SMILES 'a' for input: 'a'
[13:37:09] SMILES Parse Error: syntax error while parsing: SMILES
[13:37:09] SMILES Parse Error: Failed parsing SMILES 'SMILES' for input: 'SMILES'

Progress: 723/2000[13:37:10] SMILES Parse Error: syntax error while parsing: the
[13:37:10] SMILES Parse Error: Failed parsing SMILES 'the' for input: 'the'
[13:37:10] SMILES Parse Error: syntax error while parsing: Sure
[13:37:10] SMILES Parse Error: Failed parsing SMILES 'Sure' for input: 'Sure'

Progress: 724/2000[13:37:12] SMILES Parse Error: syntax error while parsing: the
[13:37:12] SMILES Parse Error: Failed parsing SMILES 'the' for input: 'the'
[13:37:12] SMILES Parse Error: syntax error while parsing: Sure
[13:37:12] SMILES Parse Error: Failed parsing SMILES 'Sure' for input: 'Sure'

Progress: 725/2000[13:37:14] SMILES Parse Error: syntax error while parsing: the
[13:37:14] SMILES Parse Error: Failed parsing SMILES 'the' for input: 'the'
[13:37:14] SMILES Parse Error: syntax error while parsing: Sure
[13:37:14] SMILES Parse Error: Failed parsing SMILES 'Sure' for input: 'Sure'

Progress: 726/2000[13:37:15] SMILES Parse Error: syntax error while parsing: SMILES
[13:37:15] SMILES Parse Error: Failed parsing SMILES 'SMILES' for input: 'SMILES'
[13:37:15] SMILES Parse Error: syntax error while parsing: SMILES
[13:37:15] SMILES Parse Error: Failed parsing SMILES 'SMILES' for input: 'SMILES'

Progress: 727/2000[13:37:17] SMILES Parse Error: syntax error while parsing: the
[13:37:17] SMILES Parse Error: Failed parsing SMILES 'the' for input: 'the'
[13:37:17] SMILES Parse Error: syntax error while parsing: Sure
[13:37:17] SMILES Parse Error: Failed parsing SMILES 'Sure' for input: 'Sure'

Progress: 728/2000[13:37:19] SMILES Parse Error: syntax error while parsing: the
[13:37:19] SMILES Parse Error: Failed parsing SMILES 'the' for input: 'the'
[13:37:19] SMILES Parse Error: syntax error while parsing: Sure
[13:37:19] SMILES Parse Error: Failed parsing SMILES 'Sure' for input: 'Sure'

Progress: 729/2000[13:37:21] SMILES Parse Error: syntax error while parsing: the
[13:37:21] SMILES Parse Error: Failed parsing SMILES 'the' for input: 'the'
[13:37:21] SMILES Parse Error: syntax error while parsing: Sure
[13:37:21] SMILES Parse Error: Failed parsing SMILES 'Sure' for input: 'Sure'

Progress: 730/2000[13:37:24] SMILES Parse Error: syntax error while parsing: the
[13:37:24] SMILES Parse Error: Failed parsing SMILES 'the' for input: 'the'
[13:37:24] SMILES Parse Error: syntax error while parsing: Sure
[13:37:24] SMILES Parse Error: Failed parsing SMILES 'Sure' for input: 'Sure'

Progress: 731/2000[13:37:25] SMILES Parse Error: syntax error while parsing: the
[13:37:25] SMILES Parse Error: Failed parsing SMILES 'the' for input: 'the'
[13:37:26] SMILES Parse Error: syntax error while parsing: Sure
[13:37:26] SMILES Parse Error: Failed parsing SMILES 'Sure' for input: 'Sure'

Progress: 732/2000[13:37:27] SMILES Parse Error: syntax error while parsing: the
[13:37:27] SMILES Parse Error: Failed parsing SMILES 'the' for input: 'the'
[13:37:27] SMILES Parse Error: syntax error while parsing: Sure
[13:37:27] SMILES Parse Error: Failed parsing SMILES 'Sure' for input: 'Sure'

Progress: 733/2000[13:37:29] SMILES Parse Error: syntax error while parsing: the
[13:37:29] SMILES Parse Error: Failed parsing SMILES 'the' for input: 'the'
[13:37:29] SMILES Parse Error: syntax error while parsing: Sure
[13:37:29] SMILES Parse Error: Failed parsing SMILES 'Sure' for input: 'Sure'

Progress: 734/2000[13:37:31] SMILES Parse Error: syntax error while parsing: the
[13:37:31] SMILES Parse Error: Failed parsing SMILES 'the' for input: 'the'
[13:37:31] SMILES Parse Error: syntax error while parsing: Sure
[13:37:31] SMILES Parse Error: Failed parsing SMILES 'Sure' for input: 'Sure'

Progress: 735/2000[13:37:32] SMILES Parse Error: syntax error while parsing: is
[13:37:32] SMILES Parse Error: Failed parsing SMILES 'is' for input: 'is'
[13:37:32] SMILES Parse Error: syntax error while parsing: Sure
[13:37:32] SMILES Parse Error: Failed parsing SMILES 'Sure' for input: 'Sure'

Progress: 736/2000[13:37:34] SMILES Parse Error: syntax error while parsing: the
[13:37:34] SMILES Parse Error: Failed parsing SMILES 'the' for input: 'the'
[13:37:34] SMILES Parse Error: syntax error while parsing: Sure
[13:37:34] SMILES Parse Error: Failed parsing SMILES 'Sure' for input: 'Sure'

Progress: 737/2000[13:37:36] SMILES Parse Error: syntax error while parsing: the
[13:37:36] SMILES Parse Error: Failed parsing SMILES 'the' for input: 'the'
[13:37:36] SMILES Parse Error: syntax error while parsing: Sure
[13:37:36] SMILES Parse Error: Failed parsing SMILES 'Sure' for input: 'Sure'

Progress: 738/2000[13:37:38] SMILES Parse Error: syntax error while parsing: the
[13:37:38] SMILES Parse Error: Failed parsing SMILES 'the' for input: 'the'
[13:37:38] SMILES Parse Error: syntax error while parsing: Sure
[13:37:38] SMILES Parse Error: Failed parsing SMILES 'Sure' for input: 'Sure'

Progress: 739/2000
Progress: 740/2000[13:37:44] SMILES Parse Error: syntax error while parsing: the
[13:37:44] SMILES Parse Error: Failed parsing SMILES 'the' for input: 'the'
[13:37:44] SMILES Parse Error: syntax error while parsing: Sure
[13:37:44] SMILES Parse Error: Failed parsing SMILES 'Sure' for input: 'Sure'

Progress: 741/2000[13:37:45] SMILES Parse Error: syntax error while parsing: the
[13:37:45] SMILES Parse Error: Failed parsing SMILES 'the' for input: 'the'
[13:37:45] SMILES Parse Error: syntax error while parsing: Sure
[13:37:45] SMILES Parse Error: Failed parsing SMILES 'Sure' for input: 'Sure'

Progress: 742/2000[13:37:46] SMILES Parse Error: syntax error while parsing: the
[13:37:46] SMILES Parse Error: Failed parsing SMILES 'the' for input: 'the'
[13:37:46] SMILES Parse Error: syntax error while parsing: Sure
[13:37:46] SMILES Parse Error: Failed parsing SMILES 'Sure' for input: 'Sure'

Progress: 743/2000[13:37:48] SMILES Parse Error: syntax error while parsing: the
[13:37:48] SMILES Parse Error: Failed parsing SMILES 'the' for input: 'the'
[13:37:48] SMILES Parse Error: syntax error while parsing: Sure
[13:37:48] SMILES Parse Error: Failed parsing SMILES 'Sure' for input: 'Sure'

Progress: 744/2000[13:37:50] SMILES Parse Error: syntax error while parsing: the
[13:37:50] SMILES Parse Error: Failed parsing SMILES 'the' for input: 'the'
[13:37:50] SMILES Parse Error: syntax error while parsing: Sure
[13:37:50] SMILES Parse Error: Failed parsing SMILES 'Sure' for input: 'Sure'

Progress: 745/2000[13:37:52] SMILES Parse Error: syntax error while parsing: the
[13:37:52] SMILES Parse Error: Failed parsing SMILES 'the' for input: 'the'
[13:37:52] SMILES Parse Error: syntax error while parsing: Sure
[13:37:52] SMILES Parse Error: Failed parsing SMILES 'Sure' for input: 'Sure'

Progress: 746/2000[13:37:54] SMILES Parse Error: syntax error while parsing: the
[13:37:54] SMILES Parse Error: Failed parsing SMILES 'the' for input: 'the'
[13:37:54] SMILES Parse Error: syntax error while parsing: Sure
[13:37:54] SMILES Parse Error: Failed parsing SMILES 'Sure' for input: 'Sure'

Progress: 747/2000[13:37:56] SMILES Parse Error: syntax error while parsing: SMILES
[13:37:56] SMILES Parse Error: Failed parsing SMILES 'SMILES' for input: 'SMILES'

Progress: 748/2000[13:37:58] SMILES Parse Error: syntax error while parsing: the
[13:37:58] SMILES Parse Error: Failed parsing SMILES 'the' for input: 'the'
[13:37:58] SMILES Parse Error: syntax error while parsing: Sure
[13:37:58] SMILES Parse Error: Failed parsing SMILES 'Sure' for input: 'Sure'

Progress: 749/2000[13:37:59] SMILES Parse Error: syntax error while parsing: the
[13:37:59] SMILES Parse Error: Failed parsing SMILES 'the' for input: 'the'
[13:37:59] SMILES Parse Error: syntax error while parsing: Sure
[13:37:59] SMILES Parse Error: Failed parsing SMILES 'Sure' for input: 'Sure'

Progress: 750/2000[13:38:00] SMILES Parse Error: syntax error while parsing: the
[13:38:00] SMILES Parse Error: Failed parsing SMILES 'the' for input: 'the'
[13:38:00] SMILES Parse Error: syntax error while parsing: Sure
[13:38:00] SMILES Parse Error: Failed parsing SMILES 'Sure' for input: 'Sure'

Progress: 751/2000[13:38:02] SMILES Parse Error: syntax error while parsing: the
[13:38:02] SMILES Parse Error: Failed parsing SMILES 'the' for input: 'the'
[13:38:02] SMILES Parse Error: syntax error while parsing: Sure
[13:38:02] SMILES Parse Error: Failed parsing SMILES 'Sure' for input: 'Sure'

Progress: 752/2000[13:38:04] SMILES Parse Error: syntax error while parsing: the
[13:38:04] SMILES Parse Error: Failed parsing SMILES 'the' for input: 'the'
[13:38:04] SMILES Parse Error: syntax error while parsing: Sure
[13:38:04] SMILES Parse Error: Failed parsing SMILES 'Sure' for input: 'Sure'

Progress: 753/2000[13:38:06] SMILES Parse Error: syntax error while parsing: the
[13:38:06] SMILES Parse Error: Failed parsing SMILES 'the' for input: 'the'
[13:38:06] SMILES Parse Error: syntax error while parsing: Sure
[13:38:06] SMILES Parse Error: Failed parsing SMILES 'Sure' for input: 'Sure'

Progress: 754/2000[13:38:07] SMILES Parse Error: syntax error while parsing: the
[13:38:07] SMILES Parse Error: Failed parsing SMILES 'the' for input: 'the'
[13:38:07] SMILES Parse Error: syntax error while parsing: Sure
[13:38:07] SMILES Parse Error: Failed parsing SMILES 'Sure' for input: 'Sure'

Progress: 755/2000[13:38:09] SMILES Parse Error: syntax error while parsing: the
[13:38:09] SMILES Parse Error: Failed parsing SMILES 'the' for input: 'the'
[13:38:09] SMILES Parse Error: syntax error while parsing: Sure
[13:38:09] SMILES Parse Error: Failed parsing SMILES 'Sure' for input: 'Sure'

Progress: 756/2000[13:38:11] SMILES Parse Error: syntax error while parsing: the
[13:38:11] SMILES Parse Error: Failed parsing SMILES 'the' for input: 'the'
[13:38:11] SMILES Parse Error: syntax error while parsing: Sure
[13:38:11] SMILES Parse Error: Failed parsing SMILES 'Sure' for input: 'Sure'

Progress: 757/2000[13:38:12] SMILES Parse Error: syntax error while parsing: the
[13:38:12] SMILES Parse Error: Failed parsing SMILES 'the' for input: 'the'
[13:38:12] SMILES Parse Error: syntax error while parsing: Sure
[13:38:12] SMILES Parse Error: Failed parsing SMILES 'Sure' for input: 'Sure'

Progress: 758/2000[13:38:14] SMILES Parse Error: syntax error while parsing: the
[13:38:14] SMILES Parse Error: Failed parsing SMILES 'the' for input: 'the'
[13:38:14] SMILES Parse Error: syntax error while parsing: Sure
[13:38:14] SMILES Parse Error: Failed parsing SMILES 'Sure' for input: 'Sure'

Progress: 759/2000[13:38:16] SMILES Parse Error: syntax error while parsing: the
[13:38:16] SMILES Parse Error: Failed parsing SMILES 'the' for input: 'the'
[13:38:16] SMILES Parse Error: syntax error while parsing: Sure
[13:38:16] SMILES Parse Error: Failed parsing SMILES 'Sure' for input: 'Sure'

Progress: 760/2000
Progress: 761/2000[13:38:19] SMILES Parse Error: syntax error while parsing: the
[13:38:19] SMILES Parse Error: Failed parsing SMILES 'the' for input: 'the'
[13:38:19] SMILES Parse Error: syntax error while parsing: Sure
[13:38:19] SMILES Parse Error: Failed parsing SMILES 'Sure' for input: 'Sure'

Progress: 762/2000[13:38:20] SMILES Parse Error: syntax error while parsing: the
[13:38:20] SMILES Parse Error: Failed parsing SMILES 'the' for input: 'the'
[13:38:20] SMILES Parse Error: syntax error while parsing: Sure
[13:38:20] SMILES Parse Error: Failed parsing SMILES 'Sure' for input: 'Sure'

Progress: 763/2000[13:38:22] SMILES Parse Error: syntax error while parsing: the
[13:38:22] SMILES Parse Error: Failed parsing SMILES 'the' for input: 'the'
[13:38:22] SMILES Parse Error: syntax error while parsing: Sure
[13:38:22] SMILES Parse Error: Failed parsing SMILES 'Sure' for input: 'Sure'

Progress: 764/2000[13:38:25] SMILES Parse Error: syntax error while parsing: the
[13:38:25] SMILES Parse Error: Failed parsing SMILES 'the' for input: 'the'
[13:38:25] SMILES Parse Error: syntax error while parsing: Sure
[13:38:25] SMILES Parse Error: Failed parsing SMILES 'Sure' for input: 'Sure'

Progress: 765/2000[13:38:26] SMILES Parse Error: syntax error while parsing: the
[13:38:26] SMILES Parse Error: Failed parsing SMILES 'the' for input: 'the'
[13:38:26] SMILES Parse Error: syntax error while parsing: Sure
[13:38:26] SMILES Parse Error: Failed parsing SMILES 'Sure' for input: 'Sure'

Progress: 766/2000[13:38:28] SMILES Parse Error: syntax error while parsing: the
[13:38:28] SMILES Parse Error: Failed parsing SMILES 'the' for input: 'the'
[13:38:28] SMILES Parse Error: syntax error while parsing: Sure
[13:38:28] SMILES Parse Error: Failed parsing SMILES 'Sure' for input: 'Sure'

Progress: 767/2000[13:38:29] SMILES Parse Error: syntax error while parsing: the
[13:38:29] SMILES Parse Error: Failed parsing SMILES 'the' for input: 'the'
[13:38:29] SMILES Parse Error: syntax error while parsing: Sure
[13:38:29] SMILES Parse Error: Failed parsing SMILES 'Sure' for input: 'Sure'

Progress: 768/2000[13:38:31] SMILES Parse Error: syntax error while parsing: the
[13:38:31] SMILES Parse Error: Failed parsing SMILES 'the' for input: 'the'
[13:38:31] SMILES Parse Error: syntax error while parsing: Sure
[13:38:31] SMILES Parse Error: Failed parsing SMILES 'Sure' for input: 'Sure'

Progress: 769/2000[13:38:32] SMILES Parse Error: syntax error while parsing: the
[13:38:32] SMILES Parse Error: Failed parsing SMILES 'the' for input: 'the'
[13:38:32] SMILES Parse Error: syntax error while parsing: Sure
[13:38:32] SMILES Parse Error: Failed parsing SMILES 'Sure' for input: 'Sure'

Progress: 770/2000[13:38:33] SMILES Parse Error: syntax error while parsing: the
[13:38:33] SMILES Parse Error: Failed parsing SMILES 'the' for input: 'the'
[13:38:33] SMILES Parse Error: syntax error while parsing: Sure
[13:38:33] SMILES Parse Error: Failed parsing SMILES 'Sure' for input: 'Sure'

Progress: 771/2000[13:38:35] SMILES Parse Error: syntax error while parsing: the
[13:38:35] SMILES Parse Error: Failed parsing SMILES 'the' for input: 'the'
[13:38:35] SMILES Parse Error: syntax error while parsing: Sure
[13:38:35] SMILES Parse Error: Failed parsing SMILES 'Sure' for input: 'Sure'

Progress: 772/2000[13:38:37] SMILES Parse Error: syntax error while parsing: the
[13:38:37] SMILES Parse Error: Failed parsing SMILES 'the' for input: 'the'
[13:38:37] SMILES Parse Error: syntax error while parsing: Sure
[13:38:37] SMILES Parse Error: Failed parsing SMILES 'Sure' for input: 'Sure'

Progress: 773/2000[13:38:39] SMILES Parse Error: syntax error while parsing: is
[13:38:39] SMILES Parse Error: Failed parsing SMILES 'is' for input: 'is'
[13:38:39] SMILES Parse Error: syntax error while parsing: SMILES
[13:38:39] SMILES Parse Error: Failed parsing SMILES 'SMILES' for input: 'SMILES'

Progress: 774/2000[13:38:42] SMILES Parse Error: syntax error while parsing: the
[13:38:42] SMILES Parse Error: Failed parsing SMILES 'the' for input: 'the'
[13:38:42] SMILES Parse Error: syntax error while parsing: Sure
[13:38:42] SMILES Parse Error: Failed parsing SMILES 'Sure' for input: 'Sure'

Progress: 775/2000[13:38:43] SMILES Parse Error: syntax error while parsing: the
[13:38:43] SMILES Parse Error: Failed parsing SMILES 'the' for input: 'the'
[13:38:43] SMILES Parse Error: syntax error while parsing: Sure
[13:38:43] SMILES Parse Error: Failed parsing SMILES 'Sure' for input: 'Sure'

Progress: 776/2000[13:38:45] SMILES Parse Error: syntax error while parsing: the
[13:38:45] SMILES Parse Error: Failed parsing SMILES 'the' for input: 'the'
[13:38:45] SMILES Parse Error: syntax error while parsing: Sure
[13:38:45] SMILES Parse Error: Failed parsing SMILES 'Sure' for input: 'Sure'

Progress: 777/2000[13:38:47] SMILES Parse Error: syntax error while parsing: SMILES
[13:38:47] SMILES Parse Error: Failed parsing SMILES 'SMILES' for input: 'SMILES'

Progress: 778/2000[13:38:48] SMILES Parse Error: syntax error while parsing: the
[13:38:48] SMILES Parse Error: Failed parsing SMILES 'the' for input: 'the'
[13:38:48] SMILES Parse Error: syntax error while parsing: Sure
[13:38:48] SMILES Parse Error: Failed parsing SMILES 'Sure' for input: 'Sure'

Progress: 779/2000[13:38:50] SMILES Parse Error: syntax error while parsing: the
[13:38:50] SMILES Parse Error: Failed parsing SMILES 'the' for input: 'the'
[13:38:50] SMILES Parse Error: syntax error while parsing: Sure
[13:38:50] SMILES Parse Error: Failed parsing SMILES 'Sure' for input: 'Sure'

Progress: 780/2000[13:38:51] SMILES Parse Error: syntax error while parsing: the
[13:38:51] SMILES Parse Error: Failed parsing SMILES 'the' for input: 'the'
[13:38:51] SMILES Parse Error: syntax error while parsing: Sure
[13:38:51] SMILES Parse Error: Failed parsing SMILES 'Sure' for input: 'Sure'

Progress: 781/2000[13:38:53] SMILES Parse Error: syntax error while parsing: the
[13:38:53] SMILES Parse Error: Failed parsing SMILES 'the' for input: 'the'
[13:38:53] SMILES Parse Error: syntax error while parsing: Sure
[13:38:53] SMILES Parse Error: Failed parsing SMILES 'Sure' for input: 'Sure'

Progress: 782/2000[13:38:55] SMILES Parse Error: syntax error while parsing: the
[13:38:55] SMILES Parse Error: Failed parsing SMILES 'the' for input: 'the'
[13:38:55] SMILES Parse Error: syntax error while parsing: Sure
[13:38:55] SMILES Parse Error: Failed parsing SMILES 'Sure' for input: 'Sure'

Progress: 783/2000[13:38:56] SMILES Parse Error: syntax error while parsing: the
[13:38:56] SMILES Parse Error: Failed parsing SMILES 'the' for input: 'the'
[13:38:56] SMILES Parse Error: syntax error while parsing: Sure
[13:38:56] SMILES Parse Error: Failed parsing SMILES 'Sure' for input: 'Sure'

Progress: 784/2000[13:38:57] SMILES Parse Error: syntax error while parsing: the
[13:38:57] SMILES Parse Error: Failed parsing SMILES 'the' for input: 'the'
[13:38:57] SMILES Parse Error: syntax error while parsing: Sure
[13:38:57] SMILES Parse Error: Failed parsing SMILES 'Sure' for input: 'Sure'

Progress: 785/2000[13:38:59] SMILES Parse Error: syntax error while parsing: the
[13:38:59] SMILES Parse Error: Failed parsing SMILES 'the' for input: 'the'
[13:38:59] SMILES Parse Error: syntax error while parsing: Sure
[13:38:59] SMILES Parse Error: Failed parsing SMILES 'Sure' for input: 'Sure'

Progress: 786/2000[13:39:00] SMILES Parse Error: syntax error while parsing: the
[13:39:00] SMILES Parse Error: Failed parsing SMILES 'the' for input: 'the'
[13:39:00] SMILES Parse Error: syntax error while parsing: Sure
[13:39:00] SMILES Parse Error: Failed parsing SMILES 'Sure' for input: 'Sure'

Progress: 787/2000[13:39:02] SMILES Parse Error: syntax error while parsing: the
[13:39:02] SMILES Parse Error: Failed parsing SMILES 'the' for input: 'the'
[13:39:02] SMILES Parse Error: syntax error while parsing: Sure
[13:39:02] SMILES Parse Error: Failed parsing SMILES 'Sure' for input: 'Sure'

Progress: 788/2000[13:39:03] SMILES Parse Error: syntax error while parsing: SMILES
[13:39:03] SMILES Parse Error: Failed parsing SMILES 'SMILES' for input: 'SMILES'

Progress: 789/2000[13:39:05] SMILES Parse Error: syntax error while parsing: the
[13:39:05] SMILES Parse Error: Failed parsing SMILES 'the' for input: 'the'
[13:39:05] SMILES Parse Error: syntax error while parsing: Sure
[13:39:05] SMILES Parse Error: Failed parsing SMILES 'Sure' for input: 'Sure'

Progress: 790/2000
Progress: 791/2000[13:39:09] SMILES Parse Error: syntax error while parsing: the
[13:39:09] SMILES Parse Error: Failed parsing SMILES 'the' for input: 'the'
[13:39:09] SMILES Parse Error: syntax error while parsing: Sure
[13:39:09] SMILES Parse Error: Failed parsing SMILES 'Sure' for input: 'Sure'

Progress: 792/2000[13:39:10] SMILES Parse Error: syntax error while parsing: the
[13:39:10] SMILES Parse Error: Failed parsing SMILES 'the' for input: 'the'
[13:39:10] SMILES Parse Error: syntax error while parsing: Sure
[13:39:10] SMILES Parse Error: Failed parsing SMILES 'Sure' for input: 'Sure'

Progress: 793/2000[13:39:12] SMILES Parse Error: syntax error while parsing: the
[13:39:12] SMILES Parse Error: Failed parsing SMILES 'the' for input: 'the'
[13:39:12] SMILES Parse Error: syntax error while parsing: Sure
[13:39:12] SMILES Parse Error: Failed parsing SMILES 'Sure' for input: 'Sure'

Progress: 794/2000[13:39:14] SMILES Parse Error: syntax error while parsing: the
[13:39:14] SMILES Parse Error: Failed parsing SMILES 'the' for input: 'the'
[13:39:14] SMILES Parse Error: syntax error while parsing: Sure
[13:39:14] SMILES Parse Error: Failed parsing SMILES 'Sure' for input: 'Sure'

Progress: 795/2000[13:39:15] SMILES Parse Error: syntax error while parsing: the
[13:39:15] SMILES Parse Error: Failed parsing SMILES 'the' for input: 'the'
[13:39:15] SMILES Parse Error: syntax error while parsing: Sure
[13:39:15] SMILES Parse Error: Failed parsing SMILES 'Sure' for input: 'Sure'

Progress: 796/2000[13:39:16] SMILES Parse Error: syntax error while parsing: the
[13:39:16] SMILES Parse Error: Failed parsing SMILES 'the' for input: 'the'
[13:39:16] SMILES Parse Error: syntax error while parsing: Sure
[13:39:16] SMILES Parse Error: Failed parsing SMILES 'Sure' for input: 'Sure'

Progress: 797/2000[13:39:18] SMILES Parse Error: syntax error while parsing: the
[13:39:18] SMILES Parse Error: Failed parsing SMILES 'the' for input: 'the'
[13:39:18] SMILES Parse Error: syntax error while parsing: Sure
[13:39:18] SMILES Parse Error: Failed parsing SMILES 'Sure' for input: 'Sure'

Progress: 798/2000[13:39:19] SMILES Parse Error: syntax error while parsing: the
[13:39:19] SMILES Parse Error: Failed parsing SMILES 'the' for input: 'the'
[13:39:19] SMILES Parse Error: syntax error while parsing: Sure
[13:39:19] SMILES Parse Error: Failed parsing SMILES 'Sure' for input: 'Sure'

Progress: 799/2000[13:39:20] SMILES Parse Error: syntax error while parsing: the
[13:39:20] SMILES Parse Error: Failed parsing SMILES 'the' for input: 'the'
[13:39:20] SMILES Parse Error: syntax error while parsing: Sure
[13:39:20] SMILES Parse Error: Failed parsing SMILES 'Sure' for input: 'Sure'

Progress: 800/2000[13:39:23] SMILES Parse Error: syntax error while parsing: Sure
[13:39:23] SMILES Parse Error: Failed parsing SMILES 'Sure' for input: 'Sure'

Progress: 801/2000[13:39:24] SMILES Parse Error: syntax error while parsing: Sure
[13:39:24] SMILES Parse Error: Failed parsing SMILES 'Sure' for input: 'Sure'

Progress: 802/2000[13:39:26] SMILES Parse Error: syntax error while parsing: the
[13:39:26] SMILES Parse Error: Failed parsing SMILES 'the' for input: 'the'
[13:39:26] SMILES Parse Error: syntax error while parsing: Sure
[13:39:26] SMILES Parse Error: Failed parsing SMILES 'Sure' for input: 'Sure'

Progress: 803/2000[13:39:28] SMILES Parse Error: syntax error while parsing: the
[13:39:28] SMILES Parse Error: Failed parsing SMILES 'the' for input: 'the'
[13:39:28] SMILES Parse Error: syntax error while parsing: Sure
[13:39:28] SMILES Parse Error: Failed parsing SMILES 'Sure' for input: 'Sure'

Progress: 804/2000[13:39:30] SMILES Parse Error: syntax error while parsing: the
[13:39:30] SMILES Parse Error: Failed parsing SMILES 'the' for input: 'the'
[13:39:30] SMILES Parse Error: syntax error while parsing: Sure
[13:39:30] SMILES Parse Error: Failed parsing SMILES 'Sure' for input: 'Sure'

Progress: 805/2000[13:39:32] SMILES Parse Error: syntax error while parsing: Sure
[13:39:32] SMILES Parse Error: Failed parsing SMILES 'Sure' for input: 'Sure'

Progress: 806/2000[13:39:35] SMILES Parse Error: syntax error while parsing: SMILES
[13:39:35] SMILES Parse Error: Failed parsing SMILES 'SMILES' for input: 'SMILES'

Progress: 807/2000[13:39:36] SMILES Parse Error: syntax error while parsing: the
[13:39:36] SMILES Parse Error: Failed parsing SMILES 'the' for input: 'the'
[13:39:36] SMILES Parse Error: syntax error while parsing: Sure
[13:39:36] SMILES Parse Error: Failed parsing SMILES 'Sure' for input: 'Sure'

Progress: 808/2000[13:39:37] SMILES Parse Error: syntax error while parsing: the
[13:39:37] SMILES Parse Error: Failed parsing SMILES 'the' for input: 'the'
[13:39:37] SMILES Parse Error: syntax error while parsing: Sure
[13:39:37] SMILES Parse Error: Failed parsing SMILES 'Sure' for input: 'Sure'

Progress: 809/2000[13:39:39] SMILES Parse Error: syntax error while parsing: SMILES
[13:39:39] SMILES Parse Error: Failed parsing SMILES 'SMILES' for input: 'SMILES'

Progress: 810/2000[13:39:40] SMILES Parse Error: syntax error while parsing: the
[13:39:40] SMILES Parse Error: Failed parsing SMILES 'the' for input: 'the'
[13:39:40] SMILES Parse Error: syntax error while parsing: Sure
[13:39:40] SMILES Parse Error: Failed parsing SMILES 'Sure' for input: 'Sure'

Progress: 811/2000[13:39:41] SMILES Parse Error: syntax error while parsing: the
[13:39:41] SMILES Parse Error: Failed parsing SMILES 'the' for input: 'the'
[13:39:41] SMILES Parse Error: syntax error while parsing: Sure
[13:39:41] SMILES Parse Error: Failed parsing SMILES 'Sure' for input: 'Sure'

Progress: 812/2000[13:39:43] SMILES Parse Error: syntax error while parsing: the
[13:39:43] SMILES Parse Error: Failed parsing SMILES 'the' for input: 'the'
[13:39:43] SMILES Parse Error: syntax error while parsing: Sure
[13:39:43] SMILES Parse Error: Failed parsing SMILES 'Sure' for input: 'Sure'

Progress: 813/2000[13:39:44] SMILES Parse Error: syntax error while parsing: the
[13:39:44] SMILES Parse Error: Failed parsing SMILES 'the' for input: 'the'
[13:39:44] SMILES Parse Error: syntax error while parsing: Sure
[13:39:44] SMILES Parse Error: Failed parsing SMILES 'Sure' for input: 'Sure'

Progress: 814/2000[13:39:45] SMILES Parse Error: syntax error while parsing: the
[13:39:45] SMILES Parse Error: Failed parsing SMILES 'the' for input: 'the'
[13:39:45] SMILES Parse Error: syntax error while parsing: Sure
[13:39:45] SMILES Parse Error: Failed parsing SMILES 'Sure' for input: 'Sure'

Progress: 815/2000[13:39:47] SMILES Parse Error: syntax error while parsing: the
[13:39:47] SMILES Parse Error: Failed parsing SMILES 'the' for input: 'the'
[13:39:47] SMILES Parse Error: syntax error while parsing: Sure
[13:39:47] SMILES Parse Error: Failed parsing SMILES 'Sure' for input: 'Sure'

Progress: 816/2000[13:39:48] SMILES Parse Error: syntax error while parsing: the
[13:39:48] SMILES Parse Error: Failed parsing SMILES 'the' for input: 'the'
[13:39:48] SMILES Parse Error: syntax error while parsing: Sure
[13:39:48] SMILES Parse Error: Failed parsing SMILES 'Sure' for input: 'Sure'

Progress: 817/2000[13:39:50] SMILES Parse Error: syntax error while parsing: is
[13:39:50] SMILES Parse Error: Failed parsing SMILES 'is' for input: 'is'
[13:39:50] SMILES Parse Error: syntax error while parsing: SMILES
[13:39:50] SMILES Parse Error: Failed parsing SMILES 'SMILES' for input: 'SMILES'

Progress: 818/2000[13:39:52] SMILES Parse Error: syntax error while parsing: the
[13:39:52] SMILES Parse Error: Failed parsing SMILES 'the' for input: 'the'
[13:39:52] SMILES Parse Error: syntax error while parsing: Sure
[13:39:52] SMILES Parse Error: Failed parsing SMILES 'Sure' for input: 'Sure'

Progress: 819/2000[13:39:55] SMILES Parse Error: syntax error while parsing: the
[13:39:55] SMILES Parse Error: Failed parsing SMILES 'the' for input: 'the'
[13:39:55] SMILES Parse Error: syntax error while parsing: Sure
[13:39:55] SMILES Parse Error: Failed parsing SMILES 'Sure' for input: 'Sure'

Progress: 820/2000[13:39:56] SMILES Parse Error: syntax error while parsing: the
[13:39:56] SMILES Parse Error: Failed parsing SMILES 'the' for input: 'the'
[13:39:56] SMILES Parse Error: syntax error while parsing: Sure
[13:39:56] SMILES Parse Error: Failed parsing SMILES 'Sure' for input: 'Sure'

Progress: 821/2000[13:39:58] SMILES Parse Error: syntax error while parsing: the
[13:39:58] SMILES Parse Error: Failed parsing SMILES 'the' for input: 'the'
[13:39:58] SMILES Parse Error: syntax error while parsing: Sure
[13:39:58] SMILES Parse Error: Failed parsing SMILES 'Sure' for input: 'Sure'

Progress: 822/2000[13:40:01] SMILES Parse Error: syntax error while parsing: generated
[13:40:01] SMILES Parse Error: Failed parsing SMILES 'generated' for input: 'generated'
[13:40:01] SMILES Parse Error: syntax error while parsing: SMILES
[13:40:01] SMILES Parse Error: Failed parsing SMILES 'SMILES' for input: 'SMILES'

Progress: 823/2000[13:40:02] SMILES Parse Error: syntax error while parsing: the
[13:40:02] SMILES Parse Error: Failed parsing SMILES 'the' for input: 'the'
[13:40:02] SMILES Parse Error: syntax error while parsing: Sure
[13:40:02] SMILES Parse Error: Failed parsing SMILES 'Sure' for input: 'Sure'

Progress: 824/2000[13:40:03] SMILES Parse Error: syntax error while parsing: the
[13:40:03] SMILES Parse Error: Failed parsing SMILES 'the' for input: 'the'
[13:40:03] SMILES Parse Error: syntax error while parsing: Sure
[13:40:03] SMILES Parse Error: Failed parsing SMILES 'Sure' for input: 'Sure'

Progress: 825/2000[13:40:04] SMILES Parse Error: syntax error while parsing: the
[13:40:04] SMILES Parse Error: Failed parsing SMILES 'the' for input: 'the'
[13:40:04] SMILES Parse Error: syntax error while parsing: Sure
[13:40:04] SMILES Parse Error: Failed parsing SMILES 'Sure' for input: 'Sure'

Progress: 826/2000[13:40:05] SMILES Parse Error: syntax error while parsing: the
[13:40:05] SMILES Parse Error: Failed parsing SMILES 'the' for input: 'the'
[13:40:05] SMILES Parse Error: syntax error while parsing: Sure
[13:40:05] SMILES Parse Error: Failed parsing SMILES 'Sure' for input: 'Sure'

Progress: 827/2000[13:40:07] SMILES Parse Error: syntax error while parsing: the
[13:40:07] SMILES Parse Error: Failed parsing SMILES 'the' for input: 'the'
[13:40:07] SMILES Parse Error: syntax error while parsing: Sure
[13:40:07] SMILES Parse Error: Failed parsing SMILES 'Sure' for input: 'Sure'

Progress: 828/2000[13:40:09] SMILES Parse Error: syntax error while parsing: the
[13:40:09] SMILES Parse Error: Failed parsing SMILES 'the' for input: 'the'
[13:40:09] SMILES Parse Error: syntax error while parsing: Sure
[13:40:09] SMILES Parse Error: Failed parsing SMILES 'Sure' for input: 'Sure'

Progress: 829/2000[13:40:11] SMILES Parse Error: syntax error while parsing: the
[13:40:11] SMILES Parse Error: Failed parsing SMILES 'the' for input: 'the'
[13:40:11] SMILES Parse Error: syntax error while parsing: Sure
[13:40:11] SMILES Parse Error: Failed parsing SMILES 'Sure' for input: 'Sure'

Progress: 830/2000[13:40:12] SMILES Parse Error: syntax error while parsing: is
[13:40:12] SMILES Parse Error: Failed parsing SMILES 'is' for input: 'is'
[13:40:12] SMILES Parse Error: syntax error while parsing: SMILES
[13:40:12] SMILES Parse Error: Failed parsing SMILES 'SMILES' for input: 'SMILES'

Progress: 831/2000[13:40:13] SMILES Parse Error: syntax error while parsing: SMILES
[13:40:13] SMILES Parse Error: Failed parsing SMILES 'SMILES' for input: 'SMILES'
[13:40:13] SMILES Parse Error: syntax error while parsing: SMILES
[13:40:13] SMILES Parse Error: Failed parsing SMILES 'SMILES' for input: 'SMILES'

Progress: 832/2000[13:40:16] SMILES Parse Error: syntax error while parsing: the
[13:40:16] SMILES Parse Error: Failed parsing SMILES 'the' for input: 'the'
[13:40:16] SMILES Parse Error: syntax error while parsing: Sure
[13:40:16] SMILES Parse Error: Failed parsing SMILES 'Sure' for input: 'Sure'

Progress: 833/2000
Progress: 834/2000[13:40:19] SMILES Parse Error: syntax error while parsing: the
[13:40:19] SMILES Parse Error: Failed parsing SMILES 'the' for input: 'the'
[13:40:19] SMILES Parse Error: syntax error while parsing: Sure
[13:40:19] SMILES Parse Error: Failed parsing SMILES 'Sure' for input: 'Sure'

Progress: 835/2000[13:40:21] SMILES Parse Error: syntax error while parsing: the
[13:40:21] SMILES Parse Error: Failed parsing SMILES 'the' for input: 'the'
[13:40:21] SMILES Parse Error: syntax error while parsing: Sure
[13:40:21] SMILES Parse Error: Failed parsing SMILES 'Sure' for input: 'Sure'

Progress: 836/2000[13:40:22] SMILES Parse Error: syntax error while parsing: the
[13:40:22] SMILES Parse Error: Failed parsing SMILES 'the' for input: 'the'
[13:40:22] SMILES Parse Error: syntax error while parsing: Sure
[13:40:22] SMILES Parse Error: Failed parsing SMILES 'Sure' for input: 'Sure'

Progress: 837/2000[13:40:23] SMILES Parse Error: syntax error while parsing: the
[13:40:23] SMILES Parse Error: Failed parsing SMILES 'the' for input: 'the'
[13:40:23] SMILES Parse Error: syntax error while parsing: Sure
[13:40:23] SMILES Parse Error: Failed parsing SMILES 'Sure' for input: 'Sure'

Progress: 838/2000[13:40:25] SMILES Parse Error: syntax error while parsing: the
[13:40:25] SMILES Parse Error: Failed parsing SMILES 'the' for input: 'the'
[13:40:25] SMILES Parse Error: syntax error while parsing: Sure
[13:40:25] SMILES Parse Error: Failed parsing SMILES 'Sure' for input: 'Sure'

Progress: 839/2000[13:40:26] SMILES Parse Error: syntax error while parsing: the
[13:40:26] SMILES Parse Error: Failed parsing SMILES 'the' for input: 'the'
[13:40:26] SMILES Parse Error: syntax error while parsing: Sure
[13:40:26] SMILES Parse Error: Failed parsing SMILES 'Sure' for input: 'Sure'

Progress: 840/2000[13:40:28] SMILES Parse Error: syntax error while parsing: the
[13:40:28] SMILES Parse Error: Failed parsing SMILES 'the' for input: 'the'
[13:40:28] SMILES Parse Error: syntax error while parsing: Sure
[13:40:28] SMILES Parse Error: Failed parsing SMILES 'Sure' for input: 'Sure'

Progress: 841/2000[13:40:29] SMILES Parse Error: syntax error while parsing: the
[13:40:29] SMILES Parse Error: Failed parsing SMILES 'the' for input: 'the'
[13:40:29] SMILES Parse Error: syntax error while parsing: Sure
[13:40:29] SMILES Parse Error: Failed parsing SMILES 'Sure' for input: 'Sure'

Progress: 842/2000[13:40:31] SMILES Parse Error: syntax error while parsing: a
[13:40:31] SMILES Parse Error: Failed parsing SMILES 'a' for input: 'a'
[13:40:31] SMILES Parse Error: syntax error while parsing: SMILES
[13:40:31] SMILES Parse Error: Failed parsing SMILES 'SMILES' for input: 'SMILES'

Progress: 843/2000[13:40:32] SMILES Parse Error: syntax error while parsing: the
[13:40:32] SMILES Parse Error: Failed parsing SMILES 'the' for input: 'the'
[13:40:32] SMILES Parse Error: syntax error while parsing: Sure
[13:40:32] SMILES Parse Error: Failed parsing SMILES 'Sure' for input: 'Sure'

Progress: 844/2000[13:40:34] SMILES Parse Error: syntax error while parsing: the
[13:40:34] SMILES Parse Error: Failed parsing SMILES 'the' for input: 'the'
[13:40:34] SMILES Parse Error: syntax error while parsing: Sure
[13:40:34] SMILES Parse Error: Failed parsing SMILES 'Sure' for input: 'Sure'

Progress: 845/2000[13:40:36] SMILES Parse Error: syntax error while parsing: the
[13:40:36] SMILES Parse Error: Failed parsing SMILES 'the' for input: 'the'
[13:40:36] SMILES Parse Error: syntax error while parsing: Sure
[13:40:36] SMILES Parse Error: Failed parsing SMILES 'Sure' for input: 'Sure'

Progress: 846/2000[13:40:38] SMILES Parse Error: syntax error while parsing: the
[13:40:38] SMILES Parse Error: Failed parsing SMILES 'the' for input: 'the'
[13:40:38] SMILES Parse Error: syntax error while parsing: Sure
[13:40:38] SMILES Parse Error: Failed parsing SMILES 'Sure' for input: 'Sure'

Progress: 847/2000[13:40:39] SMILES Parse Error: syntax error while parsing: the
[13:40:39] SMILES Parse Error: Failed parsing SMILES 'the' for input: 'the'
[13:40:39] SMILES Parse Error: syntax error while parsing: Sure
[13:40:39] SMILES Parse Error: Failed parsing SMILES 'Sure' for input: 'Sure'

Progress: 848/2000[13:40:40] SMILES Parse Error: syntax error while parsing: the
[13:40:40] SMILES Parse Error: Failed parsing SMILES 'the' for input: 'the'
[13:40:40] SMILES Parse Error: syntax error while parsing: Sure
[13:40:40] SMILES Parse Error: Failed parsing SMILES 'Sure' for input: 'Sure'

Progress: 849/2000[13:40:42] SMILES Parse Error: syntax error while parsing: the
[13:40:42] SMILES Parse Error: Failed parsing SMILES 'the' for input: 'the'
[13:40:42] SMILES Parse Error: syntax error while parsing: Sure
[13:40:42] SMILES Parse Error: Failed parsing SMILES 'Sure' for input: 'Sure'

Progress: 850/2000[13:40:44] SMILES Parse Error: syntax error while parsing: the
[13:40:44] SMILES Parse Error: Failed parsing SMILES 'the' for input: 'the'
[13:40:44] SMILES Parse Error: syntax error while parsing: Sure
[13:40:44] SMILES Parse Error: Failed parsing SMILES 'Sure' for input: 'Sure'

Progress: 851/2000[13:40:45] SMILES Parse Error: syntax error while parsing: the
[13:40:45] SMILES Parse Error: Failed parsing SMILES 'the' for input: 'the'
[13:40:45] SMILES Parse Error: syntax error while parsing: Sure
[13:40:45] SMILES Parse Error: Failed parsing SMILES 'Sure' for input: 'Sure'

Progress: 852/2000[13:40:47] SMILES Parse Error: syntax error while parsing: the
[13:40:47] SMILES Parse Error: Failed parsing SMILES 'the' for input: 'the'
[13:40:47] SMILES Parse Error: syntax error while parsing: Sure
[13:40:47] SMILES Parse Error: Failed parsing SMILES 'Sure' for input: 'Sure'

Progress: 853/2000[13:40:48] SMILES Parse Error: syntax error while parsing: the
[13:40:48] SMILES Parse Error: Failed parsing SMILES 'the' for input: 'the'
[13:40:48] SMILES Parse Error: syntax error while parsing: Sure
[13:40:48] SMILES Parse Error: Failed parsing SMILES 'Sure' for input: 'Sure'

Progress: 854/2000[13:40:50] SMILES Parse Error: syntax error while parsing: the
[13:40:50] SMILES Parse Error: Failed parsing SMILES 'the' for input: 'the'
[13:40:50] SMILES Parse Error: syntax error while parsing: Sure
[13:40:50] SMILES Parse Error: Failed parsing SMILES 'Sure' for input: 'Sure'

Progress: 855/2000[13:40:51] SMILES Parse Error: syntax error while parsing: Sure
[13:40:51] SMILES Parse Error: Failed parsing SMILES 'Sure' for input: 'Sure'

Progress: 856/2000[13:40:53] SMILES Parse Error: syntax error while parsing: the
[13:40:53] SMILES Parse Error: Failed parsing SMILES 'the' for input: 'the'
[13:40:53] SMILES Parse Error: syntax error while parsing: Sure
[13:40:53] SMILES Parse Error: Failed parsing SMILES 'Sure' for input: 'Sure'

Progress: 857/2000[13:40:55] SMILES Parse Error: syntax error while parsing: the
[13:40:55] SMILES Parse Error: Failed parsing SMILES 'the' for input: 'the'
[13:40:55] SMILES Parse Error: syntax error while parsing: Sure
[13:40:55] SMILES Parse Error: Failed parsing SMILES 'Sure' for input: 'Sure'

Progress: 858/2000[13:40:56] SMILES Parse Error: syntax error while parsing: the
[13:40:56] SMILES Parse Error: Failed parsing SMILES 'the' for input: 'the'
[13:40:56] SMILES Parse Error: syntax error while parsing: Sure
[13:40:56] SMILES Parse Error: Failed parsing SMILES 'Sure' for input: 'Sure'

Progress: 859/2000[13:40:57] SMILES Parse Error: syntax error while parsing: the
[13:40:57] SMILES Parse Error: Failed parsing SMILES 'the' for input: 'the'
[13:40:57] SMILES Parse Error: syntax error while parsing: Sure
[13:40:57] SMILES Parse Error: Failed parsing SMILES 'Sure' for input: 'Sure'

Progress: 860/2000[13:40:58] SMILES Parse Error: syntax error while parsing: the
[13:40:58] SMILES Parse Error: Failed parsing SMILES 'the' for input: 'the'
[13:40:58] SMILES Parse Error: syntax error while parsing: Sure
[13:40:58] SMILES Parse Error: Failed parsing SMILES 'Sure' for input: 'Sure'

Progress: 861/2000[13:40:59] SMILES Parse Error: syntax error while parsing: the
[13:40:59] SMILES Parse Error: Failed parsing SMILES 'the' for input: 'the'
[13:40:59] SMILES Parse Error: syntax error while parsing: Sure
[13:40:59] SMILES Parse Error: Failed parsing SMILES 'Sure' for input: 'Sure'

Progress: 862/2000[13:41:00] SMILES Parse Error: syntax error while parsing: the
[13:41:00] SMILES Parse Error: Failed parsing SMILES 'the' for input: 'the'
[13:41:00] SMILES Parse Error: syntax error while parsing: Sure
[13:41:00] SMILES Parse Error: Failed parsing SMILES 'Sure' for input: 'Sure'

Progress: 863/2000[13:41:04] SMILES Parse Error: ring closure 1 duplicates bond between atom 90 and atom 95 for input: 'CC(=O)Nc1ccc(cc1)S(=O)(=O)Nc2ccc(cc2)C(=O)Nc3ccc(cc3)S(=O)(=O)Nc4ccc(cc4)C(=O)Nc5ccc(cc5)S(=O)(=O)Nc6ccc(cc6)C(=O)Nc7ccc(cc7)S(=O)(=O)Nc8ccc(cc8)C(=O)Nc9ccc(cc9)S(=O)(=O)Nc10ccc(cc10)'
[13:41:04] SMILES Parse Error: syntax error while parsing: the
[13:41:04] SMILES Parse Error: Failed parsing SMILES 'the' for input: 'the'
[13:41:04] SMILES Parse Error: syntax error while parsing: Sure
[13:41:04] SMILES Parse Error: Failed parsing SMILES 'Sure' for input: 'Sure'

Progress: 864/2000[13:41:06] SMILES Parse Error: syntax error while parsing: the
[13:41:06] SMILES Parse Error: Failed parsing SMILES 'the' for input: 'the'
[13:41:06] SMILES Parse Error: syntax error while parsing: Sure
[13:41:06] SMILES Parse Error: Failed parsing SMILES 'Sure' for input: 'Sure'

Progress: 865/2000[13:41:07] SMILES Parse Error: syntax error while parsing: the
[13:41:07] SMILES Parse Error: Failed parsing SMILES 'the' for input: 'the'
[13:41:07] SMILES Parse Error: syntax error while parsing: Sure
[13:41:07] SMILES Parse Error: Failed parsing SMILES 'Sure' for input: 'Sure'

Progress: 866/2000[13:41:09] SMILES Parse Error: syntax error while parsing: SMILES
[13:41:09] SMILES Parse Error: Failed parsing SMILES 'SMILES' for input: 'SMILES'

Progress: 867/2000[13:41:10] SMILES Parse Error: syntax error while parsing: the
[13:41:10] SMILES Parse Error: Failed parsing SMILES 'the' for input: 'the'
[13:41:10] SMILES Parse Error: syntax error while parsing: Sure
[13:41:10] SMILES Parse Error: Failed parsing SMILES 'Sure' for input: 'Sure'

Progress: 868/2000[13:41:12] SMILES Parse Error: syntax error while parsing: the
[13:41:12] SMILES Parse Error: Failed parsing SMILES 'the' for input: 'the'
[13:41:12] SMILES Parse Error: syntax error while parsing: Sure
[13:41:12] SMILES Parse Error: Failed parsing SMILES 'Sure' for input: 'Sure'

Progress: 869/2000[13:41:13] SMILES Parse Error: syntax error while parsing: the
[13:41:13] SMILES Parse Error: Failed parsing SMILES 'the' for input: 'the'
[13:41:13] SMILES Parse Error: syntax error while parsing: Sure
[13:41:13] SMILES Parse Error: Failed parsing SMILES 'Sure' for input: 'Sure'

Progress: 870/2000
Progress: 871/2000[13:41:18] SMILES Parse Error: syntax error while parsing: the
[13:41:18] SMILES Parse Error: Failed parsing SMILES 'the' for input: 'the'
[13:41:18] SMILES Parse Error: syntax error while parsing: Sure
[13:41:18] SMILES Parse Error: Failed parsing SMILES 'Sure' for input: 'Sure'

Progress: 872/2000[13:41:19] SMILES Parse Error: syntax error while parsing: the
[13:41:19] SMILES Parse Error: Failed parsing SMILES 'the' for input: 'the'
[13:41:19] SMILES Parse Error: syntax error while parsing: Sure
[13:41:19] SMILES Parse Error: Failed parsing SMILES 'Sure' for input: 'Sure'

Progress: 873/2000[13:41:20] SMILES Parse Error: syntax error while parsing: a
[13:41:20] SMILES Parse Error: Failed parsing SMILES 'a' for input: 'a'
[13:41:20] SMILES Parse Error: syntax error while parsing: SMILES
[13:41:20] SMILES Parse Error: Failed parsing SMILES 'SMILES' for input: 'SMILES'

Progress: 874/2000[13:41:22] SMILES Parse Error: syntax error while parsing: the
[13:41:22] SMILES Parse Error: Failed parsing SMILES 'the' for input: 'the'
[13:41:22] SMILES Parse Error: syntax error while parsing: Sure
[13:41:22] SMILES Parse Error: Failed parsing SMILES 'Sure' for input: 'Sure'

Progress: 875/2000[13:41:23] SMILES Parse Error: syntax error while parsing: the
[13:41:23] SMILES Parse Error: Failed parsing SMILES 'the' for input: 'the'
[13:41:23] SMILES Parse Error: syntax error while parsing: Sure
[13:41:23] SMILES Parse Error: Failed parsing SMILES 'Sure' for input: 'Sure'

Progress: 876/2000[13:41:25] SMILES Parse Error: syntax error while parsing: the
[13:41:25] SMILES Parse Error: Failed parsing SMILES 'the' for input: 'the'
[13:41:25] SMILES Parse Error: syntax error while parsing: Sure
[13:41:25] SMILES Parse Error: Failed parsing SMILES 'Sure' for input: 'Sure'

Progress: 877/2000
Progress: 878/2000[13:41:29] SMILES Parse Error: syntax error while parsing: the
[13:41:29] SMILES Parse Error: Failed parsing SMILES 'the' for input: 'the'
[13:41:29] SMILES Parse Error: syntax error while parsing: Sure
[13:41:29] SMILES Parse Error: Failed parsing SMILES 'Sure' for input: 'Sure'

Progress: 879/2000[13:41:31] SMILES Parse Error: syntax error while parsing: the
[13:41:31] SMILES Parse Error: Failed parsing SMILES 'the' for input: 'the'
[13:41:31] SMILES Parse Error: syntax error while parsing: Sure
[13:41:31] SMILES Parse Error: Failed parsing SMILES 'Sure' for input: 'Sure'

Progress: 880/2000[13:41:32] SMILES Parse Error: syntax error while parsing: the
[13:41:32] SMILES Parse Error: Failed parsing SMILES 'the' for input: 'the'
[13:41:32] SMILES Parse Error: syntax error while parsing: Sure
[13:41:32] SMILES Parse Error: Failed parsing SMILES 'Sure' for input: 'Sure'

Progress: 881/2000[13:41:35] SMILES Parse Error: syntax error while parsing: the
[13:41:35] SMILES Parse Error: Failed parsing SMILES 'the' for input: 'the'
[13:41:35] SMILES Parse Error: syntax error while parsing: Sure
[13:41:35] SMILES Parse Error: Failed parsing SMILES 'Sure' for input: 'Sure'

Progress: 882/2000[13:41:36] SMILES Parse Error: syntax error while parsing: is
[13:41:36] SMILES Parse Error: Failed parsing SMILES 'is' for input: 'is'
[13:41:36] SMILES Parse Error: syntax error while parsing: SMILES
[13:41:36] SMILES Parse Error: Failed parsing SMILES 'SMILES' for input: 'SMILES'

Progress: 883/2000[13:41:39] SMILES Parse Error: syntax error while parsing: the
[13:41:39] SMILES Parse Error: Failed parsing SMILES 'the' for input: 'the'
[13:41:39] SMILES Parse Error: syntax error while parsing: Sure
[13:41:39] SMILES Parse Error: Failed parsing SMILES 'Sure' for input: 'Sure'

Progress: 884/2000[13:41:41] SMILES Parse Error: syntax error while parsing: the
[13:41:41] SMILES Parse Error: Failed parsing SMILES 'the' for input: 'the'
[13:41:41] SMILES Parse Error: syntax error while parsing: Sure
[13:41:41] SMILES Parse Error: Failed parsing SMILES 'Sure' for input: 'Sure'

Progress: 885/2000[13:41:43] SMILES Parse Error: syntax error while parsing: the
[13:41:43] SMILES Parse Error: Failed parsing SMILES 'the' for input: 'the'
[13:41:43] SMILES Parse Error: syntax error while parsing: Sure
[13:41:43] SMILES Parse Error: Failed parsing SMILES 'Sure' for input: 'Sure'

Progress: 886/2000[13:41:45] SMILES Parse Error: syntax error while parsing: the
[13:41:45] SMILES Parse Error: Failed parsing SMILES 'the' for input: 'the'
[13:41:45] SMILES Parse Error: syntax error while parsing: Sure
[13:41:45] SMILES Parse Error: Failed parsing SMILES 'Sure' for input: 'Sure'

Progress: 887/2000[13:41:46] SMILES Parse Error: syntax error while parsing: the
[13:41:46] SMILES Parse Error: Failed parsing SMILES 'the' for input: 'the'
[13:41:46] SMILES Parse Error: syntax error while parsing: Sure
[13:41:46] SMILES Parse Error: Failed parsing SMILES 'Sure' for input: 'Sure'

Progress: 888/2000[13:41:48] SMILES Parse Error: syntax error while parsing: the
[13:41:48] SMILES Parse Error: Failed parsing SMILES 'the' for input: 'the'
[13:41:48] SMILES Parse Error: syntax error while parsing: Sure
[13:41:48] SMILES Parse Error: Failed parsing SMILES 'Sure' for input: 'Sure'

Progress: 889/2000[13:41:51] SMILES Parse Error: syntax error while parsing: the
[13:41:51] SMILES Parse Error: Failed parsing SMILES 'the' for input: 'the'
[13:41:51] SMILES Parse Error: syntax error while parsing: Sure
[13:41:51] SMILES Parse Error: Failed parsing SMILES 'Sure' for input: 'Sure'

Progress: 890/2000
Progress: 891/2000[13:41:56] SMILES Parse Error: syntax error while parsing: is
[13:41:56] SMILES Parse Error: Failed parsing SMILES 'is' for input: 'is'
[13:41:56] SMILES Parse Error: syntax error while parsing: Sure
[13:41:56] SMILES Parse Error: Failed parsing SMILES 'Sure' for input: 'Sure'

Progress: 892/2000[13:41:57] SMILES Parse Error: syntax error while parsing: the
[13:41:57] SMILES Parse Error: Failed parsing SMILES 'the' for input: 'the'
[13:41:57] SMILES Parse Error: syntax error while parsing: Sure
[13:41:57] SMILES Parse Error: Failed parsing SMILES 'Sure' for input: 'Sure'

Progress: 893/2000[13:42:00] SMILES Parse Error: syntax error while parsing: the
[13:42:00] SMILES Parse Error: Failed parsing SMILES 'the' for input: 'the'
[13:42:00] SMILES Parse Error: syntax error while parsing: Sure
[13:42:00] SMILES Parse Error: Failed parsing SMILES 'Sure' for input: 'Sure'

Progress: 894/2000[13:42:01] SMILES Parse Error: syntax error while parsing: the
[13:42:01] SMILES Parse Error: Failed parsing SMILES 'the' for input: 'the'
[13:42:01] SMILES Parse Error: syntax error while parsing: Sure
[13:42:01] SMILES Parse Error: Failed parsing SMILES 'Sure' for input: 'Sure'

Progress: 895/2000[13:42:03] SMILES Parse Error: syntax error while parsing: the
[13:42:03] SMILES Parse Error: Failed parsing SMILES 'the' for input: 'the'
[13:42:03] SMILES Parse Error: syntax error while parsing: Sure
[13:42:03] SMILES Parse Error: Failed parsing SMILES 'Sure' for input: 'Sure'

Progress: 896/2000[13:42:06] SMILES Parse Error: syntax error while parsing: the
[13:42:06] SMILES Parse Error: Failed parsing SMILES 'the' for input: 'the'
[13:42:06] SMILES Parse Error: syntax error while parsing: Sure
[13:42:06] SMILES Parse Error: Failed parsing SMILES 'Sure' for input: 'Sure'

Progress: 897/2000[13:42:07] SMILES Parse Error: syntax error while parsing: the
[13:42:07] SMILES Parse Error: Failed parsing SMILES 'the' for input: 'the'
[13:42:07] SMILES Parse Error: syntax error while parsing: Sure
[13:42:07] SMILES Parse Error: Failed parsing SMILES 'Sure' for input: 'Sure'

Progress: 898/2000[13:42:08] SMILES Parse Error: syntax error while parsing: the
[13:42:08] SMILES Parse Error: Failed parsing SMILES 'the' for input: 'the'
[13:42:08] SMILES Parse Error: syntax error while parsing: Sure
[13:42:08] SMILES Parse Error: Failed parsing SMILES 'Sure' for input: 'Sure'

Progress: 899/2000[13:42:10] SMILES Parse Error: syntax error while parsing: the
[13:42:10] SMILES Parse Error: Failed parsing SMILES 'the' for input: 'the'
[13:42:10] SMILES Parse Error: syntax error while parsing: Sure
[13:42:10] SMILES Parse Error: Failed parsing SMILES 'Sure' for input: 'Sure'

Progress: 900/2000[13:42:11] SMILES Parse Error: syntax error while parsing: the
[13:42:11] SMILES Parse Error: Failed parsing SMILES 'the' for input: 'the'
[13:42:11] SMILES Parse Error: syntax error while parsing: Sure
[13:42:11] SMILES Parse Error: Failed parsing SMILES 'Sure' for input: 'Sure'

Progress: 901/2000
Progress: 902/2000[13:42:15] SMILES Parse Error: syntax error while parsing: the
[13:42:15] SMILES Parse Error: Failed parsing SMILES 'the' for input: 'the'
[13:42:15] SMILES Parse Error: syntax error while parsing: Sure
[13:42:15] SMILES Parse Error: Failed parsing SMILES 'Sure' for input: 'Sure'

Progress: 903/2000[13:42:16] SMILES Parse Error: syntax error while parsing: the
[13:42:16] SMILES Parse Error: Failed parsing SMILES 'the' for input: 'the'
[13:42:16] SMILES Parse Error: syntax error while parsing: Sure
[13:42:16] SMILES Parse Error: Failed parsing SMILES 'Sure' for input: 'Sure'

Progress: 904/2000[13:42:18] SMILES Parse Error: syntax error while parsing: the
[13:42:18] SMILES Parse Error: Failed parsing SMILES 'the' for input: 'the'
[13:42:18] SMILES Parse Error: syntax error while parsing: Sure
[13:42:18] SMILES Parse Error: Failed parsing SMILES 'Sure' for input: 'Sure'

Progress: 905/2000[13:42:20] SMILES Parse Error: syntax error while parsing: the
[13:42:20] SMILES Parse Error: Failed parsing SMILES 'the' for input: 'the'
[13:42:20] SMILES Parse Error: syntax error while parsing: Sure
[13:42:20] SMILES Parse Error: Failed parsing SMILES 'Sure' for input: 'Sure'

Progress: 906/2000[13:42:21] SMILES Parse Error: syntax error while parsing: the
[13:42:21] SMILES Parse Error: Failed parsing SMILES 'the' for input: 'the'
[13:42:21] SMILES Parse Error: syntax error while parsing: Sure
[13:42:21] SMILES Parse Error: Failed parsing SMILES 'Sure' for input: 'Sure'

Progress: 907/2000[13:42:23] SMILES Parse Error: syntax error while parsing: the
[13:42:23] SMILES Parse Error: Failed parsing SMILES 'the' for input: 'the'
[13:42:23] SMILES Parse Error: syntax error while parsing: Sure
[13:42:23] SMILES Parse Error: Failed parsing SMILES 'Sure' for input: 'Sure'

Progress: 908/2000[13:42:25] SMILES Parse Error: syntax error while parsing: the
[13:42:25] SMILES Parse Error: Failed parsing SMILES 'the' for input: 'the'
[13:42:25] SMILES Parse Error: syntax error while parsing: Sure
[13:42:25] SMILES Parse Error: Failed parsing SMILES 'Sure' for input: 'Sure'

Progress: 909/2000[13:42:26] SMILES Parse Error: syntax error while parsing: the
[13:42:26] SMILES Parse Error: Failed parsing SMILES 'the' for input: 'the'
[13:42:26] SMILES Parse Error: syntax error while parsing: Sure
[13:42:26] SMILES Parse Error: Failed parsing SMILES 'Sure' for input: 'Sure'

Progress: 910/2000[13:42:27] SMILES Parse Error: syntax error while parsing: the
[13:42:27] SMILES Parse Error: Failed parsing SMILES 'the' for input: 'the'
[13:42:27] SMILES Parse Error: syntax error while parsing: Sure
[13:42:27] SMILES Parse Error: Failed parsing SMILES 'Sure' for input: 'Sure'

Progress: 911/2000[13:42:28] SMILES Parse Error: syntax error while parsing: the
[13:42:28] SMILES Parse Error: Failed parsing SMILES 'the' for input: 'the'
[13:42:28] SMILES Parse Error: syntax error while parsing: Sure
[13:42:28] SMILES Parse Error: Failed parsing SMILES 'Sure' for input: 'Sure'

Progress: 912/2000[13:42:30] SMILES Parse Error: syntax error while parsing: SMILES
[13:42:30] SMILES Parse Error: Failed parsing SMILES 'SMILES' for input: 'SMILES'

Progress: 913/2000[13:42:33] SMILES Parse Error: syntax error while parsing: the
[13:42:33] SMILES Parse Error: Failed parsing SMILES 'the' for input: 'the'
[13:42:33] SMILES Parse Error: syntax error while parsing: Sure
[13:42:33] SMILES Parse Error: Failed parsing SMILES 'Sure' for input: 'Sure'

Progress: 914/2000[13:42:35] SMILES Parse Error: syntax error while parsing: the
[13:42:35] SMILES Parse Error: Failed parsing SMILES 'the' for input: 'the'
[13:42:35] SMILES Parse Error: syntax error while parsing: Sure
[13:42:35] SMILES Parse Error: Failed parsing SMILES 'Sure' for input: 'Sure'

Progress: 915/2000[13:42:36] SMILES Parse Error: syntax error while parsing: the
[13:42:36] SMILES Parse Error: Failed parsing SMILES 'the' for input: 'the'
[13:42:36] SMILES Parse Error: syntax error while parsing: Sure
[13:42:36] SMILES Parse Error: Failed parsing SMILES 'Sure' for input: 'Sure'

Progress: 916/2000[13:42:38] SMILES Parse Error: syntax error while parsing: the
[13:42:38] SMILES Parse Error: Failed parsing SMILES 'the' for input: 'the'
[13:42:38] SMILES Parse Error: syntax error while parsing: Sure
[13:42:38] SMILES Parse Error: Failed parsing SMILES 'Sure' for input: 'Sure'

Progress: 917/2000[13:42:41] SMILES Parse Error: syntax error while parsing: the
[13:42:41] SMILES Parse Error: Failed parsing SMILES 'the' for input: 'the'
[13:42:41] SMILES Parse Error: syntax error while parsing: Sure
[13:42:41] SMILES Parse Error: Failed parsing SMILES 'Sure' for input: 'Sure'

Progress: 918/2000[13:42:43] SMILES Parse Error: syntax error while parsing: the
[13:42:43] SMILES Parse Error: Failed parsing SMILES 'the' for input: 'the'
[13:42:43] SMILES Parse Error: syntax error while parsing: Sure
[13:42:43] SMILES Parse Error: Failed parsing SMILES 'Sure' for input: 'Sure'

Progress: 919/2000[13:42:44] SMILES Parse Error: syntax error while parsing: the
[13:42:44] SMILES Parse Error: Failed parsing SMILES 'the' for input: 'the'
[13:42:44] SMILES Parse Error: syntax error while parsing: Sure
[13:42:44] SMILES Parse Error: Failed parsing SMILES 'Sure' for input: 'Sure'

Progress: 920/2000[13:42:46] SMILES Parse Error: syntax error while parsing: the
[13:42:46] SMILES Parse Error: Failed parsing SMILES 'the' for input: 'the'
[13:42:46] SMILES Parse Error: syntax error while parsing: Sure
[13:42:46] SMILES Parse Error: Failed parsing SMILES 'Sure' for input: 'Sure'

Progress: 921/2000[13:42:47] SMILES Parse Error: syntax error while parsing: the
[13:42:47] SMILES Parse Error: Failed parsing SMILES 'the' for input: 'the'
[13:42:47] SMILES Parse Error: syntax error while parsing: Sure
[13:42:47] SMILES Parse Error: Failed parsing SMILES 'Sure' for input: 'Sure'

Progress: 922/2000[13:42:49] SMILES Parse Error: syntax error while parsing: the
[13:42:49] SMILES Parse Error: Failed parsing SMILES 'the' for input: 'the'
[13:42:49] SMILES Parse Error: syntax error while parsing: Sure
[13:42:49] SMILES Parse Error: Failed parsing SMILES 'Sure' for input: 'Sure'

Progress: 923/2000[13:42:50] SMILES Parse Error: syntax error while parsing: SMILES
[13:42:50] SMILES Parse Error: Failed parsing SMILES 'SMILES' for input: 'SMILES'
[13:42:50] SMILES Parse Error: syntax error while parsing: SMILES
[13:42:50] SMILES Parse Error: Failed parsing SMILES 'SMILES' for input: 'SMILES'

Progress: 924/2000[13:42:52] SMILES Parse Error: syntax error while parsing: the
[13:42:52] SMILES Parse Error: Failed parsing SMILES 'the' for input: 'the'
[13:42:52] SMILES Parse Error: syntax error while parsing: Sure
[13:42:52] SMILES Parse Error: Failed parsing SMILES 'Sure' for input: 'Sure'

Progress: 925/2000[13:42:55] SMILES Parse Error: syntax error while parsing: calculated
[13:42:55] SMILES Parse Error: Failed parsing SMILES 'calculated' for input: 'calculated'
[13:42:55] SMILES Parse Error: syntax error while parsing: SMILES
[13:42:55] SMILES Parse Error: Failed parsing SMILES 'SMILES' for input: 'SMILES'

Progress: 926/2000[13:42:56] SMILES Parse Error: syntax error while parsing: the
[13:42:56] SMILES Parse Error: Failed parsing SMILES 'the' for input: 'the'
[13:42:56] SMILES Parse Error: syntax error while parsing: Sure
[13:42:56] SMILES Parse Error: Failed parsing SMILES 'Sure' for input: 'Sure'

Progress: 927/2000[13:42:57] SMILES Parse Error: syntax error while parsing: the
[13:42:57] SMILES Parse Error: Failed parsing SMILES 'the' for input: 'the'
[13:42:57] SMILES Parse Error: syntax error while parsing: Sure
[13:42:57] SMILES Parse Error: Failed parsing SMILES 'Sure' for input: 'Sure'

Progress: 928/2000[13:42:58] SMILES Parse Error: syntax error while parsing: the
[13:42:58] SMILES Parse Error: Failed parsing SMILES 'the' for input: 'the'
[13:42:58] SMILES Parse Error: syntax error while parsing: Sure
[13:42:58] SMILES Parse Error: Failed parsing SMILES 'Sure' for input: 'Sure'

Progress: 929/2000[13:43:00] SMILES Parse Error: syntax error while parsing: the
[13:43:00] SMILES Parse Error: Failed parsing SMILES 'the' for input: 'the'
[13:43:00] SMILES Parse Error: syntax error while parsing: Sure
[13:43:00] SMILES Parse Error: Failed parsing SMILES 'Sure' for input: 'Sure'

Progress: 930/2000[13:43:02] SMILES Parse Error: syntax error while parsing: the
[13:43:02] SMILES Parse Error: Failed parsing SMILES 'the' for input: 'the'
[13:43:02] SMILES Parse Error: syntax error while parsing: Sure
[13:43:02] SMILES Parse Error: Failed parsing SMILES 'Sure' for input: 'Sure'

Progress: 931/2000[13:43:04] SMILES Parse Error: syntax error while parsing: the
[13:43:04] SMILES Parse Error: Failed parsing SMILES 'the' for input: 'the'
[13:43:04] SMILES Parse Error: syntax error while parsing: Sure
[13:43:04] SMILES Parse Error: Failed parsing SMILES 'Sure' for input: 'Sure'

Progress: 932/2000[13:43:05] SMILES Parse Error: syntax error while parsing: the
[13:43:05] SMILES Parse Error: Failed parsing SMILES 'the' for input: 'the'
[13:43:05] SMILES Parse Error: syntax error while parsing: Sure
[13:43:05] SMILES Parse Error: Failed parsing SMILES 'Sure' for input: 'Sure'

Progress: 933/2000[13:43:06] SMILES Parse Error: syntax error while parsing: the
[13:43:06] SMILES Parse Error: Failed parsing SMILES 'the' for input: 'the'
[13:43:06] SMILES Parse Error: syntax error while parsing: Sure
[13:43:06] SMILES Parse Error: Failed parsing SMILES 'Sure' for input: 'Sure'

Progress: 934/2000[13:43:08] SMILES Parse Error: syntax error while parsing: the
[13:43:08] SMILES Parse Error: Failed parsing SMILES 'the' for input: 'the'
[13:43:08] SMILES Parse Error: syntax error while parsing: Sure
[13:43:08] SMILES Parse Error: Failed parsing SMILES 'Sure' for input: 'Sure'

Progress: 935/2000[13:43:09] SMILES Parse Error: syntax error while parsing: SMILES
[13:43:09] SMILES Parse Error: Failed parsing SMILES 'SMILES' for input: 'SMILES'

Progress: 936/2000[13:43:11] SMILES Parse Error: syntax error while parsing: the
[13:43:11] SMILES Parse Error: Failed parsing SMILES 'the' for input: 'the'
[13:43:11] SMILES Parse Error: syntax error while parsing: Sure
[13:43:11] SMILES Parse Error: Failed parsing SMILES 'Sure' for input: 'Sure'

Progress: 937/2000[13:43:13] SMILES Parse Error: syntax error while parsing: is
[13:43:13] SMILES Parse Error: Failed parsing SMILES 'is' for input: 'is'
[13:43:13] SMILES Parse Error: syntax error while parsing: SMILES
[13:43:13] SMILES Parse Error: Failed parsing SMILES 'SMILES' for input: 'SMILES'

Progress: 938/2000[13:43:15] SMILES Parse Error: syntax error while parsing: the
[13:43:15] SMILES Parse Error: Failed parsing SMILES 'the' for input: 'the'
[13:43:15] SMILES Parse Error: syntax error while parsing: Sure
[13:43:15] SMILES Parse Error: Failed parsing SMILES 'Sure' for input: 'Sure'

Progress: 939/2000[13:43:16] SMILES Parse Error: syntax error while parsing: Sure
[13:43:16] SMILES Parse Error: Failed parsing SMILES 'Sure' for input: 'Sure'

Progress: 940/2000[13:43:18] SMILES Parse Error: syntax error while parsing: SMILES
[13:43:18] SMILES Parse Error: Failed parsing SMILES 'SMILES' for input: 'SMILES'
[13:43:18] SMILES Parse Error: syntax error while parsing: SMILES
[13:43:18] SMILES Parse Error: Failed parsing SMILES 'SMILES' for input: 'SMILES'

Progress: 941/2000[13:43:19] SMILES Parse Error: syntax error while parsing: the
[13:43:19] SMILES Parse Error: Failed parsing SMILES 'the' for input: 'the'
[13:43:19] SMILES Parse Error: syntax error while parsing: Sure
[13:43:19] SMILES Parse Error: Failed parsing SMILES 'Sure' for input: 'Sure'

Progress: 942/2000[13:43:20] SMILES Parse Error: syntax error while parsing: the
[13:43:20] SMILES Parse Error: Failed parsing SMILES 'the' for input: 'the'
[13:43:20] SMILES Parse Error: syntax error while parsing: Sure
[13:43:20] SMILES Parse Error: Failed parsing SMILES 'Sure' for input: 'Sure'

Progress: 943/2000[13:43:22] SMILES Parse Error: syntax error while parsing: SMILES
[13:43:22] SMILES Parse Error: Failed parsing SMILES 'SMILES' for input: 'SMILES'

Progress: 944/2000[13:43:23] SMILES Parse Error: syntax error while parsing: the
[13:43:23] SMILES Parse Error: Failed parsing SMILES 'the' for input: 'the'
[13:43:23] SMILES Parse Error: syntax error while parsing: Sure
[13:43:23] SMILES Parse Error: Failed parsing SMILES 'Sure' for input: 'Sure'

Progress: 945/2000[13:43:25] SMILES Parse Error: syntax error while parsing: the
[13:43:25] SMILES Parse Error: Failed parsing SMILES 'the' for input: 'the'
[13:43:25] SMILES Parse Error: syntax error while parsing: Sure
[13:43:25] SMILES Parse Error: Failed parsing SMILES 'Sure' for input: 'Sure'

Progress: 946/2000[13:43:27] SMILES Parse Error: syntax error while parsing: the
[13:43:27] SMILES Parse Error: Failed parsing SMILES 'the' for input: 'the'
[13:43:27] SMILES Parse Error: syntax error while parsing: Sure
[13:43:27] SMILES Parse Error: Failed parsing SMILES 'Sure' for input: 'Sure'

Progress: 947/2000[13:43:28] SMILES Parse Error: syntax error while parsing: the
[13:43:28] SMILES Parse Error: Failed parsing SMILES 'the' for input: 'the'
[13:43:28] SMILES Parse Error: syntax error while parsing: Sure
[13:43:28] SMILES Parse Error: Failed parsing SMILES 'Sure' for input: 'Sure'

Progress: 948/2000[13:43:29] SMILES Parse Error: syntax error while parsing: the
[13:43:29] SMILES Parse Error: Failed parsing SMILES 'the' for input: 'the'
[13:43:29] SMILES Parse Error: syntax error while parsing: Sure
[13:43:29] SMILES Parse Error: Failed parsing SMILES 'Sure' for input: 'Sure'

Progress: 949/2000[13:43:30] SMILES Parse Error: syntax error while parsing: the
[13:43:30] SMILES Parse Error: Failed parsing SMILES 'the' for input: 'the'
[13:43:30] SMILES Parse Error: syntax error while parsing: Sure
[13:43:30] SMILES Parse Error: Failed parsing SMILES 'Sure' for input: 'Sure'

Progress: 950/2000[13:43:34] SMILES Parse Error: syntax error while parsing: SMILES
[13:43:34] SMILES Parse Error: Failed parsing SMILES 'SMILES' for input: 'SMILES'

Progress: 951/2000[13:43:36] SMILES Parse Error: syntax error while parsing: the
[13:43:36] SMILES Parse Error: Failed parsing SMILES 'the' for input: 'the'
[13:43:36] SMILES Parse Error: syntax error while parsing: Sure
[13:43:36] SMILES Parse Error: Failed parsing SMILES 'Sure' for input: 'Sure'

Progress: 952/2000
Progress: 953/2000[13:43:40] SMILES Parse Error: syntax error while parsing: the
[13:43:40] SMILES Parse Error: Failed parsing SMILES 'the' for input: 'the'
[13:43:40] SMILES Parse Error: syntax error while parsing: Sure
[13:43:40] SMILES Parse Error: Failed parsing SMILES 'Sure' for input: 'Sure'

Progress: 954/2000[13:43:42] SMILES Parse Error: syntax error while parsing: the
[13:43:42] SMILES Parse Error: Failed parsing SMILES 'the' for input: 'the'
[13:43:42] SMILES Parse Error: syntax error while parsing: Sure
[13:43:42] SMILES Parse Error: Failed parsing SMILES 'Sure' for input: 'Sure'

Progress: 955/2000[13:43:43] SMILES Parse Error: syntax error while parsing: the
[13:43:43] SMILES Parse Error: Failed parsing SMILES 'the' for input: 'the'
[13:43:43] SMILES Parse Error: syntax error while parsing: Sure
[13:43:43] SMILES Parse Error: Failed parsing SMILES 'Sure' for input: 'Sure'

Progress: 956/2000[13:43:44] SMILES Parse Error: syntax error while parsing: the
[13:43:44] SMILES Parse Error: Failed parsing SMILES 'the' for input: 'the'
[13:43:44] SMILES Parse Error: syntax error while parsing: Sure
[13:43:44] SMILES Parse Error: Failed parsing SMILES 'Sure' for input: 'Sure'

Progress: 957/2000[13:43:45] SMILES Parse Error: syntax error while parsing: the
[13:43:45] SMILES Parse Error: Failed parsing SMILES 'the' for input: 'the'
[13:43:45] SMILES Parse Error: syntax error while parsing: Sure
[13:43:45] SMILES Parse Error: Failed parsing SMILES 'Sure' for input: 'Sure'

Progress: 958/2000[13:43:46] SMILES Parse Error: syntax error while parsing: the
[13:43:46] SMILES Parse Error: Failed parsing SMILES 'the' for input: 'the'
[13:43:46] SMILES Parse Error: syntax error while parsing: Sure
[13:43:46] SMILES Parse Error: Failed parsing SMILES 'Sure' for input: 'Sure'

Progress: 959/2000[13:43:48] SMILES Parse Error: syntax error while parsing: the
[13:43:48] SMILES Parse Error: Failed parsing SMILES 'the' for input: 'the'
[13:43:48] SMILES Parse Error: syntax error while parsing: Sure
[13:43:48] SMILES Parse Error: Failed parsing SMILES 'Sure' for input: 'Sure'

Progress: 960/2000[13:43:50] SMILES Parse Error: syntax error while parsing: SMILES
[13:43:50] SMILES Parse Error: Failed parsing SMILES 'SMILES' for input: 'SMILES'
[13:43:50] SMILES Parse Error: syntax error while parsing: SMILES
[13:43:50] SMILES Parse Error: Failed parsing SMILES 'SMILES' for input: 'SMILES'

Progress: 961/2000[13:43:52] SMILES Parse Error: syntax error while parsing: the
[13:43:52] SMILES Parse Error: Failed parsing SMILES 'the' for input: 'the'
[13:43:52] SMILES Parse Error: syntax error while parsing: Sure
[13:43:52] SMILES Parse Error: Failed parsing SMILES 'Sure' for input: 'Sure'

Progress: 962/2000[13:43:54] SMILES Parse Error: syntax error while parsing: the
[13:43:54] SMILES Parse Error: Failed parsing SMILES 'the' for input: 'the'
[13:43:54] SMILES Parse Error: syntax error while parsing: Sure
[13:43:54] SMILES Parse Error: Failed parsing SMILES 'Sure' for input: 'Sure'

Progress: 963/2000[13:43:55] SMILES Parse Error: syntax error while parsing: the
[13:43:55] SMILES Parse Error: Failed parsing SMILES 'the' for input: 'the'
[13:43:55] SMILES Parse Error: syntax error while parsing: Sure
[13:43:55] SMILES Parse Error: Failed parsing SMILES 'Sure' for input: 'Sure'

Progress: 964/2000[13:43:56] SMILES Parse Error: syntax error while parsing: the
[13:43:56] SMILES Parse Error: Failed parsing SMILES 'the' for input: 'the'
[13:43:56] SMILES Parse Error: syntax error while parsing: Sure
[13:43:56] SMILES Parse Error: Failed parsing SMILES 'Sure' for input: 'Sure'

Progress: 965/2000
Progress: 966/2000
Progress: 967/2000[13:44:01] SMILES Parse Error: syntax error while parsing: the
[13:44:01] SMILES Parse Error: Failed parsing SMILES 'the' for input: 'the'
[13:44:01] SMILES Parse Error: syntax error while parsing: Sure
[13:44:01] SMILES Parse Error: Failed parsing SMILES 'Sure' for input: 'Sure'

Progress: 968/2000[13:44:04] SMILES Parse Error: syntax error while parsing: the
[13:44:04] SMILES Parse Error: Failed parsing SMILES 'the' for input: 'the'
[13:44:04] SMILES Parse Error: syntax error while parsing: Sure
[13:44:04] SMILES Parse Error: Failed parsing SMILES 'Sure' for input: 'Sure'

Progress: 969/2000[13:44:05] SMILES Parse Error: syntax error while parsing: the
[13:44:05] SMILES Parse Error: Failed parsing SMILES 'the' for input: 'the'
[13:44:05] SMILES Parse Error: syntax error while parsing: Sure
[13:44:05] SMILES Parse Error: Failed parsing SMILES 'Sure' for input: 'Sure'

Progress: 970/2000[13:44:06] SMILES Parse Error: syntax error while parsing: the
[13:44:06] SMILES Parse Error: Failed parsing SMILES 'the' for input: 'the'
[13:44:06] SMILES Parse Error: syntax error while parsing: Sure
[13:44:06] SMILES Parse Error: Failed parsing SMILES 'Sure' for input: 'Sure'

Progress: 971/2000[13:44:08] SMILES Parse Error: syntax error while parsing: the
[13:44:08] SMILES Parse Error: Failed parsing SMILES 'the' for input: 'the'
[13:44:08] SMILES Parse Error: syntax error while parsing: Sure
[13:44:08] SMILES Parse Error: Failed parsing SMILES 'Sure' for input: 'Sure'

Progress: 972/2000[13:44:09] SMILES Parse Error: syntax error while parsing: the
[13:44:09] SMILES Parse Error: Failed parsing SMILES 'the' for input: 'the'
[13:44:09] SMILES Parse Error: syntax error while parsing: Sure
[13:44:09] SMILES Parse Error: Failed parsing SMILES 'Sure' for input: 'Sure'

Progress: 973/2000[13:44:11] SMILES Parse Error: syntax error while parsing: the
[13:44:11] SMILES Parse Error: Failed parsing SMILES 'the' for input: 'the'
[13:44:11] SMILES Parse Error: syntax error while parsing: Sure
[13:44:11] SMILES Parse Error: Failed parsing SMILES 'Sure' for input: 'Sure'

Progress: 974/2000[13:44:13] SMILES Parse Error: syntax error while parsing: the
[13:44:13] SMILES Parse Error: Failed parsing SMILES 'the' for input: 'the'
[13:44:13] SMILES Parse Error: syntax error while parsing: Sure
[13:44:13] SMILES Parse Error: Failed parsing SMILES 'Sure' for input: 'Sure'

Progress: 975/2000[13:44:14] SMILES Parse Error: syntax error while parsing: the
[13:44:14] SMILES Parse Error: Failed parsing SMILES 'the' for input: 'the'
[13:44:14] SMILES Parse Error: syntax error while parsing: Sure
[13:44:14] SMILES Parse Error: Failed parsing SMILES 'Sure' for input: 'Sure'

Progress: 976/2000[13:44:15] SMILES Parse Error: syntax error while parsing: the
[13:44:15] SMILES Parse Error: Failed parsing SMILES 'the' for input: 'the'
[13:44:15] SMILES Parse Error: syntax error while parsing: Sure
[13:44:15] SMILES Parse Error: Failed parsing SMILES 'Sure' for input: 'Sure'

Progress: 977/2000[13:44:17] SMILES Parse Error: syntax error while parsing: Sure
[13:44:17] SMILES Parse Error: Failed parsing SMILES 'Sure' for input: 'Sure'

Progress: 978/2000[13:44:18] SMILES Parse Error: syntax error while parsing: the
[13:44:18] SMILES Parse Error: Failed parsing SMILES 'the' for input: 'the'
[13:44:18] SMILES Parse Error: syntax error while parsing: Sure
[13:44:18] SMILES Parse Error: Failed parsing SMILES 'Sure' for input: 'Sure'

Progress: 979/2000[13:44:20] SMILES Parse Error: syntax error while parsing: the
[13:44:20] SMILES Parse Error: Failed parsing SMILES 'the' for input: 'the'
[13:44:20] SMILES Parse Error: syntax error while parsing: Sure
[13:44:20] SMILES Parse Error: Failed parsing SMILES 'Sure' for input: 'Sure'

Progress: 980/2000[13:44:21] SMILES Parse Error: syntax error while parsing: the
[13:44:21] SMILES Parse Error: Failed parsing SMILES 'the' for input: 'the'
[13:44:21] SMILES Parse Error: syntax error while parsing: Sure
[13:44:21] SMILES Parse Error: Failed parsing SMILES 'Sure' for input: 'Sure'

Progress: 981/2000[13:44:24] SMILES Parse Error: syntax error while parsing: the
[13:44:24] SMILES Parse Error: Failed parsing SMILES 'the' for input: 'the'
[13:44:24] SMILES Parse Error: syntax error while parsing: Sure
[13:44:24] SMILES Parse Error: Failed parsing SMILES 'Sure' for input: 'Sure'

Progress: 982/2000[13:44:25] SMILES Parse Error: syntax error while parsing: the
[13:44:25] SMILES Parse Error: Failed parsing SMILES 'the' for input: 'the'
[13:44:25] SMILES Parse Error: syntax error while parsing: Sure
[13:44:25] SMILES Parse Error: Failed parsing SMILES 'Sure' for input: 'Sure'

Progress: 983/2000[13:44:26] SMILES Parse Error: syntax error while parsing: the
[13:44:26] SMILES Parse Error: Failed parsing SMILES 'the' for input: 'the'
[13:44:26] SMILES Parse Error: syntax error while parsing: Sure
[13:44:26] SMILES Parse Error: Failed parsing SMILES 'Sure' for input: 'Sure'

Progress: 984/2000[13:44:28] SMILES Parse Error: syntax error while parsing: the
[13:44:28] SMILES Parse Error: Failed parsing SMILES 'the' for input: 'the'
[13:44:28] SMILES Parse Error: syntax error while parsing: Sure
[13:44:28] SMILES Parse Error: Failed parsing SMILES 'Sure' for input: 'Sure'

Progress: 985/2000[13:44:29] SMILES Parse Error: syntax error while parsing: the
[13:44:29] SMILES Parse Error: Failed parsing SMILES 'the' for input: 'the'
[13:44:29] SMILES Parse Error: syntax error while parsing: Sure
[13:44:29] SMILES Parse Error: Failed parsing SMILES 'Sure' for input: 'Sure'

Progress: 986/2000[13:44:30] SMILES Parse Error: syntax error while parsing: the
[13:44:30] SMILES Parse Error: Failed parsing SMILES 'the' for input: 'the'
[13:44:30] SMILES Parse Error: syntax error while parsing: Sure
[13:44:30] SMILES Parse Error: Failed parsing SMILES 'Sure' for input: 'Sure'

Progress: 987/2000[13:44:32] SMILES Parse Error: syntax error while parsing: SMILES
[13:44:32] SMILES Parse Error: Failed parsing SMILES 'SMILES' for input: 'SMILES'

Progress: 988/2000[13:44:33] SMILES Parse Error: syntax error while parsing: the
[13:44:33] SMILES Parse Error: Failed parsing SMILES 'the' for input: 'the'
[13:44:33] SMILES Parse Error: syntax error while parsing: Sure
[13:44:33] SMILES Parse Error: Failed parsing SMILES 'Sure' for input: 'Sure'

Progress: 989/2000[13:44:35] SMILES Parse Error: syntax error while parsing: the
[13:44:35] SMILES Parse Error: Failed parsing SMILES 'the' for input: 'the'
[13:44:35] SMILES Parse Error: syntax error while parsing: Sure
[13:44:35] SMILES Parse Error: Failed parsing SMILES 'Sure' for input: 'Sure'

Progress: 990/2000[13:44:36] SMILES Parse Error: syntax error while parsing: the
[13:44:36] SMILES Parse Error: Failed parsing SMILES 'the' for input: 'the'
[13:44:36] SMILES Parse Error: syntax error while parsing: Sure
[13:44:36] SMILES Parse Error: Failed parsing SMILES 'Sure' for input: 'Sure'

Progress: 991/2000[13:44:38] SMILES Parse Error: syntax error while parsing: helps
[13:44:38] SMILES Parse Error: Failed parsing SMILES 'helps' for input: 'helps'
[13:44:38] SMILES Parse Error: syntax error while parsing: Sure
[13:44:38] SMILES Parse Error: Failed parsing SMILES 'Sure' for input: 'Sure'

Progress: 992/2000[13:44:41] SMILES Parse Error: syntax error while parsing: SMILES
[13:44:41] SMILES Parse Error: Failed parsing SMILES 'SMILES' for input: 'SMILES'

Progress: 993/2000[13:44:42] SMILES Parse Error: syntax error while parsing: the
[13:44:42] SMILES Parse Error: Failed parsing SMILES 'the' for input: 'the'
[13:44:42] SMILES Parse Error: syntax error while parsing: Sure
[13:44:42] SMILES Parse Error: Failed parsing SMILES 'Sure' for input: 'Sure'

Progress: 994/2000[13:44:44] SMILES Parse Error: syntax error while parsing: the
[13:44:44] SMILES Parse Error: Failed parsing SMILES 'the' for input: 'the'
[13:44:44] SMILES Parse Error: syntax error while parsing: Sure
[13:44:44] SMILES Parse Error: Failed parsing SMILES 'Sure' for input: 'Sure'

Progress: 995/2000[13:44:46] SMILES Parse Error: syntax error while parsing: the
[13:44:46] SMILES Parse Error: Failed parsing SMILES 'the' for input: 'the'
[13:44:46] SMILES Parse Error: syntax error while parsing: Sure
[13:44:46] SMILES Parse Error: Failed parsing SMILES 'Sure' for input: 'Sure'

Progress: 996/2000[13:44:48] SMILES Parse Error: syntax error while parsing: the
[13:44:48] SMILES Parse Error: Failed parsing SMILES 'the' for input: 'the'
[13:44:48] SMILES Parse Error: syntax error while parsing: Sure
[13:44:48] SMILES Parse Error: Failed parsing SMILES 'Sure' for input: 'Sure'

Progress: 997/2000[13:44:49] SMILES Parse Error: syntax error while parsing: the
[13:44:49] SMILES Parse Error: Failed parsing SMILES 'the' for input: 'the'
[13:44:49] SMILES Parse Error: syntax error while parsing: Sure
[13:44:49] SMILES Parse Error: Failed parsing SMILES 'Sure' for input: 'Sure'

Progress: 998/2000[13:44:51] SMILES Parse Error: syntax error while parsing: the
[13:44:51] SMILES Parse Error: Failed parsing SMILES 'the' for input: 'the'
[13:44:51] SMILES Parse Error: syntax error while parsing: Sure
[13:44:51] SMILES Parse Error: Failed parsing SMILES 'Sure' for input: 'Sure'

Progress: 999/2000[13:44:53] SMILES Parse Error: syntax error while parsing: the
[13:44:53] SMILES Parse Error: Failed parsing SMILES 'the' for input: 'the'
[13:44:53] SMILES Parse Error: syntax error while parsing: Sure
[13:44:53] SMILES Parse Error: Failed parsing SMILES 'Sure' for input: 'Sure'

Progress: 1000/2000[13:44:54] SMILES Parse Error: syntax error while parsing: the
[13:44:54] SMILES Parse Error: Failed parsing SMILES 'the' for input: 'the'
[13:44:54] SMILES Parse Error: syntax error while parsing: Sure
[13:44:54] SMILES Parse Error: Failed parsing SMILES 'Sure' for input: 'Sure'

Progress: 1001/2000[13:44:55] SMILES Parse Error: syntax error while parsing: the
[13:44:55] SMILES Parse Error: Failed parsing SMILES 'the' for input: 'the'
[13:44:55] SMILES Parse Error: syntax error while parsing: Sure
[13:44:55] SMILES Parse Error: Failed parsing SMILES 'Sure' for input: 'Sure'

Progress: 1002/2000[13:44:57] SMILES Parse Error: syntax error while parsing: the
[13:44:57] SMILES Parse Error: Failed parsing SMILES 'the' for input: 'the'
[13:44:57] SMILES Parse Error: syntax error while parsing: Sure
[13:44:57] SMILES Parse Error: Failed parsing SMILES 'Sure' for input: 'Sure'

Progress: 1003/2000[13:44:58] SMILES Parse Error: syntax error while parsing: the
[13:44:58] SMILES Parse Error: Failed parsing SMILES 'the' for input: 'the'
[13:44:58] SMILES Parse Error: syntax error while parsing: Sure
[13:44:58] SMILES Parse Error: Failed parsing SMILES 'Sure' for input: 'Sure'

Progress: 1004/2000[13:44:59] SMILES Parse Error: syntax error while parsing: the
[13:44:59] SMILES Parse Error: Failed parsing SMILES 'the' for input: 'the'
[13:44:59] SMILES Parse Error: syntax error while parsing: Sure
[13:44:59] SMILES Parse Error: Failed parsing SMILES 'Sure' for input: 'Sure'

Progress: 1005/2000[13:45:00] SMILES Parse Error: syntax error while parsing: the
[13:45:00] SMILES Parse Error: Failed parsing SMILES 'the' for input: 'the'
[13:45:00] SMILES Parse Error: syntax error while parsing: Sure
[13:45:00] SMILES Parse Error: Failed parsing SMILES 'Sure' for input: 'Sure'

Progress: 1006/2000[13:45:02] SMILES Parse Error: syntax error while parsing: the
[13:45:02] SMILES Parse Error: Failed parsing SMILES 'the' for input: 'the'
[13:45:02] SMILES Parse Error: syntax error while parsing: Sure
[13:45:02] SMILES Parse Error: Failed parsing SMILES 'Sure' for input: 'Sure'

Progress: 1007/2000[13:45:04] SMILES Parse Error: syntax error while parsing: the
[13:45:04] SMILES Parse Error: Failed parsing SMILES 'the' for input: 'the'
[13:45:04] SMILES Parse Error: syntax error while parsing: Sure
[13:45:04] SMILES Parse Error: Failed parsing SMILES 'Sure' for input: 'Sure'

Progress: 1008/2000[13:45:06] SMILES Parse Error: syntax error while parsing: the
[13:45:06] SMILES Parse Error: Failed parsing SMILES 'the' for input: 'the'
[13:45:06] SMILES Parse Error: syntax error while parsing: Sure
[13:45:06] SMILES Parse Error: Failed parsing SMILES 'Sure' for input: 'Sure'

Progress: 1009/2000[13:45:08] SMILES Parse Error: syntax error while parsing: the
[13:45:08] SMILES Parse Error: Failed parsing SMILES 'the' for input: 'the'
[13:45:08] SMILES Parse Error: syntax error while parsing: Sure
[13:45:08] SMILES Parse Error: Failed parsing SMILES 'Sure' for input: 'Sure'

Progress: 1010/2000[13:45:10] SMILES Parse Error: syntax error while parsing: the
[13:45:10] SMILES Parse Error: Failed parsing SMILES 'the' for input: 'the'
[13:45:10] SMILES Parse Error: syntax error while parsing: Sure
[13:45:10] SMILES Parse Error: Failed parsing SMILES 'Sure' for input: 'Sure'

Progress: 1011/2000[13:45:12] SMILES Parse Error: syntax error while parsing: the
[13:45:12] SMILES Parse Error: Failed parsing SMILES 'the' for input: 'the'
[13:45:12] SMILES Parse Error: syntax error while parsing: Sure
[13:45:12] SMILES Parse Error: Failed parsing SMILES 'Sure' for input: 'Sure'

Progress: 1012/2000[13:45:14] SMILES Parse Error: syntax error while parsing: a
[13:45:14] SMILES Parse Error: Failed parsing SMILES 'a' for input: 'a'
[13:45:14] SMILES Parse Error: syntax error while parsing: SMILES
[13:45:14] SMILES Parse Error: Failed parsing SMILES 'SMILES' for input: 'SMILES'

Progress: 1013/2000[13:45:15] SMILES Parse Error: syntax error while parsing: the
[13:45:15] SMILES Parse Error: Failed parsing SMILES 'the' for input: 'the'
[13:45:15] SMILES Parse Error: syntax error while parsing: Sure
[13:45:15] SMILES Parse Error: Failed parsing SMILES 'Sure' for input: 'Sure'

Progress: 1014/2000[13:45:16] SMILES Parse Error: syntax error while parsing: the
[13:45:16] SMILES Parse Error: Failed parsing SMILES 'the' for input: 'the'
[13:45:16] SMILES Parse Error: syntax error while parsing: Sure
[13:45:16] SMILES Parse Error: Failed parsing SMILES 'Sure' for input: 'Sure'

Progress: 1015/2000[13:45:17] SMILES Parse Error: syntax error while parsing: the
[13:45:17] SMILES Parse Error: Failed parsing SMILES 'the' for input: 'the'
[13:45:17] SMILES Parse Error: syntax error while parsing: Sure
[13:45:17] SMILES Parse Error: Failed parsing SMILES 'Sure' for input: 'Sure'

Progress: 1016/2000[13:45:18] SMILES Parse Error: syntax error while parsing: the
[13:45:18] SMILES Parse Error: Failed parsing SMILES 'the' for input: 'the'
[13:45:18] SMILES Parse Error: syntax error while parsing: Sure
[13:45:18] SMILES Parse Error: Failed parsing SMILES 'Sure' for input: 'Sure'

Progress: 1017/2000[13:45:20] SMILES Parse Error: syntax error while parsing: the
[13:45:20] SMILES Parse Error: Failed parsing SMILES 'the' for input: 'the'
[13:45:20] SMILES Parse Error: syntax error while parsing: Sure
[13:45:20] SMILES Parse Error: Failed parsing SMILES 'Sure' for input: 'Sure'

Progress: 1018/2000[13:45:22] SMILES Parse Error: syntax error while parsing: the
[13:45:22] SMILES Parse Error: Failed parsing SMILES 'the' for input: 'the'
[13:45:22] SMILES Parse Error: syntax error while parsing: Sure
[13:45:22] SMILES Parse Error: Failed parsing SMILES 'Sure' for input: 'Sure'

Progress: 1019/2000[13:45:24] SMILES Parse Error: syntax error while parsing: the
[13:45:24] SMILES Parse Error: Failed parsing SMILES 'the' for input: 'the'
[13:45:24] SMILES Parse Error: syntax error while parsing: Sure
[13:45:24] SMILES Parse Error: Failed parsing SMILES 'Sure' for input: 'Sure'

Progress: 1020/2000[13:45:25] SMILES Parse Error: syntax error while parsing: the
[13:45:25] SMILES Parse Error: Failed parsing SMILES 'the' for input: 'the'
[13:45:25] SMILES Parse Error: syntax error while parsing: Sure
[13:45:25] SMILES Parse Error: Failed parsing SMILES 'Sure' for input: 'Sure'

Progress: 1021/2000[13:45:27] SMILES Parse Error: syntax error while parsing: the
[13:45:27] SMILES Parse Error: Failed parsing SMILES 'the' for input: 'the'
[13:45:27] SMILES Parse Error: syntax error while parsing: Sure
[13:45:27] SMILES Parse Error: Failed parsing SMILES 'Sure' for input: 'Sure'

Progress: 1022/2000[13:45:28] SMILES Parse Error: syntax error while parsing: the
[13:45:28] SMILES Parse Error: Failed parsing SMILES 'the' for input: 'the'
[13:45:28] SMILES Parse Error: syntax error while parsing: Sure
[13:45:28] SMILES Parse Error: Failed parsing SMILES 'Sure' for input: 'Sure'

Progress: 1023/2000[13:45:30] SMILES Parse Error: syntax error while parsing: the
[13:45:30] SMILES Parse Error: Failed parsing SMILES 'the' for input: 'the'
[13:45:30] SMILES Parse Error: syntax error while parsing: Sure
[13:45:30] SMILES Parse Error: Failed parsing SMILES 'Sure' for input: 'Sure'

Progress: 1024/2000[13:45:32] SMILES Parse Error: syntax error while parsing: the
[13:45:32] SMILES Parse Error: Failed parsing SMILES 'the' for input: 'the'
[13:45:32] SMILES Parse Error: syntax error while parsing: Sure
[13:45:32] SMILES Parse Error: Failed parsing SMILES 'Sure' for input: 'Sure'

Progress: 1025/2000[13:45:33] SMILES Parse Error: syntax error while parsing: the
[13:45:33] SMILES Parse Error: Failed parsing SMILES 'the' for input: 'the'
[13:45:33] SMILES Parse Error: syntax error while parsing: Sure
[13:45:33] SMILES Parse Error: Failed parsing SMILES 'Sure' for input: 'Sure'

Progress: 1026/2000[13:45:36] SMILES Parse Error: syntax error while parsing: the
[13:45:36] SMILES Parse Error: Failed parsing SMILES 'the' for input: 'the'
[13:45:36] SMILES Parse Error: syntax error while parsing: Sure
[13:45:36] SMILES Parse Error: Failed parsing SMILES 'Sure' for input: 'Sure'

Progress: 1027/2000[13:45:38] SMILES Parse Error: syntax error while parsing: the
[13:45:38] SMILES Parse Error: Failed parsing SMILES 'the' for input: 'the'
[13:45:38] SMILES Parse Error: syntax error while parsing: Sure
[13:45:38] SMILES Parse Error: Failed parsing SMILES 'Sure' for input: 'Sure'

Progress: 1028/2000[13:45:39] SMILES Parse Error: syntax error while parsing: the
[13:45:39] SMILES Parse Error: Failed parsing SMILES 'the' for input: 'the'
[13:45:39] SMILES Parse Error: syntax error while parsing: Sure
[13:45:39] SMILES Parse Error: Failed parsing SMILES 'Sure' for input: 'Sure'

Progress: 1029/2000[13:45:40] SMILES Parse Error: syntax error while parsing: the
[13:45:40] SMILES Parse Error: Failed parsing SMILES 'the' for input: 'the'
[13:45:40] SMILES Parse Error: syntax error while parsing: Sure
[13:45:40] SMILES Parse Error: Failed parsing SMILES 'Sure' for input: 'Sure'

Progress: 1030/2000[13:45:43] SMILES Parse Error: syntax error while parsing: the
[13:45:43] SMILES Parse Error: Failed parsing SMILES 'the' for input: 'the'
[13:45:43] SMILES Parse Error: syntax error while parsing: Sure
[13:45:43] SMILES Parse Error: Failed parsing SMILES 'Sure' for input: 'Sure'

Progress: 1031/2000[13:45:44] SMILES Parse Error: syntax error while parsing: the
[13:45:44] SMILES Parse Error: Failed parsing SMILES 'the' for input: 'the'
[13:45:44] SMILES Parse Error: syntax error while parsing: Sure
[13:45:44] SMILES Parse Error: Failed parsing SMILES 'Sure' for input: 'Sure'

Progress: 1032/2000[13:45:47] SMILES Parse Error: syntax error while parsing: the
[13:45:47] SMILES Parse Error: Failed parsing SMILES 'the' for input: 'the'
[13:45:47] SMILES Parse Error: syntax error while parsing: Sure
[13:45:47] SMILES Parse Error: Failed parsing SMILES 'Sure' for input: 'Sure'

Progress: 1033/2000[13:45:48] SMILES Parse Error: syntax error while parsing: the
[13:45:48] SMILES Parse Error: Failed parsing SMILES 'the' for input: 'the'
[13:45:48] SMILES Parse Error: syntax error while parsing: Sure
[13:45:48] SMILES Parse Error: Failed parsing SMILES 'Sure' for input: 'Sure'

Progress: 1034/2000[13:45:49] SMILES Parse Error: syntax error while parsing: the
[13:45:49] SMILES Parse Error: Failed parsing SMILES 'the' for input: 'the'
[13:45:49] SMILES Parse Error: syntax error while parsing: Sure
[13:45:49] SMILES Parse Error: Failed parsing SMILES 'Sure' for input: 'Sure'

Progress: 1035/2000[13:45:51] SMILES Parse Error: syntax error while parsing: the
[13:45:51] SMILES Parse Error: Failed parsing SMILES 'the' for input: 'the'
[13:45:51] SMILES Parse Error: syntax error while parsing: Sure
[13:45:51] SMILES Parse Error: Failed parsing SMILES 'Sure' for input: 'Sure'

Progress: 1036/2000[13:45:53] SMILES Parse Error: syntax error while parsing: the
[13:45:53] SMILES Parse Error: Failed parsing SMILES 'the' for input: 'the'
[13:45:53] SMILES Parse Error: syntax error while parsing: Sure
[13:45:53] SMILES Parse Error: Failed parsing SMILES 'Sure' for input: 'Sure'

Progress: 1037/2000[13:45:55] SMILES Parse Error: syntax error while parsing: the
[13:45:55] SMILES Parse Error: Failed parsing SMILES 'the' for input: 'the'
[13:45:55] SMILES Parse Error: syntax error while parsing: Sure
[13:45:55] SMILES Parse Error: Failed parsing SMILES 'Sure' for input: 'Sure'

Progress: 1038/2000[13:45:56] SMILES Parse Error: syntax error while parsing: the
[13:45:56] SMILES Parse Error: Failed parsing SMILES 'the' for input: 'the'
[13:45:56] SMILES Parse Error: syntax error while parsing: Sure
[13:45:56] SMILES Parse Error: Failed parsing SMILES 'Sure' for input: 'Sure'

Progress: 1039/2000[13:45:58] SMILES Parse Error: syntax error while parsing: the
[13:45:58] SMILES Parse Error: Failed parsing SMILES 'the' for input: 'the'
[13:45:58] SMILES Parse Error: syntax error while parsing: Sure
[13:45:58] SMILES Parse Error: Failed parsing SMILES 'Sure' for input: 'Sure'

Progress: 1040/2000[13:45:59] SMILES Parse Error: syntax error while parsing: the
[13:45:59] SMILES Parse Error: Failed parsing SMILES 'the' for input: 'the'
[13:45:59] SMILES Parse Error: syntax error while parsing: Sure
[13:45:59] SMILES Parse Error: Failed parsing SMILES 'Sure' for input: 'Sure'

Progress: 1041/2000[13:46:01] SMILES Parse Error: syntax error while parsing: the
[13:46:01] SMILES Parse Error: Failed parsing SMILES 'the' for input: 'the'
[13:46:01] SMILES Parse Error: syntax error while parsing: Sure
[13:46:01] SMILES Parse Error: Failed parsing SMILES 'Sure' for input: 'Sure'

Progress: 1042/2000[13:46:02] SMILES Parse Error: syntax error while parsing: is
[13:46:02] SMILES Parse Error: Failed parsing SMILES 'is' for input: 'is'
[13:46:02] SMILES Parse Error: syntax error while parsing: SMILES
[13:46:02] SMILES Parse Error: Failed parsing SMILES 'SMILES' for input: 'SMILES'

Progress: 1043/2000[13:46:04] SMILES Parse Error: syntax error while parsing: the
[13:46:04] SMILES Parse Error: Failed parsing SMILES 'the' for input: 'the'
[13:46:04] SMILES Parse Error: syntax error while parsing: Sure
[13:46:04] SMILES Parse Error: Failed parsing SMILES 'Sure' for input: 'Sure'

Progress: 1044/2000[13:46:05] SMILES Parse Error: syntax error while parsing: the
[13:46:05] SMILES Parse Error: Failed parsing SMILES 'the' for input: 'the'
[13:46:05] SMILES Parse Error: syntax error while parsing: Sure
[13:46:05] SMILES Parse Error: Failed parsing SMILES 'Sure' for input: 'Sure'

Progress: 1045/2000[13:46:06] SMILES Parse Error: syntax error while parsing: the
[13:46:06] SMILES Parse Error: Failed parsing SMILES 'the' for input: 'the'
[13:46:06] SMILES Parse Error: syntax error while parsing: Sure
[13:46:06] SMILES Parse Error: Failed parsing SMILES 'Sure' for input: 'Sure'

Progress: 1046/2000[13:46:09] SMILES Parse Error: syntax error while parsing: SMILES
[13:46:09] SMILES Parse Error: Failed parsing SMILES 'SMILES' for input: 'SMILES'

Progress: 1047/2000[13:46:10] SMILES Parse Error: syntax error while parsing: is
[13:46:10] SMILES Parse Error: Failed parsing SMILES 'is' for input: 'is'
[13:46:10] SMILES Parse Error: syntax error while parsing: SMILES
[13:46:10] SMILES Parse Error: Failed parsing SMILES 'SMILES' for input: 'SMILES'

Progress: 1048/2000[13:46:12] SMILES Parse Error: syntax error while parsing: is
[13:46:12] SMILES Parse Error: Failed parsing SMILES 'is' for input: 'is'
[13:46:12] SMILES Parse Error: syntax error while parsing: SMILES
[13:46:12] SMILES Parse Error: Failed parsing SMILES 'SMILES' for input: 'SMILES'

Progress: 1049/2000[13:46:13] SMILES Parse Error: syntax error while parsing: the
[13:46:13] SMILES Parse Error: Failed parsing SMILES 'the' for input: 'the'
[13:46:13] SMILES Parse Error: syntax error while parsing: Sure
[13:46:13] SMILES Parse Error: Failed parsing SMILES 'Sure' for input: 'Sure'

Progress: 1050/2000[13:46:15] SMILES Parse Error: syntax error while parsing: the
[13:46:15] SMILES Parse Error: Failed parsing SMILES 'the' for input: 'the'
[13:46:15] SMILES Parse Error: syntax error while parsing: Sure
[13:46:15] SMILES Parse Error: Failed parsing SMILES 'Sure' for input: 'Sure'

Progress: 1051/2000[13:46:16] SMILES Parse Error: syntax error while parsing: the
[13:46:16] SMILES Parse Error: Failed parsing SMILES 'the' for input: 'the'
[13:46:16] SMILES Parse Error: syntax error while parsing: Sure
[13:46:16] SMILES Parse Error: Failed parsing SMILES 'Sure' for input: 'Sure'

Progress: 1052/2000[13:46:18] SMILES Parse Error: syntax error while parsing: the
[13:46:18] SMILES Parse Error: Failed parsing SMILES 'the' for input: 'the'
[13:46:18] SMILES Parse Error: syntax error while parsing: Sure
[13:46:18] SMILES Parse Error: Failed parsing SMILES 'Sure' for input: 'Sure'

Progress: 1053/2000[13:46:20] SMILES Parse Error: syntax error while parsing: the
[13:46:20] SMILES Parse Error: Failed parsing SMILES 'the' for input: 'the'
[13:46:20] SMILES Parse Error: syntax error while parsing: Here
[13:46:20] SMILES Parse Error: Failed parsing SMILES 'Here' for input: 'Here'

Progress: 1054/2000[13:46:22] SMILES Parse Error: syntax error while parsing: the
[13:46:22] SMILES Parse Error: Failed parsing SMILES 'the' for input: 'the'
[13:46:22] SMILES Parse Error: syntax error while parsing: Sure
[13:46:22] SMILES Parse Error: Failed parsing SMILES 'Sure' for input: 'Sure'

Progress: 1055/2000[13:46:23] SMILES Parse Error: syntax error while parsing: the
[13:46:23] SMILES Parse Error: Failed parsing SMILES 'the' for input: 'the'
[13:46:23] SMILES Parse Error: syntax error while parsing: Sure
[13:46:23] SMILES Parse Error: Failed parsing SMILES 'Sure' for input: 'Sure'

Progress: 1056/2000[13:46:25] SMILES Parse Error: syntax error while parsing: molecule
[13:46:25] SMILES Parse Error: Failed parsing SMILES 'molecule' for input: 'molecule'
[13:46:25] SMILES Parse Error: syntax error while parsing: Sure
[13:46:25] SMILES Parse Error: Failed parsing SMILES 'Sure' for input: 'Sure'

Progress: 1057/2000[13:46:27] SMILES Parse Error: syntax error while parsing: a
[13:46:27] SMILES Parse Error: Failed parsing SMILES 'a' for input: 'a'
[13:46:27] SMILES Parse Error: syntax error while parsing: SMILES
[13:46:27] SMILES Parse Error: Failed parsing SMILES 'SMILES' for input: 'SMILES'

Progress: 1058/2000[13:46:28] SMILES Parse Error: syntax error while parsing: the
[13:46:28] SMILES Parse Error: Failed parsing SMILES 'the' for input: 'the'
[13:46:28] SMILES Parse Error: syntax error while parsing: Sure
[13:46:28] SMILES Parse Error: Failed parsing SMILES 'Sure' for input: 'Sure'

Progress: 1059/2000[13:46:30] SMILES Parse Error: syntax error while parsing: the
[13:46:30] SMILES Parse Error: Failed parsing SMILES 'the' for input: 'the'
[13:46:30] SMILES Parse Error: syntax error while parsing: Sure
[13:46:30] SMILES Parse Error: Failed parsing SMILES 'Sure' for input: 'Sure'

Progress: 1060/2000[13:46:31] SMILES Parse Error: syntax error while parsing: the
[13:46:31] SMILES Parse Error: Failed parsing SMILES 'the' for input: 'the'
[13:46:31] SMILES Parse Error: syntax error while parsing: Sure
[13:46:31] SMILES Parse Error: Failed parsing SMILES 'Sure' for input: 'Sure'

Progress: 1061/2000[13:46:32] SMILES Parse Error: syntax error while parsing: the
[13:46:32] SMILES Parse Error: Failed parsing SMILES 'the' for input: 'the'
[13:46:32] SMILES Parse Error: syntax error while parsing: Sure
[13:46:32] SMILES Parse Error: Failed parsing SMILES 'Sure' for input: 'Sure'

Progress: 1062/2000[13:46:34] SMILES Parse Error: syntax error while parsing: is
[13:46:34] SMILES Parse Error: Failed parsing SMILES 'is' for input: 'is'
[13:46:34] SMILES Parse Error: syntax error while parsing: SMILES
[13:46:34] SMILES Parse Error: Failed parsing SMILES 'SMILES' for input: 'SMILES'

Progress: 1063/2000[13:46:35] SMILES Parse Error: syntax error while parsing: the
[13:46:35] SMILES Parse Error: Failed parsing SMILES 'the' for input: 'the'
[13:46:35] SMILES Parse Error: syntax error while parsing: Sure
[13:46:35] SMILES Parse Error: Failed parsing SMILES 'Sure' for input: 'Sure'

Progress: 1064/2000[13:46:38] SMILES Parse Error: syntax error while parsing: Sure
[13:46:38] SMILES Parse Error: Failed parsing SMILES 'Sure' for input: 'Sure'

Progress: 1065/2000[13:46:39] SMILES Parse Error: syntax error while parsing: the
[13:46:39] SMILES Parse Error: Failed parsing SMILES 'the' for input: 'the'
[13:46:39] SMILES Parse Error: syntax error while parsing: Sure
[13:46:39] SMILES Parse Error: Failed parsing SMILES 'Sure' for input: 'Sure'

Progress: 1066/2000[13:46:41] SMILES Parse Error: syntax error while parsing: the
[13:46:41] SMILES Parse Error: Failed parsing SMILES 'the' for input: 'the'
[13:46:41] SMILES Parse Error: syntax error while parsing: Sure
[13:46:41] SMILES Parse Error: Failed parsing SMILES 'Sure' for input: 'Sure'

Progress: 1067/2000[13:46:42] SMILES Parse Error: syntax error while parsing: the
[13:46:42] SMILES Parse Error: Failed parsing SMILES 'the' for input: 'the'
[13:46:42] SMILES Parse Error: syntax error while parsing: Sure
[13:46:42] SMILES Parse Error: Failed parsing SMILES 'Sure' for input: 'Sure'

Progress: 1068/2000[13:46:44] SMILES Parse Error: syntax error while parsing: is
[13:46:44] SMILES Parse Error: Failed parsing SMILES 'is' for input: 'is'
[13:46:44] SMILES Parse Error: syntax error while parsing: SMILES
[13:46:44] SMILES Parse Error: Failed parsing SMILES 'SMILES' for input: 'SMILES'

Progress: 1069/2000[13:46:45] SMILES Parse Error: syntax error while parsing: the
[13:46:45] SMILES Parse Error: Failed parsing SMILES 'the' for input: 'the'
[13:46:45] SMILES Parse Error: syntax error while parsing: Sure
[13:46:45] SMILES Parse Error: Failed parsing SMILES 'Sure' for input: 'Sure'

Progress: 1070/2000[13:46:47] SMILES Parse Error: syntax error while parsing: the
[13:46:47] SMILES Parse Error: Failed parsing SMILES 'the' for input: 'the'
[13:46:47] SMILES Parse Error: syntax error while parsing: Sure
[13:46:47] SMILES Parse Error: Failed parsing SMILES 'Sure' for input: 'Sure'

Progress: 1071/2000[13:46:48] SMILES Parse Error: syntax error while parsing: the
[13:46:48] SMILES Parse Error: Failed parsing SMILES 'the' for input: 'the'
[13:46:48] SMILES Parse Error: syntax error while parsing: Sure
[13:46:48] SMILES Parse Error: Failed parsing SMILES 'Sure' for input: 'Sure'

Progress: 1072/2000[13:46:50] SMILES Parse Error: syntax error while parsing: the
[13:46:50] SMILES Parse Error: Failed parsing SMILES 'the' for input: 'the'
[13:46:50] SMILES Parse Error: syntax error while parsing: Sure
[13:46:50] SMILES Parse Error: Failed parsing SMILES 'Sure' for input: 'Sure'

Progress: 1073/2000
Progress: 1074/2000[13:46:54] SMILES Parse Error: syntax error while parsing: the
[13:46:54] SMILES Parse Error: Failed parsing SMILES 'the' for input: 'the'
[13:46:54] SMILES Parse Error: syntax error while parsing: Sure
[13:46:54] SMILES Parse Error: Failed parsing SMILES 'Sure' for input: 'Sure'

Progress: 1075/2000[13:46:56] SMILES Parse Error: syntax error while parsing: SMILES
[13:46:56] SMILES Parse Error: Failed parsing SMILES 'SMILES' for input: 'SMILES'
[13:46:56] SMILES Parse Error: syntax error while parsing: SMILES
[13:46:56] SMILES Parse Error: Failed parsing SMILES 'SMILES' for input: 'SMILES'

Progress: 1076/2000[13:46:57] SMILES Parse Error: syntax error while parsing: the
[13:46:57] SMILES Parse Error: Failed parsing SMILES 'the' for input: 'the'
[13:46:57] SMILES Parse Error: syntax error while parsing: Sure
[13:46:57] SMILES Parse Error: Failed parsing SMILES 'Sure' for input: 'Sure'

Progress: 1077/2000[13:46:59] SMILES Parse Error: syntax error while parsing: the
[13:46:59] SMILES Parse Error: Failed parsing SMILES 'the' for input: 'the'
[13:46:59] SMILES Parse Error: syntax error while parsing: Sure
[13:46:59] SMILES Parse Error: Failed parsing SMILES 'Sure' for input: 'Sure'

Progress: 1078/2000[13:47:00] SMILES Parse Error: syntax error while parsing: the
[13:47:00] SMILES Parse Error: Failed parsing SMILES 'the' for input: 'the'
[13:47:00] SMILES Parse Error: syntax error while parsing: Sure
[13:47:00] SMILES Parse Error: Failed parsing SMILES 'Sure' for input: 'Sure'

Progress: 1079/2000[13:47:01] SMILES Parse Error: syntax error while parsing: the
[13:47:01] SMILES Parse Error: Failed parsing SMILES 'the' for input: 'the'
[13:47:01] SMILES Parse Error: syntax error while parsing: Sure
[13:47:01] SMILES Parse Error: Failed parsing SMILES 'Sure' for input: 'Sure'

Progress: 1080/2000[13:47:03] SMILES Parse Error: syntax error while parsing: SMILES
[13:47:03] SMILES Parse Error: Failed parsing SMILES 'SMILES' for input: 'SMILES'

Progress: 1081/2000[13:47:04] SMILES Parse Error: syntax error while parsing: the
[13:47:04] SMILES Parse Error: Failed parsing SMILES 'the' for input: 'the'
[13:47:04] SMILES Parse Error: syntax error while parsing: Sure
[13:47:04] SMILES Parse Error: Failed parsing SMILES 'Sure' for input: 'Sure'

Progress: 1082/2000[13:47:06] SMILES Parse Error: syntax error while parsing: is
[13:47:06] SMILES Parse Error: Failed parsing SMILES 'is' for input: 'is'
[13:47:06] SMILES Parse Error: syntax error while parsing: SMILES
[13:47:06] SMILES Parse Error: Failed parsing SMILES 'SMILES' for input: 'SMILES'

Progress: 1083/2000[13:47:07] SMILES Parse Error: syntax error while parsing: the
[13:47:07] SMILES Parse Error: Failed parsing SMILES 'the' for input: 'the'
[13:47:07] SMILES Parse Error: syntax error while parsing: Sure
[13:47:07] SMILES Parse Error: Failed parsing SMILES 'Sure' for input: 'Sure'

Progress: 1084/2000[13:47:08] SMILES Parse Error: syntax error while parsing: the
[13:47:08] SMILES Parse Error: Failed parsing SMILES 'the' for input: 'the'
[13:47:08] SMILES Parse Error: syntax error while parsing: Sure
[13:47:08] SMILES Parse Error: Failed parsing SMILES 'Sure' for input: 'Sure'

Progress: 1085/2000[13:47:10] SMILES Parse Error: syntax error while parsing: the
[13:47:10] SMILES Parse Error: Failed parsing SMILES 'the' for input: 'the'
[13:47:10] SMILES Parse Error: syntax error while parsing: Sure
[13:47:10] SMILES Parse Error: Failed parsing SMILES 'Sure' for input: 'Sure'

Progress: 1086/2000[13:47:12] SMILES Parse Error: syntax error while parsing: the
[13:47:12] SMILES Parse Error: Failed parsing SMILES 'the' for input: 'the'
[13:47:12] SMILES Parse Error: syntax error while parsing: Sure
[13:47:12] SMILES Parse Error: Failed parsing SMILES 'Sure' for input: 'Sure'

Progress: 1087/2000[13:47:13] SMILES Parse Error: syntax error while parsing: the
[13:47:13] SMILES Parse Error: Failed parsing SMILES 'the' for input: 'the'
[13:47:13] SMILES Parse Error: syntax error while parsing: Sure
[13:47:13] SMILES Parse Error: Failed parsing SMILES 'Sure' for input: 'Sure'

Progress: 1088/2000[13:47:14] SMILES Parse Error: syntax error while parsing: the
[13:47:14] SMILES Parse Error: Failed parsing SMILES 'the' for input: 'the'
[13:47:14] SMILES Parse Error: syntax error while parsing: Sure
[13:47:14] SMILES Parse Error: Failed parsing SMILES 'Sure' for input: 'Sure'

Progress: 1089/2000[13:47:16] SMILES Parse Error: syntax error while parsing: the
[13:47:16] SMILES Parse Error: Failed parsing SMILES 'the' for input: 'the'
[13:47:16] SMILES Parse Error: syntax error while parsing: Sure
[13:47:16] SMILES Parse Error: Failed parsing SMILES 'Sure' for input: 'Sure'

Progress: 1090/2000[13:47:17] SMILES Parse Error: syntax error while parsing: the
[13:47:17] SMILES Parse Error: Failed parsing SMILES 'the' for input: 'the'
[13:47:17] SMILES Parse Error: syntax error while parsing: Sure
[13:47:17] SMILES Parse Error: Failed parsing SMILES 'Sure' for input: 'Sure'

Progress: 1091/2000[13:47:19] SMILES Parse Error: syntax error while parsing: the
[13:47:19] SMILES Parse Error: Failed parsing SMILES 'the' for input: 'the'
[13:47:19] SMILES Parse Error: syntax error while parsing: Sure
[13:47:19] SMILES Parse Error: Failed parsing SMILES 'Sure' for input: 'Sure'

Progress: 1092/2000[13:47:20] SMILES Parse Error: syntax error while parsing: the
[13:47:20] SMILES Parse Error: Failed parsing SMILES 'the' for input: 'the'
[13:47:20] SMILES Parse Error: syntax error while parsing: Sure
[13:47:20] SMILES Parse Error: Failed parsing SMILES 'Sure' for input: 'Sure'

Progress: 1093/2000[13:47:21] SMILES Parse Error: syntax error while parsing: the
[13:47:21] SMILES Parse Error: Failed parsing SMILES 'the' for input: 'the'
[13:47:21] SMILES Parse Error: syntax error while parsing: Sure
[13:47:21] SMILES Parse Error: Failed parsing SMILES 'Sure' for input: 'Sure'

Progress: 1094/2000[13:47:23] SMILES Parse Error: syntax error while parsing: the
[13:47:23] SMILES Parse Error: Failed parsing SMILES 'the' for input: 'the'
[13:47:23] SMILES Parse Error: syntax error while parsing: Sure
[13:47:23] SMILES Parse Error: Failed parsing SMILES 'Sure' for input: 'Sure'

Progress: 1095/2000
Progress: 1096/2000[13:47:27] SMILES Parse Error: syntax error while parsing: the
[13:47:27] SMILES Parse Error: Failed parsing SMILES 'the' for input: 'the'
[13:47:27] SMILES Parse Error: syntax error while parsing: Sure
[13:47:27] SMILES Parse Error: Failed parsing SMILES 'Sure' for input: 'Sure'

Progress: 1097/2000[13:47:28] SMILES Parse Error: syntax error while parsing: the
[13:47:28] SMILES Parse Error: Failed parsing SMILES 'the' for input: 'the'
[13:47:28] SMILES Parse Error: syntax error while parsing: Sure
[13:47:28] SMILES Parse Error: Failed parsing SMILES 'Sure' for input: 'Sure'

Progress: 1098/2000[13:47:29] SMILES Parse Error: syntax error while parsing: the
[13:47:29] SMILES Parse Error: Failed parsing SMILES 'the' for input: 'the'
[13:47:29] SMILES Parse Error: syntax error while parsing: Sure
[13:47:29] SMILES Parse Error: Failed parsing SMILES 'Sure' for input: 'Sure'

Progress: 1099/2000[13:47:31] SMILES Parse Error: syntax error while parsing: SMILES
[13:47:31] SMILES Parse Error: Failed parsing SMILES 'SMILES' for input: 'SMILES'

Progress: 1100/2000[13:47:33] SMILES Parse Error: syntax error while parsing: the
[13:47:33] SMILES Parse Error: Failed parsing SMILES 'the' for input: 'the'
[13:47:33] SMILES Parse Error: syntax error while parsing: Sure
[13:47:33] SMILES Parse Error: Failed parsing SMILES 'Sure' for input: 'Sure'

Progress: 1101/2000[13:47:35] SMILES Parse Error: syntax error while parsing: SMILES
[13:47:35] SMILES Parse Error: Failed parsing SMILES 'SMILES' for input: 'SMILES'

Progress: 1102/2000[13:47:37] SMILES Parse Error: syntax error while parsing: the
[13:47:37] SMILES Parse Error: Failed parsing SMILES 'the' for input: 'the'
[13:47:37] SMILES Parse Error: syntax error while parsing: Sure
[13:47:37] SMILES Parse Error: Failed parsing SMILES 'Sure' for input: 'Sure'

Progress: 1103/2000[13:47:38] SMILES Parse Error: syntax error while parsing: the
[13:47:38] SMILES Parse Error: Failed parsing SMILES 'the' for input: 'the'
[13:47:38] SMILES Parse Error: syntax error while parsing: Sure
[13:47:38] SMILES Parse Error: Failed parsing SMILES 'Sure' for input: 'Sure'

Progress: 1104/2000[13:47:40] SMILES Parse Error: syntax error while parsing: the
[13:47:40] SMILES Parse Error: Failed parsing SMILES 'the' for input: 'the'
[13:47:40] SMILES Parse Error: syntax error while parsing: Sure
[13:47:40] SMILES Parse Error: Failed parsing SMILES 'Sure' for input: 'Sure'

Progress: 1105/2000[13:47:41] SMILES Parse Error: syntax error while parsing: the
[13:47:41] SMILES Parse Error: Failed parsing SMILES 'the' for input: 'the'
[13:47:41] SMILES Parse Error: syntax error while parsing: Sure
[13:47:41] SMILES Parse Error: Failed parsing SMILES 'Sure' for input: 'Sure'

Progress: 1106/2000
Progress: 1107/2000[13:47:44] SMILES Parse Error: syntax error while parsing: the
[13:47:44] SMILES Parse Error: Failed parsing SMILES 'the' for input: 'the'
[13:47:44] SMILES Parse Error: syntax error while parsing: Sure
[13:47:44] SMILES Parse Error: Failed parsing SMILES 'Sure' for input: 'Sure'

Progress: 1108/2000[13:47:46] SMILES Parse Error: syntax error while parsing: the
[13:47:46] SMILES Parse Error: Failed parsing SMILES 'the' for input: 'the'
[13:47:46] SMILES Parse Error: syntax error while parsing: Sure
[13:47:46] SMILES Parse Error: Failed parsing SMILES 'Sure' for input: 'Sure'

Progress: 1109/2000[13:47:48] SMILES Parse Error: syntax error while parsing: around
[13:47:48] SMILES Parse Error: Failed parsing SMILES 'around' for input: 'around'
[13:47:48] SMILES Parse Error: syntax error while parsing: SMILES
[13:47:48] SMILES Parse Error: Failed parsing SMILES 'SMILES' for input: 'SMILES'

Progress: 1110/2000[13:47:49] SMILES Parse Error: syntax error while parsing: the
[13:47:49] SMILES Parse Error: Failed parsing SMILES 'the' for input: 'the'
[13:47:49] SMILES Parse Error: syntax error while parsing: Sure
[13:47:49] SMILES Parse Error: Failed parsing SMILES 'Sure' for input: 'Sure'

Progress: 1111/2000[13:47:51] SMILES Parse Error: syntax error while parsing: the
[13:47:51] SMILES Parse Error: Failed parsing SMILES 'the' for input: 'the'
[13:47:51] SMILES Parse Error: syntax error while parsing: Sure
[13:47:51] SMILES Parse Error: Failed parsing SMILES 'Sure' for input: 'Sure'

Progress: 1112/2000[13:47:53] SMILES Parse Error: syntax error while parsing: the
[13:47:53] SMILES Parse Error: Failed parsing SMILES 'the' for input: 'the'
[13:47:53] SMILES Parse Error: syntax error while parsing: Sure
[13:47:53] SMILES Parse Error: Failed parsing SMILES 'Sure' for input: 'Sure'

Progress: 1113/2000[13:47:54] SMILES Parse Error: syntax error while parsing: the
[13:47:54] SMILES Parse Error: Failed parsing SMILES 'the' for input: 'the'
[13:47:54] SMILES Parse Error: syntax error while parsing: Sure
[13:47:54] SMILES Parse Error: Failed parsing SMILES 'Sure' for input: 'Sure'

Progress: 1114/2000[13:47:55] SMILES Parse Error: syntax error while parsing: the
[13:47:55] SMILES Parse Error: Failed parsing SMILES 'the' for input: 'the'
[13:47:55] SMILES Parse Error: syntax error while parsing: Sure
[13:47:55] SMILES Parse Error: Failed parsing SMILES 'Sure' for input: 'Sure'

Progress: 1115/2000[13:47:57] SMILES Parse Error: syntax error while parsing: the
[13:47:57] SMILES Parse Error: Failed parsing SMILES 'the' for input: 'the'
[13:47:57] SMILES Parse Error: syntax error while parsing: Sure
[13:47:57] SMILES Parse Error: Failed parsing SMILES 'Sure' for input: 'Sure'

Progress: 1116/2000[13:47:59] SMILES Parse Error: syntax error while parsing: the
[13:47:59] SMILES Parse Error: Failed parsing SMILES 'the' for input: 'the'
[13:47:59] SMILES Parse Error: syntax error while parsing: Sure
[13:47:59] SMILES Parse Error: Failed parsing SMILES 'Sure' for input: 'Sure'

Progress: 1117/2000[13:48:00] SMILES Parse Error: syntax error while parsing: the
[13:48:00] SMILES Parse Error: Failed parsing SMILES 'the' for input: 'the'
[13:48:00] SMILES Parse Error: syntax error while parsing: Sure
[13:48:00] SMILES Parse Error: Failed parsing SMILES 'Sure' for input: 'Sure'

Progress: 1118/2000[13:48:02] SMILES Parse Error: syntax error while parsing: the
[13:48:02] SMILES Parse Error: Failed parsing SMILES 'the' for input: 'the'
[13:48:02] SMILES Parse Error: syntax error while parsing: Sure
[13:48:02] SMILES Parse Error: Failed parsing SMILES 'Sure' for input: 'Sure'

Progress: 1119/2000[13:48:04] SMILES Parse Error: syntax error while parsing: Sure
[13:48:04] SMILES Parse Error: Failed parsing SMILES 'Sure' for input: 'Sure'

Progress: 1120/2000[13:48:05] SMILES Parse Error: syntax error while parsing: the
[13:48:05] SMILES Parse Error: Failed parsing SMILES 'the' for input: 'the'
[13:48:05] SMILES Parse Error: syntax error while parsing: Sure
[13:48:05] SMILES Parse Error: Failed parsing SMILES 'Sure' for input: 'Sure'

Progress: 1121/2000[13:48:07] SMILES Parse Error: syntax error while parsing: the
[13:48:07] SMILES Parse Error: Failed parsing SMILES 'the' for input: 'the'
[13:48:07] SMILES Parse Error: syntax error while parsing: Sure
[13:48:07] SMILES Parse Error: Failed parsing SMILES 'Sure' for input: 'Sure'

Progress: 1122/2000[13:48:08] SMILES Parse Error: syntax error while parsing: the
[13:48:08] SMILES Parse Error: Failed parsing SMILES 'the' for input: 'the'
[13:48:08] SMILES Parse Error: syntax error while parsing: Sure
[13:48:08] SMILES Parse Error: Failed parsing SMILES 'Sure' for input: 'Sure'

Progress: 1123/2000[13:48:10] SMILES Parse Error: syntax error while parsing: the
[13:48:10] SMILES Parse Error: Failed parsing SMILES 'the' for input: 'the'
[13:48:10] SMILES Parse Error: syntax error while parsing: Sure
[13:48:10] SMILES Parse Error: Failed parsing SMILES 'Sure' for input: 'Sure'

Progress: 1124/2000[13:48:11] SMILES Parse Error: syntax error while parsing: the
[13:48:11] SMILES Parse Error: Failed parsing SMILES 'the' for input: 'the'
[13:48:11] SMILES Parse Error: syntax error while parsing: Sure
[13:48:11] SMILES Parse Error: Failed parsing SMILES 'Sure' for input: 'Sure'

Progress: 1125/2000[13:48:13] SMILES Parse Error: syntax error while parsing: the
[13:48:13] SMILES Parse Error: Failed parsing SMILES 'the' for input: 'the'
[13:48:13] SMILES Parse Error: syntax error while parsing: Sure
[13:48:13] SMILES Parse Error: Failed parsing SMILES 'Sure' for input: 'Sure'

Progress: 1126/2000[13:48:15] SMILES Parse Error: syntax error while parsing: the
[13:48:15] SMILES Parse Error: Failed parsing SMILES 'the' for input: 'the'
[13:48:15] SMILES Parse Error: syntax error while parsing: Sure
[13:48:15] SMILES Parse Error: Failed parsing SMILES 'Sure' for input: 'Sure'

Progress: 1127/2000[13:48:16] SMILES Parse Error: syntax error while parsing: the
[13:48:16] SMILES Parse Error: Failed parsing SMILES 'the' for input: 'the'
[13:48:16] SMILES Parse Error: syntax error while parsing: Sure
[13:48:16] SMILES Parse Error: Failed parsing SMILES 'Sure' for input: 'Sure'

Progress: 1128/2000[13:48:18] SMILES Parse Error: syntax error while parsing: the
[13:48:18] SMILES Parse Error: Failed parsing SMILES 'the' for input: 'the'
[13:48:18] SMILES Parse Error: syntax error while parsing: Sure
[13:48:18] SMILES Parse Error: Failed parsing SMILES 'Sure' for input: 'Sure'

Progress: 1129/2000[13:48:20] SMILES Parse Error: syntax error while parsing: SMILES
[13:48:20] SMILES Parse Error: Failed parsing SMILES 'SMILES' for input: 'SMILES'
[13:48:20] SMILES Parse Error: syntax error while parsing: SMILES
[13:48:20] SMILES Parse Error: Failed parsing SMILES 'SMILES' for input: 'SMILES'

Progress: 1130/2000[13:48:21] SMILES Parse Error: syntax error while parsing: the
[13:48:21] SMILES Parse Error: Failed parsing SMILES 'the' for input: 'the'
[13:48:21] SMILES Parse Error: syntax error while parsing: Sure
[13:48:21] SMILES Parse Error: Failed parsing SMILES 'Sure' for input: 'Sure'

Progress: 1131/2000[13:48:22] SMILES Parse Error: syntax error while parsing: the
[13:48:22] SMILES Parse Error: Failed parsing SMILES 'the' for input: 'the'
[13:48:22] SMILES Parse Error: syntax error while parsing: Sure
[13:48:22] SMILES Parse Error: Failed parsing SMILES 'Sure' for input: 'Sure'

Progress: 1132/2000[13:48:24] SMILES Parse Error: syntax error while parsing: the
[13:48:24] SMILES Parse Error: Failed parsing SMILES 'the' for input: 'the'
[13:48:24] SMILES Parse Error: syntax error while parsing: Sure
[13:48:24] SMILES Parse Error: Failed parsing SMILES 'Sure' for input: 'Sure'

Progress: 1133/2000
Progress: 1134/2000[13:48:29] SMILES Parse Error: syntax error while parsing: the
[13:48:29] SMILES Parse Error: Failed parsing SMILES 'the' for input: 'the'
[13:48:29] SMILES Parse Error: syntax error while parsing: Sure
[13:48:29] SMILES Parse Error: Failed parsing SMILES 'Sure' for input: 'Sure'

Progress: 1135/2000[13:48:31] SMILES Parse Error: syntax error while parsing: the
[13:48:31] SMILES Parse Error: Failed parsing SMILES 'the' for input: 'the'
[13:48:31] SMILES Parse Error: syntax error while parsing: Sure
[13:48:31] SMILES Parse Error: Failed parsing SMILES 'Sure' for input: 'Sure'

Progress: 1136/2000[13:48:33] SMILES Parse Error: syntax error while parsing: the
[13:48:33] SMILES Parse Error: Failed parsing SMILES 'the' for input: 'the'
[13:48:33] SMILES Parse Error: syntax error while parsing: Sure
[13:48:33] SMILES Parse Error: Failed parsing SMILES 'Sure' for input: 'Sure'

Progress: 1137/2000[13:48:34] SMILES Parse Error: syntax error while parsing: Sure
[13:48:34] SMILES Parse Error: Failed parsing SMILES 'Sure' for input: 'Sure'

Progress: 1138/2000[13:48:35] SMILES Parse Error: syntax error while parsing: the
[13:48:35] SMILES Parse Error: Failed parsing SMILES 'the' for input: 'the'
[13:48:35] SMILES Parse Error: syntax error while parsing: Sure
[13:48:35] SMILES Parse Error: Failed parsing SMILES 'Sure' for input: 'Sure'

Progress: 1139/2000[13:48:37] SMILES Parse Error: syntax error while parsing: SMILES
[13:48:37] SMILES Parse Error: Failed parsing SMILES 'SMILES' for input: 'SMILES'

Progress: 1140/2000[13:48:38] SMILES Parse Error: syntax error while parsing: the
[13:48:38] SMILES Parse Error: Failed parsing SMILES 'the' for input: 'the'
[13:48:38] SMILES Parse Error: syntax error while parsing: Sure
[13:48:38] SMILES Parse Error: Failed parsing SMILES 'Sure' for input: 'Sure'

Progress: 1141/2000[13:48:39] SMILES Parse Error: syntax error while parsing: the
[13:48:39] SMILES Parse Error: Failed parsing SMILES 'the' for input: 'the'
[13:48:39] SMILES Parse Error: syntax error while parsing: Sure
[13:48:39] SMILES Parse Error: Failed parsing SMILES 'Sure' for input: 'Sure'

Progress: 1142/2000[13:48:42] SMILES Parse Error: syntax error while parsing: the
[13:48:42] SMILES Parse Error: Failed parsing SMILES 'the' for input: 'the'
[13:48:42] SMILES Parse Error: syntax error while parsing: Sure
[13:48:42] SMILES Parse Error: Failed parsing SMILES 'Sure' for input: 'Sure'

Progress: 1143/2000[13:48:44] SMILES Parse Error: syntax error while parsing: the
[13:48:44] SMILES Parse Error: Failed parsing SMILES 'the' for input: 'the'
[13:48:44] SMILES Parse Error: syntax error while parsing: Sure
[13:48:44] SMILES Parse Error: Failed parsing SMILES 'Sure' for input: 'Sure'

Progress: 1144/2000[13:48:45] SMILES Parse Error: syntax error while parsing: the
[13:48:45] SMILES Parse Error: Failed parsing SMILES 'the' for input: 'the'
[13:48:45] SMILES Parse Error: syntax error while parsing: Sure
[13:48:45] SMILES Parse Error: Failed parsing SMILES 'Sure' for input: 'Sure'

Progress: 1145/2000[13:48:46] SMILES Parse Error: syntax error while parsing: the
[13:48:46] SMILES Parse Error: Failed parsing SMILES 'the' for input: 'the'
[13:48:46] SMILES Parse Error: syntax error while parsing: Sure
[13:48:46] SMILES Parse Error: Failed parsing SMILES 'Sure' for input: 'Sure'

Progress: 1146/2000[13:48:50] SMILES Parse Error: syntax error while parsing: the
[13:48:50] SMILES Parse Error: Failed parsing SMILES 'the' for input: 'the'
[13:48:50] SMILES Parse Error: syntax error while parsing: Sure
[13:48:50] SMILES Parse Error: Failed parsing SMILES 'Sure' for input: 'Sure'

Progress: 1147/2000[13:48:52] SMILES Parse Error: syntax error while parsing: the
[13:48:52] SMILES Parse Error: Failed parsing SMILES 'the' for input: 'the'
[13:48:52] SMILES Parse Error: syntax error while parsing: Sure
[13:48:52] SMILES Parse Error: Failed parsing SMILES 'Sure' for input: 'Sure'

Progress: 1148/2000
Progress: 1149/2000[13:48:56] SMILES Parse Error: syntax error while parsing: the
[13:48:56] SMILES Parse Error: Failed parsing SMILES 'the' for input: 'the'
[13:48:56] SMILES Parse Error: syntax error while parsing: Sure
[13:48:56] SMILES Parse Error: Failed parsing SMILES 'Sure' for input: 'Sure'

Progress: 1150/2000[13:48:57] SMILES Parse Error: syntax error while parsing: the
[13:48:57] SMILES Parse Error: Failed parsing SMILES 'the' for input: 'the'
[13:48:57] SMILES Parse Error: syntax error while parsing: Sure
[13:48:57] SMILES Parse Error: Failed parsing SMILES 'Sure' for input: 'Sure'

Progress: 1151/2000[13:48:58] SMILES Parse Error: syntax error while parsing: the
[13:48:58] SMILES Parse Error: Failed parsing SMILES 'the' for input: 'the'
[13:48:58] SMILES Parse Error: syntax error while parsing: Sure
[13:48:58] SMILES Parse Error: Failed parsing SMILES 'Sure' for input: 'Sure'

Progress: 1152/2000[13:49:00] SMILES Parse Error: syntax error while parsing: the
[13:49:00] SMILES Parse Error: Failed parsing SMILES 'the' for input: 'the'
[13:49:00] SMILES Parse Error: syntax error while parsing: Sure
[13:49:00] SMILES Parse Error: Failed parsing SMILES 'Sure' for input: 'Sure'

Progress: 1153/2000[13:49:02] SMILES Parse Error: syntax error while parsing: the
[13:49:02] SMILES Parse Error: Failed parsing SMILES 'the' for input: 'the'
[13:49:02] SMILES Parse Error: syntax error while parsing: Sure
[13:49:02] SMILES Parse Error: Failed parsing SMILES 'Sure' for input: 'Sure'

Progress: 1154/2000[13:49:03] SMILES Parse Error: syntax error while parsing: the
[13:49:03] SMILES Parse Error: Failed parsing SMILES 'the' for input: 'the'
[13:49:03] SMILES Parse Error: syntax error while parsing: Sure
[13:49:03] SMILES Parse Error: Failed parsing SMILES 'Sure' for input: 'Sure'

Progress: 1155/2000[13:49:05] SMILES Parse Error: syntax error while parsing: the
[13:49:05] SMILES Parse Error: Failed parsing SMILES 'the' for input: 'the'
[13:49:05] SMILES Parse Error: syntax error while parsing: Sure
[13:49:05] SMILES Parse Error: Failed parsing SMILES 'Sure' for input: 'Sure'

Progress: 1156/2000[13:49:06] SMILES Parse Error: syntax error while parsing: the
[13:49:06] SMILES Parse Error: Failed parsing SMILES 'the' for input: 'the'
[13:49:06] SMILES Parse Error: syntax error while parsing: Sure
[13:49:06] SMILES Parse Error: Failed parsing SMILES 'Sure' for input: 'Sure'

Progress: 1157/2000[13:49:07] SMILES Parse Error: syntax error while parsing: the
[13:49:07] SMILES Parse Error: Failed parsing SMILES 'the' for input: 'the'
[13:49:07] SMILES Parse Error: syntax error while parsing: Sure
[13:49:07] SMILES Parse Error: Failed parsing SMILES 'Sure' for input: 'Sure'

Progress: 1158/2000[13:49:08] SMILES Parse Error: syntax error while parsing: is
[13:49:08] SMILES Parse Error: Failed parsing SMILES 'is' for input: 'is'
[13:49:08] SMILES Parse Error: syntax error while parsing: SMILES
[13:49:08] SMILES Parse Error: Failed parsing SMILES 'SMILES' for input: 'SMILES'

Progress: 1159/2000[13:49:11] SMILES Parse Error: syntax error while parsing: the
[13:49:11] SMILES Parse Error: Failed parsing SMILES 'the' for input: 'the'
[13:49:11] SMILES Parse Error: syntax error while parsing: Sure
[13:49:11] SMILES Parse Error: Failed parsing SMILES 'Sure' for input: 'Sure'

Progress: 1160/2000[13:49:12] SMILES Parse Error: syntax error while parsing: the
[13:49:12] SMILES Parse Error: Failed parsing SMILES 'the' for input: 'the'
[13:49:12] SMILES Parse Error: syntax error while parsing: Sure
[13:49:12] SMILES Parse Error: Failed parsing SMILES 'Sure' for input: 'Sure'

Progress: 1161/2000[13:49:13] SMILES Parse Error: syntax error while parsing: is
[13:49:13] SMILES Parse Error: Failed parsing SMILES 'is' for input: 'is'
[13:49:13] SMILES Parse Error: syntax error while parsing: SMILES
[13:49:13] SMILES Parse Error: Failed parsing SMILES 'SMILES' for input: 'SMILES'

Progress: 1162/2000[13:49:15] SMILES Parse Error: syntax error while parsing: the
[13:49:15] SMILES Parse Error: Failed parsing SMILES 'the' for input: 'the'
[13:49:15] SMILES Parse Error: syntax error while parsing: Sure
[13:49:15] SMILES Parse Error: Failed parsing SMILES 'Sure' for input: 'Sure'

Progress: 1163/2000[13:49:16] SMILES Parse Error: syntax error while parsing: the
[13:49:16] SMILES Parse Error: Failed parsing SMILES 'the' for input: 'the'
[13:49:16] SMILES Parse Error: syntax error while parsing: Sure
[13:49:16] SMILES Parse Error: Failed parsing SMILES 'Sure' for input: 'Sure'

Progress: 1164/2000[13:49:18] SMILES Parse Error: syntax error while parsing: the
[13:49:18] SMILES Parse Error: Failed parsing SMILES 'the' for input: 'the'
[13:49:18] SMILES Parse Error: syntax error while parsing: Sure
[13:49:18] SMILES Parse Error: Failed parsing SMILES 'Sure' for input: 'Sure'

Progress: 1165/2000[13:49:20] SMILES Parse Error: syntax error while parsing: the
[13:49:20] SMILES Parse Error: Failed parsing SMILES 'the' for input: 'the'
[13:49:20] SMILES Parse Error: syntax error while parsing: Sure
[13:49:20] SMILES Parse Error: Failed parsing SMILES 'Sure' for input: 'Sure'

Progress: 1166/2000[13:49:22] SMILES Parse Error: syntax error while parsing: the
[13:49:22] SMILES Parse Error: Failed parsing SMILES 'the' for input: 'the'
[13:49:22] SMILES Parse Error: syntax error while parsing: Sure
[13:49:22] SMILES Parse Error: Failed parsing SMILES 'Sure' for input: 'Sure'

Progress: 1167/2000[13:49:24] SMILES Parse Error: syntax error while parsing: the
[13:49:24] SMILES Parse Error: Failed parsing SMILES 'the' for input: 'the'
[13:49:24] SMILES Parse Error: syntax error while parsing: Sure
[13:49:24] SMILES Parse Error: Failed parsing SMILES 'Sure' for input: 'Sure'

Progress: 1168/2000[13:49:26] SMILES Parse Error: syntax error while parsing: the
[13:49:26] SMILES Parse Error: Failed parsing SMILES 'the' for input: 'the'
[13:49:26] SMILES Parse Error: syntax error while parsing: Sure
[13:49:26] SMILES Parse Error: Failed parsing SMILES 'Sure' for input: 'Sure'

Progress: 1169/2000[13:49:29] SMILES Parse Error: syntax error while parsing: the
[13:49:29] SMILES Parse Error: Failed parsing SMILES 'the' for input: 'the'
[13:49:29] SMILES Parse Error: syntax error while parsing: Sure
[13:49:29] SMILES Parse Error: Failed parsing SMILES 'Sure' for input: 'Sure'

Progress: 1170/2000[13:49:30] SMILES Parse Error: syntax error while parsing: the
[13:49:30] SMILES Parse Error: Failed parsing SMILES 'the' for input: 'the'
[13:49:30] SMILES Parse Error: syntax error while parsing: Sure
[13:49:30] SMILES Parse Error: Failed parsing SMILES 'Sure' for input: 'Sure'

Progress: 1171/2000[13:49:32] SMILES Parse Error: syntax error while parsing: is
[13:49:32] SMILES Parse Error: Failed parsing SMILES 'is' for input: 'is'
[13:49:32] SMILES Parse Error: syntax error while parsing: Sure
[13:49:32] SMILES Parse Error: Failed parsing SMILES 'Sure' for input: 'Sure'

Progress: 1172/2000[13:49:33] SMILES Parse Error: syntax error while parsing: the
[13:49:33] SMILES Parse Error: Failed parsing SMILES 'the' for input: 'the'
[13:49:33] SMILES Parse Error: syntax error while parsing: Sure
[13:49:33] SMILES Parse Error: Failed parsing SMILES 'Sure' for input: 'Sure'

Progress: 1173/2000[13:49:34] SMILES Parse Error: syntax error while parsing: is
[13:49:34] SMILES Parse Error: Failed parsing SMILES 'is' for input: 'is'
[13:49:34] SMILES Parse Error: syntax error while parsing: SMILES
[13:49:34] SMILES Parse Error: Failed parsing SMILES 'SMILES' for input: 'SMILES'

Progress: 1174/2000[13:49:37] SMILES Parse Error: syntax error while parsing: helps
[13:49:37] SMILES Parse Error: Failed parsing SMILES 'helps' for input: 'helps'
[13:49:37] SMILES Parse Error: syntax error while parsing: Sure
[13:49:37] SMILES Parse Error: Failed parsing SMILES 'Sure' for input: 'Sure'

Progress: 1175/2000[13:49:39] SMILES Parse Error: syntax error while parsing: Sure
[13:49:39] SMILES Parse Error: Failed parsing SMILES 'Sure' for input: 'Sure'

Progress: 1176/2000[13:49:41] SMILES Parse Error: syntax error while parsing: the
[13:49:41] SMILES Parse Error: Failed parsing SMILES 'the' for input: 'the'
[13:49:41] SMILES Parse Error: syntax error while parsing: Sure
[13:49:41] SMILES Parse Error: Failed parsing SMILES 'Sure' for input: 'Sure'

Progress: 1177/2000[13:49:42] SMILES Parse Error: syntax error while parsing: the
[13:49:42] SMILES Parse Error: Failed parsing SMILES 'the' for input: 'the'
[13:49:42] SMILES Parse Error: syntax error while parsing: SMILES
[13:49:42] SMILES Parse Error: Failed parsing SMILES 'SMILES' for input: 'SMILES'

Progress: 1178/2000[13:49:44] SMILES Parse Error: syntax error while parsing: the
[13:49:44] SMILES Parse Error: Failed parsing SMILES 'the' for input: 'the'
[13:49:44] SMILES Parse Error: syntax error while parsing: Sure
[13:49:44] SMILES Parse Error: Failed parsing SMILES 'Sure' for input: 'Sure'

Progress: 1179/2000[13:49:46] SMILES Parse Error: syntax error while parsing: is
[13:49:46] SMILES Parse Error: Failed parsing SMILES 'is' for input: 'is'
[13:49:46] SMILES Parse Error: syntax error while parsing: SMILES
[13:49:46] SMILES Parse Error: Failed parsing SMILES 'SMILES' for input: 'SMILES'

Progress: 1180/2000[13:49:47] SMILES Parse Error: syntax error while parsing: the
[13:49:47] SMILES Parse Error: Failed parsing SMILES 'the' for input: 'the'
[13:49:47] SMILES Parse Error: syntax error while parsing: Sure
[13:49:47] SMILES Parse Error: Failed parsing SMILES 'Sure' for input: 'Sure'

Progress: 1181/2000[13:49:49] SMILES Parse Error: syntax error while parsing: the
[13:49:49] SMILES Parse Error: Failed parsing SMILES 'the' for input: 'the'
[13:49:49] SMILES Parse Error: syntax error while parsing: Sure
[13:49:49] SMILES Parse Error: Failed parsing SMILES 'Sure' for input: 'Sure'

Progress: 1182/2000[13:49:51] SMILES Parse Error: syntax error while parsing: SMILES
[13:49:51] SMILES Parse Error: Failed parsing SMILES 'SMILES' for input: 'SMILES'
[13:49:51] SMILES Parse Error: syntax error while parsing: SMILES
[13:49:51] SMILES Parse Error: Failed parsing SMILES 'SMILES' for input: 'SMILES'

Progress: 1183/2000[13:49:52] SMILES Parse Error: syntax error while parsing: the
[13:49:52] SMILES Parse Error: Failed parsing SMILES 'the' for input: 'the'
[13:49:52] SMILES Parse Error: syntax error while parsing: Sure
[13:49:52] SMILES Parse Error: Failed parsing SMILES 'Sure' for input: 'Sure'

Progress: 1184/2000[13:49:55] SMILES Parse Error: syntax error while parsing: SMILES
[13:49:55] SMILES Parse Error: Failed parsing SMILES 'SMILES' for input: 'SMILES'

Progress: 1185/2000[13:49:57] SMILES Parse Error: syntax error while parsing: the
[13:49:57] SMILES Parse Error: Failed parsing SMILES 'the' for input: 'the'
[13:49:57] SMILES Parse Error: syntax error while parsing: Sure
[13:49:57] SMILES Parse Error: Failed parsing SMILES 'Sure' for input: 'Sure'

Progress: 1186/2000[13:49:59] SMILES Parse Error: syntax error while parsing: the
[13:49:59] SMILES Parse Error: Failed parsing SMILES 'the' for input: 'the'
[13:49:59] SMILES Parse Error: syntax error while parsing: Sure
[13:49:59] SMILES Parse Error: Failed parsing SMILES 'Sure' for input: 'Sure'

Progress: 1187/2000[13:50:00] SMILES Parse Error: syntax error while parsing: the
[13:50:00] SMILES Parse Error: Failed parsing SMILES 'the' for input: 'the'
[13:50:00] SMILES Parse Error: syntax error while parsing: Sure
[13:50:00] SMILES Parse Error: Failed parsing SMILES 'Sure' for input: 'Sure'

Progress: 1188/2000[13:50:01] SMILES Parse Error: syntax error while parsing: the
[13:50:01] SMILES Parse Error: Failed parsing SMILES 'the' for input: 'the'
[13:50:01] SMILES Parse Error: syntax error while parsing: Sure
[13:50:01] SMILES Parse Error: Failed parsing SMILES 'Sure' for input: 'Sure'

Progress: 1189/2000[13:50:02] SMILES Parse Error: syntax error while parsing: SMILES
[13:50:02] SMILES Parse Error: Failed parsing SMILES 'SMILES' for input: 'SMILES'

Progress: 1190/2000[13:50:03] SMILES Parse Error: syntax error while parsing: the
[13:50:03] SMILES Parse Error: Failed parsing SMILES 'the' for input: 'the'
[13:50:03] SMILES Parse Error: syntax error while parsing: Sure
[13:50:03] SMILES Parse Error: Failed parsing SMILES 'Sure' for input: 'Sure'

Progress: 1191/2000[13:50:04] SMILES Parse Error: syntax error while parsing: the
[13:50:04] SMILES Parse Error: Failed parsing SMILES 'the' for input: 'the'
[13:50:04] SMILES Parse Error: syntax error while parsing: Sure
[13:50:04] SMILES Parse Error: Failed parsing SMILES 'Sure' for input: 'Sure'

Progress: 1192/2000[13:50:07] SMILES Parse Error: syntax error while parsing: the
[13:50:07] SMILES Parse Error: Failed parsing SMILES 'the' for input: 'the'
[13:50:07] SMILES Parse Error: syntax error while parsing: Sure
[13:50:07] SMILES Parse Error: Failed parsing SMILES 'Sure' for input: 'Sure'

Progress: 1193/2000[13:50:08] SMILES Parse Error: syntax error while parsing: the
[13:50:08] SMILES Parse Error: Failed parsing SMILES 'the' for input: 'the'
[13:50:08] SMILES Parse Error: syntax error while parsing: Sure
[13:50:08] SMILES Parse Error: Failed parsing SMILES 'Sure' for input: 'Sure'

Progress: 1194/2000[13:50:09] SMILES Parse Error: syntax error while parsing: the
[13:50:09] SMILES Parse Error: Failed parsing SMILES 'the' for input: 'the'
[13:50:09] SMILES Parse Error: syntax error while parsing: Sure
[13:50:09] SMILES Parse Error: Failed parsing SMILES 'Sure' for input: 'Sure'

Progress: 1195/2000[13:50:12] SMILES Parse Error: syntax error while parsing: the
[13:50:12] SMILES Parse Error: Failed parsing SMILES 'the' for input: 'the'
[13:50:12] SMILES Parse Error: syntax error while parsing: Sure
[13:50:12] SMILES Parse Error: Failed parsing SMILES 'Sure' for input: 'Sure'

Progress: 1196/2000[13:50:13] SMILES Parse Error: syntax error while parsing: the
[13:50:13] SMILES Parse Error: Failed parsing SMILES 'the' for input: 'the'
[13:50:13] SMILES Parse Error: syntax error while parsing: Sure
[13:50:13] SMILES Parse Error: Failed parsing SMILES 'Sure' for input: 'Sure'

Progress: 1197/2000[13:50:14] SMILES Parse Error: syntax error while parsing: the
[13:50:14] SMILES Parse Error: Failed parsing SMILES 'the' for input: 'the'
[13:50:14] SMILES Parse Error: syntax error while parsing: Sure
[13:50:14] SMILES Parse Error: Failed parsing SMILES 'Sure' for input: 'Sure'

Progress: 1198/2000[13:50:16] SMILES Parse Error: syntax error while parsing: the
[13:50:16] SMILES Parse Error: Failed parsing SMILES 'the' for input: 'the'
[13:50:16] SMILES Parse Error: syntax error while parsing: Sure
[13:50:16] SMILES Parse Error: Failed parsing SMILES 'Sure' for input: 'Sure'

Progress: 1199/2000[13:50:18] SMILES Parse Error: syntax error while parsing: the
[13:50:18] SMILES Parse Error: Failed parsing SMILES 'the' for input: 'the'
[13:50:18] SMILES Parse Error: syntax error while parsing: Sure
[13:50:18] SMILES Parse Error: Failed parsing SMILES 'Sure' for input: 'Sure'

Progress: 1200/2000[13:50:20] SMILES Parse Error: syntax error while parsing: the
[13:50:20] SMILES Parse Error: Failed parsing SMILES 'the' for input: 'the'
[13:50:20] SMILES Parse Error: syntax error while parsing: Sure
[13:50:20] SMILES Parse Error: Failed parsing SMILES 'Sure' for input: 'Sure'

Progress: 1201/2000[13:50:22] SMILES Parse Error: syntax error while parsing: the
[13:50:22] SMILES Parse Error: Failed parsing SMILES 'the' for input: 'the'
[13:50:22] SMILES Parse Error: syntax error while parsing: Sure
[13:50:22] SMILES Parse Error: Failed parsing SMILES 'Sure' for input: 'Sure'

Progress: 1202/2000[13:50:23] SMILES Parse Error: syntax error while parsing: the
[13:50:23] SMILES Parse Error: Failed parsing SMILES 'the' for input: 'the'
[13:50:23] SMILES Parse Error: syntax error while parsing: Sure
[13:50:23] SMILES Parse Error: Failed parsing SMILES 'Sure' for input: 'Sure'

Progress: 1203/2000[13:50:25] SMILES Parse Error: syntax error while parsing: helps
[13:50:25] SMILES Parse Error: Failed parsing SMILES 'helps' for input: 'helps'
[13:50:25] SMILES Parse Error: syntax error while parsing: Sure
[13:50:25] SMILES Parse Error: Failed parsing SMILES 'Sure' for input: 'Sure'

Progress: 1204/2000[13:50:26] SMILES Parse Error: syntax error while parsing: is
[13:50:26] SMILES Parse Error: Failed parsing SMILES 'is' for input: 'is'
[13:50:26] SMILES Parse Error: syntax error while parsing: SMILES
[13:50:26] SMILES Parse Error: Failed parsing SMILES 'SMILES' for input: 'SMILES'

Progress: 1205/2000[13:50:27] SMILES Parse Error: syntax error while parsing: the
[13:50:27] SMILES Parse Error: Failed parsing SMILES 'the' for input: 'the'
[13:50:27] SMILES Parse Error: syntax error while parsing: Sure
[13:50:27] SMILES Parse Error: Failed parsing SMILES 'Sure' for input: 'Sure'

Progress: 1206/2000[13:50:29] SMILES Parse Error: syntax error while parsing: the
[13:50:29] SMILES Parse Error: Failed parsing SMILES 'the' for input: 'the'
[13:50:29] SMILES Parse Error: syntax error while parsing: Sure
[13:50:29] SMILES Parse Error: Failed parsing SMILES 'Sure' for input: 'Sure'

Progress: 1207/2000[13:50:31] SMILES Parse Error: syntax error while parsing: the
[13:50:31] SMILES Parse Error: Failed parsing SMILES 'the' for input: 'the'
[13:50:31] SMILES Parse Error: syntax error while parsing: Sure
[13:50:31] SMILES Parse Error: Failed parsing SMILES 'Sure' for input: 'Sure'

Progress: 1208/2000[13:50:32] SMILES Parse Error: syntax error while parsing: the
[13:50:32] SMILES Parse Error: Failed parsing SMILES 'the' for input: 'the'
[13:50:32] SMILES Parse Error: syntax error while parsing: Sure
[13:50:32] SMILES Parse Error: Failed parsing SMILES 'Sure' for input: 'Sure'

Progress: 1209/2000[13:50:34] SMILES Parse Error: syntax error while parsing: the
[13:50:34] SMILES Parse Error: Failed parsing SMILES 'the' for input: 'the'
[13:50:34] SMILES Parse Error: syntax error while parsing: Sure
[13:50:34] SMILES Parse Error: Failed parsing SMILES 'Sure' for input: 'Sure'

Progress: 1210/2000[13:50:37] SMILES Parse Error: syntax error while parsing: Sure
[13:50:37] SMILES Parse Error: Failed parsing SMILES 'Sure' for input: 'Sure'

Progress: 1211/2000[13:50:38] SMILES Parse Error: syntax error while parsing: the
[13:50:38] SMILES Parse Error: Failed parsing SMILES 'the' for input: 'the'
[13:50:38] SMILES Parse Error: syntax error while parsing: Sure
[13:50:38] SMILES Parse Error: Failed parsing SMILES 'Sure' for input: 'Sure'

Progress: 1212/2000[13:50:40] SMILES Parse Error: syntax error while parsing: the
[13:50:40] SMILES Parse Error: Failed parsing SMILES 'the' for input: 'the'
[13:50:40] SMILES Parse Error: syntax error while parsing: Sure
[13:50:40] SMILES Parse Error: Failed parsing SMILES 'Sure' for input: 'Sure'

Progress: 1213/2000[13:50:41] SMILES Parse Error: syntax error while parsing: the
[13:50:41] SMILES Parse Error: Failed parsing SMILES 'the' for input: 'the'
[13:50:41] SMILES Parse Error: syntax error while parsing: Sure
[13:50:41] SMILES Parse Error: Failed parsing SMILES 'Sure' for input: 'Sure'

Progress: 1214/2000[13:50:43] SMILES Parse Error: syntax error while parsing: the
[13:50:43] SMILES Parse Error: Failed parsing SMILES 'the' for input: 'the'
[13:50:43] SMILES Parse Error: syntax error while parsing: Sure
[13:50:43] SMILES Parse Error: Failed parsing SMILES 'Sure' for input: 'Sure'

Progress: 1215/2000[13:50:45] SMILES Parse Error: syntax error while parsing: the
[13:50:45] SMILES Parse Error: Failed parsing SMILES 'the' for input: 'the'
[13:50:45] SMILES Parse Error: syntax error while parsing: Sure
[13:50:45] SMILES Parse Error: Failed parsing SMILES 'Sure' for input: 'Sure'

Progress: 1216/2000[13:50:50] SMILES Parse Error: syntax error while parsing: the
[13:50:50] SMILES Parse Error: Failed parsing SMILES 'the' for input: 'the'
[13:50:50] SMILES Parse Error: syntax error while parsing: Sure
[13:50:50] SMILES Parse Error: Failed parsing SMILES 'Sure' for input: 'Sure'

Progress: 1217/2000[13:50:52] SMILES Parse Error: syntax error while parsing: the
[13:50:52] SMILES Parse Error: Failed parsing SMILES 'the' for input: 'the'
[13:50:52] SMILES Parse Error: syntax error while parsing: Sure
[13:50:52] SMILES Parse Error: Failed parsing SMILES 'Sure' for input: 'Sure'

Progress: 1218/2000[13:50:53] SMILES Parse Error: syntax error while parsing: the
[13:50:53] SMILES Parse Error: Failed parsing SMILES 'the' for input: 'the'
[13:50:53] SMILES Parse Error: syntax error while parsing: Sure
[13:50:53] SMILES Parse Error: Failed parsing SMILES 'Sure' for input: 'Sure'

Progress: 1219/2000[13:50:55] SMILES Parse Error: syntax error while parsing: the
[13:50:55] SMILES Parse Error: Failed parsing SMILES 'the' for input: 'the'
[13:50:55] SMILES Parse Error: syntax error while parsing: Sure
[13:50:55] SMILES Parse Error: Failed parsing SMILES 'Sure' for input: 'Sure'

Progress: 1220/2000[13:50:57] SMILES Parse Error: syntax error while parsing: the
[13:50:57] SMILES Parse Error: Failed parsing SMILES 'the' for input: 'the'
[13:50:57] SMILES Parse Error: syntax error while parsing: Sure
[13:50:57] SMILES Parse Error: Failed parsing SMILES 'Sure' for input: 'Sure'

Progress: 1221/2000[13:50:58] SMILES Parse Error: syntax error while parsing: the
[13:50:58] SMILES Parse Error: Failed parsing SMILES 'the' for input: 'the'
[13:50:58] SMILES Parse Error: syntax error while parsing: Sure
[13:50:58] SMILES Parse Error: Failed parsing SMILES 'Sure' for input: 'Sure'

Progress: 1222/2000[13:50:59] SMILES Parse Error: syntax error while parsing: the
[13:50:59] SMILES Parse Error: Failed parsing SMILES 'the' for input: 'the'
[13:50:59] SMILES Parse Error: syntax error while parsing: Sure
[13:50:59] SMILES Parse Error: Failed parsing SMILES 'Sure' for input: 'Sure'

Progress: 1223/2000[13:51:00] SMILES Parse Error: syntax error while parsing: SMILES
[13:51:00] SMILES Parse Error: Failed parsing SMILES 'SMILES' for input: 'SMILES'
[13:51:00] SMILES Parse Error: syntax error while parsing: SMILES
[13:51:00] SMILES Parse Error: Failed parsing SMILES 'SMILES' for input: 'SMILES'

Progress: 1224/2000[13:51:02] SMILES Parse Error: syntax error while parsing: the
[13:51:02] SMILES Parse Error: Failed parsing SMILES 'the' for input: 'the'
[13:51:02] SMILES Parse Error: syntax error while parsing: Sure
[13:51:02] SMILES Parse Error: Failed parsing SMILES 'Sure' for input: 'Sure'

Progress: 1225/2000[13:51:04] SMILES Parse Error: syntax error while parsing: the
[13:51:04] SMILES Parse Error: Failed parsing SMILES 'the' for input: 'the'
[13:51:04] SMILES Parse Error: syntax error while parsing: Sure
[13:51:04] SMILES Parse Error: Failed parsing SMILES 'Sure' for input: 'Sure'

Progress: 1226/2000[13:51:05] SMILES Parse Error: syntax error while parsing: the
[13:51:05] SMILES Parse Error: Failed parsing SMILES 'the' for input: 'the'
[13:51:05] SMILES Parse Error: syntax error while parsing: Sure
[13:51:05] SMILES Parse Error: Failed parsing SMILES 'Sure' for input: 'Sure'

Progress: 1227/2000[13:51:07] SMILES Parse Error: syntax error while parsing: SMILES
[13:51:07] SMILES Parse Error: Failed parsing SMILES 'SMILES' for input: 'SMILES'

Progress: 1228/2000[13:51:09] SMILES Parse Error: syntax error while parsing: the
[13:51:09] SMILES Parse Error: Failed parsing SMILES 'the' for input: 'the'
[13:51:09] SMILES Parse Error: syntax error while parsing: Sure
[13:51:09] SMILES Parse Error: Failed parsing SMILES 'Sure' for input: 'Sure'

Progress: 1229/2000[13:51:10] SMILES Parse Error: syntax error while parsing: the
[13:51:10] SMILES Parse Error: Failed parsing SMILES 'the' for input: 'the'
[13:51:10] SMILES Parse Error: syntax error while parsing: Sure
[13:51:10] SMILES Parse Error: Failed parsing SMILES 'Sure' for input: 'Sure'

Progress: 1230/2000[13:51:12] SMILES Parse Error: syntax error while parsing: the
[13:51:12] SMILES Parse Error: Failed parsing SMILES 'the' for input: 'the'
[13:51:12] SMILES Parse Error: syntax error while parsing: Sure
[13:51:12] SMILES Parse Error: Failed parsing SMILES 'Sure' for input: 'Sure'

Progress: 1231/2000[13:51:13] SMILES Parse Error: syntax error while parsing: the
[13:51:13] SMILES Parse Error: Failed parsing SMILES 'the' for input: 'the'
[13:51:13] SMILES Parse Error: syntax error while parsing: Sure
[13:51:13] SMILES Parse Error: Failed parsing SMILES 'Sure' for input: 'Sure'

Progress: 1232/2000[13:51:17] SMILES Parse Error: syntax error while parsing: the
[13:51:17] SMILES Parse Error: Failed parsing SMILES 'the' for input: 'the'
[13:51:17] SMILES Parse Error: syntax error while parsing: Sure
[13:51:17] SMILES Parse Error: Failed parsing SMILES 'Sure' for input: 'Sure'

Progress: 1233/2000[13:51:18] SMILES Parse Error: syntax error while parsing: the
[13:51:18] SMILES Parse Error: Failed parsing SMILES 'the' for input: 'the'
[13:51:18] SMILES Parse Error: syntax error while parsing: Sure
[13:51:18] SMILES Parse Error: Failed parsing SMILES 'Sure' for input: 'Sure'

Progress: 1234/2000[13:51:20] SMILES Parse Error: syntax error while parsing: the
[13:51:20] SMILES Parse Error: Failed parsing SMILES 'the' for input: 'the'
[13:51:20] SMILES Parse Error: syntax error while parsing: Sure
[13:51:20] SMILES Parse Error: Failed parsing SMILES 'Sure' for input: 'Sure'

Progress: 1235/2000[13:51:21] SMILES Parse Error: syntax error while parsing: the
[13:51:21] SMILES Parse Error: Failed parsing SMILES 'the' for input: 'the'
[13:51:21] SMILES Parse Error: syntax error while parsing: Sure
[13:51:21] SMILES Parse Error: Failed parsing SMILES 'Sure' for input: 'Sure'

Progress: 1236/2000[13:51:23] SMILES Parse Error: syntax error while parsing: the
[13:51:23] SMILES Parse Error: Failed parsing SMILES 'the' for input: 'the'
[13:51:23] SMILES Parse Error: syntax error while parsing: Sure
[13:51:23] SMILES Parse Error: Failed parsing SMILES 'Sure' for input: 'Sure'

Progress: 1237/2000[13:51:24] SMILES Parse Error: syntax error while parsing: SMILES
[13:51:24] SMILES Parse Error: Failed parsing SMILES 'SMILES' for input: 'SMILES'

Progress: 1238/2000[13:51:25] SMILES Parse Error: syntax error while parsing: the
[13:51:25] SMILES Parse Error: Failed parsing SMILES 'the' for input: 'the'
[13:51:25] SMILES Parse Error: syntax error while parsing: Sure
[13:51:25] SMILES Parse Error: Failed parsing SMILES 'Sure' for input: 'Sure'

Progress: 1239/2000[13:51:27] SMILES Parse Error: syntax error while parsing: the
[13:51:27] SMILES Parse Error: Failed parsing SMILES 'the' for input: 'the'
[13:51:27] SMILES Parse Error: syntax error while parsing: Sure
[13:51:27] SMILES Parse Error: Failed parsing SMILES 'Sure' for input: 'Sure'

Progress: 1240/2000[13:51:29] SMILES Parse Error: syntax error while parsing: not
[13:51:29] SMILES Parse Error: Failed parsing SMILES 'not' for input: 'not'
[13:51:29] SMILES Parse Error: syntax error while parsing: SMILES
[13:51:29] SMILES Parse Error: Failed parsing SMILES 'SMILES' for input: 'SMILES'

Progress: 1241/2000[13:51:31] SMILES Parse Error: syntax error while parsing: the
[13:51:31] SMILES Parse Error: Failed parsing SMILES 'the' for input: 'the'
[13:51:31] SMILES Parse Error: syntax error while parsing: Sure
[13:51:31] SMILES Parse Error: Failed parsing SMILES 'Sure' for input: 'Sure'

Progress: 1242/2000[13:51:32] SMILES Parse Error: syntax error while parsing: the
[13:51:32] SMILES Parse Error: Failed parsing SMILES 'the' for input: 'the'
[13:51:32] SMILES Parse Error: syntax error while parsing: Sure
[13:51:32] SMILES Parse Error: Failed parsing SMILES 'Sure' for input: 'Sure'

Progress: 1243/2000[13:51:33] SMILES Parse Error: syntax error while parsing: the
[13:51:33] SMILES Parse Error: Failed parsing SMILES 'the' for input: 'the'
[13:51:33] SMILES Parse Error: syntax error while parsing: Sure
[13:51:33] SMILES Parse Error: Failed parsing SMILES 'Sure' for input: 'Sure'

Progress: 1244/2000[13:51:35] SMILES Parse Error: syntax error while parsing: the
[13:51:35] SMILES Parse Error: Failed parsing SMILES 'the' for input: 'the'
[13:51:35] SMILES Parse Error: syntax error while parsing: Sure
[13:51:35] SMILES Parse Error: Failed parsing SMILES 'Sure' for input: 'Sure'

Progress: 1245/2000[13:51:36] SMILES Parse Error: syntax error while parsing: the
[13:51:36] SMILES Parse Error: Failed parsing SMILES 'the' for input: 'the'
[13:51:36] SMILES Parse Error: syntax error while parsing: Sure
[13:51:36] SMILES Parse Error: Failed parsing SMILES 'Sure' for input: 'Sure'

Progress: 1246/2000[13:51:38] SMILES Parse Error: syntax error while parsing: the
[13:51:38] SMILES Parse Error: Failed parsing SMILES 'the' for input: 'the'
[13:51:38] SMILES Parse Error: syntax error while parsing: Sure
[13:51:38] SMILES Parse Error: Failed parsing SMILES 'Sure' for input: 'Sure'

Progress: 1247/2000[13:51:40] SMILES Parse Error: syntax error while parsing: the
[13:51:40] SMILES Parse Error: Failed parsing SMILES 'the' for input: 'the'
[13:51:40] SMILES Parse Error: syntax error while parsing: Sure
[13:51:40] SMILES Parse Error: Failed parsing SMILES 'Sure' for input: 'Sure'

Progress: 1248/2000[13:51:42] SMILES Parse Error: syntax error while parsing: the
[13:51:42] SMILES Parse Error: Failed parsing SMILES 'the' for input: 'the'
[13:51:42] SMILES Parse Error: syntax error while parsing: Sure
[13:51:42] SMILES Parse Error: Failed parsing SMILES 'Sure' for input: 'Sure'

Progress: 1249/2000[13:51:46] SMILES Parse Error: syntax error while parsing: Sure
[13:51:46] SMILES Parse Error: Failed parsing SMILES 'Sure' for input: 'Sure'

Progress: 1250/2000[13:51:48] SMILES Parse Error: syntax error while parsing: the
[13:51:48] SMILES Parse Error: Failed parsing SMILES 'the' for input: 'the'
[13:51:48] SMILES Parse Error: syntax error while parsing: Sure
[13:51:48] SMILES Parse Error: Failed parsing SMILES 'Sure' for input: 'Sure'

Progress: 1251/2000[13:51:49] SMILES Parse Error: syntax error while parsing: the
[13:51:49] SMILES Parse Error: Failed parsing SMILES 'the' for input: 'the'
[13:51:49] SMILES Parse Error: syntax error while parsing: Sure
[13:51:49] SMILES Parse Error: Failed parsing SMILES 'Sure' for input: 'Sure'

Progress: 1252/2000[13:51:51] SMILES Parse Error: syntax error while parsing: the
[13:51:51] SMILES Parse Error: Failed parsing SMILES 'the' for input: 'the'
[13:51:51] SMILES Parse Error: syntax error while parsing: Sure
[13:51:51] SMILES Parse Error: Failed parsing SMILES 'Sure' for input: 'Sure'

Progress: 1253/2000[13:51:52] SMILES Parse Error: syntax error while parsing: the
[13:51:52] SMILES Parse Error: Failed parsing SMILES 'the' for input: 'the'
[13:51:52] SMILES Parse Error: syntax error while parsing: Sure
[13:51:52] SMILES Parse Error: Failed parsing SMILES 'Sure' for input: 'Sure'

Progress: 1254/2000[13:51:54] SMILES Parse Error: syntax error while parsing: the
[13:51:54] SMILES Parse Error: Failed parsing SMILES 'the' for input: 'the'
[13:51:54] SMILES Parse Error: syntax error while parsing: Sure
[13:51:54] SMILES Parse Error: Failed parsing SMILES 'Sure' for input: 'Sure'

Progress: 1255/2000[13:51:56] SMILES Parse Error: syntax error while parsing: the
[13:51:56] SMILES Parse Error: Failed parsing SMILES 'the' for input: 'the'
[13:51:56] SMILES Parse Error: syntax error while parsing: Sure
[13:51:56] SMILES Parse Error: Failed parsing SMILES 'Sure' for input: 'Sure'

Progress: 1256/2000[13:51:58] SMILES Parse Error: syntax error while parsing: the
[13:51:58] SMILES Parse Error: Failed parsing SMILES 'the' for input: 'the'
[13:51:58] SMILES Parse Error: syntax error while parsing: Sure
[13:51:58] SMILES Parse Error: Failed parsing SMILES 'Sure' for input: 'Sure'

Progress: 1257/2000[13:51:59] SMILES Parse Error: syntax error while parsing: the
[13:51:59] SMILES Parse Error: Failed parsing SMILES 'the' for input: 'the'
[13:51:59] SMILES Parse Error: syntax error while parsing: Sure
[13:51:59] SMILES Parse Error: Failed parsing SMILES 'Sure' for input: 'Sure'

Progress: 1258/2000[13:52:01] SMILES Parse Error: syntax error while parsing: the
[13:52:01] SMILES Parse Error: Failed parsing SMILES 'the' for input: 'the'
[13:52:01] SMILES Parse Error: syntax error while parsing: Sure
[13:52:01] SMILES Parse Error: Failed parsing SMILES 'Sure' for input: 'Sure'

Progress: 1259/2000[13:52:04] SMILES Parse Error: syntax error while parsing: Sure
[13:52:04] SMILES Parse Error: Failed parsing SMILES 'Sure' for input: 'Sure'

Progress: 1260/2000[13:52:06] SMILES Parse Error: syntax error while parsing: the
[13:52:06] SMILES Parse Error: Failed parsing SMILES 'the' for input: 'the'
[13:52:06] SMILES Parse Error: syntax error while parsing: Sure
[13:52:06] SMILES Parse Error: Failed parsing SMILES 'Sure' for input: 'Sure'

Progress: 1261/2000[13:52:07] SMILES Parse Error: syntax error while parsing: the
[13:52:07] SMILES Parse Error: Failed parsing SMILES 'the' for input: 'the'
[13:52:07] SMILES Parse Error: syntax error while parsing: Sure
[13:52:07] SMILES Parse Error: Failed parsing SMILES 'Sure' for input: 'Sure'

Progress: 1262/2000[13:52:08] SMILES Parse Error: syntax error while parsing: SMILES
[13:52:08] SMILES Parse Error: Failed parsing SMILES 'SMILES' for input: 'SMILES'

Progress: 1263/2000[13:52:11] SMILES Parse Error: syntax error while parsing: helps
[13:52:11] SMILES Parse Error: Failed parsing SMILES 'helps' for input: 'helps'
[13:52:11] SMILES Parse Error: syntax error while parsing: Sure
[13:52:11] SMILES Parse Error: Failed parsing SMILES 'Sure' for input: 'Sure'

Progress: 1264/2000[13:52:12] SMILES Parse Error: syntax error while parsing: the
[13:52:12] SMILES Parse Error: Failed parsing SMILES 'the' for input: 'the'
[13:52:12] SMILES Parse Error: syntax error while parsing: Sure
[13:52:12] SMILES Parse Error: Failed parsing SMILES 'Sure' for input: 'Sure'

Progress: 1265/2000[13:52:15] SMILES Parse Error: syntax error while parsing: the
[13:52:15] SMILES Parse Error: Failed parsing SMILES 'the' for input: 'the'
[13:52:15] SMILES Parse Error: syntax error while parsing: Sure
[13:52:15] SMILES Parse Error: Failed parsing SMILES 'Sure' for input: 'Sure'

Progress: 1266/2000[13:52:16] SMILES Parse Error: syntax error while parsing: is
[13:52:16] SMILES Parse Error: Failed parsing SMILES 'is' for input: 'is'
[13:52:16] SMILES Parse Error: syntax error while parsing: SMILES
[13:52:16] SMILES Parse Error: Failed parsing SMILES 'SMILES' for input: 'SMILES'

Progress: 1267/2000[13:52:18] SMILES Parse Error: syntax error while parsing: the
[13:52:18] SMILES Parse Error: Failed parsing SMILES 'the' for input: 'the'
[13:52:18] SMILES Parse Error: syntax error while parsing: Sure
[13:52:18] SMILES Parse Error: Failed parsing SMILES 'Sure' for input: 'Sure'

Progress: 1268/2000[13:52:19] SMILES Parse Error: syntax error while parsing: the
[13:52:19] SMILES Parse Error: Failed parsing SMILES 'the' for input: 'the'
[13:52:19] SMILES Parse Error: syntax error while parsing: Sure
[13:52:19] SMILES Parse Error: Failed parsing SMILES 'Sure' for input: 'Sure'

Progress: 1269/2000[13:52:21] SMILES Parse Error: syntax error while parsing: the
[13:52:21] SMILES Parse Error: Failed parsing SMILES 'the' for input: 'the'
[13:52:21] SMILES Parse Error: syntax error while parsing: Sure
[13:52:21] SMILES Parse Error: Failed parsing SMILES 'Sure' for input: 'Sure'

Progress: 1270/2000[13:52:22] SMILES Parse Error: syntax error while parsing: the
[13:52:22] SMILES Parse Error: Failed parsing SMILES 'the' for input: 'the'
[13:52:22] SMILES Parse Error: syntax error while parsing: Sure
[13:52:22] SMILES Parse Error: Failed parsing SMILES 'Sure' for input: 'Sure'

Progress: 1271/2000[13:52:23] SMILES Parse Error: syntax error while parsing: the
[13:52:23] SMILES Parse Error: Failed parsing SMILES 'the' for input: 'the'
[13:52:23] SMILES Parse Error: syntax error while parsing: Sure
[13:52:23] SMILES Parse Error: Failed parsing SMILES 'Sure' for input: 'Sure'

Progress: 1272/2000[13:52:25] SMILES Parse Error: syntax error while parsing: the
[13:52:25] SMILES Parse Error: Failed parsing SMILES 'the' for input: 'the'
[13:52:25] SMILES Parse Error: syntax error while parsing: Sure
[13:52:25] SMILES Parse Error: Failed parsing SMILES 'Sure' for input: 'Sure'

Progress: 1273/2000[13:52:26] SMILES Parse Error: syntax error while parsing: the
[13:52:26] SMILES Parse Error: Failed parsing SMILES 'the' for input: 'the'
[13:52:26] SMILES Parse Error: syntax error while parsing: Sure
[13:52:26] SMILES Parse Error: Failed parsing SMILES 'Sure' for input: 'Sure'

Progress: 1274/2000[13:52:28] SMILES Parse Error: syntax error while parsing: is
[13:52:28] SMILES Parse Error: Failed parsing SMILES 'is' for input: 'is'
[13:52:28] SMILES Parse Error: syntax error while parsing: SMILES
[13:52:28] SMILES Parse Error: Failed parsing SMILES 'SMILES' for input: 'SMILES'

Progress: 1275/2000[13:52:29] SMILES Parse Error: syntax error while parsing: the
[13:52:29] SMILES Parse Error: Failed parsing SMILES 'the' for input: 'the'
[13:52:29] SMILES Parse Error: syntax error while parsing: Sure
[13:52:29] SMILES Parse Error: Failed parsing SMILES 'Sure' for input: 'Sure'

Progress: 1276/2000[13:52:30] SMILES Parse Error: syntax error while parsing: the
[13:52:30] SMILES Parse Error: Failed parsing SMILES 'the' for input: 'the'
[13:52:30] SMILES Parse Error: syntax error while parsing: Sure
[13:52:30] SMILES Parse Error: Failed parsing SMILES 'Sure' for input: 'Sure'

Progress: 1277/2000[13:52:32] SMILES Parse Error: syntax error while parsing: the
[13:52:32] SMILES Parse Error: Failed parsing SMILES 'the' for input: 'the'
[13:52:32] SMILES Parse Error: syntax error while parsing: Sure
[13:52:32] SMILES Parse Error: Failed parsing SMILES 'Sure' for input: 'Sure'

Progress: 1278/2000[13:52:33] SMILES Parse Error: syntax error while parsing: the
[13:52:33] SMILES Parse Error: Failed parsing SMILES 'the' for input: 'the'
[13:52:33] SMILES Parse Error: syntax error while parsing: Sure
[13:52:33] SMILES Parse Error: Failed parsing SMILES 'Sure' for input: 'Sure'

Progress: 1279/2000[13:52:35] SMILES Parse Error: syntax error while parsing: the
[13:52:35] SMILES Parse Error: Failed parsing SMILES 'the' for input: 'the'
[13:52:35] SMILES Parse Error: syntax error while parsing: Sure
[13:52:35] SMILES Parse Error: Failed parsing SMILES 'Sure' for input: 'Sure'

Progress: 1280/2000[13:52:36] SMILES Parse Error: syntax error while parsing: the
[13:52:36] SMILES Parse Error: Failed parsing SMILES 'the' for input: 'the'
[13:52:36] SMILES Parse Error: syntax error while parsing: Sure
[13:52:36] SMILES Parse Error: Failed parsing SMILES 'Sure' for input: 'Sure'

Progress: 1281/2000[13:52:38] SMILES Parse Error: syntax error while parsing: the
[13:52:38] SMILES Parse Error: Failed parsing SMILES 'the' for input: 'the'
[13:52:38] SMILES Parse Error: syntax error while parsing: Sure
[13:52:38] SMILES Parse Error: Failed parsing SMILES 'Sure' for input: 'Sure'

Progress: 1282/2000[13:52:39] SMILES Parse Error: syntax error while parsing: the
[13:52:39] SMILES Parse Error: Failed parsing SMILES 'the' for input: 'the'
[13:52:39] SMILES Parse Error: syntax error while parsing: Sure
[13:52:39] SMILES Parse Error: Failed parsing SMILES 'Sure' for input: 'Sure'

Progress: 1283/2000[13:52:41] SMILES Parse Error: syntax error while parsing: the
[13:52:41] SMILES Parse Error: Failed parsing SMILES 'the' for input: 'the'
[13:52:41] SMILES Parse Error: syntax error while parsing: Sure
[13:52:41] SMILES Parse Error: Failed parsing SMILES 'Sure' for input: 'Sure'

Progress: 1284/2000[13:52:43] SMILES Parse Error: syntax error while parsing: the
[13:52:43] SMILES Parse Error: Failed parsing SMILES 'the' for input: 'the'
[13:52:43] SMILES Parse Error: syntax error while parsing: Sure
[13:52:43] SMILES Parse Error: Failed parsing SMILES 'Sure' for input: 'Sure'

Progress: 1285/2000[13:52:44] SMILES Parse Error: syntax error while parsing: the
[13:52:44] SMILES Parse Error: Failed parsing SMILES 'the' for input: 'the'
[13:52:44] SMILES Parse Error: syntax error while parsing: Sure
[13:52:44] SMILES Parse Error: Failed parsing SMILES 'Sure' for input: 'Sure'

Progress: 1286/2000[13:52:46] SMILES Parse Error: syntax error while parsing: SMILES
[13:52:46] SMILES Parse Error: Failed parsing SMILES 'SMILES' for input: 'SMILES'

Progress: 1287/2000[13:52:47] SMILES Parse Error: syntax error while parsing: the
[13:52:47] SMILES Parse Error: Failed parsing SMILES 'the' for input: 'the'
[13:52:47] SMILES Parse Error: syntax error while parsing: Sure
[13:52:47] SMILES Parse Error: Failed parsing SMILES 'Sure' for input: 'Sure'

Progress: 1288/2000[13:52:48] SMILES Parse Error: syntax error while parsing: the
[13:52:48] SMILES Parse Error: Failed parsing SMILES 'the' for input: 'the'
[13:52:48] SMILES Parse Error: syntax error while parsing: Sure
[13:52:48] SMILES Parse Error: Failed parsing SMILES 'Sure' for input: 'Sure'

Progress: 1289/2000[13:52:50] SMILES Parse Error: syntax error while parsing: the
[13:52:50] SMILES Parse Error: Failed parsing SMILES 'the' for input: 'the'
[13:52:50] SMILES Parse Error: syntax error while parsing: Sure
[13:52:50] SMILES Parse Error: Failed parsing SMILES 'Sure' for input: 'Sure'

Progress: 1290/2000[13:52:53] SMILES Parse Error: syntax error while parsing: the
[13:52:53] SMILES Parse Error: Failed parsing SMILES 'the' for input: 'the'
[13:52:53] SMILES Parse Error: syntax error while parsing: Sure
[13:52:53] SMILES Parse Error: Failed parsing SMILES 'Sure' for input: 'Sure'

Progress: 1291/2000[13:52:56] SMILES Parse Error: syntax error while parsing: SMILES
[13:52:56] SMILES Parse Error: Failed parsing SMILES 'SMILES' for input: 'SMILES'

Progress: 1292/2000[13:52:58] SMILES Parse Error: syntax error while parsing: the
[13:52:58] SMILES Parse Error: Failed parsing SMILES 'the' for input: 'the'
[13:52:58] SMILES Parse Error: syntax error while parsing: Sure
[13:52:58] SMILES Parse Error: Failed parsing SMILES 'Sure' for input: 'Sure'

Progress: 1293/2000[13:52:59] SMILES Parse Error: syntax error while parsing: the
[13:52:59] SMILES Parse Error: Failed parsing SMILES 'the' for input: 'the'
[13:52:59] SMILES Parse Error: syntax error while parsing: Sure
[13:52:59] SMILES Parse Error: Failed parsing SMILES 'Sure' for input: 'Sure'

Progress: 1294/2000[13:53:00] SMILES Parse Error: syntax error while parsing: the
[13:53:00] SMILES Parse Error: Failed parsing SMILES 'the' for input: 'the'
[13:53:00] SMILES Parse Error: syntax error while parsing: Sure
[13:53:00] SMILES Parse Error: Failed parsing SMILES 'Sure' for input: 'Sure'

Progress: 1295/2000[13:53:01] SMILES Parse Error: syntax error while parsing: Sure
[13:53:01] SMILES Parse Error: Failed parsing SMILES 'Sure' for input: 'Sure'

Progress: 1296/2000[13:53:03] SMILES Parse Error: syntax error while parsing: the
[13:53:03] SMILES Parse Error: Failed parsing SMILES 'the' for input: 'the'
[13:53:03] SMILES Parse Error: syntax error while parsing: Sure
[13:53:03] SMILES Parse Error: Failed parsing SMILES 'Sure' for input: 'Sure'

Progress: 1297/2000[13:53:04] SMILES Parse Error: syntax error while parsing: the
[13:53:04] SMILES Parse Error: Failed parsing SMILES 'the' for input: 'the'
[13:53:04] SMILES Parse Error: syntax error while parsing: Here
[13:53:04] SMILES Parse Error: Failed parsing SMILES 'Here' for input: 'Here'

Progress: 1298/2000[13:53:06] SMILES Parse Error: syntax error while parsing: is
[13:53:06] SMILES Parse Error: Failed parsing SMILES 'is' for input: 'is'
[13:53:06] SMILES Parse Error: syntax error while parsing: SMILES
[13:53:06] SMILES Parse Error: Failed parsing SMILES 'SMILES' for input: 'SMILES'

Progress: 1299/2000[13:53:07] SMILES Parse Error: syntax error while parsing: the
[13:53:07] SMILES Parse Error: Failed parsing SMILES 'the' for input: 'the'
[13:53:07] SMILES Parse Error: syntax error while parsing: Sure
[13:53:07] SMILES Parse Error: Failed parsing SMILES 'Sure' for input: 'Sure'

Progress: 1300/2000
Progress: 1301/2000[13:53:11] SMILES Parse Error: syntax error while parsing: the
[13:53:11] SMILES Parse Error: Failed parsing SMILES 'the' for input: 'the'
[13:53:11] SMILES Parse Error: syntax error while parsing: Sure
[13:53:11] SMILES Parse Error: Failed parsing SMILES 'Sure' for input: 'Sure'

Progress: 1302/2000
Progress: 1303/2000[13:53:13] SMILES Parse Error: syntax error while parsing: the
[13:53:13] SMILES Parse Error: Failed parsing SMILES 'the' for input: 'the'
[13:53:13] SMILES Parse Error: syntax error while parsing: Sure
[13:53:13] SMILES Parse Error: Failed parsing SMILES 'Sure' for input: 'Sure'

Progress: 1304/2000[13:53:14] SMILES Parse Error: syntax error while parsing: the
[13:53:14] SMILES Parse Error: Failed parsing SMILES 'the' for input: 'the'
[13:53:14] SMILES Parse Error: syntax error while parsing: Sure
[13:53:14] SMILES Parse Error: Failed parsing SMILES 'Sure' for input: 'Sure'

Progress: 1305/2000[13:53:16] SMILES Parse Error: syntax error while parsing: the
[13:53:16] SMILES Parse Error: Failed parsing SMILES 'the' for input: 'the'
[13:53:16] SMILES Parse Error: syntax error while parsing: Sure
[13:53:16] SMILES Parse Error: Failed parsing SMILES 'Sure' for input: 'Sure'

Progress: 1306/2000[13:53:17] SMILES Parse Error: syntax error while parsing: the
[13:53:17] SMILES Parse Error: Failed parsing SMILES 'the' for input: 'the'
[13:53:17] SMILES Parse Error: syntax error while parsing: Sure
[13:53:17] SMILES Parse Error: Failed parsing SMILES 'Sure' for input: 'Sure'

Progress: 1307/2000[13:53:18] SMILES Parse Error: syntax error while parsing: the
[13:53:18] SMILES Parse Error: Failed parsing SMILES 'the' for input: 'the'
[13:53:18] SMILES Parse Error: syntax error while parsing: Sure
[13:53:18] SMILES Parse Error: Failed parsing SMILES 'Sure' for input: 'Sure'

Progress: 1308/2000[13:53:21] SMILES Parse Error: syntax error while parsing: Sure
[13:53:21] SMILES Parse Error: Failed parsing SMILES 'Sure' for input: 'Sure'

Progress: 1309/2000[13:53:23] SMILES Parse Error: syntax error while parsing: the
[13:53:23] SMILES Parse Error: Failed parsing SMILES 'the' for input: 'the'
[13:53:23] SMILES Parse Error: syntax error while parsing: Sure
[13:53:23] SMILES Parse Error: Failed parsing SMILES 'Sure' for input: 'Sure'

Progress: 1310/2000[13:53:24] SMILES Parse Error: syntax error while parsing: the
[13:53:24] SMILES Parse Error: Failed parsing SMILES 'the' for input: 'the'
[13:53:24] SMILES Parse Error: syntax error while parsing: Sure
[13:53:24] SMILES Parse Error: Failed parsing SMILES 'Sure' for input: 'Sure'

Progress: 1311/2000[13:53:26] SMILES Parse Error: syntax error while parsing: the
[13:53:26] SMILES Parse Error: Failed parsing SMILES 'the' for input: 'the'
[13:53:26] SMILES Parse Error: syntax error while parsing: Sure
[13:53:26] SMILES Parse Error: Failed parsing SMILES 'Sure' for input: 'Sure'

Progress: 1312/2000[13:53:30] SMILES Parse Error: syntax error while parsing: SMILES
[13:53:30] SMILES Parse Error: Failed parsing SMILES 'SMILES' for input: 'SMILES'

Progress: 1313/2000[13:53:32] SMILES Parse Error: syntax error while parsing: the
[13:53:32] SMILES Parse Error: Failed parsing SMILES 'the' for input: 'the'
[13:53:32] SMILES Parse Error: syntax error while parsing: Sure
[13:53:32] SMILES Parse Error: Failed parsing SMILES 'Sure' for input: 'Sure'

Progress: 1314/2000[13:53:33] SMILES Parse Error: syntax error while parsing: the
[13:53:33] SMILES Parse Error: Failed parsing SMILES 'the' for input: 'the'
[13:53:33] SMILES Parse Error: syntax error while parsing: Sure
[13:53:33] SMILES Parse Error: Failed parsing SMILES 'Sure' for input: 'Sure'

Progress: 1315/2000[13:53:35] SMILES Parse Error: syntax error while parsing: the
[13:53:35] SMILES Parse Error: Failed parsing SMILES 'the' for input: 'the'
[13:53:35] SMILES Parse Error: syntax error while parsing: Sure
[13:53:35] SMILES Parse Error: Failed parsing SMILES 'Sure' for input: 'Sure'

Progress: 1316/2000[13:53:37] SMILES Parse Error: syntax error while parsing: the
[13:53:37] SMILES Parse Error: Failed parsing SMILES 'the' for input: 'the'
[13:53:37] SMILES Parse Error: syntax error while parsing: Sure
[13:53:37] SMILES Parse Error: Failed parsing SMILES 'Sure' for input: 'Sure'

Progress: 1317/2000[13:53:38] SMILES Parse Error: syntax error while parsing: the
[13:53:38] SMILES Parse Error: Failed parsing SMILES 'the' for input: 'the'
[13:53:38] SMILES Parse Error: syntax error while parsing: Sure
[13:53:38] SMILES Parse Error: Failed parsing SMILES 'Sure' for input: 'Sure'

Progress: 1318/2000[13:53:40] SMILES Parse Error: syntax error while parsing: the
[13:53:40] SMILES Parse Error: Failed parsing SMILES 'the' for input: 'the'
[13:53:40] SMILES Parse Error: syntax error while parsing: Sure
[13:53:40] SMILES Parse Error: Failed parsing SMILES 'Sure' for input: 'Sure'

Progress: 1319/2000[13:53:41] SMILES Parse Error: syntax error while parsing: the
[13:53:41] SMILES Parse Error: Failed parsing SMILES 'the' for input: 'the'
[13:53:41] SMILES Parse Error: syntax error while parsing: Sure
[13:53:41] SMILES Parse Error: Failed parsing SMILES 'Sure' for input: 'Sure'

Progress: 1320/2000[13:53:43] SMILES Parse Error: syntax error while parsing: the
[13:53:43] SMILES Parse Error: Failed parsing SMILES 'the' for input: 'the'
[13:53:43] SMILES Parse Error: syntax error while parsing: Sure
[13:53:43] SMILES Parse Error: Failed parsing SMILES 'Sure' for input: 'Sure'

Progress: 1321/2000[13:53:46] SMILES Parse Error: syntax error while parsing: the
[13:53:46] SMILES Parse Error: Failed parsing SMILES 'the' for input: 'the'
[13:53:46] SMILES Parse Error: syntax error while parsing: Sure
[13:53:46] SMILES Parse Error: Failed parsing SMILES 'Sure' for input: 'Sure'

Progress: 1322/2000[13:53:48] SMILES Parse Error: syntax error while parsing: the
[13:53:48] SMILES Parse Error: Failed parsing SMILES 'the' for input: 'the'
[13:53:48] SMILES Parse Error: syntax error while parsing: Sure
[13:53:48] SMILES Parse Error: Failed parsing SMILES 'Sure' for input: 'Sure'

Progress: 1323/2000[13:53:49] SMILES Parse Error: syntax error while parsing: the
[13:53:49] SMILES Parse Error: Failed parsing SMILES 'the' for input: 'the'
[13:53:49] SMILES Parse Error: syntax error while parsing: Sure
[13:53:49] SMILES Parse Error: Failed parsing SMILES 'Sure' for input: 'Sure'

Progress: 1324/2000[13:53:51] SMILES Parse Error: syntax error while parsing: the
[13:53:51] SMILES Parse Error: Failed parsing SMILES 'the' for input: 'the'
[13:53:51] SMILES Parse Error: syntax error while parsing: Sure
[13:53:51] SMILES Parse Error: Failed parsing SMILES 'Sure' for input: 'Sure'

Progress: 1325/2000[13:53:52] SMILES Parse Error: syntax error while parsing: the
[13:53:52] SMILES Parse Error: Failed parsing SMILES 'the' for input: 'the'
[13:53:52] SMILES Parse Error: syntax error while parsing: Sure
[13:53:52] SMILES Parse Error: Failed parsing SMILES 'Sure' for input: 'Sure'

Progress: 1326/2000[13:53:54] SMILES Parse Error: syntax error while parsing: the
[13:53:54] SMILES Parse Error: Failed parsing SMILES 'the' for input: 'the'
[13:53:54] SMILES Parse Error: syntax error while parsing: Sure
[13:53:54] SMILES Parse Error: Failed parsing SMILES 'Sure' for input: 'Sure'

Progress: 1327/2000[13:53:55] SMILES Parse Error: syntax error while parsing: the
[13:53:55] SMILES Parse Error: Failed parsing SMILES 'the' for input: 'the'
[13:53:55] SMILES Parse Error: syntax error while parsing: Sure
[13:53:55] SMILES Parse Error: Failed parsing SMILES 'Sure' for input: 'Sure'

Progress: 1328/2000[13:53:56] SMILES Parse Error: syntax error while parsing: the
[13:53:56] SMILES Parse Error: Failed parsing SMILES 'the' for input: 'the'
[13:53:56] SMILES Parse Error: syntax error while parsing: Sure
[13:53:56] SMILES Parse Error: Failed parsing SMILES 'Sure' for input: 'Sure'

Progress: 1329/2000[13:53:58] SMILES Parse Error: syntax error while parsing: the
[13:53:58] SMILES Parse Error: Failed parsing SMILES 'the' for input: 'the'
[13:53:58] SMILES Parse Error: syntax error while parsing: Sure
[13:53:58] SMILES Parse Error: Failed parsing SMILES 'Sure' for input: 'Sure'

Progress: 1330/2000[13:54:00] SMILES Parse Error: syntax error while parsing: the
[13:54:00] SMILES Parse Error: Failed parsing SMILES 'the' for input: 'the'
[13:54:00] SMILES Parse Error: syntax error while parsing: Sure
[13:54:00] SMILES Parse Error: Failed parsing SMILES 'Sure' for input: 'Sure'

Progress: 1331/2000[13:54:02] SMILES Parse Error: syntax error while parsing: the
[13:54:02] SMILES Parse Error: Failed parsing SMILES 'the' for input: 'the'
[13:54:02] SMILES Parse Error: syntax error while parsing: Sure
[13:54:02] SMILES Parse Error: Failed parsing SMILES 'Sure' for input: 'Sure'

Progress: 1332/2000[13:54:03] SMILES Parse Error: syntax error while parsing: the
[13:54:03] SMILES Parse Error: Failed parsing SMILES 'the' for input: 'the'
[13:54:03] SMILES Parse Error: syntax error while parsing: Sure
[13:54:03] SMILES Parse Error: Failed parsing SMILES 'Sure' for input: 'Sure'

Progress: 1333/2000[13:54:06] SMILES Parse Error: syntax error while parsing: the
[13:54:06] SMILES Parse Error: Failed parsing SMILES 'the' for input: 'the'
[13:54:06] SMILES Parse Error: syntax error while parsing: Sure
[13:54:06] SMILES Parse Error: Failed parsing SMILES 'Sure' for input: 'Sure'

Progress: 1334/2000[13:54:07] SMILES Parse Error: syntax error while parsing: the
[13:54:07] SMILES Parse Error: Failed parsing SMILES 'the' for input: 'the'
[13:54:07] SMILES Parse Error: syntax error while parsing: Sure
[13:54:07] SMILES Parse Error: Failed parsing SMILES 'Sure' for input: 'Sure'

Progress: 1335/2000[13:54:09] SMILES Parse Error: syntax error while parsing: the
[13:54:09] SMILES Parse Error: Failed parsing SMILES 'the' for input: 'the'
[13:54:09] SMILES Parse Error: syntax error while parsing: Sure
[13:54:09] SMILES Parse Error: Failed parsing SMILES 'Sure' for input: 'Sure'

Progress: 1336/2000[13:54:11] SMILES Parse Error: syntax error while parsing: the
[13:54:11] SMILES Parse Error: Failed parsing SMILES 'the' for input: 'the'
[13:54:11] SMILES Parse Error: syntax error while parsing: Sure
[13:54:11] SMILES Parse Error: Failed parsing SMILES 'Sure' for input: 'Sure'

Progress: 1337/2000[13:54:13] SMILES Parse Error: syntax error while parsing: the
[13:54:13] SMILES Parse Error: Failed parsing SMILES 'the' for input: 'the'
[13:54:13] SMILES Parse Error: syntax error while parsing: Sure
[13:54:13] SMILES Parse Error: Failed parsing SMILES 'Sure' for input: 'Sure'

Progress: 1338/2000[13:54:14] SMILES Parse Error: syntax error while parsing: the
[13:54:14] SMILES Parse Error: Failed parsing SMILES 'the' for input: 'the'
[13:54:14] SMILES Parse Error: syntax error while parsing: Sure
[13:54:14] SMILES Parse Error: Failed parsing SMILES 'Sure' for input: 'Sure'

Progress: 1339/2000[13:54:15] SMILES Parse Error: syntax error while parsing: the
[13:54:15] SMILES Parse Error: Failed parsing SMILES 'the' for input: 'the'
[13:54:15] SMILES Parse Error: syntax error while parsing: Sure
[13:54:15] SMILES Parse Error: Failed parsing SMILES 'Sure' for input: 'Sure'

Progress: 1340/2000[13:54:17] SMILES Parse Error: syntax error while parsing: the
[13:54:17] SMILES Parse Error: Failed parsing SMILES 'the' for input: 'the'
[13:54:17] SMILES Parse Error: syntax error while parsing: Sure
[13:54:17] SMILES Parse Error: Failed parsing SMILES 'Sure' for input: 'Sure'

Progress: 1341/2000[13:54:18] SMILES Parse Error: syntax error while parsing: the
[13:54:18] SMILES Parse Error: Failed parsing SMILES 'the' for input: 'the'
[13:54:18] SMILES Parse Error: syntax error while parsing: Sure
[13:54:18] SMILES Parse Error: Failed parsing SMILES 'Sure' for input: 'Sure'

Progress: 1342/2000[13:54:19] SMILES Parse Error: syntax error while parsing: the
[13:54:19] SMILES Parse Error: Failed parsing SMILES 'the' for input: 'the'
[13:54:19] SMILES Parse Error: syntax error while parsing: Sure
[13:54:19] SMILES Parse Error: Failed parsing SMILES 'Sure' for input: 'Sure'

Progress: 1343/2000[13:54:20] SMILES Parse Error: syntax error while parsing: the
[13:54:20] SMILES Parse Error: Failed parsing SMILES 'the' for input: 'the'
[13:54:20] SMILES Parse Error: syntax error while parsing: Sure
[13:54:20] SMILES Parse Error: Failed parsing SMILES 'Sure' for input: 'Sure'

Progress: 1344/2000[13:54:22] SMILES Parse Error: syntax error while parsing: the
[13:54:22] SMILES Parse Error: Failed parsing SMILES 'the' for input: 'the'
[13:54:22] SMILES Parse Error: syntax error while parsing: Sure
[13:54:22] SMILES Parse Error: Failed parsing SMILES 'Sure' for input: 'Sure'

Progress: 1345/2000[13:54:23] SMILES Parse Error: syntax error while parsing: the
[13:54:23] SMILES Parse Error: Failed parsing SMILES 'the' for input: 'the'
[13:54:23] SMILES Parse Error: syntax error while parsing: Sure
[13:54:23] SMILES Parse Error: Failed parsing SMILES 'Sure' for input: 'Sure'

Progress: 1346/2000[13:54:24] SMILES Parse Error: syntax error while parsing: the
[13:54:24] SMILES Parse Error: Failed parsing SMILES 'the' for input: 'the'
[13:54:24] SMILES Parse Error: syntax error while parsing: Sure
[13:54:24] SMILES Parse Error: Failed parsing SMILES 'Sure' for input: 'Sure'

Progress: 1347/2000[13:54:27] SMILES Parse Error: syntax error while parsing: the
[13:54:27] SMILES Parse Error: Failed parsing SMILES 'the' for input: 'the'
[13:54:27] SMILES Parse Error: syntax error while parsing: Sure
[13:54:27] SMILES Parse Error: Failed parsing SMILES 'Sure' for input: 'Sure'

Progress: 1348/2000[13:54:28] SMILES Parse Error: syntax error while parsing: the
[13:54:28] SMILES Parse Error: Failed parsing SMILES 'the' for input: 'the'
[13:54:28] SMILES Parse Error: syntax error while parsing: Sure
[13:54:28] SMILES Parse Error: Failed parsing SMILES 'Sure' for input: 'Sure'

Progress: 1349/2000[13:54:30] SMILES Parse Error: syntax error while parsing: the
[13:54:30] SMILES Parse Error: Failed parsing SMILES 'the' for input: 'the'
[13:54:30] SMILES Parse Error: syntax error while parsing: Sure
[13:54:30] SMILES Parse Error: Failed parsing SMILES 'Sure' for input: 'Sure'

Progress: 1350/2000[13:54:31] SMILES Parse Error: syntax error while parsing: the
[13:54:31] SMILES Parse Error: Failed parsing SMILES 'the' for input: 'the'
[13:54:31] SMILES Parse Error: syntax error while parsing: Sure
[13:54:31] SMILES Parse Error: Failed parsing SMILES 'Sure' for input: 'Sure'

Progress: 1351/2000[13:54:33] SMILES Parse Error: syntax error while parsing: the
[13:54:33] SMILES Parse Error: Failed parsing SMILES 'the' for input: 'the'
[13:54:33] SMILES Parse Error: syntax error while parsing: Sure
[13:54:33] SMILES Parse Error: Failed parsing SMILES 'Sure' for input: 'Sure'

Progress: 1352/2000
Progress: 1353/2000[13:54:36] SMILES Parse Error: syntax error while parsing: the
[13:54:36] SMILES Parse Error: Failed parsing SMILES 'the' for input: 'the'
[13:54:36] SMILES Parse Error: syntax error while parsing: Sure
[13:54:36] SMILES Parse Error: Failed parsing SMILES 'Sure' for input: 'Sure'

Progress: 1354/2000[13:54:38] SMILES Parse Error: syntax error while parsing: the
[13:54:38] SMILES Parse Error: Failed parsing SMILES 'the' for input: 'the'
[13:54:38] SMILES Parse Error: syntax error while parsing: Sure
[13:54:38] SMILES Parse Error: Failed parsing SMILES 'Sure' for input: 'Sure'

Progress: 1355/2000[13:54:40] SMILES Parse Error: syntax error while parsing: the
[13:54:40] SMILES Parse Error: Failed parsing SMILES 'the' for input: 'the'
[13:54:40] SMILES Parse Error: syntax error while parsing: Sure
[13:54:40] SMILES Parse Error: Failed parsing SMILES 'Sure' for input: 'Sure'

Progress: 1356/2000[13:54:42] SMILES Parse Error: syntax error while parsing: the
[13:54:42] SMILES Parse Error: Failed parsing SMILES 'the' for input: 'the'
[13:54:42] SMILES Parse Error: syntax error while parsing: Sure
[13:54:42] SMILES Parse Error: Failed parsing SMILES 'Sure' for input: 'Sure'

Progress: 1357/2000
Progress: 1358/2000[13:54:47] SMILES Parse Error: syntax error while parsing: the
[13:54:47] SMILES Parse Error: Failed parsing SMILES 'the' for input: 'the'
[13:54:47] SMILES Parse Error: syntax error while parsing: Sure
[13:54:47] SMILES Parse Error: Failed parsing SMILES 'Sure' for input: 'Sure'

Progress: 1359/2000[13:54:48] SMILES Parse Error: syntax error while parsing: SMILES
[13:54:48] SMILES Parse Error: Failed parsing SMILES 'SMILES' for input: 'SMILES'

Progress: 1360/2000[13:54:50] SMILES Parse Error: syntax error while parsing: the
[13:54:50] SMILES Parse Error: Failed parsing SMILES 'the' for input: 'the'
[13:54:50] SMILES Parse Error: syntax error while parsing: Sure
[13:54:50] SMILES Parse Error: Failed parsing SMILES 'Sure' for input: 'Sure'

Progress: 1361/2000[13:54:51] SMILES Parse Error: syntax error while parsing: is
[13:54:51] SMILES Parse Error: Failed parsing SMILES 'is' for input: 'is'
[13:54:51] SMILES Parse Error: syntax error while parsing: SMILES
[13:54:51] SMILES Parse Error: Failed parsing SMILES 'SMILES' for input: 'SMILES'

Progress: 1362/2000[13:54:54] SMILES Parse Error: syntax error while parsing: SMILES
[13:54:54] SMILES Parse Error: Failed parsing SMILES 'SMILES' for input: 'SMILES'

Progress: 1363/2000[13:54:56] SMILES Parse Error: syntax error while parsing: the
[13:54:56] SMILES Parse Error: Failed parsing SMILES 'the' for input: 'the'
[13:54:56] SMILES Parse Error: syntax error while parsing: Sure
[13:54:56] SMILES Parse Error: Failed parsing SMILES 'Sure' for input: 'Sure'

Progress: 1364/2000[13:54:58] SMILES Parse Error: syntax error while parsing: the
[13:54:58] SMILES Parse Error: Failed parsing SMILES 'the' for input: 'the'
[13:54:58] SMILES Parse Error: syntax error while parsing: Sure
[13:54:58] SMILES Parse Error: Failed parsing SMILES 'Sure' for input: 'Sure'

Progress: 1365/2000[13:54:59] SMILES Parse Error: syntax error while parsing: is
[13:54:59] SMILES Parse Error: Failed parsing SMILES 'is' for input: 'is'
[13:54:59] SMILES Parse Error: syntax error while parsing: Sure
[13:54:59] SMILES Parse Error: Failed parsing SMILES 'Sure' for input: 'Sure'

Progress: 1366/2000[13:55:01] SMILES Parse Error: syntax error while parsing: the
[13:55:01] SMILES Parse Error: Failed parsing SMILES 'the' for input: 'the'
[13:55:01] SMILES Parse Error: syntax error while parsing: Sure
[13:55:01] SMILES Parse Error: Failed parsing SMILES 'Sure' for input: 'Sure'

Progress: 1367/2000[13:55:03] SMILES Parse Error: syntax error while parsing: the
[13:55:03] SMILES Parse Error: Failed parsing SMILES 'the' for input: 'the'
[13:55:03] SMILES Parse Error: syntax error while parsing: Sure
[13:55:03] SMILES Parse Error: Failed parsing SMILES 'Sure' for input: 'Sure'

Progress: 1368/2000[13:55:04] SMILES Parse Error: syntax error while parsing: the
[13:55:04] SMILES Parse Error: Failed parsing SMILES 'the' for input: 'the'
[13:55:04] SMILES Parse Error: syntax error while parsing: Sure
[13:55:04] SMILES Parse Error: Failed parsing SMILES 'Sure' for input: 'Sure'

Progress: 1369/2000[13:55:06] SMILES Parse Error: syntax error while parsing: the
[13:55:06] SMILES Parse Error: Failed parsing SMILES 'the' for input: 'the'
[13:55:06] SMILES Parse Error: syntax error while parsing: Sure
[13:55:06] SMILES Parse Error: Failed parsing SMILES 'Sure' for input: 'Sure'

Progress: 1370/2000
Progress: 1371/2000[13:55:10] SMILES Parse Error: syntax error while parsing: the
[13:55:10] SMILES Parse Error: Failed parsing SMILES 'the' for input: 'the'
[13:55:10] SMILES Parse Error: syntax error while parsing: Sure
[13:55:10] SMILES Parse Error: Failed parsing SMILES 'Sure' for input: 'Sure'

Progress: 1372/2000
Progress: 1373/2000[13:55:15] SMILES Parse Error: syntax error while parsing: the
[13:55:15] SMILES Parse Error: Failed parsing SMILES 'the' for input: 'the'
[13:55:15] SMILES Parse Error: syntax error while parsing: Sure
[13:55:15] SMILES Parse Error: Failed parsing SMILES 'Sure' for input: 'Sure'

Progress: 1374/2000[13:55:17] SMILES Parse Error: syntax error while parsing: the
[13:55:17] SMILES Parse Error: Failed parsing SMILES 'the' for input: 'the'
[13:55:17] SMILES Parse Error: syntax error while parsing: Sure
[13:55:17] SMILES Parse Error: Failed parsing SMILES 'Sure' for input: 'Sure'

Progress: 1375/2000[13:55:18] SMILES Parse Error: syntax error while parsing: the
[13:55:18] SMILES Parse Error: Failed parsing SMILES 'the' for input: 'the'
[13:55:18] SMILES Parse Error: syntax error while parsing: Sure
[13:55:18] SMILES Parse Error: Failed parsing SMILES 'Sure' for input: 'Sure'

Progress: 1376/2000[13:55:20] SMILES Parse Error: syntax error while parsing: the
[13:55:20] SMILES Parse Error: Failed parsing SMILES 'the' for input: 'the'
[13:55:20] SMILES Parse Error: syntax error while parsing: Sure
[13:55:20] SMILES Parse Error: Failed parsing SMILES 'Sure' for input: 'Sure'

Progress: 1377/2000[13:55:21] SMILES Parse Error: syntax error while parsing: the
[13:55:21] SMILES Parse Error: Failed parsing SMILES 'the' for input: 'the'
[13:55:21] SMILES Parse Error: syntax error while parsing: Sure
[13:55:21] SMILES Parse Error: Failed parsing SMILES 'Sure' for input: 'Sure'

Progress: 1378/2000[13:55:22] SMILES Parse Error: syntax error while parsing: a
[13:55:22] SMILES Parse Error: Failed parsing SMILES 'a' for input: 'a'
[13:55:22] SMILES Parse Error: syntax error while parsing: SMILES
[13:55:22] SMILES Parse Error: Failed parsing SMILES 'SMILES' for input: 'SMILES'

Progress: 1379/2000[13:55:24] SMILES Parse Error: syntax error while parsing: the
[13:55:24] SMILES Parse Error: Failed parsing SMILES 'the' for input: 'the'
[13:55:24] SMILES Parse Error: syntax error while parsing: Sure
[13:55:24] SMILES Parse Error: Failed parsing SMILES 'Sure' for input: 'Sure'

Progress: 1380/2000[13:55:25] SMILES Parse Error: syntax error while parsing: the
[13:55:25] SMILES Parse Error: Failed parsing SMILES 'the' for input: 'the'
[13:55:25] SMILES Parse Error: syntax error while parsing: Sure
[13:55:25] SMILES Parse Error: Failed parsing SMILES 'Sure' for input: 'Sure'

Progress: 1381/2000[13:55:27] SMILES Parse Error: syntax error while parsing: the
[13:55:27] SMILES Parse Error: Failed parsing SMILES 'the' for input: 'the'
[13:55:27] SMILES Parse Error: syntax error while parsing: Sure
[13:55:27] SMILES Parse Error: Failed parsing SMILES 'Sure' for input: 'Sure'

Progress: 1382/2000[13:55:29] SMILES Parse Error: syntax error while parsing: the
[13:55:29] SMILES Parse Error: Failed parsing SMILES 'the' for input: 'the'
[13:55:29] SMILES Parse Error: syntax error while parsing: Sure
[13:55:29] SMILES Parse Error: Failed parsing SMILES 'Sure' for input: 'Sure'

Progress: 1383/2000[13:55:31] SMILES Parse Error: syntax error while parsing: the
[13:55:31] SMILES Parse Error: Failed parsing SMILES 'the' for input: 'the'
[13:55:31] SMILES Parse Error: syntax error while parsing: Sure
[13:55:31] SMILES Parse Error: Failed parsing SMILES 'Sure' for input: 'Sure'

Progress: 1384/2000[13:55:32] SMILES Parse Error: syntax error while parsing: the
[13:55:32] SMILES Parse Error: Failed parsing SMILES 'the' for input: 'the'
[13:55:32] SMILES Parse Error: syntax error while parsing: Sure
[13:55:32] SMILES Parse Error: Failed parsing SMILES 'Sure' for input: 'Sure'

Progress: 1385/2000[13:55:34] SMILES Parse Error: syntax error while parsing: the
[13:55:34] SMILES Parse Error: Failed parsing SMILES 'the' for input: 'the'
[13:55:34] SMILES Parse Error: syntax error while parsing: Sure
[13:55:34] SMILES Parse Error: Failed parsing SMILES 'Sure' for input: 'Sure'

Progress: 1386/2000[13:55:35] SMILES Parse Error: syntax error while parsing: the
[13:55:35] SMILES Parse Error: Failed parsing SMILES 'the' for input: 'the'
[13:55:35] SMILES Parse Error: syntax error while parsing: Sure
[13:55:35] SMILES Parse Error: Failed parsing SMILES 'Sure' for input: 'Sure'

Progress: 1387/2000[13:55:36] SMILES Parse Error: syntax error while parsing: the
[13:55:36] SMILES Parse Error: Failed parsing SMILES 'the' for input: 'the'
[13:55:36] SMILES Parse Error: syntax error while parsing: Sure
[13:55:36] SMILES Parse Error: Failed parsing SMILES 'Sure' for input: 'Sure'

Progress: 1388/2000[13:55:38] SMILES Parse Error: syntax error while parsing: the
[13:55:38] SMILES Parse Error: Failed parsing SMILES 'the' for input: 'the'
[13:55:38] SMILES Parse Error: syntax error while parsing: Sure
[13:55:38] SMILES Parse Error: Failed parsing SMILES 'Sure' for input: 'Sure'

Progress: 1389/2000[13:55:39] SMILES Parse Error: syntax error while parsing: the
[13:55:39] SMILES Parse Error: Failed parsing SMILES 'the' for input: 'the'
[13:55:39] SMILES Parse Error: syntax error while parsing: Sure
[13:55:39] SMILES Parse Error: Failed parsing SMILES 'Sure' for input: 'Sure'

Progress: 1390/2000[13:55:41] SMILES Parse Error: syntax error while parsing: the
[13:55:41] SMILES Parse Error: Failed parsing SMILES 'the' for input: 'the'
[13:55:41] SMILES Parse Error: syntax error while parsing: Sure
[13:55:41] SMILES Parse Error: Failed parsing SMILES 'Sure' for input: 'Sure'

Progress: 1391/2000[13:55:42] SMILES Parse Error: syntax error while parsing: the
[13:55:42] SMILES Parse Error: Failed parsing SMILES 'the' for input: 'the'
[13:55:42] SMILES Parse Error: syntax error while parsing: Sure
[13:55:42] SMILES Parse Error: Failed parsing SMILES 'Sure' for input: 'Sure'

Progress: 1392/2000[13:55:44] SMILES Parse Error: syntax error while parsing: the
[13:55:44] SMILES Parse Error: Failed parsing SMILES 'the' for input: 'the'
[13:55:44] SMILES Parse Error: syntax error while parsing: Sure
[13:55:44] SMILES Parse Error: Failed parsing SMILES 'Sure' for input: 'Sure'

Progress: 1393/2000
Progress: 1394/2000[13:55:47] SMILES Parse Error: syntax error while parsing: the
[13:55:47] SMILES Parse Error: Failed parsing SMILES 'the' for input: 'the'
[13:55:47] SMILES Parse Error: syntax error while parsing: Sure
[13:55:47] SMILES Parse Error: Failed parsing SMILES 'Sure' for input: 'Sure'

Progress: 1395/2000
Progress: 1396/2000[13:55:50] SMILES Parse Error: syntax error while parsing: the
[13:55:50] SMILES Parse Error: Failed parsing SMILES 'the' for input: 'the'
[13:55:50] SMILES Parse Error: syntax error while parsing: Sure
[13:55:50] SMILES Parse Error: Failed parsing SMILES 'Sure' for input: 'Sure'

Progress: 1397/2000[13:55:51] SMILES Parse Error: syntax error while parsing: the
[13:55:51] SMILES Parse Error: Failed parsing SMILES 'the' for input: 'the'
[13:55:51] SMILES Parse Error: syntax error while parsing: Sure
[13:55:51] SMILES Parse Error: Failed parsing SMILES 'Sure' for input: 'Sure'

Progress: 1398/2000[13:55:53] SMILES Parse Error: syntax error while parsing: the
[13:55:53] SMILES Parse Error: Failed parsing SMILES 'the' for input: 'the'
[13:55:53] SMILES Parse Error: syntax error while parsing: Sure
[13:55:53] SMILES Parse Error: Failed parsing SMILES 'Sure' for input: 'Sure'

Progress: 1399/2000[13:55:54] SMILES Parse Error: syntax error while parsing: is
[13:55:54] SMILES Parse Error: Failed parsing SMILES 'is' for input: 'is'
[13:55:54] SMILES Parse Error: syntax error while parsing: SMILES
[13:55:54] SMILES Parse Error: Failed parsing SMILES 'SMILES' for input: 'SMILES'

Progress: 1400/2000[13:55:55] SMILES Parse Error: syntax error while parsing: the
[13:55:55] SMILES Parse Error: Failed parsing SMILES 'the' for input: 'the'
[13:55:55] SMILES Parse Error: syntax error while parsing: Sure
[13:55:55] SMILES Parse Error: Failed parsing SMILES 'Sure' for input: 'Sure'

Progress: 1401/2000[13:55:57] SMILES Parse Error: syntax error while parsing: the
[13:55:57] SMILES Parse Error: Failed parsing SMILES 'the' for input: 'the'
[13:55:57] SMILES Parse Error: syntax error while parsing: Sure
[13:55:57] SMILES Parse Error: Failed parsing SMILES 'Sure' for input: 'Sure'

Progress: 1402/2000[13:55:58] SMILES Parse Error: syntax error while parsing: the
[13:55:58] SMILES Parse Error: Failed parsing SMILES 'the' for input: 'the'
[13:55:58] SMILES Parse Error: syntax error while parsing: Sure
[13:55:58] SMILES Parse Error: Failed parsing SMILES 'Sure' for input: 'Sure'

Progress: 1403/2000[13:55:59] SMILES Parse Error: syntax error while parsing: the
[13:55:59] SMILES Parse Error: Failed parsing SMILES 'the' for input: 'the'
[13:55:59] SMILES Parse Error: syntax error while parsing: Sure
[13:55:59] SMILES Parse Error: Failed parsing SMILES 'Sure' for input: 'Sure'

Progress: 1404/2000[13:56:02] SMILES Parse Error: syntax error while parsing: the
[13:56:02] SMILES Parse Error: Failed parsing SMILES 'the' for input: 'the'
[13:56:02] SMILES Parse Error: syntax error while parsing: Sure
[13:56:02] SMILES Parse Error: Failed parsing SMILES 'Sure' for input: 'Sure'

Progress: 1405/2000[13:56:03] SMILES Parse Error: syntax error while parsing: the
[13:56:03] SMILES Parse Error: Failed parsing SMILES 'the' for input: 'the'
[13:56:03] SMILES Parse Error: syntax error while parsing: Sure
[13:56:03] SMILES Parse Error: Failed parsing SMILES 'Sure' for input: 'Sure'

Progress: 1406/2000[13:56:05] SMILES Parse Error: syntax error while parsing: the
[13:56:05] SMILES Parse Error: Failed parsing SMILES 'the' for input: 'the'
[13:56:05] SMILES Parse Error: syntax error while parsing: Sure
[13:56:05] SMILES Parse Error: Failed parsing SMILES 'Sure' for input: 'Sure'

Progress: 1407/2000[13:56:06] SMILES Parse Error: syntax error while parsing: the
[13:56:06] SMILES Parse Error: Failed parsing SMILES 'the' for input: 'the'
[13:56:06] SMILES Parse Error: syntax error while parsing: Sure
[13:56:06] SMILES Parse Error: Failed parsing SMILES 'Sure' for input: 'Sure'

Progress: 1408/2000[13:56:08] SMILES Parse Error: syntax error while parsing: the
[13:56:08] SMILES Parse Error: Failed parsing SMILES 'the' for input: 'the'
[13:56:08] SMILES Parse Error: syntax error while parsing: Sure
[13:56:08] SMILES Parse Error: Failed parsing SMILES 'Sure' for input: 'Sure'

Progress: 1409/2000[13:56:09] SMILES Parse Error: syntax error while parsing: the
[13:56:09] SMILES Parse Error: Failed parsing SMILES 'the' for input: 'the'
[13:56:09] SMILES Parse Error: syntax error while parsing: Sure
[13:56:09] SMILES Parse Error: Failed parsing SMILES 'Sure' for input: 'Sure'

Progress: 1410/2000[13:56:11] SMILES Parse Error: syntax error while parsing: a
[13:56:11] SMILES Parse Error: Failed parsing SMILES 'a' for input: 'a'
[13:56:11] SMILES Parse Error: syntax error while parsing: SMILES
[13:56:11] SMILES Parse Error: Failed parsing SMILES 'SMILES' for input: 'SMILES'

Progress: 1411/2000[13:56:12] SMILES Parse Error: syntax error while parsing: is
[13:56:12] SMILES Parse Error: Failed parsing SMILES 'is' for input: 'is'
[13:56:12] SMILES Parse Error: syntax error while parsing: SMILES
[13:56:12] SMILES Parse Error: Failed parsing SMILES 'SMILES' for input: 'SMILES'

Progress: 1412/2000[13:56:14] SMILES Parse Error: syntax error while parsing: the
[13:56:14] SMILES Parse Error: Failed parsing SMILES 'the' for input: 'the'
[13:56:14] SMILES Parse Error: syntax error while parsing: Sure
[13:56:14] SMILES Parse Error: Failed parsing SMILES 'Sure' for input: 'Sure'

Progress: 1413/2000[13:56:15] SMILES Parse Error: syntax error while parsing: the
[13:56:15] SMILES Parse Error: Failed parsing SMILES 'the' for input: 'the'
[13:56:15] SMILES Parse Error: syntax error while parsing: Sure
[13:56:15] SMILES Parse Error: Failed parsing SMILES 'Sure' for input: 'Sure'

Progress: 1414/2000[13:56:18] SMILES Parse Error: syntax error while parsing: the
[13:56:18] SMILES Parse Error: Failed parsing SMILES 'the' for input: 'the'
[13:56:18] SMILES Parse Error: syntax error while parsing: Sure
[13:56:18] SMILES Parse Error: Failed parsing SMILES 'Sure' for input: 'Sure'

Progress: 1415/2000[13:56:19] SMILES Parse Error: syntax error while parsing: the
[13:56:19] SMILES Parse Error: Failed parsing SMILES 'the' for input: 'the'
[13:56:19] SMILES Parse Error: syntax error while parsing: Sure
[13:56:19] SMILES Parse Error: Failed parsing SMILES 'Sure' for input: 'Sure'

Progress: 1416/2000[13:56:20] SMILES Parse Error: syntax error while parsing: the
[13:56:20] SMILES Parse Error: Failed parsing SMILES 'the' for input: 'the'
[13:56:20] SMILES Parse Error: syntax error while parsing: Sure
[13:56:20] SMILES Parse Error: Failed parsing SMILES 'Sure' for input: 'Sure'

Progress: 1417/2000[13:56:22] SMILES Parse Error: syntax error while parsing: the
[13:56:22] SMILES Parse Error: Failed parsing SMILES 'the' for input: 'the'
[13:56:22] SMILES Parse Error: syntax error while parsing: Sure
[13:56:22] SMILES Parse Error: Failed parsing SMILES 'Sure' for input: 'Sure'

Progress: 1418/2000[13:56:23] SMILES Parse Error: syntax error while parsing: the
[13:56:23] SMILES Parse Error: Failed parsing SMILES 'the' for input: 'the'
[13:56:23] SMILES Parse Error: syntax error while parsing: Sure
[13:56:23] SMILES Parse Error: Failed parsing SMILES 'Sure' for input: 'Sure'

Progress: 1419/2000[13:56:25] SMILES Parse Error: syntax error while parsing: the
[13:56:25] SMILES Parse Error: Failed parsing SMILES 'the' for input: 'the'
[13:56:25] SMILES Parse Error: syntax error while parsing: Sure
[13:56:25] SMILES Parse Error: Failed parsing SMILES 'Sure' for input: 'Sure'

Progress: 1420/2000
Progress: 1421/2000[13:56:27] SMILES Parse Error: syntax error while parsing: the
[13:56:27] SMILES Parse Error: Failed parsing SMILES 'the' for input: 'the'
[13:56:27] SMILES Parse Error: syntax error while parsing: Sure
[13:56:27] SMILES Parse Error: Failed parsing SMILES 'Sure' for input: 'Sure'

Progress: 1422/2000[13:56:28] SMILES Parse Error: syntax error while parsing: Sure
[13:56:28] SMILES Parse Error: Failed parsing SMILES 'Sure' for input: 'Sure'

Progress: 1423/2000[13:56:30] SMILES Parse Error: syntax error while parsing: the
[13:56:30] SMILES Parse Error: Failed parsing SMILES 'the' for input: 'the'
[13:56:30] SMILES Parse Error: syntax error while parsing: Sure
[13:56:30] SMILES Parse Error: Failed parsing SMILES 'Sure' for input: 'Sure'

Progress: 1424/2000[13:56:32] SMILES Parse Error: syntax error while parsing: the
[13:56:32] SMILES Parse Error: Failed parsing SMILES 'the' for input: 'the'
[13:56:32] SMILES Parse Error: syntax error while parsing: Sure
[13:56:32] SMILES Parse Error: Failed parsing SMILES 'Sure' for input: 'Sure'

Progress: 1425/2000[13:56:34] SMILES Parse Error: syntax error while parsing: the
[13:56:34] SMILES Parse Error: Failed parsing SMILES 'the' for input: 'the'
[13:56:34] SMILES Parse Error: syntax error while parsing: Sure
[13:56:34] SMILES Parse Error: Failed parsing SMILES 'Sure' for input: 'Sure'

Progress: 1426/2000[13:56:36] SMILES Parse Error: syntax error while parsing: the
[13:56:36] SMILES Parse Error: Failed parsing SMILES 'the' for input: 'the'
[13:56:36] SMILES Parse Error: syntax error while parsing: Sure
[13:56:36] SMILES Parse Error: Failed parsing SMILES 'Sure' for input: 'Sure'

Progress: 1427/2000[13:56:37] SMILES Parse Error: syntax error while parsing: the
[13:56:37] SMILES Parse Error: Failed parsing SMILES 'the' for input: 'the'
[13:56:37] SMILES Parse Error: syntax error while parsing: Sure
[13:56:37] SMILES Parse Error: Failed parsing SMILES 'Sure' for input: 'Sure'

Progress: 1428/2000[13:56:38] SMILES Parse Error: syntax error while parsing: SMILES
[13:56:38] SMILES Parse Error: Failed parsing SMILES 'SMILES' for input: 'SMILES'

Progress: 1429/2000[13:56:40] SMILES Parse Error: syntax error while parsing: the
[13:56:40] SMILES Parse Error: Failed parsing SMILES 'the' for input: 'the'
[13:56:40] SMILES Parse Error: syntax error while parsing: Sure
[13:56:40] SMILES Parse Error: Failed parsing SMILES 'Sure' for input: 'Sure'

Progress: 1430/2000[13:56:41] SMILES Parse Error: syntax error while parsing: the
[13:56:41] SMILES Parse Error: Failed parsing SMILES 'the' for input: 'the'
[13:56:41] SMILES Parse Error: syntax error while parsing: Sure
[13:56:41] SMILES Parse Error: Failed parsing SMILES 'Sure' for input: 'Sure'

Progress: 1431/2000[13:56:43] SMILES Parse Error: syntax error while parsing: the
[13:56:43] SMILES Parse Error: Failed parsing SMILES 'the' for input: 'the'
[13:56:43] SMILES Parse Error: syntax error while parsing: Sure
[13:56:43] SMILES Parse Error: Failed parsing SMILES 'Sure' for input: 'Sure'

Progress: 1432/2000[13:56:45] SMILES Parse Error: syntax error while parsing: the
[13:56:45] SMILES Parse Error: Failed parsing SMILES 'the' for input: 'the'
[13:56:45] SMILES Parse Error: syntax error while parsing: Sure
[13:56:45] SMILES Parse Error: Failed parsing SMILES 'Sure' for input: 'Sure'

Progress: 1433/2000[13:56:46] SMILES Parse Error: syntax error while parsing: the
[13:56:46] SMILES Parse Error: Failed parsing SMILES 'the' for input: 'the'
[13:56:46] SMILES Parse Error: syntax error while parsing: Sure
[13:56:46] SMILES Parse Error: Failed parsing SMILES 'Sure' for input: 'Sure'

Progress: 1434/2000[13:56:48] SMILES Parse Error: syntax error while parsing: the
[13:56:48] SMILES Parse Error: Failed parsing SMILES 'the' for input: 'the'
[13:56:48] SMILES Parse Error: syntax error while parsing: Sure
[13:56:48] SMILES Parse Error: Failed parsing SMILES 'Sure' for input: 'Sure'

Progress: 1435/2000[13:56:51] SMILES Parse Error: syntax error while parsing: the
[13:56:51] SMILES Parse Error: Failed parsing SMILES 'the' for input: 'the'
[13:56:51] SMILES Parse Error: syntax error while parsing: Sure
[13:56:51] SMILES Parse Error: Failed parsing SMILES 'Sure' for input: 'Sure'

Progress: 1436/2000[13:56:53] SMILES Parse Error: syntax error while parsing: the
[13:56:53] SMILES Parse Error: Failed parsing SMILES 'the' for input: 'the'
[13:56:53] SMILES Parse Error: syntax error while parsing: Sure
[13:56:53] SMILES Parse Error: Failed parsing SMILES 'Sure' for input: 'Sure'

Progress: 1437/2000[13:56:54] SMILES Parse Error: syntax error while parsing: the
[13:56:54] SMILES Parse Error: Failed parsing SMILES 'the' for input: 'the'
[13:56:54] SMILES Parse Error: syntax error while parsing: Sure
[13:56:54] SMILES Parse Error: Failed parsing SMILES 'Sure' for input: 'Sure'

Progress: 1438/2000[13:56:55] SMILES Parse Error: syntax error while parsing: the
[13:56:55] SMILES Parse Error: Failed parsing SMILES 'the' for input: 'the'
[13:56:55] SMILES Parse Error: syntax error while parsing: Sure
[13:56:55] SMILES Parse Error: Failed parsing SMILES 'Sure' for input: 'Sure'

Progress: 1439/2000[13:56:58] SMILES Parse Error: syntax error while parsing: the
[13:56:58] SMILES Parse Error: Failed parsing SMILES 'the' for input: 'the'
[13:56:58] SMILES Parse Error: syntax error while parsing: Sure
[13:56:58] SMILES Parse Error: Failed parsing SMILES 'Sure' for input: 'Sure'

Progress: 1440/2000[13:56:59] SMILES Parse Error: syntax error while parsing: the
[13:56:59] SMILES Parse Error: Failed parsing SMILES 'the' for input: 'the'
[13:56:59] SMILES Parse Error: syntax error while parsing: Sure
[13:56:59] SMILES Parse Error: Failed parsing SMILES 'Sure' for input: 'Sure'

Progress: 1441/2000[13:57:01] SMILES Parse Error: syntax error while parsing: the
[13:57:01] SMILES Parse Error: Failed parsing SMILES 'the' for input: 'the'
[13:57:01] SMILES Parse Error: syntax error while parsing: Sure
[13:57:01] SMILES Parse Error: Failed parsing SMILES 'Sure' for input: 'Sure'

Progress: 1442/2000[13:57:02] SMILES Parse Error: syntax error while parsing: Sure
[13:57:02] SMILES Parse Error: Failed parsing SMILES 'Sure' for input: 'Sure'

Progress: 1443/2000[13:57:04] SMILES Parse Error: syntax error while parsing: the
[13:57:04] SMILES Parse Error: Failed parsing SMILES 'the' for input: 'the'
[13:57:04] SMILES Parse Error: syntax error while parsing: Sure
[13:57:04] SMILES Parse Error: Failed parsing SMILES 'Sure' for input: 'Sure'

Progress: 1444/2000[13:57:06] SMILES Parse Error: syntax error while parsing: SMILES
[13:57:06] SMILES Parse Error: Failed parsing SMILES 'SMILES' for input: 'SMILES'

Progress: 1445/2000[13:57:07] SMILES Parse Error: syntax error while parsing: the
[13:57:07] SMILES Parse Error: Failed parsing SMILES 'the' for input: 'the'
[13:57:07] SMILES Parse Error: syntax error while parsing: Sure
[13:57:07] SMILES Parse Error: Failed parsing SMILES 'Sure' for input: 'Sure'

Progress: 1446/2000[13:57:09] SMILES Parse Error: syntax error while parsing: the
[13:57:09] SMILES Parse Error: Failed parsing SMILES 'the' for input: 'the'
[13:57:09] SMILES Parse Error: syntax error while parsing: Sure
[13:57:09] SMILES Parse Error: Failed parsing SMILES 'Sure' for input: 'Sure'

Progress: 1447/2000[13:57:10] SMILES Parse Error: syntax error while parsing: SMILES
[13:57:10] SMILES Parse Error: Failed parsing SMILES 'SMILES' for input: 'SMILES'
[13:57:10] SMILES Parse Error: syntax error while parsing: SMILES
[13:57:10] SMILES Parse Error: Failed parsing SMILES 'SMILES' for input: 'SMILES'

Progress: 1448/2000[13:57:11] SMILES Parse Error: syntax error while parsing: the
[13:57:11] SMILES Parse Error: Failed parsing SMILES 'the' for input: 'the'
[13:57:11] SMILES Parse Error: syntax error while parsing: Sure
[13:57:11] SMILES Parse Error: Failed parsing SMILES 'Sure' for input: 'Sure'

Progress: 1449/2000[13:57:13] SMILES Parse Error: syntax error while parsing: the
[13:57:13] SMILES Parse Error: Failed parsing SMILES 'the' for input: 'the'
[13:57:13] SMILES Parse Error: syntax error while parsing: Sure
[13:57:13] SMILES Parse Error: Failed parsing SMILES 'Sure' for input: 'Sure'

Progress: 1450/2000[13:57:14] SMILES Parse Error: syntax error while parsing: the
[13:57:14] SMILES Parse Error: Failed parsing SMILES 'the' for input: 'the'
[13:57:14] SMILES Parse Error: syntax error while parsing: Sure
[13:57:14] SMILES Parse Error: Failed parsing SMILES 'Sure' for input: 'Sure'

Progress: 1451/2000[13:57:15] SMILES Parse Error: syntax error while parsing: is
[13:57:15] SMILES Parse Error: Failed parsing SMILES 'is' for input: 'is'
[13:57:15] SMILES Parse Error: syntax error while parsing: SMILES
[13:57:15] SMILES Parse Error: Failed parsing SMILES 'SMILES' for input: 'SMILES'

Progress: 1452/2000
Progress: 1453/2000[13:57:20] SMILES Parse Error: syntax error while parsing: the
[13:57:20] SMILES Parse Error: Failed parsing SMILES 'the' for input: 'the'
[13:57:20] SMILES Parse Error: syntax error while parsing: Sure
[13:57:20] SMILES Parse Error: Failed parsing SMILES 'Sure' for input: 'Sure'

Progress: 1454/2000[13:57:21] SMILES Parse Error: syntax error while parsing: SMILES
[13:57:21] SMILES Parse Error: Failed parsing SMILES 'SMILES' for input: 'SMILES'
[13:57:21] SMILES Parse Error: syntax error while parsing: Sure
[13:57:21] SMILES Parse Error: Failed parsing SMILES 'Sure' for input: 'Sure'

Progress: 1455/2000[13:57:23] SMILES Parse Error: syntax error while parsing: the
[13:57:23] SMILES Parse Error: Failed parsing SMILES 'the' for input: 'the'
[13:57:23] SMILES Parse Error: syntax error while parsing: Sure
[13:57:23] SMILES Parse Error: Failed parsing SMILES 'Sure' for input: 'Sure'

Progress: 1456/2000[13:57:25] SMILES Parse Error: syntax error while parsing: a
[13:57:25] SMILES Parse Error: Failed parsing SMILES 'a' for input: 'a'
[13:57:25] SMILES Parse Error: syntax error while parsing: Sure
[13:57:25] SMILES Parse Error: Failed parsing SMILES 'Sure' for input: 'Sure'

Progress: 1457/2000[13:57:27] SMILES Parse Error: syntax error while parsing: the
[13:57:27] SMILES Parse Error: Failed parsing SMILES 'the' for input: 'the'
[13:57:27] SMILES Parse Error: syntax error while parsing: Sure
[13:57:27] SMILES Parse Error: Failed parsing SMILES 'Sure' for input: 'Sure'

Progress: 1458/2000[13:57:29] SMILES Parse Error: syntax error while parsing: the
[13:57:29] SMILES Parse Error: Failed parsing SMILES 'the' for input: 'the'
[13:57:29] SMILES Parse Error: syntax error while parsing: Sure
[13:57:29] SMILES Parse Error: Failed parsing SMILES 'Sure' for input: 'Sure'

Progress: 1459/2000[13:57:30] SMILES Parse Error: syntax error while parsing: the
[13:57:30] SMILES Parse Error: Failed parsing SMILES 'the' for input: 'the'
[13:57:30] SMILES Parse Error: syntax error while parsing: Sure
[13:57:30] SMILES Parse Error: Failed parsing SMILES 'Sure' for input: 'Sure'

Progress: 1460/2000[13:57:33] SMILES Parse Error: syntax error while parsing: the
[13:57:33] SMILES Parse Error: Failed parsing SMILES 'the' for input: 'the'
[13:57:33] SMILES Parse Error: syntax error while parsing: Sure
[13:57:33] SMILES Parse Error: Failed parsing SMILES 'Sure' for input: 'Sure'

Progress: 1461/2000[13:57:34] SMILES Parse Error: syntax error while parsing: the
[13:57:34] SMILES Parse Error: Failed parsing SMILES 'the' for input: 'the'
[13:57:34] SMILES Parse Error: syntax error while parsing: Sure
[13:57:34] SMILES Parse Error: Failed parsing SMILES 'Sure' for input: 'Sure'

Progress: 1462/2000[13:57:35] SMILES Parse Error: syntax error while parsing: the
[13:57:35] SMILES Parse Error: Failed parsing SMILES 'the' for input: 'the'
[13:57:35] SMILES Parse Error: syntax error while parsing: Sure
[13:57:35] SMILES Parse Error: Failed parsing SMILES 'Sure' for input: 'Sure'

Progress: 1463/2000[13:57:37] SMILES Parse Error: syntax error while parsing: the
[13:57:37] SMILES Parse Error: Failed parsing SMILES 'the' for input: 'the'
[13:57:37] SMILES Parse Error: syntax error while parsing: Sure
[13:57:37] SMILES Parse Error: Failed parsing SMILES 'Sure' for input: 'Sure'

Progress: 1464/2000[13:57:38] SMILES Parse Error: syntax error while parsing: the
[13:57:38] SMILES Parse Error: Failed parsing SMILES 'the' for input: 'the'
[13:57:38] SMILES Parse Error: syntax error while parsing: Sure
[13:57:38] SMILES Parse Error: Failed parsing SMILES 'Sure' for input: 'Sure'

Progress: 1465/2000[13:57:39] SMILES Parse Error: syntax error while parsing: the
[13:57:39] SMILES Parse Error: Failed parsing SMILES 'the' for input: 'the'
[13:57:39] SMILES Parse Error: syntax error while parsing: Sure
[13:57:39] SMILES Parse Error: Failed parsing SMILES 'Sure' for input: 'Sure'

Progress: 1466/2000[13:57:41] SMILES Parse Error: syntax error while parsing: the
[13:57:41] SMILES Parse Error: Failed parsing SMILES 'the' for input: 'the'
[13:57:41] SMILES Parse Error: syntax error while parsing: Sure
[13:57:41] SMILES Parse Error: Failed parsing SMILES 'Sure' for input: 'Sure'

Progress: 1467/2000[13:57:44] SMILES Parse Error: syntax error while parsing: the
[13:57:44] SMILES Parse Error: Failed parsing SMILES 'the' for input: 'the'
[13:57:44] SMILES Parse Error: syntax error while parsing: Sure
[13:57:44] SMILES Parse Error: Failed parsing SMILES 'Sure' for input: 'Sure'

Progress: 1468/2000[13:57:46] SMILES Parse Error: syntax error while parsing: the
[13:57:46] SMILES Parse Error: Failed parsing SMILES 'the' for input: 'the'
[13:57:46] SMILES Parse Error: syntax error while parsing: Sure
[13:57:46] SMILES Parse Error: Failed parsing SMILES 'Sure' for input: 'Sure'

Progress: 1469/2000[13:57:48] SMILES Parse Error: syntax error while parsing: the
[13:57:48] SMILES Parse Error: Failed parsing SMILES 'the' for input: 'the'
[13:57:48] SMILES Parse Error: syntax error while parsing: Sure
[13:57:48] SMILES Parse Error: Failed parsing SMILES 'Sure' for input: 'Sure'

Progress: 1470/2000[13:57:49] SMILES Parse Error: syntax error while parsing: the
[13:57:49] SMILES Parse Error: Failed parsing SMILES 'the' for input: 'the'
[13:57:49] SMILES Parse Error: syntax error while parsing: Sure
[13:57:49] SMILES Parse Error: Failed parsing SMILES 'Sure' for input: 'Sure'

Progress: 1471/2000[13:57:50] SMILES Parse Error: syntax error while parsing: the
[13:57:50] SMILES Parse Error: Failed parsing SMILES 'the' for input: 'the'
[13:57:50] SMILES Parse Error: syntax error while parsing: Sure
[13:57:50] SMILES Parse Error: Failed parsing SMILES 'Sure' for input: 'Sure'

Progress: 1472/2000[13:57:52] SMILES Parse Error: syntax error while parsing: the
[13:57:52] SMILES Parse Error: Failed parsing SMILES 'the' for input: 'the'
[13:57:52] SMILES Parse Error: syntax error while parsing: Sure
[13:57:52] SMILES Parse Error: Failed parsing SMILES 'Sure' for input: 'Sure'

Progress: 1473/2000[13:57:54] SMILES Parse Error: syntax error while parsing: the
[13:57:54] SMILES Parse Error: Failed parsing SMILES 'the' for input: 'the'
[13:57:54] SMILES Parse Error: syntax error while parsing: Sure
[13:57:54] SMILES Parse Error: Failed parsing SMILES 'Sure' for input: 'Sure'

Progress: 1474/2000
Progress: 1475/2000[13:58:00] SMILES Parse Error: syntax error while parsing: the
[13:58:00] SMILES Parse Error: Failed parsing SMILES 'the' for input: 'the'
[13:58:00] SMILES Parse Error: syntax error while parsing: Sure
[13:58:00] SMILES Parse Error: Failed parsing SMILES 'Sure' for input: 'Sure'

Progress: 1476/2000[13:58:02] SMILES Parse Error: syntax error while parsing: the
[13:58:02] SMILES Parse Error: Failed parsing SMILES 'the' for input: 'the'
[13:58:02] SMILES Parse Error: syntax error while parsing: Sure
[13:58:02] SMILES Parse Error: Failed parsing SMILES 'Sure' for input: 'Sure'

Progress: 1477/2000[13:58:04] SMILES Parse Error: syntax error while parsing: the
[13:58:04] SMILES Parse Error: Failed parsing SMILES 'the' for input: 'the'
[13:58:04] SMILES Parse Error: syntax error while parsing: Sure
[13:58:04] SMILES Parse Error: Failed parsing SMILES 'Sure' for input: 'Sure'

Progress: 1478/2000[13:58:08] SMILES Parse Error: syntax error while parsing: the
[13:58:08] SMILES Parse Error: Failed parsing SMILES 'the' for input: 'the'
[13:58:08] SMILES Parse Error: syntax error while parsing: SURE
[13:58:08] SMILES Parse Error: Failed parsing SMILES 'SURE' for input: 'SURE'

Progress: 1479/2000[13:58:09] SMILES Parse Error: syntax error while parsing: the
[13:58:09] SMILES Parse Error: Failed parsing SMILES 'the' for input: 'the'
[13:58:09] SMILES Parse Error: syntax error while parsing: Sure
[13:58:09] SMILES Parse Error: Failed parsing SMILES 'Sure' for input: 'Sure'

Progress: 1480/2000[13:58:11] SMILES Parse Error: syntax error while parsing: SMILES
[13:58:11] SMILES Parse Error: Failed parsing SMILES 'SMILES' for input: 'SMILES'

Progress: 1481/2000[13:58:13] SMILES Parse Error: syntax error while parsing: the
[13:58:13] SMILES Parse Error: Failed parsing SMILES 'the' for input: 'the'
[13:58:13] SMILES Parse Error: syntax error while parsing: Sure
[13:58:13] SMILES Parse Error: Failed parsing SMILES 'Sure' for input: 'Sure'

Progress: 1482/2000[13:58:15] SMILES Parse Error: syntax error while parsing: the
[13:58:15] SMILES Parse Error: Failed parsing SMILES 'the' for input: 'the'
[13:58:15] SMILES Parse Error: syntax error while parsing: Sure
[13:58:15] SMILES Parse Error: Failed parsing SMILES 'Sure' for input: 'Sure'

Progress: 1483/2000[13:58:16] SMILES Parse Error: syntax error while parsing: the
[13:58:16] SMILES Parse Error: Failed parsing SMILES 'the' for input: 'the'
[13:58:16] SMILES Parse Error: syntax error while parsing: Sure
[13:58:16] SMILES Parse Error: Failed parsing SMILES 'Sure' for input: 'Sure'

Progress: 1484/2000[13:58:17] SMILES Parse Error: syntax error while parsing: the
[13:58:17] SMILES Parse Error: Failed parsing SMILES 'the' for input: 'the'
[13:58:17] SMILES Parse Error: syntax error while parsing: Sure
[13:58:17] SMILES Parse Error: Failed parsing SMILES 'Sure' for input: 'Sure'

Progress: 1485/2000[13:58:19] SMILES Parse Error: syntax error while parsing: the
[13:58:19] SMILES Parse Error: Failed parsing SMILES 'the' for input: 'the'
[13:58:19] SMILES Parse Error: syntax error while parsing: Sure
[13:58:19] SMILES Parse Error: Failed parsing SMILES 'Sure' for input: 'Sure'

Progress: 1486/2000[13:58:22] SMILES Parse Error: syntax error while parsing: the
[13:58:22] SMILES Parse Error: Failed parsing SMILES 'the' for input: 'the'
[13:58:22] SMILES Parse Error: syntax error while parsing: Sure
[13:58:22] SMILES Parse Error: Failed parsing SMILES 'Sure' for input: 'Sure'

Progress: 1487/2000[13:58:23] SMILES Parse Error: syntax error while parsing: the
[13:58:23] SMILES Parse Error: Failed parsing SMILES 'the' for input: 'the'
[13:58:23] SMILES Parse Error: syntax error while parsing: Sure
[13:58:23] SMILES Parse Error: Failed parsing SMILES 'Sure' for input: 'Sure'

Progress: 1488/2000[13:58:26] SMILES Parse Error: syntax error while parsing: the
[13:58:26] SMILES Parse Error: Failed parsing SMILES 'the' for input: 'the'
[13:58:26] SMILES Parse Error: syntax error while parsing: Sure
[13:58:26] SMILES Parse Error: Failed parsing SMILES 'Sure' for input: 'Sure'

Progress: 1489/2000[13:58:28] SMILES Parse Error: syntax error while parsing: Sure
[13:58:28] SMILES Parse Error: Failed parsing SMILES 'Sure' for input: 'Sure'

Progress: 1490/2000[13:58:29] SMILES Parse Error: syntax error while parsing: the
[13:58:29] SMILES Parse Error: Failed parsing SMILES 'the' for input: 'the'
[13:58:29] SMILES Parse Error: syntax error while parsing: Sure
[13:58:29] SMILES Parse Error: Failed parsing SMILES 'Sure' for input: 'Sure'

Progress: 1491/2000[13:58:30] SMILES Parse Error: syntax error while parsing: the
[13:58:30] SMILES Parse Error: Failed parsing SMILES 'the' for input: 'the'
[13:58:30] SMILES Parse Error: syntax error while parsing: Sure
[13:58:30] SMILES Parse Error: Failed parsing SMILES 'Sure' for input: 'Sure'

Progress: 1492/2000[13:58:31] SMILES Parse Error: syntax error while parsing: the
[13:58:31] SMILES Parse Error: Failed parsing SMILES 'the' for input: 'the'
[13:58:31] SMILES Parse Error: syntax error while parsing: Sure
[13:58:31] SMILES Parse Error: Failed parsing SMILES 'Sure' for input: 'Sure'

Progress: 1493/2000[13:58:32] SMILES Parse Error: syntax error while parsing: the
[13:58:32] SMILES Parse Error: Failed parsing SMILES 'the' for input: 'the'
[13:58:32] SMILES Parse Error: syntax error while parsing: Sure
[13:58:32] SMILES Parse Error: Failed parsing SMILES 'Sure' for input: 'Sure'

Progress: 1494/2000[13:58:34] SMILES Parse Error: syntax error while parsing: the
[13:58:34] SMILES Parse Error: Failed parsing SMILES 'the' for input: 'the'
[13:58:34] SMILES Parse Error: syntax error while parsing: Sure
[13:58:34] SMILES Parse Error: Failed parsing SMILES 'Sure' for input: 'Sure'

Progress: 1495/2000[13:58:35] SMILES Parse Error: syntax error while parsing: is
[13:58:35] SMILES Parse Error: Failed parsing SMILES 'is' for input: 'is'
[13:58:35] SMILES Parse Error: syntax error while parsing: SMILES
[13:58:35] SMILES Parse Error: Failed parsing SMILES 'SMILES' for input: 'SMILES'

Progress: 1496/2000[13:58:37] SMILES Parse Error: syntax error while parsing: the
[13:58:37] SMILES Parse Error: Failed parsing SMILES 'the' for input: 'the'
[13:58:37] SMILES Parse Error: syntax error while parsing: Sure
[13:58:37] SMILES Parse Error: Failed parsing SMILES 'Sure' for input: 'Sure'

Progress: 1497/2000[13:58:40] SMILES Parse Error: syntax error while parsing: the
[13:58:40] SMILES Parse Error: Failed parsing SMILES 'the' for input: 'the'
[13:58:40] SMILES Parse Error: syntax error while parsing: Sure
[13:58:40] SMILES Parse Error: Failed parsing SMILES 'Sure' for input: 'Sure'

Progress: 1498/2000[13:58:41] SMILES Parse Error: syntax error while parsing: the
[13:58:41] SMILES Parse Error: Failed parsing SMILES 'the' for input: 'the'
[13:58:41] SMILES Parse Error: syntax error while parsing: Sure
[13:58:41] SMILES Parse Error: Failed parsing SMILES 'Sure' for input: 'Sure'

Progress: 1499/2000[13:58:43] SMILES Parse Error: syntax error while parsing: the
[13:58:43] SMILES Parse Error: Failed parsing SMILES 'the' for input: 'the'
[13:58:43] SMILES Parse Error: syntax error while parsing: Sure
[13:58:43] SMILES Parse Error: Failed parsing SMILES 'Sure' for input: 'Sure'

Progress: 1500/2000[13:58:44] SMILES Parse Error: syntax error while parsing: the
[13:58:44] SMILES Parse Error: Failed parsing SMILES 'the' for input: 'the'
[13:58:44] SMILES Parse Error: syntax error while parsing: Sure
[13:58:44] SMILES Parse Error: Failed parsing SMILES 'Sure' for input: 'Sure'

Progress: 1501/2000[13:58:45] SMILES Parse Error: syntax error while parsing: SMILES
[13:58:45] SMILES Parse Error: Failed parsing SMILES 'SMILES' for input: 'SMILES'

Progress: 1502/2000[13:58:46] SMILES Parse Error: syntax error while parsing: the
[13:58:46] SMILES Parse Error: Failed parsing SMILES 'the' for input: 'the'
[13:58:46] SMILES Parse Error: syntax error while parsing: Sure
[13:58:46] SMILES Parse Error: Failed parsing SMILES 'Sure' for input: 'Sure'

Progress: 1503/2000[13:58:48] SMILES Parse Error: syntax error while parsing: the
[13:58:48] SMILES Parse Error: Failed parsing SMILES 'the' for input: 'the'
[13:58:48] SMILES Parse Error: syntax error while parsing: Sure
[13:58:48] SMILES Parse Error: Failed parsing SMILES 'Sure' for input: 'Sure'

Progress: 1504/2000[13:58:50] SMILES Parse Error: syntax error while parsing: helps
[13:58:50] SMILES Parse Error: Failed parsing SMILES 'helps' for input: 'helps'
[13:58:50] SMILES Parse Error: syntax error while parsing: Sure
[13:58:50] SMILES Parse Error: Failed parsing SMILES 'Sure' for input: 'Sure'

Progress: 1505/2000[13:58:52] SMILES Parse Error: syntax error while parsing: the
[13:58:52] SMILES Parse Error: Failed parsing SMILES 'the' for input: 'the'
[13:58:52] SMILES Parse Error: syntax error while parsing: Sure
[13:58:52] SMILES Parse Error: Failed parsing SMILES 'Sure' for input: 'Sure'

Progress: 1506/2000[13:58:54] SMILES Parse Error: syntax error while parsing: the
[13:58:54] SMILES Parse Error: Failed parsing SMILES 'the' for input: 'the'
[13:58:54] SMILES Parse Error: syntax error while parsing: Sure
[13:58:54] SMILES Parse Error: Failed parsing SMILES 'Sure' for input: 'Sure'

Progress: 1507/2000[13:58:55] SMILES Parse Error: syntax error while parsing: the
[13:58:55] SMILES Parse Error: Failed parsing SMILES 'the' for input: 'the'
[13:58:55] SMILES Parse Error: syntax error while parsing: Sure
[13:58:55] SMILES Parse Error: Failed parsing SMILES 'Sure' for input: 'Sure'

Progress: 1508/2000[13:58:57] SMILES Parse Error: syntax error while parsing: the
[13:58:57] SMILES Parse Error: Failed parsing SMILES 'the' for input: 'the'
[13:58:57] SMILES Parse Error: syntax error while parsing: Sure
[13:58:57] SMILES Parse Error: Failed parsing SMILES 'Sure' for input: 'Sure'

Progress: 1509/2000[13:58:58] SMILES Parse Error: syntax error while parsing: the
[13:58:58] SMILES Parse Error: Failed parsing SMILES 'the' for input: 'the'
[13:58:58] SMILES Parse Error: syntax error while parsing: Sure
[13:58:58] SMILES Parse Error: Failed parsing SMILES 'Sure' for input: 'Sure'

Progress: 1510/2000[13:58:59] SMILES Parse Error: syntax error while parsing: the
[13:58:59] SMILES Parse Error: Failed parsing SMILES 'the' for input: 'the'
[13:58:59] SMILES Parse Error: syntax error while parsing: Sure
[13:58:59] SMILES Parse Error: Failed parsing SMILES 'Sure' for input: 'Sure'

Progress: 1511/2000[13:59:03] SMILES Parse Error: syntax error while parsing: Sure
[13:59:03] SMILES Parse Error: Failed parsing SMILES 'Sure' for input: 'Sure'

Progress: 1512/2000[13:59:05] SMILES Parse Error: syntax error while parsing: Sure
[13:59:05] SMILES Parse Error: Failed parsing SMILES 'Sure' for input: 'Sure'

Progress: 1513/2000[13:59:08] SMILES Parse Error: syntax error while parsing: the
[13:59:08] SMILES Parse Error: Failed parsing SMILES 'the' for input: 'the'
[13:59:08] SMILES Parse Error: syntax error while parsing: Sure
[13:59:08] SMILES Parse Error: Failed parsing SMILES 'Sure' for input: 'Sure'

Progress: 1514/2000[13:59:09] SMILES Parse Error: syntax error while parsing: the
[13:59:09] SMILES Parse Error: Failed parsing SMILES 'the' for input: 'the'
[13:59:09] SMILES Parse Error: syntax error while parsing: Sure
[13:59:09] SMILES Parse Error: Failed parsing SMILES 'Sure' for input: 'Sure'

Progress: 1515/2000[13:59:11] SMILES Parse Error: syntax error while parsing: the
[13:59:11] SMILES Parse Error: Failed parsing SMILES 'the' for input: 'the'
[13:59:11] SMILES Parse Error: syntax error while parsing: Sure
[13:59:11] SMILES Parse Error: Failed parsing SMILES 'Sure' for input: 'Sure'

Progress: 1516/2000[13:59:13] SMILES Parse Error: syntax error while parsing: the
[13:59:13] SMILES Parse Error: Failed parsing SMILES 'the' for input: 'the'
[13:59:13] SMILES Parse Error: syntax error while parsing: Sure
[13:59:13] SMILES Parse Error: Failed parsing SMILES 'Sure' for input: 'Sure'

Progress: 1517/2000[13:59:14] SMILES Parse Error: syntax error while parsing: the
[13:59:14] SMILES Parse Error: Failed parsing SMILES 'the' for input: 'the'
[13:59:14] SMILES Parse Error: syntax error while parsing: Sure
[13:59:14] SMILES Parse Error: Failed parsing SMILES 'Sure' for input: 'Sure'

Progress: 1518/2000
Progress: 1519/2000[13:59:17] SMILES Parse Error: syntax error while parsing: the
[13:59:17] SMILES Parse Error: Failed parsing SMILES 'the' for input: 'the'
[13:59:17] SMILES Parse Error: syntax error while parsing: Sure
[13:59:17] SMILES Parse Error: Failed parsing SMILES 'Sure' for input: 'Sure'

Progress: 1520/2000[13:59:18] SMILES Parse Error: syntax error while parsing: the
[13:59:18] SMILES Parse Error: Failed parsing SMILES 'the' for input: 'the'
[13:59:18] SMILES Parse Error: syntax error while parsing: Sure
[13:59:18] SMILES Parse Error: Failed parsing SMILES 'Sure' for input: 'Sure'

Progress: 1521/2000[13:59:20] SMILES Parse Error: syntax error while parsing: the
[13:59:20] SMILES Parse Error: Failed parsing SMILES 'the' for input: 'the'
[13:59:20] SMILES Parse Error: syntax error while parsing: Sure
[13:59:20] SMILES Parse Error: Failed parsing SMILES 'Sure' for input: 'Sure'

Progress: 1522/2000[13:59:21] SMILES Parse Error: syntax error while parsing: the
[13:59:21] SMILES Parse Error: Failed parsing SMILES 'the' for input: 'the'
[13:59:21] SMILES Parse Error: syntax error while parsing: Sure
[13:59:21] SMILES Parse Error: Failed parsing SMILES 'Sure' for input: 'Sure'

Progress: 1523/2000[13:59:23] SMILES Parse Error: syntax error while parsing: the
[13:59:23] SMILES Parse Error: Failed parsing SMILES 'the' for input: 'the'
[13:59:23] SMILES Parse Error: syntax error while parsing: Sure
[13:59:23] SMILES Parse Error: Failed parsing SMILES 'Sure' for input: 'Sure'

Progress: 1524/2000[13:59:25] SMILES Parse Error: syntax error while parsing: the
[13:59:25] SMILES Parse Error: Failed parsing SMILES 'the' for input: 'the'
[13:59:25] SMILES Parse Error: syntax error while parsing: Sure
[13:59:25] SMILES Parse Error: Failed parsing SMILES 'Sure' for input: 'Sure'

Progress: 1525/2000[13:59:26] SMILES Parse Error: syntax error while parsing: the
[13:59:26] SMILES Parse Error: Failed parsing SMILES 'the' for input: 'the'
[13:59:26] SMILES Parse Error: syntax error while parsing: Sure
[13:59:26] SMILES Parse Error: Failed parsing SMILES 'Sure' for input: 'Sure'

Progress: 1526/2000[13:59:28] SMILES Parse Error: syntax error while parsing: the
[13:59:28] SMILES Parse Error: Failed parsing SMILES 'the' for input: 'the'
[13:59:28] SMILES Parse Error: syntax error while parsing: Sure
[13:59:28] SMILES Parse Error: Failed parsing SMILES 'Sure' for input: 'Sure'

Progress: 1527/2000[13:59:30] SMILES Parse Error: syntax error while parsing: SMILES
[13:59:30] SMILES Parse Error: Failed parsing SMILES 'SMILES' for input: 'SMILES'

Progress: 1528/2000[13:59:33] SMILES Parse Error: syntax error while parsing: the
[13:59:33] SMILES Parse Error: Failed parsing SMILES 'the' for input: 'the'
[13:59:33] SMILES Parse Error: syntax error while parsing: Sure
[13:59:33] SMILES Parse Error: Failed parsing SMILES 'Sure' for input: 'Sure'

Progress: 1529/2000[13:59:35] SMILES Parse Error: syntax error while parsing: the
[13:59:35] SMILES Parse Error: Failed parsing SMILES 'the' for input: 'the'
[13:59:35] SMILES Parse Error: syntax error while parsing: Sure
[13:59:35] SMILES Parse Error: Failed parsing SMILES 'Sure' for input: 'Sure'

Progress: 1530/2000[13:59:36] SMILES Parse Error: syntax error while parsing: the
[13:59:36] SMILES Parse Error: Failed parsing SMILES 'the' for input: 'the'
[13:59:36] SMILES Parse Error: syntax error while parsing: Sure
[13:59:36] SMILES Parse Error: Failed parsing SMILES 'Sure' for input: 'Sure'

Progress: 1531/2000[13:59:37] SMILES Parse Error: syntax error while parsing: the
[13:59:37] SMILES Parse Error: Failed parsing SMILES 'the' for input: 'the'
[13:59:37] SMILES Parse Error: syntax error while parsing: Sure
[13:59:37] SMILES Parse Error: Failed parsing SMILES 'Sure' for input: 'Sure'

Progress: 1532/2000[13:59:39] SMILES Parse Error: syntax error while parsing: the
[13:59:39] SMILES Parse Error: Failed parsing SMILES 'the' for input: 'the'
[13:59:39] SMILES Parse Error: syntax error while parsing: Sure
[13:59:39] SMILES Parse Error: Failed parsing SMILES 'Sure' for input: 'Sure'

Progress: 1533/2000[13:59:41] SMILES Parse Error: syntax error while parsing: the
[13:59:41] SMILES Parse Error: Failed parsing SMILES 'the' for input: 'the'
[13:59:41] SMILES Parse Error: syntax error while parsing: Sure
[13:59:41] SMILES Parse Error: Failed parsing SMILES 'Sure' for input: 'Sure'

Progress: 1534/2000[13:59:43] SMILES Parse Error: syntax error while parsing: the
[13:59:43] SMILES Parse Error: Failed parsing SMILES 'the' for input: 'the'
[13:59:43] SMILES Parse Error: syntax error while parsing: Sure
[13:59:43] SMILES Parse Error: Failed parsing SMILES 'Sure' for input: 'Sure'

Progress: 1535/2000[13:59:44] SMILES Parse Error: syntax error while parsing: the
[13:59:44] SMILES Parse Error: Failed parsing SMILES 'the' for input: 'the'
[13:59:44] SMILES Parse Error: syntax error while parsing: Sure
[13:59:44] SMILES Parse Error: Failed parsing SMILES 'Sure' for input: 'Sure'

Progress: 1536/2000[13:59:46] SMILES Parse Error: syntax error while parsing: SMILES
[13:59:46] SMILES Parse Error: Failed parsing SMILES 'SMILES' for input: 'SMILES'

Progress: 1537/2000[13:59:47] SMILES Parse Error: syntax error while parsing: the
[13:59:47] SMILES Parse Error: Failed parsing SMILES 'the' for input: 'the'
[13:59:47] SMILES Parse Error: syntax error while parsing: Sure
[13:59:47] SMILES Parse Error: Failed parsing SMILES 'Sure' for input: 'Sure'

Progress: 1538/2000[13:59:49] SMILES Parse Error: syntax error while parsing: the
[13:59:49] SMILES Parse Error: Failed parsing SMILES 'the' for input: 'the'
[13:59:49] SMILES Parse Error: syntax error while parsing: Sure
[13:59:49] SMILES Parse Error: Failed parsing SMILES 'Sure' for input: 'Sure'

Progress: 1539/2000[13:59:51] SMILES Parse Error: syntax error while parsing: the
[13:59:51] SMILES Parse Error: Failed parsing SMILES 'the' for input: 'the'
[13:59:51] SMILES Parse Error: syntax error while parsing: Sure
[13:59:51] SMILES Parse Error: Failed parsing SMILES 'Sure' for input: 'Sure'

Progress: 1540/2000[13:59:52] SMILES Parse Error: syntax error while parsing: the
[13:59:52] SMILES Parse Error: Failed parsing SMILES 'the' for input: 'the'
[13:59:52] SMILES Parse Error: syntax error while parsing: Sure
[13:59:52] SMILES Parse Error: Failed parsing SMILES 'Sure' for input: 'Sure'

Progress: 1541/2000[13:59:53] SMILES Parse Error: syntax error while parsing: the
[13:59:53] SMILES Parse Error: Failed parsing SMILES 'the' for input: 'the'
[13:59:53] SMILES Parse Error: syntax error while parsing: Sure
[13:59:53] SMILES Parse Error: Failed parsing SMILES 'Sure' for input: 'Sure'

Progress: 1542/2000[13:59:55] SMILES Parse Error: syntax error while parsing: the
[13:59:55] SMILES Parse Error: Failed parsing SMILES 'the' for input: 'the'
[13:59:55] SMILES Parse Error: syntax error while parsing: Sure
[13:59:55] SMILES Parse Error: Failed parsing SMILES 'Sure' for input: 'Sure'

Progress: 1543/2000[13:59:56] SMILES Parse Error: syntax error while parsing: the
[13:59:56] SMILES Parse Error: Failed parsing SMILES 'the' for input: 'the'
[13:59:56] SMILES Parse Error: syntax error while parsing: Sure
[13:59:56] SMILES Parse Error: Failed parsing SMILES 'Sure' for input: 'Sure'

Progress: 1544/2000
Progress: 1545/2000[13:59:59] SMILES Parse Error: syntax error while parsing: the
[13:59:59] SMILES Parse Error: Failed parsing SMILES 'the' for input: 'the'
[13:59:59] SMILES Parse Error: syntax error while parsing: Sure
[13:59:59] SMILES Parse Error: Failed parsing SMILES 'Sure' for input: 'Sure'

Progress: 1546/2000[14:00:01] SMILES Parse Error: syntax error while parsing: the
[14:00:01] SMILES Parse Error: Failed parsing SMILES 'the' for input: 'the'
[14:00:01] SMILES Parse Error: syntax error while parsing: Sure
[14:00:01] SMILES Parse Error: Failed parsing SMILES 'Sure' for input: 'Sure'

Progress: 1547/2000[14:00:02] SMILES Parse Error: syntax error while parsing: the
[14:00:02] SMILES Parse Error: Failed parsing SMILES 'the' for input: 'the'
[14:00:02] SMILES Parse Error: syntax error while parsing: Sure
[14:00:02] SMILES Parse Error: Failed parsing SMILES 'Sure' for input: 'Sure'

Progress: 1548/2000[14:00:03] SMILES Parse Error: syntax error while parsing: the
[14:00:03] SMILES Parse Error: Failed parsing SMILES 'the' for input: 'the'
[14:00:03] SMILES Parse Error: syntax error while parsing: Sure
[14:00:03] SMILES Parse Error: Failed parsing SMILES 'Sure' for input: 'Sure'

Progress: 1549/2000[14:00:06] SMILES Parse Error: syntax error while parsing: the
[14:00:06] SMILES Parse Error: Failed parsing SMILES 'the' for input: 'the'
[14:00:06] SMILES Parse Error: syntax error while parsing: Sure
[14:00:06] SMILES Parse Error: Failed parsing SMILES 'Sure' for input: 'Sure'

Progress: 1550/2000
Progress: 1551/2000[14:00:10] SMILES Parse Error: syntax error while parsing: the
[14:00:10] SMILES Parse Error: Failed parsing SMILES 'the' for input: 'the'
[14:00:10] SMILES Parse Error: syntax error while parsing: Sure
[14:00:10] SMILES Parse Error: Failed parsing SMILES 'Sure' for input: 'Sure'

Progress: 1552/2000[14:00:12] SMILES Parse Error: syntax error while parsing: the
[14:00:12] SMILES Parse Error: Failed parsing SMILES 'the' for input: 'the'
[14:00:12] SMILES Parse Error: syntax error while parsing: Sure
[14:00:12] SMILES Parse Error: Failed parsing SMILES 'Sure' for input: 'Sure'

Progress: 1553/2000[14:00:13] SMILES Parse Error: syntax error while parsing: the
[14:00:13] SMILES Parse Error: Failed parsing SMILES 'the' for input: 'the'
[14:00:13] SMILES Parse Error: syntax error while parsing: Sure
[14:00:13] SMILES Parse Error: Failed parsing SMILES 'Sure' for input: 'Sure'

Progress: 1554/2000[14:00:15] SMILES Parse Error: syntax error while parsing: the
[14:00:15] SMILES Parse Error: Failed parsing SMILES 'the' for input: 'the'
[14:00:15] SMILES Parse Error: syntax error while parsing: Sure
[14:00:15] SMILES Parse Error: Failed parsing SMILES 'Sure' for input: 'Sure'

Progress: 1555/2000
Progress: 1556/2000[14:00:19] SMILES Parse Error: syntax error while parsing: the
[14:00:19] SMILES Parse Error: Failed parsing SMILES 'the' for input: 'the'
[14:00:19] SMILES Parse Error: syntax error while parsing: Sure
[14:00:19] SMILES Parse Error: Failed parsing SMILES 'Sure' for input: 'Sure'

Progress: 1557/2000[14:00:21] SMILES Parse Error: syntax error while parsing: the
[14:00:21] SMILES Parse Error: Failed parsing SMILES 'the' for input: 'the'
[14:00:21] SMILES Parse Error: syntax error while parsing: Sure
[14:00:21] SMILES Parse Error: Failed parsing SMILES 'Sure' for input: 'Sure'

Progress: 1558/2000[14:00:22] SMILES Parse Error: syntax error while parsing: the
[14:00:22] SMILES Parse Error: Failed parsing SMILES 'the' for input: 'the'
[14:00:22] SMILES Parse Error: syntax error while parsing: Sure
[14:00:22] SMILES Parse Error: Failed parsing SMILES 'Sure' for input: 'Sure'

Progress: 1559/2000[14:00:24] SMILES Parse Error: syntax error while parsing: the
[14:00:24] SMILES Parse Error: Failed parsing SMILES 'the' for input: 'the'
[14:00:24] SMILES Parse Error: syntax error while parsing: Sure
[14:00:24] SMILES Parse Error: Failed parsing SMILES 'Sure' for input: 'Sure'

Progress: 1560/2000[14:00:25] SMILES Parse Error: syntax error while parsing: the
[14:00:25] SMILES Parse Error: Failed parsing SMILES 'the' for input: 'the'
[14:00:25] SMILES Parse Error: syntax error while parsing: Sure
[14:00:25] SMILES Parse Error: Failed parsing SMILES 'Sure' for input: 'Sure'

Progress: 1561/2000[14:00:27] SMILES Parse Error: syntax error while parsing: the
[14:00:27] SMILES Parse Error: Failed parsing SMILES 'the' for input: 'the'
[14:00:27] SMILES Parse Error: syntax error while parsing: Sure
[14:00:27] SMILES Parse Error: Failed parsing SMILES 'Sure' for input: 'Sure'

Progress: 1562/2000[14:00:30] SMILES Parse Error: syntax error while parsing: SMILES
[14:00:30] SMILES Parse Error: Failed parsing SMILES 'SMILES' for input: 'SMILES'

Progress: 1563/2000[14:00:32] SMILES Parse Error: syntax error while parsing: the
[14:00:32] SMILES Parse Error: Failed parsing SMILES 'the' for input: 'the'
[14:00:32] SMILES Parse Error: syntax error while parsing: Sure
[14:00:32] SMILES Parse Error: Failed parsing SMILES 'Sure' for input: 'Sure'

Progress: 1564/2000[14:00:33] SMILES Parse Error: syntax error while parsing: the
[14:00:33] SMILES Parse Error: Failed parsing SMILES 'the' for input: 'the'
[14:00:33] SMILES Parse Error: syntax error while parsing: Sure
[14:00:33] SMILES Parse Error: Failed parsing SMILES 'Sure' for input: 'Sure'

Progress: 1565/2000[14:00:34] SMILES Parse Error: syntax error while parsing: the
[14:00:34] SMILES Parse Error: Failed parsing SMILES 'the' for input: 'the'
[14:00:34] SMILES Parse Error: syntax error while parsing: Sure
[14:00:34] SMILES Parse Error: Failed parsing SMILES 'Sure' for input: 'Sure'

Progress: 1566/2000[14:00:36] SMILES Parse Error: syntax error while parsing: the
[14:00:36] SMILES Parse Error: Failed parsing SMILES 'the' for input: 'the'
[14:00:36] SMILES Parse Error: syntax error while parsing: Sure
[14:00:36] SMILES Parse Error: Failed parsing SMILES 'Sure' for input: 'Sure'

Progress: 1567/2000[14:00:38] SMILES Parse Error: syntax error while parsing: the
[14:00:38] SMILES Parse Error: Failed parsing SMILES 'the' for input: 'the'
[14:00:38] SMILES Parse Error: syntax error while parsing: Sure
[14:00:38] SMILES Parse Error: Failed parsing SMILES 'Sure' for input: 'Sure'

Progress: 1568/2000[14:00:40] SMILES Parse Error: syntax error while parsing: SMILES
[14:00:40] SMILES Parse Error: Failed parsing SMILES 'SMILES' for input: 'SMILES'

Progress: 1569/2000[14:00:42] SMILES Parse Error: syntax error while parsing: the
[14:00:42] SMILES Parse Error: Failed parsing SMILES 'the' for input: 'the'
[14:00:42] SMILES Parse Error: syntax error while parsing: Sure
[14:00:42] SMILES Parse Error: Failed parsing SMILES 'Sure' for input: 'Sure'

Progress: 1570/2000[14:00:43] SMILES Parse Error: syntax error while parsing: the
[14:00:43] SMILES Parse Error: Failed parsing SMILES 'the' for input: 'the'
[14:00:43] SMILES Parse Error: syntax error while parsing: Sure
[14:00:43] SMILES Parse Error: Failed parsing SMILES 'Sure' for input: 'Sure'

Progress: 1571/2000
Progress: 1572/2000[14:00:46] SMILES Parse Error: syntax error while parsing: the
[14:00:46] SMILES Parse Error: Failed parsing SMILES 'the' for input: 'the'
[14:00:46] SMILES Parse Error: syntax error while parsing: Sure
[14:00:46] SMILES Parse Error: Failed parsing SMILES 'Sure' for input: 'Sure'

Progress: 1573/2000[14:00:47] SMILES Parse Error: syntax error while parsing: the
[14:00:47] SMILES Parse Error: Failed parsing SMILES 'the' for input: 'the'
[14:00:47] SMILES Parse Error: syntax error while parsing: Sure
[14:00:47] SMILES Parse Error: Failed parsing SMILES 'Sure' for input: 'Sure'

Progress: 1574/2000[14:00:49] SMILES Parse Error: syntax error while parsing: the
[14:00:49] SMILES Parse Error: Failed parsing SMILES 'the' for input: 'the'
[14:00:49] SMILES Parse Error: syntax error while parsing: Sure
[14:00:49] SMILES Parse Error: Failed parsing SMILES 'Sure' for input: 'Sure'

Progress: 1575/2000[14:00:51] SMILES Parse Error: syntax error while parsing: the
[14:00:51] SMILES Parse Error: Failed parsing SMILES 'the' for input: 'the'
[14:00:51] SMILES Parse Error: syntax error while parsing: Sure
[14:00:51] SMILES Parse Error: Failed parsing SMILES 'Sure' for input: 'Sure'

Progress: 1576/2000[14:00:53] SMILES Parse Error: syntax error while parsing: the
[14:00:53] SMILES Parse Error: Failed parsing SMILES 'the' for input: 'the'
[14:00:53] SMILES Parse Error: syntax error while parsing: Sure
[14:00:53] SMILES Parse Error: Failed parsing SMILES 'Sure' for input: 'Sure'

Progress: 1577/2000[14:00:54] SMILES Parse Error: syntax error while parsing: SMILES
[14:00:54] SMILES Parse Error: Failed parsing SMILES 'SMILES' for input: 'SMILES'

Progress: 1578/2000[14:00:57] SMILES Parse Error: syntax error while parsing: the
[14:00:57] SMILES Parse Error: Failed parsing SMILES 'the' for input: 'the'
[14:00:57] SMILES Parse Error: syntax error while parsing: Sure
[14:00:57] SMILES Parse Error: Failed parsing SMILES 'Sure' for input: 'Sure'

Progress: 1579/2000[14:00:58] SMILES Parse Error: syntax error while parsing: the
[14:00:58] SMILES Parse Error: Failed parsing SMILES 'the' for input: 'the'
[14:00:58] SMILES Parse Error: syntax error while parsing: Sure
[14:00:58] SMILES Parse Error: Failed parsing SMILES 'Sure' for input: 'Sure'

Progress: 1580/2000[14:01:00] SMILES Parse Error: syntax error while parsing: the
[14:01:00] SMILES Parse Error: Failed parsing SMILES 'the' for input: 'the'
[14:01:00] SMILES Parse Error: syntax error while parsing: Sure
[14:01:00] SMILES Parse Error: Failed parsing SMILES 'Sure' for input: 'Sure'

Progress: 1581/2000[14:01:02] SMILES Parse Error: syntax error while parsing: the
[14:01:02] SMILES Parse Error: Failed parsing SMILES 'the' for input: 'the'
[14:01:02] SMILES Parse Error: syntax error while parsing: Sure
[14:01:02] SMILES Parse Error: Failed parsing SMILES 'Sure' for input: 'Sure'

Progress: 1582/2000[14:01:03] SMILES Parse Error: syntax error while parsing: the
[14:01:03] SMILES Parse Error: Failed parsing SMILES 'the' for input: 'the'
[14:01:03] SMILES Parse Error: syntax error while parsing: Sure
[14:01:03] SMILES Parse Error: Failed parsing SMILES 'Sure' for input: 'Sure'

Progress: 1583/2000[14:01:04] SMILES Parse Error: syntax error while parsing: the
[14:01:04] SMILES Parse Error: Failed parsing SMILES 'the' for input: 'the'
[14:01:04] SMILES Parse Error: syntax error while parsing: Sure
[14:01:04] SMILES Parse Error: Failed parsing SMILES 'Sure' for input: 'Sure'

Progress: 1584/2000[14:01:05] SMILES Parse Error: syntax error while parsing: the
[14:01:05] SMILES Parse Error: Failed parsing SMILES 'the' for input: 'the'
[14:01:05] SMILES Parse Error: syntax error while parsing: Sure
[14:01:05] SMILES Parse Error: Failed parsing SMILES 'Sure' for input: 'Sure'

Progress: 1585/2000[14:01:07] SMILES Parse Error: syntax error while parsing: the
[14:01:07] SMILES Parse Error: Failed parsing SMILES 'the' for input: 'the'
[14:01:07] SMILES Parse Error: syntax error while parsing: Sure
[14:01:07] SMILES Parse Error: Failed parsing SMILES 'Sure' for input: 'Sure'

Progress: 1586/2000[14:01:09] SMILES Parse Error: syntax error while parsing: the
[14:01:09] SMILES Parse Error: Failed parsing SMILES 'the' for input: 'the'
[14:01:09] SMILES Parse Error: syntax error while parsing: Sure
[14:01:09] SMILES Parse Error: Failed parsing SMILES 'Sure' for input: 'Sure'

Progress: 1587/2000[14:01:10] SMILES Parse Error: syntax error while parsing: the
[14:01:10] SMILES Parse Error: Failed parsing SMILES 'the' for input: 'the'
[14:01:10] SMILES Parse Error: syntax error while parsing: Sure
[14:01:10] SMILES Parse Error: Failed parsing SMILES 'Sure' for input: 'Sure'

Progress: 1588/2000[14:01:12] SMILES Parse Error: syntax error while parsing: molecule
[14:01:12] SMILES Parse Error: Failed parsing SMILES 'molecule' for input: 'molecule'
[14:01:12] SMILES Parse Error: syntax error while parsing: Sure
[14:01:12] SMILES Parse Error: Failed parsing SMILES 'Sure' for input: 'Sure'

Progress: 1589/2000[14:01:14] SMILES Parse Error: syntax error while parsing: the
[14:01:14] SMILES Parse Error: Failed parsing SMILES 'the' for input: 'the'
[14:01:14] SMILES Parse Error: syntax error while parsing: Sure
[14:01:14] SMILES Parse Error: Failed parsing SMILES 'Sure' for input: 'Sure'

Progress: 1590/2000[14:01:15] SMILES Parse Error: syntax error while parsing: the
[14:01:15] SMILES Parse Error: Failed parsing SMILES 'the' for input: 'the'
[14:01:15] SMILES Parse Error: syntax error while parsing: Sure
[14:01:15] SMILES Parse Error: Failed parsing SMILES 'Sure' for input: 'Sure'

Progress: 1591/2000[14:01:16] SMILES Parse Error: syntax error while parsing: the
[14:01:16] SMILES Parse Error: Failed parsing SMILES 'the' for input: 'the'
[14:01:16] SMILES Parse Error: syntax error while parsing: Sure
[14:01:16] SMILES Parse Error: Failed parsing SMILES 'Sure' for input: 'Sure'

Progress: 1592/2000
Progress: 1593/2000[14:01:22] SMILES Parse Error: syntax error while parsing: the
[14:01:22] SMILES Parse Error: Failed parsing SMILES 'the' for input: 'the'
[14:01:22] SMILES Parse Error: syntax error while parsing: Sure
[14:01:22] SMILES Parse Error: Failed parsing SMILES 'Sure' for input: 'Sure'

Progress: 1594/2000[14:01:23] SMILES Parse Error: syntax error while parsing: the
[14:01:23] SMILES Parse Error: Failed parsing SMILES 'the' for input: 'the'
[14:01:23] SMILES Parse Error: syntax error while parsing: Sure
[14:01:23] SMILES Parse Error: Failed parsing SMILES 'Sure' for input: 'Sure'

Progress: 1595/2000[14:01:25] SMILES Parse Error: syntax error while parsing: the
[14:01:25] SMILES Parse Error: Failed parsing SMILES 'the' for input: 'the'
[14:01:25] SMILES Parse Error: syntax error while parsing: Sure
[14:01:25] SMILES Parse Error: Failed parsing SMILES 'Sure' for input: 'Sure'

Progress: 1596/2000[14:01:27] SMILES Parse Error: syntax error while parsing: the
[14:01:27] SMILES Parse Error: Failed parsing SMILES 'the' for input: 'the'
[14:01:27] SMILES Parse Error: syntax error while parsing: Sure
[14:01:27] SMILES Parse Error: Failed parsing SMILES 'Sure' for input: 'Sure'

Progress: 1597/2000[14:01:29] SMILES Parse Error: syntax error while parsing: the
[14:01:29] SMILES Parse Error: Failed parsing SMILES 'the' for input: 'the'
[14:01:29] SMILES Parse Error: syntax error while parsing: Sure
[14:01:29] SMILES Parse Error: Failed parsing SMILES 'Sure' for input: 'Sure'

Progress: 1598/2000[14:01:30] SMILES Parse Error: syntax error while parsing: the
[14:01:30] SMILES Parse Error: Failed parsing SMILES 'the' for input: 'the'
[14:01:30] SMILES Parse Error: syntax error while parsing: Sure
[14:01:30] SMILES Parse Error: Failed parsing SMILES 'Sure' for input: 'Sure'

Progress: 1599/2000[14:01:32] SMILES Parse Error: syntax error while parsing: the
[14:01:32] SMILES Parse Error: Failed parsing SMILES 'the' for input: 'the'
[14:01:32] SMILES Parse Error: syntax error while parsing: Sure
[14:01:32] SMILES Parse Error: Failed parsing SMILES 'Sure' for input: 'Sure'

Progress: 1600/2000[14:01:33] SMILES Parse Error: syntax error while parsing: the
[14:01:33] SMILES Parse Error: Failed parsing SMILES 'the' for input: 'the'
[14:01:33] SMILES Parse Error: syntax error while parsing: Sure
[14:01:33] SMILES Parse Error: Failed parsing SMILES 'Sure' for input: 'Sure'

Progress: 1601/2000[14:01:38] SMILES Parse Error: syntax error while parsing: the
[14:01:38] SMILES Parse Error: Failed parsing SMILES 'the' for input: 'the'
[14:01:38] SMILES Parse Error: syntax error while parsing: Sure
[14:01:38] SMILES Parse Error: Failed parsing SMILES 'Sure' for input: 'Sure'

Progress: 1602/2000[14:01:40] SMILES Parse Error: syntax error while parsing: the
[14:01:40] SMILES Parse Error: Failed parsing SMILES 'the' for input: 'the'
[14:01:40] SMILES Parse Error: syntax error while parsing: Sure
[14:01:40] SMILES Parse Error: Failed parsing SMILES 'Sure' for input: 'Sure'

Progress: 1603/2000[14:01:42] SMILES Parse Error: syntax error while parsing: the
[14:01:42] SMILES Parse Error: Failed parsing SMILES 'the' for input: 'the'
[14:01:42] SMILES Parse Error: syntax error while parsing: Sure
[14:01:42] SMILES Parse Error: Failed parsing SMILES 'Sure' for input: 'Sure'

Progress: 1604/2000[14:01:43] SMILES Parse Error: syntax error while parsing: the
[14:01:43] SMILES Parse Error: Failed parsing SMILES 'the' for input: 'the'
[14:01:43] SMILES Parse Error: syntax error while parsing: Sure
[14:01:43] SMILES Parse Error: Failed parsing SMILES 'Sure' for input: 'Sure'

Progress: 1605/2000[14:01:45] SMILES Parse Error: syntax error while parsing: SMILES
[14:01:45] SMILES Parse Error: Failed parsing SMILES 'SMILES' for input: 'SMILES'

Progress: 1606/2000[14:01:47] SMILES Parse Error: syntax error while parsing: the
[14:01:47] SMILES Parse Error: Failed parsing SMILES 'the' for input: 'the'
[14:01:47] SMILES Parse Error: syntax error while parsing: Sure
[14:01:47] SMILES Parse Error: Failed parsing SMILES 'Sure' for input: 'Sure'

Progress: 1607/2000[14:01:48] SMILES Parse Error: syntax error while parsing: the
[14:01:48] SMILES Parse Error: Failed parsing SMILES 'the' for input: 'the'
[14:01:48] SMILES Parse Error: syntax error while parsing: Sure
[14:01:48] SMILES Parse Error: Failed parsing SMILES 'Sure' for input: 'Sure'

Progress: 1608/2000[14:01:50] SMILES Parse Error: syntax error while parsing: the
[14:01:50] SMILES Parse Error: Failed parsing SMILES 'the' for input: 'the'
[14:01:50] SMILES Parse Error: syntax error while parsing: Sure
[14:01:50] SMILES Parse Error: Failed parsing SMILES 'Sure' for input: 'Sure'

Progress: 1609/2000[14:01:52] SMILES Parse Error: syntax error while parsing: the
[14:01:52] SMILES Parse Error: Failed parsing SMILES 'the' for input: 'the'
[14:01:52] SMILES Parse Error: syntax error while parsing: Sure
[14:01:52] SMILES Parse Error: Failed parsing SMILES 'Sure' for input: 'Sure'

Progress: 1610/2000[14:01:53] SMILES Parse Error: syntax error while parsing: the
[14:01:53] SMILES Parse Error: Failed parsing SMILES 'the' for input: 'the'
[14:01:53] SMILES Parse Error: syntax error while parsing: Sure
[14:01:53] SMILES Parse Error: Failed parsing SMILES 'Sure' for input: 'Sure'

Progress: 1611/2000
Progress: 1612/2000[14:01:56] SMILES Parse Error: syntax error while parsing: the
[14:01:56] SMILES Parse Error: Failed parsing SMILES 'the' for input: 'the'
[14:01:56] SMILES Parse Error: syntax error while parsing: Sure
[14:01:56] SMILES Parse Error: Failed parsing SMILES 'Sure' for input: 'Sure'

Progress: 1613/2000[14:01:57] SMILES Parse Error: syntax error while parsing: the
[14:01:57] SMILES Parse Error: Failed parsing SMILES 'the' for input: 'the'
[14:01:57] SMILES Parse Error: syntax error while parsing: Sure
[14:01:57] SMILES Parse Error: Failed parsing SMILES 'Sure' for input: 'Sure'

Progress: 1614/2000[14:01:59] SMILES Parse Error: syntax error while parsing: the
[14:01:59] SMILES Parse Error: Failed parsing SMILES 'the' for input: 'the'
[14:01:59] SMILES Parse Error: syntax error while parsing: Sure
[14:01:59] SMILES Parse Error: Failed parsing SMILES 'Sure' for input: 'Sure'

Progress: 1615/2000[14:02:02] SMILES Parse Error: syntax error while parsing: the
[14:02:02] SMILES Parse Error: Failed parsing SMILES 'the' for input: 'the'
[14:02:02] SMILES Parse Error: syntax error while parsing: Sure
[14:02:02] SMILES Parse Error: Failed parsing SMILES 'Sure' for input: 'Sure'

Progress: 1616/2000[14:02:04] SMILES Parse Error: syntax error while parsing: the
[14:02:04] SMILES Parse Error: Failed parsing SMILES 'the' for input: 'the'
[14:02:04] SMILES Parse Error: syntax error while parsing: Sure
[14:02:04] SMILES Parse Error: Failed parsing SMILES 'Sure' for input: 'Sure'

Progress: 1617/2000[14:02:06] SMILES Parse Error: syntax error while parsing: the
[14:02:06] SMILES Parse Error: Failed parsing SMILES 'the' for input: 'the'
[14:02:06] SMILES Parse Error: syntax error while parsing: Sure
[14:02:06] SMILES Parse Error: Failed parsing SMILES 'Sure' for input: 'Sure'

Progress: 1618/2000[14:02:07] SMILES Parse Error: syntax error while parsing: the
[14:02:07] SMILES Parse Error: Failed parsing SMILES 'the' for input: 'the'
[14:02:07] SMILES Parse Error: syntax error while parsing: Sure
[14:02:07] SMILES Parse Error: Failed parsing SMILES 'Sure' for input: 'Sure'

Progress: 1619/2000[14:02:08] SMILES Parse Error: syntax error while parsing: the
[14:02:08] SMILES Parse Error: Failed parsing SMILES 'the' for input: 'the'
[14:02:08] SMILES Parse Error: syntax error while parsing: Sure
[14:02:08] SMILES Parse Error: Failed parsing SMILES 'Sure' for input: 'Sure'

Progress: 1620/2000[14:02:10] SMILES Parse Error: syntax error while parsing: the
[14:02:10] SMILES Parse Error: Failed parsing SMILES 'the' for input: 'the'
[14:02:10] SMILES Parse Error: syntax error while parsing: Sure
[14:02:10] SMILES Parse Error: Failed parsing SMILES 'Sure' for input: 'Sure'

Progress: 1621/2000[14:02:12] SMILES Parse Error: syntax error while parsing: the
[14:02:12] SMILES Parse Error: Failed parsing SMILES 'the' for input: 'the'
[14:02:12] SMILES Parse Error: syntax error while parsing: Sure
[14:02:12] SMILES Parse Error: Failed parsing SMILES 'Sure' for input: 'Sure'

Progress: 1622/2000[14:02:13] SMILES Parse Error: syntax error while parsing: the
[14:02:13] SMILES Parse Error: Failed parsing SMILES 'the' for input: 'the'
[14:02:13] SMILES Parse Error: syntax error while parsing: Sure
[14:02:13] SMILES Parse Error: Failed parsing SMILES 'Sure' for input: 'Sure'

Progress: 1623/2000[14:02:14] SMILES Parse Error: syntax error while parsing: a
[14:02:14] SMILES Parse Error: Failed parsing SMILES 'a' for input: 'a'
[14:02:14] SMILES Parse Error: syntax error while parsing: SMILES
[14:02:14] SMILES Parse Error: Failed parsing SMILES 'SMILES' for input: 'SMILES'

Progress: 1624/2000[14:02:15] SMILES Parse Error: syntax error while parsing: the
[14:02:15] SMILES Parse Error: Failed parsing SMILES 'the' for input: 'the'
[14:02:15] SMILES Parse Error: syntax error while parsing: Sure
[14:02:15] SMILES Parse Error: Failed parsing SMILES 'Sure' for input: 'Sure'

Progress: 1625/2000[14:02:17] SMILES Parse Error: syntax error while parsing: the
[14:02:17] SMILES Parse Error: Failed parsing SMILES 'the' for input: 'the'
[14:02:17] SMILES Parse Error: syntax error while parsing: Sure
[14:02:17] SMILES Parse Error: Failed parsing SMILES 'Sure' for input: 'Sure'

Progress: 1626/2000[14:02:18] SMILES Parse Error: syntax error while parsing: the
[14:02:18] SMILES Parse Error: Failed parsing SMILES 'the' for input: 'the'
[14:02:18] SMILES Parse Error: syntax error while parsing: Sure
[14:02:18] SMILES Parse Error: Failed parsing SMILES 'Sure' for input: 'Sure'

Progress: 1627/2000[14:02:20] SMILES Parse Error: syntax error while parsing: the
[14:02:20] SMILES Parse Error: Failed parsing SMILES 'the' for input: 'the'
[14:02:20] SMILES Parse Error: syntax error while parsing: Sure
[14:02:20] SMILES Parse Error: Failed parsing SMILES 'Sure' for input: 'Sure'

Progress: 1628/2000[14:02:22] SMILES Parse Error: syntax error while parsing: the
[14:02:22] SMILES Parse Error: Failed parsing SMILES 'the' for input: 'the'
[14:02:22] SMILES Parse Error: syntax error while parsing: Sure
[14:02:22] SMILES Parse Error: Failed parsing SMILES 'Sure' for input: 'Sure'

Progress: 1629/2000[14:02:23] SMILES Parse Error: syntax error while parsing: the
[14:02:23] SMILES Parse Error: Failed parsing SMILES 'the' for input: 'the'
[14:02:23] SMILES Parse Error: syntax error while parsing: Sure
[14:02:23] SMILES Parse Error: Failed parsing SMILES 'Sure' for input: 'Sure'

Progress: 1630/2000[14:02:25] SMILES Parse Error: syntax error while parsing: the
[14:02:25] SMILES Parse Error: Failed parsing SMILES 'the' for input: 'the'
[14:02:25] SMILES Parse Error: syntax error while parsing: Sure
[14:02:25] SMILES Parse Error: Failed parsing SMILES 'Sure' for input: 'Sure'

Progress: 1631/2000[14:02:27] SMILES Parse Error: syntax error while parsing: the
[14:02:27] SMILES Parse Error: Failed parsing SMILES 'the' for input: 'the'
[14:02:27] SMILES Parse Error: syntax error while parsing: Sure
[14:02:27] SMILES Parse Error: Failed parsing SMILES 'Sure' for input: 'Sure'

Progress: 1632/2000[14:02:28] SMILES Parse Error: syntax error while parsing: the
[14:02:28] SMILES Parse Error: Failed parsing SMILES 'the' for input: 'the'
[14:02:28] SMILES Parse Error: syntax error while parsing: Sure
[14:02:28] SMILES Parse Error: Failed parsing SMILES 'Sure' for input: 'Sure'

Progress: 1633/2000[14:02:29] SMILES Parse Error: syntax error while parsing: the
[14:02:29] SMILES Parse Error: Failed parsing SMILES 'the' for input: 'the'
[14:02:29] SMILES Parse Error: syntax error while parsing: Sure
[14:02:29] SMILES Parse Error: Failed parsing SMILES 'Sure' for input: 'Sure'

Progress: 1634/2000[14:02:30] SMILES Parse Error: syntax error while parsing: the
[14:02:30] SMILES Parse Error: Failed parsing SMILES 'the' for input: 'the'
[14:02:30] SMILES Parse Error: syntax error while parsing: Sure
[14:02:30] SMILES Parse Error: Failed parsing SMILES 'Sure' for input: 'Sure'

Progress: 1635/2000[14:02:32] SMILES Parse Error: syntax error while parsing: the
[14:02:32] SMILES Parse Error: Failed parsing SMILES 'the' for input: 'the'
[14:02:32] SMILES Parse Error: syntax error while parsing: Sure
[14:02:32] SMILES Parse Error: Failed parsing SMILES 'Sure' for input: 'Sure'

Progress: 1636/2000[14:02:33] SMILES Parse Error: syntax error while parsing: the
[14:02:33] SMILES Parse Error: Failed parsing SMILES 'the' for input: 'the'
[14:02:33] SMILES Parse Error: syntax error while parsing: Sure
[14:02:33] SMILES Parse Error: Failed parsing SMILES 'Sure' for input: 'Sure'

Progress: 1637/2000[14:02:35] SMILES Parse Error: syntax error while parsing: the
[14:02:35] SMILES Parse Error: Failed parsing SMILES 'the' for input: 'the'
[14:02:35] SMILES Parse Error: syntax error while parsing: Sure
[14:02:35] SMILES Parse Error: Failed parsing SMILES 'Sure' for input: 'Sure'

Progress: 1638/2000[14:02:37] SMILES Parse Error: syntax error while parsing: the
[14:02:37] SMILES Parse Error: Failed parsing SMILES 'the' for input: 'the'
[14:02:37] SMILES Parse Error: syntax error while parsing: Sure
[14:02:37] SMILES Parse Error: Failed parsing SMILES 'Sure' for input: 'Sure'

Progress: 1639/2000[14:02:39] SMILES Parse Error: syntax error while parsing: the
[14:02:39] SMILES Parse Error: Failed parsing SMILES 'the' for input: 'the'
[14:02:39] SMILES Parse Error: syntax error while parsing: Sure
[14:02:39] SMILES Parse Error: Failed parsing SMILES 'Sure' for input: 'Sure'

Progress: 1640/2000[14:02:40] SMILES Parse Error: syntax error while parsing: the
[14:02:40] SMILES Parse Error: Failed parsing SMILES 'the' for input: 'the'
[14:02:40] SMILES Parse Error: syntax error while parsing: Sure
[14:02:40] SMILES Parse Error: Failed parsing SMILES 'Sure' for input: 'Sure'

Progress: 1641/2000[14:02:42] SMILES Parse Error: syntax error while parsing: the
[14:02:42] SMILES Parse Error: Failed parsing SMILES 'the' for input: 'the'
[14:02:42] SMILES Parse Error: syntax error while parsing: Sure
[14:02:42] SMILES Parse Error: Failed parsing SMILES 'Sure' for input: 'Sure'

Progress: 1642/2000[14:02:44] SMILES Parse Error: syntax error while parsing: the
[14:02:44] SMILES Parse Error: Failed parsing SMILES 'the' for input: 'the'
[14:02:44] SMILES Parse Error: syntax error while parsing: Sure
[14:02:44] SMILES Parse Error: Failed parsing SMILES 'Sure' for input: 'Sure'

Progress: 1643/2000[14:02:45] SMILES Parse Error: syntax error while parsing: the
[14:02:45] SMILES Parse Error: Failed parsing SMILES 'the' for input: 'the'
[14:02:45] SMILES Parse Error: syntax error while parsing: Sure
[14:02:45] SMILES Parse Error: Failed parsing SMILES 'Sure' for input: 'Sure'

Progress: 1644/2000[14:02:47] SMILES Parse Error: syntax error while parsing: the
[14:02:47] SMILES Parse Error: Failed parsing SMILES 'the' for input: 'the'
[14:02:47] SMILES Parse Error: syntax error while parsing: Sure
[14:02:47] SMILES Parse Error: Failed parsing SMILES 'Sure' for input: 'Sure'

Progress: 1645/2000[14:02:48] SMILES Parse Error: syntax error while parsing: the
[14:02:48] SMILES Parse Error: Failed parsing SMILES 'the' for input: 'the'
[14:02:48] SMILES Parse Error: syntax error while parsing: Sure
[14:02:48] SMILES Parse Error: Failed parsing SMILES 'Sure' for input: 'Sure'

Progress: 1646/2000[14:02:51] SMILES Parse Error: syntax error while parsing: the
[14:02:51] SMILES Parse Error: Failed parsing SMILES 'the' for input: 'the'
[14:02:51] SMILES Parse Error: syntax error while parsing: Sure
[14:02:51] SMILES Parse Error: Failed parsing SMILES 'Sure' for input: 'Sure'

Progress: 1647/2000[14:02:52] SMILES Parse Error: syntax error while parsing: the
[14:02:52] SMILES Parse Error: Failed parsing SMILES 'the' for input: 'the'
[14:02:52] SMILES Parse Error: syntax error while parsing: Sure
[14:02:52] SMILES Parse Error: Failed parsing SMILES 'Sure' for input: 'Sure'

Progress: 1648/2000[14:02:54] SMILES Parse Error: syntax error while parsing: the
[14:02:54] SMILES Parse Error: Failed parsing SMILES 'the' for input: 'the'
[14:02:54] SMILES Parse Error: syntax error while parsing: Sure
[14:02:54] SMILES Parse Error: Failed parsing SMILES 'Sure' for input: 'Sure'

Progress: 1649/2000[14:02:56] SMILES Parse Error: syntax error while parsing: the
[14:02:56] SMILES Parse Error: Failed parsing SMILES 'the' for input: 'the'
[14:02:56] SMILES Parse Error: syntax error while parsing: Sure
[14:02:56] SMILES Parse Error: Failed parsing SMILES 'Sure' for input: 'Sure'

Progress: 1650/2000[14:02:58] SMILES Parse Error: syntax error while parsing: the
[14:02:58] SMILES Parse Error: Failed parsing SMILES 'the' for input: 'the'
[14:02:58] SMILES Parse Error: syntax error while parsing: Sure
[14:02:58] SMILES Parse Error: Failed parsing SMILES 'Sure' for input: 'Sure'

Progress: 1651/2000[14:03:03] SMILES Parse Error: syntax error while parsing: New
[14:03:03] SMILES Parse Error: Failed parsing SMILES 'New' for input: 'New'
[14:03:03] SMILES Parse Error: syntax error while parsing: the
[14:03:03] SMILES Parse Error: Failed parsing SMILES 'the' for input: 'the'
[14:03:03] SMILES Parse Error: syntax error while parsing: Sure
[14:03:03] SMILES Parse Error: Failed parsing SMILES 'Sure' for input: 'Sure'

Progress: 1652/2000[14:03:04] SMILES Parse Error: syntax error while parsing: the
[14:03:04] SMILES Parse Error: Failed parsing SMILES 'the' for input: 'the'
[14:03:04] SMILES Parse Error: syntax error while parsing: Sure
[14:03:04] SMILES Parse Error: Failed parsing SMILES 'Sure' for input: 'Sure'

Progress: 1653/2000[14:03:07] SMILES Parse Error: syntax error while parsing: the
[14:03:07] SMILES Parse Error: Failed parsing SMILES 'the' for input: 'the'
[14:03:07] SMILES Parse Error: syntax error while parsing: Sure
[14:03:07] SMILES Parse Error: Failed parsing SMILES 'Sure' for input: 'Sure'

Progress: 1654/2000[14:03:08] SMILES Parse Error: syntax error while parsing: SMILES
[14:03:08] SMILES Parse Error: Failed parsing SMILES 'SMILES' for input: 'SMILES'
[14:03:08] SMILES Parse Error: syntax error while parsing: SMILES
[14:03:08] SMILES Parse Error: Failed parsing SMILES 'SMILES' for input: 'SMILES'

Progress: 1655/2000[14:03:10] SMILES Parse Error: syntax error while parsing: the
[14:03:10] SMILES Parse Error: Failed parsing SMILES 'the' for input: 'the'
[14:03:10] SMILES Parse Error: syntax error while parsing: Sure
[14:03:10] SMILES Parse Error: Failed parsing SMILES 'Sure' for input: 'Sure'

Progress: 1656/2000
Progress: 1657/2000[14:03:13] SMILES Parse Error: syntax error while parsing: the
[14:03:13] SMILES Parse Error: Failed parsing SMILES 'the' for input: 'the'
[14:03:13] SMILES Parse Error: syntax error while parsing: Sure
[14:03:13] SMILES Parse Error: Failed parsing SMILES 'Sure' for input: 'Sure'

Progress: 1658/2000[14:03:14] SMILES Parse Error: syntax error while parsing: the
[14:03:14] SMILES Parse Error: Failed parsing SMILES 'the' for input: 'the'
[14:03:14] SMILES Parse Error: syntax error while parsing: Sure
[14:03:14] SMILES Parse Error: Failed parsing SMILES 'Sure' for input: 'Sure'

Progress: 1659/2000[14:03:16] SMILES Parse Error: syntax error while parsing: the
[14:03:16] SMILES Parse Error: Failed parsing SMILES 'the' for input: 'the'
[14:03:16] SMILES Parse Error: syntax error while parsing: Sure
[14:03:16] SMILES Parse Error: Failed parsing SMILES 'Sure' for input: 'Sure'

Progress: 1660/2000[14:03:17] SMILES Parse Error: syntax error while parsing: the
[14:03:17] SMILES Parse Error: Failed parsing SMILES 'the' for input: 'the'
[14:03:17] SMILES Parse Error: syntax error while parsing: Sure
[14:03:17] SMILES Parse Error: Failed parsing SMILES 'Sure' for input: 'Sure'

Progress: 1661/2000[14:03:18] SMILES Parse Error: syntax error while parsing: is
[14:03:18] SMILES Parse Error: Failed parsing SMILES 'is' for input: 'is'
[14:03:18] SMILES Parse Error: syntax error while parsing: SMILES
[14:03:18] SMILES Parse Error: Failed parsing SMILES 'SMILES' for input: 'SMILES'

Progress: 1662/2000[14:03:20] SMILES Parse Error: syntax error while parsing: the
[14:03:20] SMILES Parse Error: Failed parsing SMILES 'the' for input: 'the'
[14:03:20] SMILES Parse Error: syntax error while parsing: Sure
[14:03:20] SMILES Parse Error: Failed parsing SMILES 'Sure' for input: 'Sure'

Progress: 1663/2000[14:03:22] SMILES Parse Error: syntax error while parsing: the
[14:03:22] SMILES Parse Error: Failed parsing SMILES 'the' for input: 'the'
[14:03:22] SMILES Parse Error: syntax error while parsing: Sure
[14:03:22] SMILES Parse Error: Failed parsing SMILES 'Sure' for input: 'Sure'

Progress: 1664/2000[14:03:24] SMILES Parse Error: syntax error while parsing: the
[14:03:24] SMILES Parse Error: Failed parsing SMILES 'the' for input: 'the'
[14:03:24] SMILES Parse Error: syntax error while parsing: Sure
[14:03:24] SMILES Parse Error: Failed parsing SMILES 'Sure' for input: 'Sure'

Progress: 1665/2000[14:03:25] SMILES Parse Error: syntax error while parsing: the
[14:03:25] SMILES Parse Error: Failed parsing SMILES 'the' for input: 'the'
[14:03:25] SMILES Parse Error: syntax error while parsing: Sure
[14:03:25] SMILES Parse Error: Failed parsing SMILES 'Sure' for input: 'Sure'

Progress: 1666/2000[14:03:27] SMILES Parse Error: syntax error while parsing: the
[14:03:27] SMILES Parse Error: Failed parsing SMILES 'the' for input: 'the'
[14:03:27] SMILES Parse Error: syntax error while parsing: Sure
[14:03:27] SMILES Parse Error: Failed parsing SMILES 'Sure' for input: 'Sure'

Progress: 1667/2000[14:03:28] SMILES Parse Error: syntax error while parsing: the
[14:03:28] SMILES Parse Error: Failed parsing SMILES 'the' for input: 'the'
[14:03:28] SMILES Parse Error: syntax error while parsing: Sure
[14:03:28] SMILES Parse Error: Failed parsing SMILES 'Sure' for input: 'Sure'

Progress: 1668/2000[14:03:30] SMILES Parse Error: syntax error while parsing: the
[14:03:30] SMILES Parse Error: Failed parsing SMILES 'the' for input: 'the'
[14:03:30] SMILES Parse Error: syntax error while parsing: Sure
[14:03:30] SMILES Parse Error: Failed parsing SMILES 'Sure' for input: 'Sure'

Progress: 1669/2000[14:03:32] SMILES Parse Error: syntax error while parsing: the
[14:03:32] SMILES Parse Error: Failed parsing SMILES 'the' for input: 'the'
[14:03:32] SMILES Parse Error: syntax error while parsing: Sure
[14:03:32] SMILES Parse Error: Failed parsing SMILES 'Sure' for input: 'Sure'

Progress: 1670/2000[14:03:33] SMILES Parse Error: syntax error while parsing: the
[14:03:33] SMILES Parse Error: Failed parsing SMILES 'the' for input: 'the'
[14:03:33] SMILES Parse Error: syntax error while parsing: Sure
[14:03:33] SMILES Parse Error: Failed parsing SMILES 'Sure' for input: 'Sure'

Progress: 1671/2000[14:03:34] SMILES Parse Error: syntax error while parsing: the
[14:03:34] SMILES Parse Error: Failed parsing SMILES 'the' for input: 'the'
[14:03:34] SMILES Parse Error: syntax error while parsing: Sure
[14:03:34] SMILES Parse Error: Failed parsing SMILES 'Sure' for input: 'Sure'

Progress: 1672/2000
Progress: 1673/2000[14:03:38] SMILES Parse Error: syntax error while parsing: the
[14:03:38] SMILES Parse Error: Failed parsing SMILES 'the' for input: 'the'
[14:03:38] SMILES Parse Error: syntax error while parsing: Sure
[14:03:38] SMILES Parse Error: Failed parsing SMILES 'Sure' for input: 'Sure'

Progress: 1674/2000[14:03:40] SMILES Parse Error: syntax error while parsing: the
[14:03:40] SMILES Parse Error: Failed parsing SMILES 'the' for input: 'the'
[14:03:40] SMILES Parse Error: syntax error while parsing: Sure
[14:03:40] SMILES Parse Error: Failed parsing SMILES 'Sure' for input: 'Sure'

Progress: 1675/2000[14:03:41] SMILES Parse Error: syntax error while parsing: is
[14:03:41] SMILES Parse Error: Failed parsing SMILES 'is' for input: 'is'
[14:03:41] SMILES Parse Error: syntax error while parsing: SMILES
[14:03:41] SMILES Parse Error: Failed parsing SMILES 'SMILES' for input: 'SMILES'

Progress: 1676/2000[14:03:42] SMILES Parse Error: syntax error while parsing: the
[14:03:42] SMILES Parse Error: Failed parsing SMILES 'the' for input: 'the'
[14:03:42] SMILES Parse Error: syntax error while parsing: Sure
[14:03:42] SMILES Parse Error: Failed parsing SMILES 'Sure' for input: 'Sure'

Progress: 1677/2000[14:03:44] SMILES Parse Error: syntax error while parsing: the
[14:03:44] SMILES Parse Error: Failed parsing SMILES 'the' for input: 'the'
[14:03:44] SMILES Parse Error: syntax error while parsing: Sure
[14:03:44] SMILES Parse Error: Failed parsing SMILES 'Sure' for input: 'Sure'

Progress: 1678/2000[14:03:45] SMILES Parse Error: syntax error while parsing: the
[14:03:45] SMILES Parse Error: Failed parsing SMILES 'the' for input: 'the'
[14:03:45] SMILES Parse Error: syntax error while parsing: Sure
[14:03:45] SMILES Parse Error: Failed parsing SMILES 'Sure' for input: 'Sure'

Progress: 1679/2000[14:03:46] SMILES Parse Error: syntax error while parsing: the
[14:03:46] SMILES Parse Error: Failed parsing SMILES 'the' for input: 'the'
[14:03:46] SMILES Parse Error: syntax error while parsing: Sure
[14:03:46] SMILES Parse Error: Failed parsing SMILES 'Sure' for input: 'Sure'

Progress: 1680/2000[14:03:48] SMILES Parse Error: syntax error while parsing: SMILES
[14:03:48] SMILES Parse Error: Failed parsing SMILES 'SMILES' for input: 'SMILES'
[14:03:48] SMILES Parse Error: syntax error while parsing: SMILES
[14:03:48] SMILES Parse Error: Failed parsing SMILES 'SMILES' for input: 'SMILES'

Progress: 1681/2000[14:03:49] SMILES Parse Error: syntax error while parsing: Sure
[14:03:49] SMILES Parse Error: Failed parsing SMILES 'Sure' for input: 'Sure'

Progress: 1682/2000[14:03:50] SMILES Parse Error: syntax error while parsing: the
[14:03:50] SMILES Parse Error: Failed parsing SMILES 'the' for input: 'the'
[14:03:50] SMILES Parse Error: syntax error while parsing: Sure
[14:03:50] SMILES Parse Error: Failed parsing SMILES 'Sure' for input: 'Sure'

Progress: 1683/2000[14:03:52] SMILES Parse Error: syntax error while parsing: the
[14:03:52] SMILES Parse Error: Failed parsing SMILES 'the' for input: 'the'
[14:03:52] SMILES Parse Error: syntax error while parsing: Sure
[14:03:52] SMILES Parse Error: Failed parsing SMILES 'Sure' for input: 'Sure'

Progress: 1684/2000[14:03:53] SMILES Parse Error: syntax error while parsing: the
[14:03:53] SMILES Parse Error: Failed parsing SMILES 'the' for input: 'the'
[14:03:53] SMILES Parse Error: syntax error while parsing: Sure
[14:03:53] SMILES Parse Error: Failed parsing SMILES 'Sure' for input: 'Sure'

Progress: 1685/2000[14:03:55] SMILES Parse Error: syntax error while parsing: the
[14:03:55] SMILES Parse Error: Failed parsing SMILES 'the' for input: 'the'
[14:03:55] SMILES Parse Error: syntax error while parsing: Sure
[14:03:55] SMILES Parse Error: Failed parsing SMILES 'Sure' for input: 'Sure'

Progress: 1686/2000[14:03:57] SMILES Parse Error: syntax error while parsing: the
[14:03:57] SMILES Parse Error: Failed parsing SMILES 'the' for input: 'the'
[14:03:57] SMILES Parse Error: syntax error while parsing: Sure
[14:03:57] SMILES Parse Error: Failed parsing SMILES 'Sure' for input: 'Sure'

Progress: 1687/2000[14:03:59] SMILES Parse Error: syntax error while parsing: the
[14:03:59] SMILES Parse Error: Failed parsing SMILES 'the' for input: 'the'
[14:03:59] SMILES Parse Error: syntax error while parsing: Sure
[14:03:59] SMILES Parse Error: Failed parsing SMILES 'Sure' for input: 'Sure'

Progress: 1688/2000[14:04:00] SMILES Parse Error: syntax error while parsing: the
[14:04:00] SMILES Parse Error: Failed parsing SMILES 'the' for input: 'the'
[14:04:00] SMILES Parse Error: syntax error while parsing: Sure
[14:04:00] SMILES Parse Error: Failed parsing SMILES 'Sure' for input: 'Sure'

Progress: 1689/2000[14:04:01] SMILES Parse Error: syntax error while parsing: the
[14:04:01] SMILES Parse Error: Failed parsing SMILES 'the' for input: 'the'
[14:04:01] SMILES Parse Error: syntax error while parsing: Sure
[14:04:01] SMILES Parse Error: Failed parsing SMILES 'Sure' for input: 'Sure'

Progress: 1690/2000[14:04:03] SMILES Parse Error: syntax error while parsing: the
[14:04:03] SMILES Parse Error: Failed parsing SMILES 'the' for input: 'the'
[14:04:03] SMILES Parse Error: syntax error while parsing: Sure
[14:04:03] SMILES Parse Error: Failed parsing SMILES 'Sure' for input: 'Sure'

Progress: 1691/2000[14:04:04] SMILES Parse Error: syntax error while parsing: the
[14:04:04] SMILES Parse Error: Failed parsing SMILES 'the' for input: 'the'
[14:04:04] SMILES Parse Error: syntax error while parsing: Sure
[14:04:04] SMILES Parse Error: Failed parsing SMILES 'Sure' for input: 'Sure'

Progress: 1692/2000[14:04:05] SMILES Parse Error: syntax error while parsing: the
[14:04:05] SMILES Parse Error: Failed parsing SMILES 'the' for input: 'the'
[14:04:05] SMILES Parse Error: syntax error while parsing: Sure
[14:04:05] SMILES Parse Error: Failed parsing SMILES 'Sure' for input: 'Sure'

Progress: 1693/2000[14:04:06] SMILES Parse Error: syntax error while parsing: the
[14:04:06] SMILES Parse Error: Failed parsing SMILES 'the' for input: 'the'
[14:04:06] SMILES Parse Error: syntax error while parsing: Sure
[14:04:06] SMILES Parse Error: Failed parsing SMILES 'Sure' for input: 'Sure'

Progress: 1694/2000[14:04:08] SMILES Parse Error: syntax error while parsing: the
[14:04:08] SMILES Parse Error: Failed parsing SMILES 'the' for input: 'the'
[14:04:08] SMILES Parse Error: syntax error while parsing: Sure
[14:04:08] SMILES Parse Error: Failed parsing SMILES 'Sure' for input: 'Sure'

Progress: 1695/2000[14:04:11] SMILES Parse Error: syntax error while parsing: Sure
[14:04:11] SMILES Parse Error: Failed parsing SMILES 'Sure' for input: 'Sure'

Progress: 1696/2000[14:04:12] SMILES Parse Error: syntax error while parsing: the
[14:04:12] SMILES Parse Error: Failed parsing SMILES 'the' for input: 'the'
[14:04:12] SMILES Parse Error: syntax error while parsing: Sure
[14:04:12] SMILES Parse Error: Failed parsing SMILES 'Sure' for input: 'Sure'

Progress: 1697/2000[14:04:13] SMILES Parse Error: syntax error while parsing: the
[14:04:13] SMILES Parse Error: Failed parsing SMILES 'the' for input: 'the'
[14:04:13] SMILES Parse Error: syntax error while parsing: Sure
[14:04:13] SMILES Parse Error: Failed parsing SMILES 'Sure' for input: 'Sure'

Progress: 1698/2000[14:04:15] SMILES Parse Error: syntax error while parsing: the
[14:04:15] SMILES Parse Error: Failed parsing SMILES 'the' for input: 'the'
[14:04:15] SMILES Parse Error: syntax error while parsing: Sure
[14:04:15] SMILES Parse Error: Failed parsing SMILES 'Sure' for input: 'Sure'

Progress: 1699/2000[14:04:16] SMILES Parse Error: syntax error while parsing: the
[14:04:16] SMILES Parse Error: Failed parsing SMILES 'the' for input: 'the'
[14:04:16] SMILES Parse Error: syntax error while parsing: Sure
[14:04:16] SMILES Parse Error: Failed parsing SMILES 'Sure' for input: 'Sure'

Progress: 1700/2000[14:04:18] SMILES Parse Error: syntax error while parsing: a
[14:04:18] SMILES Parse Error: Failed parsing SMILES 'a' for input: 'a'
[14:04:18] SMILES Parse Error: syntax error while parsing: SMILES
[14:04:18] SMILES Parse Error: Failed parsing SMILES 'SMILES' for input: 'SMILES'

Progress: 1701/2000[14:04:20] SMILES Parse Error: syntax error while parsing: the
[14:04:20] SMILES Parse Error: Failed parsing SMILES 'the' for input: 'the'
[14:04:20] SMILES Parse Error: syntax error while parsing: Sure
[14:04:20] SMILES Parse Error: Failed parsing SMILES 'Sure' for input: 'Sure'

Progress: 1702/2000[14:04:22] SMILES Parse Error: syntax error while parsing: the
[14:04:22] SMILES Parse Error: Failed parsing SMILES 'the' for input: 'the'
[14:04:22] SMILES Parse Error: syntax error while parsing: Sure
[14:04:22] SMILES Parse Error: Failed parsing SMILES 'Sure' for input: 'Sure'

Progress: 1703/2000[14:04:23] SMILES Parse Error: syntax error while parsing: the
[14:04:23] SMILES Parse Error: Failed parsing SMILES 'the' for input: 'the'
[14:04:23] SMILES Parse Error: syntax error while parsing: Sure
[14:04:23] SMILES Parse Error: Failed parsing SMILES 'Sure' for input: 'Sure'

Progress: 1704/2000[14:04:25] SMILES Parse Error: syntax error while parsing: the
[14:04:25] SMILES Parse Error: Failed parsing SMILES 'the' for input: 'the'
[14:04:25] SMILES Parse Error: syntax error while parsing: Sure
[14:04:25] SMILES Parse Error: Failed parsing SMILES 'Sure' for input: 'Sure'

Progress: 1705/2000
Progress: 1706/2000[14:04:29] SMILES Parse Error: syntax error while parsing: the
[14:04:29] SMILES Parse Error: Failed parsing SMILES 'the' for input: 'the'
[14:04:29] SMILES Parse Error: syntax error while parsing: Sure
[14:04:29] SMILES Parse Error: Failed parsing SMILES 'Sure' for input: 'Sure'

Progress: 1707/2000[14:04:31] SMILES Parse Error: syntax error while parsing: the
[14:04:31] SMILES Parse Error: Failed parsing SMILES 'the' for input: 'the'
[14:04:31] SMILES Parse Error: syntax error while parsing: Sure
[14:04:31] SMILES Parse Error: Failed parsing SMILES 'Sure' for input: 'Sure'

Progress: 1708/2000[14:04:32] SMILES Parse Error: syntax error while parsing: is
[14:04:32] SMILES Parse Error: Failed parsing SMILES 'is' for input: 'is'
[14:04:32] SMILES Parse Error: syntax error while parsing: SMILES
[14:04:32] SMILES Parse Error: Failed parsing SMILES 'SMILES' for input: 'SMILES'

Progress: 1709/2000[14:04:35] SMILES Parse Error: syntax error while parsing: the
[14:04:35] SMILES Parse Error: Failed parsing SMILES 'the' for input: 'the'
[14:04:35] SMILES Parse Error: syntax error while parsing: Sure
[14:04:35] SMILES Parse Error: Failed parsing SMILES 'Sure' for input: 'Sure'

Progress: 1710/2000[14:04:36] SMILES Parse Error: syntax error while parsing: the
[14:04:36] SMILES Parse Error: Failed parsing SMILES 'the' for input: 'the'
[14:04:36] SMILES Parse Error: syntax error while parsing: Sure
[14:04:36] SMILES Parse Error: Failed parsing SMILES 'Sure' for input: 'Sure'

Progress: 1711/2000[14:04:38] SMILES Parse Error: syntax error while parsing: the
[14:04:38] SMILES Parse Error: Failed parsing SMILES 'the' for input: 'the'
[14:04:38] SMILES Parse Error: syntax error while parsing: Sure
[14:04:38] SMILES Parse Error: Failed parsing SMILES 'Sure' for input: 'Sure'

Progress: 1712/2000[14:04:40] SMILES Parse Error: syntax error while parsing: the
[14:04:40] SMILES Parse Error: Failed parsing SMILES 'the' for input: 'the'
[14:04:40] SMILES Parse Error: syntax error while parsing: Sure
[14:04:40] SMILES Parse Error: Failed parsing SMILES 'Sure' for input: 'Sure'

Progress: 1713/2000
Progress: 1714/2000[14:04:43] SMILES Parse Error: syntax error while parsing: the
[14:04:43] SMILES Parse Error: Failed parsing SMILES 'the' for input: 'the'
[14:04:43] SMILES Parse Error: syntax error while parsing: Sure
[14:04:43] SMILES Parse Error: Failed parsing SMILES 'Sure' for input: 'Sure'

Progress: 1715/2000[14:04:44] SMILES Parse Error: syntax error while parsing: the
[14:04:44] SMILES Parse Error: Failed parsing SMILES 'the' for input: 'the'
[14:04:44] SMILES Parse Error: syntax error while parsing: Sure
[14:04:44] SMILES Parse Error: Failed parsing SMILES 'Sure' for input: 'Sure'

Progress: 1716/2000[14:04:46] SMILES Parse Error: syntax error while parsing: the
[14:04:46] SMILES Parse Error: Failed parsing SMILES 'the' for input: 'the'
[14:04:46] SMILES Parse Error: syntax error while parsing: Sure
[14:04:46] SMILES Parse Error: Failed parsing SMILES 'Sure' for input: 'Sure'

Progress: 1717/2000[14:04:47] SMILES Parse Error: syntax error while parsing: the
[14:04:47] SMILES Parse Error: Failed parsing SMILES 'the' for input: 'the'
[14:04:47] SMILES Parse Error: syntax error while parsing: Sure
[14:04:47] SMILES Parse Error: Failed parsing SMILES 'Sure' for input: 'Sure'

Progress: 1718/2000[14:04:52] SMILES Parse Error: syntax error while parsing: SMILES
[14:04:52] SMILES Parse Error: Failed parsing SMILES 'SMILES' for input: 'SMILES'

Progress: 1719/2000[14:04:55] SMILES Parse Error: syntax error while parsing: the
[14:04:55] SMILES Parse Error: Failed parsing SMILES 'the' for input: 'the'
[14:04:55] SMILES Parse Error: syntax error while parsing: Sure
[14:04:55] SMILES Parse Error: Failed parsing SMILES 'Sure' for input: 'Sure'

Progress: 1720/2000[14:04:57] SMILES Parse Error: syntax error while parsing: the
[14:04:57] SMILES Parse Error: Failed parsing SMILES 'the' for input: 'the'
[14:04:57] SMILES Parse Error: syntax error while parsing: Sure
[14:04:57] SMILES Parse Error: Failed parsing SMILES 'Sure' for input: 'Sure'

Progress: 1721/2000[14:04:58] SMILES Parse Error: syntax error while parsing: the
[14:04:58] SMILES Parse Error: Failed parsing SMILES 'the' for input: 'the'
[14:04:58] SMILES Parse Error: syntax error while parsing: Sure
[14:04:58] SMILES Parse Error: Failed parsing SMILES 'Sure' for input: 'Sure'

Progress: 1722/2000[14:05:00] SMILES Parse Error: syntax error while parsing: the
[14:05:00] SMILES Parse Error: Failed parsing SMILES 'the' for input: 'the'
[14:05:00] SMILES Parse Error: syntax error while parsing: Sure
[14:05:00] SMILES Parse Error: Failed parsing SMILES 'Sure' for input: 'Sure'

Progress: 1723/2000[14:05:01] SMILES Parse Error: syntax error while parsing: the
[14:05:01] SMILES Parse Error: Failed parsing SMILES 'the' for input: 'the'
[14:05:01] SMILES Parse Error: syntax error while parsing: Sure
[14:05:01] SMILES Parse Error: Failed parsing SMILES 'Sure' for input: 'Sure'

Progress: 1724/2000[14:05:03] SMILES Parse Error: syntax error while parsing: the
[14:05:03] SMILES Parse Error: Failed parsing SMILES 'the' for input: 'the'
[14:05:03] SMILES Parse Error: syntax error while parsing: Sure
[14:05:03] SMILES Parse Error: Failed parsing SMILES 'Sure' for input: 'Sure'

Progress: 1725/2000[14:05:05] SMILES Parse Error: syntax error while parsing: the
[14:05:05] SMILES Parse Error: Failed parsing SMILES 'the' for input: 'the'
[14:05:05] SMILES Parse Error: syntax error while parsing: Sure
[14:05:05] SMILES Parse Error: Failed parsing SMILES 'Sure' for input: 'Sure'

Progress: 1726/2000[14:05:07] SMILES Parse Error: syntax error while parsing: the
[14:05:07] SMILES Parse Error: Failed parsing SMILES 'the' for input: 'the'
[14:05:07] SMILES Parse Error: syntax error while parsing: Sure
[14:05:07] SMILES Parse Error: Failed parsing SMILES 'Sure' for input: 'Sure'

Progress: 1727/2000[14:05:10] SMILES Parse Error: syntax error while parsing: the
[14:05:10] SMILES Parse Error: Failed parsing SMILES 'the' for input: 'the'
[14:05:10] SMILES Parse Error: syntax error while parsing: Sure
[14:05:10] SMILES Parse Error: Failed parsing SMILES 'Sure' for input: 'Sure'

Progress: 1728/2000[14:05:12] SMILES Parse Error: syntax error while parsing: the
[14:05:12] SMILES Parse Error: Failed parsing SMILES 'the' for input: 'the'
[14:05:12] SMILES Parse Error: syntax error while parsing: Sure
[14:05:12] SMILES Parse Error: Failed parsing SMILES 'Sure' for input: 'Sure'

Progress: 1729/2000[14:05:13] SMILES Parse Error: syntax error while parsing: the
[14:05:13] SMILES Parse Error: Failed parsing SMILES 'the' for input: 'the'
[14:05:13] SMILES Parse Error: syntax error while parsing: Sure
[14:05:13] SMILES Parse Error: Failed parsing SMILES 'Sure' for input: 'Sure'

Progress: 1730/2000[14:05:15] SMILES Parse Error: syntax error while parsing: the
[14:05:15] SMILES Parse Error: Failed parsing SMILES 'the' for input: 'the'
[14:05:15] SMILES Parse Error: syntax error while parsing: Sure
[14:05:15] SMILES Parse Error: Failed parsing SMILES 'Sure' for input: 'Sure'

Progress: 1731/2000[14:05:18] SMILES Parse Error: syntax error while parsing: added
[14:05:18] SMILES Parse Error: Failed parsing SMILES 'added' for input: 'added'
[14:05:18] SMILES Parse Error: syntax error while parsing: SMILES
[14:05:18] SMILES Parse Error: Failed parsing SMILES 'SMILES' for input: 'SMILES'

Progress: 1732/2000[14:05:20] SMILES Parse Error: syntax error while parsing: the
[14:05:20] SMILES Parse Error: Failed parsing SMILES 'the' for input: 'the'
[14:05:20] SMILES Parse Error: syntax error while parsing: Sure
[14:05:20] SMILES Parse Error: Failed parsing SMILES 'Sure' for input: 'Sure'

Progress: 1733/2000[14:05:22] SMILES Parse Error: syntax error while parsing: the
[14:05:22] SMILES Parse Error: Failed parsing SMILES 'the' for input: 'the'
[14:05:22] SMILES Parse Error: syntax error while parsing: Sure
[14:05:22] SMILES Parse Error: Failed parsing SMILES 'Sure' for input: 'Sure'

Progress: 1734/2000[14:05:23] SMILES Parse Error: syntax error while parsing: the
[14:05:23] SMILES Parse Error: Failed parsing SMILES 'the' for input: 'the'
[14:05:23] SMILES Parse Error: syntax error while parsing: Sure
[14:05:23] SMILES Parse Error: Failed parsing SMILES 'Sure' for input: 'Sure'

Progress: 1735/2000[14:05:24] SMILES Parse Error: syntax error while parsing: the
[14:05:24] SMILES Parse Error: Failed parsing SMILES 'the' for input: 'the'
[14:05:24] SMILES Parse Error: syntax error while parsing: Sure
[14:05:24] SMILES Parse Error: Failed parsing SMILES 'Sure' for input: 'Sure'

Progress: 1736/2000[14:05:25] SMILES Parse Error: syntax error while parsing: SMILES
[14:05:25] SMILES Parse Error: Failed parsing SMILES 'SMILES' for input: 'SMILES'
[14:05:25] SMILES Parse Error: syntax error while parsing: SMILES
[14:05:25] SMILES Parse Error: Failed parsing SMILES 'SMILES' for input: 'SMILES'

Progress: 1737/2000[14:05:26] SMILES Parse Error: syntax error while parsing: the
[14:05:26] SMILES Parse Error: Failed parsing SMILES 'the' for input: 'the'
[14:05:26] SMILES Parse Error: syntax error while parsing: Sure
[14:05:26] SMILES Parse Error: Failed parsing SMILES 'Sure' for input: 'Sure'

Progress: 1738/2000[14:05:29] SMILES Parse Error: syntax error while parsing: the
[14:05:29] SMILES Parse Error: Failed parsing SMILES 'the' for input: 'the'
[14:05:29] SMILES Parse Error: syntax error while parsing: Sure
[14:05:29] SMILES Parse Error: Failed parsing SMILES 'Sure' for input: 'Sure'

Progress: 1739/2000[14:05:31] SMILES Parse Error: syntax error while parsing: SMILES
[14:05:31] SMILES Parse Error: Failed parsing SMILES 'SMILES' for input: 'SMILES'

Progress: 1740/2000[14:05:33] SMILES Parse Error: syntax error while parsing: the
[14:05:33] SMILES Parse Error: Failed parsing SMILES 'the' for input: 'the'
[14:05:33] SMILES Parse Error: syntax error while parsing: Sure
[14:05:33] SMILES Parse Error: Failed parsing SMILES 'Sure' for input: 'Sure'

Progress: 1741/2000[14:05:34] SMILES Parse Error: syntax error while parsing: the
[14:05:34] SMILES Parse Error: Failed parsing SMILES 'the' for input: 'the'
[14:05:34] SMILES Parse Error: syntax error while parsing: Sure
[14:05:34] SMILES Parse Error: Failed parsing SMILES 'Sure' for input: 'Sure'

Progress: 1742/2000[14:05:36] SMILES Parse Error: syntax error while parsing: the
[14:05:36] SMILES Parse Error: Failed parsing SMILES 'the' for input: 'the'
[14:05:36] SMILES Parse Error: syntax error while parsing: Sure
[14:05:36] SMILES Parse Error: Failed parsing SMILES 'Sure' for input: 'Sure'

Progress: 1743/2000[14:05:38] SMILES Parse Error: syntax error while parsing: the
[14:05:38] SMILES Parse Error: Failed parsing SMILES 'the' for input: 'the'
[14:05:38] SMILES Parse Error: syntax error while parsing: Sure
[14:05:38] SMILES Parse Error: Failed parsing SMILES 'Sure' for input: 'Sure'

Progress: 1744/2000[14:05:39] SMILES Parse Error: syntax error while parsing: the
[14:05:39] SMILES Parse Error: Failed parsing SMILES 'the' for input: 'the'
[14:05:39] SMILES Parse Error: syntax error while parsing: Sure
[14:05:39] SMILES Parse Error: Failed parsing SMILES 'Sure' for input: 'Sure'

Progress: 1745/2000[14:05:40] SMILES Parse Error: syntax error while parsing: the
[14:05:40] SMILES Parse Error: Failed parsing SMILES 'the' for input: 'the'
[14:05:40] SMILES Parse Error: syntax error while parsing: Sure
[14:05:40] SMILES Parse Error: Failed parsing SMILES 'Sure' for input: 'Sure'

Progress: 1746/2000[14:05:42] SMILES Parse Error: syntax error while parsing: the
[14:05:42] SMILES Parse Error: Failed parsing SMILES 'the' for input: 'the'
[14:05:42] SMILES Parse Error: syntax error while parsing: Sure
[14:05:42] SMILES Parse Error: Failed parsing SMILES 'Sure' for input: 'Sure'

Progress: 1747/2000[14:05:43] SMILES Parse Error: syntax error while parsing: the
[14:05:43] SMILES Parse Error: Failed parsing SMILES 'the' for input: 'the'
[14:05:43] SMILES Parse Error: syntax error while parsing: Sure
[14:05:43] SMILES Parse Error: Failed parsing SMILES 'Sure' for input: 'Sure'

Progress: 1748/2000[14:05:44] SMILES Parse Error: syntax error while parsing: the
[14:05:44] SMILES Parse Error: Failed parsing SMILES 'the' for input: 'the'
[14:05:44] SMILES Parse Error: syntax error while parsing: Sure
[14:05:44] SMILES Parse Error: Failed parsing SMILES 'Sure' for input: 'Sure'

Progress: 1749/2000[14:05:45] SMILES Parse Error: syntax error while parsing: the
[14:05:45] SMILES Parse Error: Failed parsing SMILES 'the' for input: 'the'
[14:05:45] SMILES Parse Error: syntax error while parsing: Sure
[14:05:45] SMILES Parse Error: Failed parsing SMILES 'Sure' for input: 'Sure'

Progress: 1750/2000[14:05:47] SMILES Parse Error: syntax error while parsing: the
[14:05:47] SMILES Parse Error: Failed parsing SMILES 'the' for input: 'the'
[14:05:47] SMILES Parse Error: syntax error while parsing: Sure
[14:05:47] SMILES Parse Error: Failed parsing SMILES 'Sure' for input: 'Sure'

Progress: 1751/2000[14:05:48] SMILES Parse Error: syntax error while parsing: the
[14:05:48] SMILES Parse Error: Failed parsing SMILES 'the' for input: 'the'
[14:05:48] SMILES Parse Error: syntax error while parsing: Sure
[14:05:48] SMILES Parse Error: Failed parsing SMILES 'Sure' for input: 'Sure'

Progress: 1752/2000[14:05:49] SMILES Parse Error: syntax error while parsing: the
[14:05:49] SMILES Parse Error: Failed parsing SMILES 'the' for input: 'the'
[14:05:49] SMILES Parse Error: syntax error while parsing: Sure
[14:05:49] SMILES Parse Error: Failed parsing SMILES 'Sure' for input: 'Sure'

Progress: 1753/2000[14:05:50] SMILES Parse Error: syntax error while parsing: the
[14:05:50] SMILES Parse Error: Failed parsing SMILES 'the' for input: 'the'
[14:05:50] SMILES Parse Error: syntax error while parsing: Sure
[14:05:50] SMILES Parse Error: Failed parsing SMILES 'Sure' for input: 'Sure'

Progress: 1754/2000[14:05:51] SMILES Parse Error: syntax error while parsing: the
[14:05:51] SMILES Parse Error: Failed parsing SMILES 'the' for input: 'the'
[14:05:51] SMILES Parse Error: syntax error while parsing: Sure
[14:05:51] SMILES Parse Error: Failed parsing SMILES 'Sure' for input: 'Sure'

Progress: 1755/2000[14:05:52] SMILES Parse Error: syntax error while parsing: the
[14:05:52] SMILES Parse Error: Failed parsing SMILES 'the' for input: 'the'
[14:05:52] SMILES Parse Error: syntax error while parsing: Sure
[14:05:52] SMILES Parse Error: Failed parsing SMILES 'Sure' for input: 'Sure'

Progress: 1756/2000[14:05:54] SMILES Parse Error: syntax error while parsing: the
[14:05:54] SMILES Parse Error: Failed parsing SMILES 'the' for input: 'the'
[14:05:54] SMILES Parse Error: syntax error while parsing: Sure
[14:05:54] SMILES Parse Error: Failed parsing SMILES 'Sure' for input: 'Sure'

Progress: 1757/2000[14:05:56] SMILES Parse Error: syntax error while parsing: the
[14:05:56] SMILES Parse Error: Failed parsing SMILES 'the' for input: 'the'
[14:05:56] SMILES Parse Error: syntax error while parsing: Sure
[14:05:56] SMILES Parse Error: Failed parsing SMILES 'Sure' for input: 'Sure'

Progress: 1758/2000[14:05:57] SMILES Parse Error: syntax error while parsing: the
[14:05:57] SMILES Parse Error: Failed parsing SMILES 'the' for input: 'the'
[14:05:57] SMILES Parse Error: syntax error while parsing: Sure
[14:05:57] SMILES Parse Error: Failed parsing SMILES 'Sure' for input: 'Sure'

Progress: 1759/2000[14:05:58] SMILES Parse Error: syntax error while parsing: the
[14:05:58] SMILES Parse Error: Failed parsing SMILES 'the' for input: 'the'
[14:05:58] SMILES Parse Error: syntax error while parsing: Sure
[14:05:58] SMILES Parse Error: Failed parsing SMILES 'Sure' for input: 'Sure'

Progress: 1760/2000[14:05:59] SMILES Parse Error: syntax error while parsing: is
[14:05:59] SMILES Parse Error: Failed parsing SMILES 'is' for input: 'is'
[14:05:59] SMILES Parse Error: syntax error while parsing: SMILES
[14:05:59] SMILES Parse Error: Failed parsing SMILES 'SMILES' for input: 'SMILES'

Progress: 1761/2000[14:06:01] SMILES Parse Error: syntax error while parsing: the
[14:06:01] SMILES Parse Error: Failed parsing SMILES 'the' for input: 'the'
[14:06:01] SMILES Parse Error: syntax error while parsing: Sure
[14:06:01] SMILES Parse Error: Failed parsing SMILES 'Sure' for input: 'Sure'

Progress: 1762/2000[14:06:03] SMILES Parse Error: syntax error while parsing: the
[14:06:03] SMILES Parse Error: Failed parsing SMILES 'the' for input: 'the'
[14:06:03] SMILES Parse Error: syntax error while parsing: Sure
[14:06:03] SMILES Parse Error: Failed parsing SMILES 'Sure' for input: 'Sure'

Progress: 1763/2000[14:06:06] SMILES Parse Error: syntax error while parsing: Sure
[14:06:06] SMILES Parse Error: Failed parsing SMILES 'Sure' for input: 'Sure'

Progress: 1764/2000[14:06:07] SMILES Parse Error: syntax error while parsing: the
[14:06:07] SMILES Parse Error: Failed parsing SMILES 'the' for input: 'the'
[14:06:07] SMILES Parse Error: syntax error while parsing: Sure
[14:06:07] SMILES Parse Error: Failed parsing SMILES 'Sure' for input: 'Sure'

Progress: 1765/2000[14:06:09] SMILES Parse Error: syntax error while parsing: a
[14:06:09] SMILES Parse Error: Failed parsing SMILES 'a' for input: 'a'
[14:06:09] SMILES Parse Error: syntax error while parsing: SMILES
[14:06:09] SMILES Parse Error: Failed parsing SMILES 'SMILES' for input: 'SMILES'

Progress: 1766/2000[14:06:10] SMILES Parse Error: syntax error while parsing: is
[14:06:10] SMILES Parse Error: Failed parsing SMILES 'is' for input: 'is'
[14:06:10] SMILES Parse Error: syntax error while parsing: SMILES
[14:06:10] SMILES Parse Error: Failed parsing SMILES 'SMILES' for input: 'SMILES'

Progress: 1767/2000[14:06:13] SMILES Parse Error: syntax error while parsing: the
[14:06:13] SMILES Parse Error: Failed parsing SMILES 'the' for input: 'the'
[14:06:13] SMILES Parse Error: syntax error while parsing: Sure
[14:06:13] SMILES Parse Error: Failed parsing SMILES 'Sure' for input: 'Sure'

Progress: 1768/2000[14:06:14] SMILES Parse Error: syntax error while parsing: the
[14:06:14] SMILES Parse Error: Failed parsing SMILES 'the' for input: 'the'
[14:06:14] SMILES Parse Error: syntax error while parsing: Sure
[14:06:14] SMILES Parse Error: Failed parsing SMILES 'Sure' for input: 'Sure'

Progress: 1769/2000[14:06:15] SMILES Parse Error: syntax error while parsing: the
[14:06:15] SMILES Parse Error: Failed parsing SMILES 'the' for input: 'the'
[14:06:15] SMILES Parse Error: syntax error while parsing: Sure
[14:06:15] SMILES Parse Error: Failed parsing SMILES 'Sure' for input: 'Sure'

Progress: 1770/2000[14:06:16] SMILES Parse Error: syntax error while parsing: the
[14:06:16] SMILES Parse Error: Failed parsing SMILES 'the' for input: 'the'
[14:06:16] SMILES Parse Error: syntax error while parsing: Sure
[14:06:16] SMILES Parse Error: Failed parsing SMILES 'Sure' for input: 'Sure'

Progress: 1771/2000[14:06:18] SMILES Parse Error: syntax error while parsing: the
[14:06:18] SMILES Parse Error: Failed parsing SMILES 'the' for input: 'the'
[14:06:18] SMILES Parse Error: syntax error while parsing: Sure
[14:06:18] SMILES Parse Error: Failed parsing SMILES 'Sure' for input: 'Sure'

Progress: 1772/2000[14:06:20] SMILES Parse Error: syntax error while parsing: the
[14:06:20] SMILES Parse Error: Failed parsing SMILES 'the' for input: 'the'
[14:06:20] SMILES Parse Error: syntax error while parsing: Sure
[14:06:20] SMILES Parse Error: Failed parsing SMILES 'Sure' for input: 'Sure'

Progress: 1773/2000[14:06:21] SMILES Parse Error: syntax error while parsing: the
[14:06:21] SMILES Parse Error: Failed parsing SMILES 'the' for input: 'the'
[14:06:21] SMILES Parse Error: syntax error while parsing: Sure
[14:06:21] SMILES Parse Error: Failed parsing SMILES 'Sure' for input: 'Sure'

Progress: 1774/2000[14:06:22] SMILES Parse Error: syntax error while parsing: the
[14:06:22] SMILES Parse Error: Failed parsing SMILES 'the' for input: 'the'
[14:06:22] SMILES Parse Error: syntax error while parsing: Sure
[14:06:22] SMILES Parse Error: Failed parsing SMILES 'Sure' for input: 'Sure'

Progress: 1775/2000[14:06:24] SMILES Parse Error: syntax error while parsing: the
[14:06:24] SMILES Parse Error: Failed parsing SMILES 'the' for input: 'the'
[14:06:24] SMILES Parse Error: syntax error while parsing: Sure
[14:06:24] SMILES Parse Error: Failed parsing SMILES 'Sure' for input: 'Sure'

Progress: 1776/2000[14:06:26] SMILES Parse Error: syntax error while parsing: the
[14:06:26] SMILES Parse Error: Failed parsing SMILES 'the' for input: 'the'
[14:06:26] SMILES Parse Error: syntax error while parsing: Sure
[14:06:26] SMILES Parse Error: Failed parsing SMILES 'Sure' for input: 'Sure'

Progress: 1777/2000[14:06:28] SMILES Parse Error: syntax error while parsing: HBD
[14:06:28] SMILES Parse Error: Failed parsing SMILES 'HBD' for input: 'HBD'
[14:06:28] SMILES Parse Error: syntax error while parsing: the
[14:06:28] SMILES Parse Error: Failed parsing SMILES 'the' for input: 'the'
[14:06:28] SMILES Parse Error: syntax error while parsing: Sure
[14:06:28] SMILES Parse Error: Failed parsing SMILES 'Sure' for input: 'Sure'

Progress: 1778/2000[14:06:30] SMILES Parse Error: syntax error while parsing: the
[14:06:30] SMILES Parse Error: Failed parsing SMILES 'the' for input: 'the'
[14:06:30] SMILES Parse Error: syntax error while parsing: Sure
[14:06:30] SMILES Parse Error: Failed parsing SMILES 'Sure' for input: 'Sure'

Progress: 1779/2000[14:06:33] SMILES Parse Error: syntax error while parsing: the
[14:06:33] SMILES Parse Error: Failed parsing SMILES 'the' for input: 'the'
[14:06:33] SMILES Parse Error: syntax error while parsing: Sure
[14:06:33] SMILES Parse Error: Failed parsing SMILES 'Sure' for input: 'Sure'

Progress: 1780/2000[14:06:34] SMILES Parse Error: syntax error while parsing: the
[14:06:34] SMILES Parse Error: Failed parsing SMILES 'the' for input: 'the'
[14:06:34] SMILES Parse Error: syntax error while parsing: Sure
[14:06:34] SMILES Parse Error: Failed parsing SMILES 'Sure' for input: 'Sure'

Progress: 1781/2000[14:06:36] SMILES Parse Error: syntax error while parsing: the
[14:06:36] SMILES Parse Error: Failed parsing SMILES 'the' for input: 'the'
[14:06:36] SMILES Parse Error: syntax error while parsing: Sure
[14:06:36] SMILES Parse Error: Failed parsing SMILES 'Sure' for input: 'Sure'

Progress: 1782/2000[14:06:38] SMILES Parse Error: syntax error while parsing: the
[14:06:38] SMILES Parse Error: Failed parsing SMILES 'the' for input: 'the'
[14:06:38] SMILES Parse Error: syntax error while parsing: Sure
[14:06:38] SMILES Parse Error: Failed parsing SMILES 'Sure' for input: 'Sure'

Progress: 1783/2000[14:06:41] SMILES Parse Error: syntax error while parsing: the
[14:06:41] SMILES Parse Error: Failed parsing SMILES 'the' for input: 'the'
[14:06:41] SMILES Parse Error: syntax error while parsing: Sure
[14:06:41] SMILES Parse Error: Failed parsing SMILES 'Sure' for input: 'Sure'

Progress: 1784/2000[14:06:42] SMILES Parse Error: syntax error while parsing: the
[14:06:42] SMILES Parse Error: Failed parsing SMILES 'the' for input: 'the'
[14:06:42] SMILES Parse Error: syntax error while parsing: Sure
[14:06:42] SMILES Parse Error: Failed parsing SMILES 'Sure' for input: 'Sure'

Progress: 1785/2000[14:06:44] SMILES Parse Error: syntax error while parsing: the
[14:06:44] SMILES Parse Error: Failed parsing SMILES 'the' for input: 'the'
[14:06:44] SMILES Parse Error: syntax error while parsing: Sure
[14:06:44] SMILES Parse Error: Failed parsing SMILES 'Sure' for input: 'Sure'

Progress: 1786/2000[14:06:45] SMILES Parse Error: syntax error while parsing: the
[14:06:45] SMILES Parse Error: Failed parsing SMILES 'the' for input: 'the'
[14:06:45] SMILES Parse Error: syntax error while parsing: Sure
[14:06:45] SMILES Parse Error: Failed parsing SMILES 'Sure' for input: 'Sure'

Progress: 1787/2000[14:06:46] SMILES Parse Error: syntax error while parsing: the
[14:06:46] SMILES Parse Error: Failed parsing SMILES 'the' for input: 'the'
[14:06:46] SMILES Parse Error: syntax error while parsing: Sure
[14:06:46] SMILES Parse Error: Failed parsing SMILES 'Sure' for input: 'Sure'

Progress: 1788/2000[14:06:47] SMILES Parse Error: syntax error while parsing: the
[14:06:47] SMILES Parse Error: Failed parsing SMILES 'the' for input: 'the'
[14:06:47] SMILES Parse Error: syntax error while parsing: Sure
[14:06:47] SMILES Parse Error: Failed parsing SMILES 'Sure' for input: 'Sure'

Progress: 1789/2000[14:06:49] SMILES Parse Error: syntax error while parsing: the
[14:06:49] SMILES Parse Error: Failed parsing SMILES 'the' for input: 'the'
[14:06:49] SMILES Parse Error: syntax error while parsing: Sure
[14:06:49] SMILES Parse Error: Failed parsing SMILES 'Sure' for input: 'Sure'

Progress: 1790/2000[14:06:50] SMILES Parse Error: syntax error while parsing: the
[14:06:50] SMILES Parse Error: Failed parsing SMILES 'the' for input: 'the'
[14:06:50] SMILES Parse Error: syntax error while parsing: Sure
[14:06:50] SMILES Parse Error: Failed parsing SMILES 'Sure' for input: 'Sure'

Progress: 1791/2000[14:06:52] SMILES Parse Error: syntax error while parsing: the
[14:06:52] SMILES Parse Error: Failed parsing SMILES 'the' for input: 'the'
[14:06:52] SMILES Parse Error: syntax error while parsing: Sure
[14:06:52] SMILES Parse Error: Failed parsing SMILES 'Sure' for input: 'Sure'

Progress: 1792/2000
Progress: 1793/2000[14:06:56] SMILES Parse Error: syntax error while parsing: the
[14:06:56] SMILES Parse Error: Failed parsing SMILES 'the' for input: 'the'
[14:06:56] SMILES Parse Error: syntax error while parsing: Sure
[14:06:56] SMILES Parse Error: Failed parsing SMILES 'Sure' for input: 'Sure'

Progress: 1794/2000[14:06:58] SMILES Parse Error: syntax error while parsing: the
[14:06:58] SMILES Parse Error: Failed parsing SMILES 'the' for input: 'the'
[14:06:58] SMILES Parse Error: syntax error while parsing: Sure
[14:06:58] SMILES Parse Error: Failed parsing SMILES 'Sure' for input: 'Sure'

Progress: 1795/2000[14:07:00] SMILES Parse Error: syntax error while parsing: the
[14:07:00] SMILES Parse Error: Failed parsing SMILES 'the' for input: 'the'
[14:07:00] SMILES Parse Error: syntax error while parsing: Sure
[14:07:00] SMILES Parse Error: Failed parsing SMILES 'Sure' for input: 'Sure'

Progress: 1796/2000[14:07:01] SMILES Parse Error: syntax error while parsing: the
[14:07:01] SMILES Parse Error: Failed parsing SMILES 'the' for input: 'the'
[14:07:01] SMILES Parse Error: syntax error while parsing: Sure
[14:07:01] SMILES Parse Error: Failed parsing SMILES 'Sure' for input: 'Sure'

Progress: 1797/2000[14:07:03] SMILES Parse Error: syntax error while parsing: the
[14:07:03] SMILES Parse Error: Failed parsing SMILES 'the' for input: 'the'
[14:07:03] SMILES Parse Error: syntax error while parsing: Sure
[14:07:03] SMILES Parse Error: Failed parsing SMILES 'Sure' for input: 'Sure'

Progress: 1798/2000[14:07:04] SMILES Parse Error: syntax error while parsing: the
[14:07:04] SMILES Parse Error: Failed parsing SMILES 'the' for input: 'the'
[14:07:04] SMILES Parse Error: syntax error while parsing: Sure
[14:07:04] SMILES Parse Error: Failed parsing SMILES 'Sure' for input: 'Sure'

Progress: 1799/2000[14:07:07] SMILES Parse Error: syntax error while parsing: the
[14:07:07] SMILES Parse Error: Failed parsing SMILES 'the' for input: 'the'
[14:07:07] SMILES Parse Error: syntax error while parsing: Sure
[14:07:07] SMILES Parse Error: Failed parsing SMILES 'Sure' for input: 'Sure'

Progress: 1800/2000[14:07:08] SMILES Parse Error: syntax error while parsing: the
[14:07:08] SMILES Parse Error: Failed parsing SMILES 'the' for input: 'the'
[14:07:08] SMILES Parse Error: syntax error while parsing: Sure
[14:07:08] SMILES Parse Error: Failed parsing SMILES 'Sure' for input: 'Sure'

Progress: 1801/2000[14:07:10] SMILES Parse Error: syntax error while parsing: the
[14:07:10] SMILES Parse Error: Failed parsing SMILES 'the' for input: 'the'
[14:07:10] SMILES Parse Error: syntax error while parsing: Sure
[14:07:10] SMILES Parse Error: Failed parsing SMILES 'Sure' for input: 'Sure'

Progress: 1802/2000[14:07:12] SMILES Parse Error: syntax error while parsing: the
[14:07:12] SMILES Parse Error: Failed parsing SMILES 'the' for input: 'the'
[14:07:12] SMILES Parse Error: syntax error while parsing: Sure
[14:07:12] SMILES Parse Error: Failed parsing SMILES 'Sure' for input: 'Sure'

Progress: 1803/2000[14:07:14] SMILES Parse Error: syntax error while parsing: the
[14:07:14] SMILES Parse Error: Failed parsing SMILES 'the' for input: 'the'
[14:07:14] SMILES Parse Error: syntax error while parsing: Sure
[14:07:14] SMILES Parse Error: Failed parsing SMILES 'Sure' for input: 'Sure'

Progress: 1804/2000[14:07:16] SMILES Parse Error: syntax error while parsing: the
[14:07:16] SMILES Parse Error: Failed parsing SMILES 'the' for input: 'the'
[14:07:16] SMILES Parse Error: syntax error while parsing: Sure
[14:07:16] SMILES Parse Error: Failed parsing SMILES 'Sure' for input: 'Sure'

Progress: 1805/2000[14:07:18] SMILES Parse Error: syntax error while parsing: the
[14:07:18] SMILES Parse Error: Failed parsing SMILES 'the' for input: 'the'
[14:07:18] SMILES Parse Error: syntax error while parsing: Sure
[14:07:18] SMILES Parse Error: Failed parsing SMILES 'Sure' for input: 'Sure'

Progress: 1806/2000[14:07:19] SMILES Parse Error: syntax error while parsing: the
[14:07:19] SMILES Parse Error: Failed parsing SMILES 'the' for input: 'the'
[14:07:19] SMILES Parse Error: syntax error while parsing: Sure
[14:07:19] SMILES Parse Error: Failed parsing SMILES 'Sure' for input: 'Sure'

Progress: 1807/2000[14:07:21] SMILES Parse Error: syntax error while parsing: the
[14:07:21] SMILES Parse Error: Failed parsing SMILES 'the' for input: 'the'
[14:07:21] SMILES Parse Error: syntax error while parsing: Sure
[14:07:21] SMILES Parse Error: Failed parsing SMILES 'Sure' for input: 'Sure'

Progress: 1808/2000[14:07:22] SMILES Parse Error: syntax error while parsing: the
[14:07:22] SMILES Parse Error: Failed parsing SMILES 'the' for input: 'the'
[14:07:22] SMILES Parse Error: syntax error while parsing: Sure
[14:07:22] SMILES Parse Error: Failed parsing SMILES 'Sure' for input: 'Sure'

Progress: 1809/2000[14:07:24] SMILES Parse Error: syntax error while parsing: the
[14:07:24] SMILES Parse Error: Failed parsing SMILES 'the' for input: 'the'
[14:07:24] SMILES Parse Error: syntax error while parsing: Sure
[14:07:24] SMILES Parse Error: Failed parsing SMILES 'Sure' for input: 'Sure'

Progress: 1810/2000[14:07:26] SMILES Parse Error: syntax error while parsing: the
[14:07:26] SMILES Parse Error: Failed parsing SMILES 'the' for input: 'the'
[14:07:26] SMILES Parse Error: syntax error while parsing: Sure
[14:07:26] SMILES Parse Error: Failed parsing SMILES 'Sure' for input: 'Sure'

Progress: 1811/2000[14:07:27] SMILES Parse Error: syntax error while parsing: the
[14:07:27] SMILES Parse Error: Failed parsing SMILES 'the' for input: 'the'
[14:07:27] SMILES Parse Error: syntax error while parsing: Sure
[14:07:27] SMILES Parse Error: Failed parsing SMILES 'Sure' for input: 'Sure'

Progress: 1812/2000[14:07:28] SMILES Parse Error: syntax error while parsing: the
[14:07:28] SMILES Parse Error: Failed parsing SMILES 'the' for input: 'the'
[14:07:28] SMILES Parse Error: syntax error while parsing: Sure
[14:07:28] SMILES Parse Error: Failed parsing SMILES 'Sure' for input: 'Sure'

Progress: 1813/2000[14:07:30] SMILES Parse Error: syntax error while parsing: the
[14:07:30] SMILES Parse Error: Failed parsing SMILES 'the' for input: 'the'
[14:07:30] SMILES Parse Error: syntax error while parsing: Sure
[14:07:30] SMILES Parse Error: Failed parsing SMILES 'Sure' for input: 'Sure'

Progress: 1814/2000[14:07:31] SMILES Parse Error: syntax error while parsing: the
[14:07:31] SMILES Parse Error: Failed parsing SMILES 'the' for input: 'the'
[14:07:31] SMILES Parse Error: syntax error while parsing: Sure
[14:07:31] SMILES Parse Error: Failed parsing SMILES 'Sure' for input: 'Sure'

Progress: 1815/2000[14:07:32] SMILES Parse Error: syntax error while parsing: the
[14:07:32] SMILES Parse Error: Failed parsing SMILES 'the' for input: 'the'
[14:07:32] SMILES Parse Error: syntax error while parsing: Sure
[14:07:32] SMILES Parse Error: Failed parsing SMILES 'Sure' for input: 'Sure'

Progress: 1816/2000[14:07:34] SMILES Parse Error: syntax error while parsing: the
[14:07:34] SMILES Parse Error: Failed parsing SMILES 'the' for input: 'the'
[14:07:34] SMILES Parse Error: syntax error while parsing: Sure
[14:07:34] SMILES Parse Error: Failed parsing SMILES 'Sure' for input: 'Sure'

Progress: 1817/2000[14:07:35] SMILES Parse Error: syntax error while parsing: the
[14:07:35] SMILES Parse Error: Failed parsing SMILES 'the' for input: 'the'
[14:07:35] SMILES Parse Error: syntax error while parsing: Sure
[14:07:35] SMILES Parse Error: Failed parsing SMILES 'Sure' for input: 'Sure'

Progress: 1818/2000[14:07:37] SMILES Parse Error: syntax error while parsing: SMILES
[14:07:37] SMILES Parse Error: Failed parsing SMILES 'SMILES' for input: 'SMILES'

Progress: 1819/2000[14:07:39] SMILES Parse Error: syntax error while parsing: the
[14:07:39] SMILES Parse Error: Failed parsing SMILES 'the' for input: 'the'
[14:07:39] SMILES Parse Error: syntax error while parsing: Sure
[14:07:39] SMILES Parse Error: Failed parsing SMILES 'Sure' for input: 'Sure'

Progress: 1820/2000
Progress: 1821/2000[14:07:44] SMILES Parse Error: syntax error while parsing: a
[14:07:44] SMILES Parse Error: Failed parsing SMILES 'a' for input: 'a'
[14:07:44] SMILES Parse Error: syntax error while parsing: SMILES
[14:07:44] SMILES Parse Error: Failed parsing SMILES 'SMILES' for input: 'SMILES'

Progress: 1822/2000[14:07:47] SMILES Parse Error: syntax error while parsing: SMILES
[14:07:47] SMILES Parse Error: Failed parsing SMILES 'SMILES' for input: 'SMILES'

Progress: 1823/2000[14:07:48] SMILES Parse Error: syntax error while parsing: the
[14:07:48] SMILES Parse Error: Failed parsing SMILES 'the' for input: 'the'
[14:07:48] SMILES Parse Error: syntax error while parsing: Sure
[14:07:48] SMILES Parse Error: Failed parsing SMILES 'Sure' for input: 'Sure'

Progress: 1824/2000[14:07:51] SMILES Parse Error: syntax error while parsing: the
[14:07:51] SMILES Parse Error: Failed parsing SMILES 'the' for input: 'the'
[14:07:51] SMILES Parse Error: syntax error while parsing: Sure
[14:07:51] SMILES Parse Error: Failed parsing SMILES 'Sure' for input: 'Sure'

Progress: 1825/2000[14:07:52] SMILES Parse Error: syntax error while parsing: the
[14:07:52] SMILES Parse Error: Failed parsing SMILES 'the' for input: 'the'
[14:07:52] SMILES Parse Error: syntax error while parsing: Sure
[14:07:52] SMILES Parse Error: Failed parsing SMILES 'Sure' for input: 'Sure'

Progress: 1826/2000[14:07:53] SMILES Parse Error: syntax error while parsing: the
[14:07:53] SMILES Parse Error: Failed parsing SMILES 'the' for input: 'the'
[14:07:53] SMILES Parse Error: syntax error while parsing: Sure
[14:07:53] SMILES Parse Error: Failed parsing SMILES 'Sure' for input: 'Sure'

Progress: 1827/2000[14:07:55] SMILES Parse Error: syntax error while parsing: the
[14:07:55] SMILES Parse Error: Failed parsing SMILES 'the' for input: 'the'
[14:07:55] SMILES Parse Error: syntax error while parsing: Sure
[14:07:55] SMILES Parse Error: Failed parsing SMILES 'Sure' for input: 'Sure'

Progress: 1828/2000[14:07:57] SMILES Parse Error: syntax error while parsing: the
[14:07:57] SMILES Parse Error: Failed parsing SMILES 'the' for input: 'the'
[14:07:57] SMILES Parse Error: syntax error while parsing: Sure
[14:07:57] SMILES Parse Error: Failed parsing SMILES 'Sure' for input: 'Sure'

Progress: 1829/2000[14:07:59] SMILES Parse Error: syntax error while parsing: the
[14:07:59] SMILES Parse Error: Failed parsing SMILES 'the' for input: 'the'
[14:07:59] SMILES Parse Error: syntax error while parsing: Sure
[14:07:59] SMILES Parse Error: Failed parsing SMILES 'Sure' for input: 'Sure'

Progress: 1830/2000
Progress: 1831/2000[14:08:02] SMILES Parse Error: syntax error while parsing: the
[14:08:02] SMILES Parse Error: Failed parsing SMILES 'the' for input: 'the'
[14:08:02] SMILES Parse Error: syntax error while parsing: Sure
[14:08:02] SMILES Parse Error: Failed parsing SMILES 'Sure' for input: 'Sure'

Progress: 1832/2000[14:08:03] SMILES Parse Error: syntax error while parsing: the
[14:08:03] SMILES Parse Error: Failed parsing SMILES 'the' for input: 'the'
[14:08:03] SMILES Parse Error: syntax error while parsing: Sure
[14:08:03] SMILES Parse Error: Failed parsing SMILES 'Sure' for input: 'Sure'

Progress: 1833/2000[14:08:05] SMILES Parse Error: syntax error while parsing: the
[14:08:05] SMILES Parse Error: Failed parsing SMILES 'the' for input: 'the'
[14:08:05] SMILES Parse Error: syntax error while parsing: Sure
[14:08:05] SMILES Parse Error: Failed parsing SMILES 'Sure' for input: 'Sure'

Progress: 1834/2000[14:08:06] SMILES Parse Error: syntax error while parsing: the
[14:08:06] SMILES Parse Error: Failed parsing SMILES 'the' for input: 'the'
[14:08:06] SMILES Parse Error: syntax error while parsing: Sure
[14:08:06] SMILES Parse Error: Failed parsing SMILES 'Sure' for input: 'Sure'

Progress: 1835/2000[14:08:07] SMILES Parse Error: syntax error while parsing: the
[14:08:07] SMILES Parse Error: Failed parsing SMILES 'the' for input: 'the'
[14:08:07] SMILES Parse Error: syntax error while parsing: Sure
[14:08:07] SMILES Parse Error: Failed parsing SMILES 'Sure' for input: 'Sure'

Progress: 1836/2000[14:08:09] SMILES Parse Error: syntax error while parsing: the
[14:08:09] SMILES Parse Error: Failed parsing SMILES 'the' for input: 'the'
[14:08:09] SMILES Parse Error: syntax error while parsing: Sure
[14:08:09] SMILES Parse Error: Failed parsing SMILES 'Sure' for input: 'Sure'

Progress: 1837/2000[14:08:10] SMILES Parse Error: syntax error while parsing: the
[14:08:10] SMILES Parse Error: Failed parsing SMILES 'the' for input: 'the'
[14:08:10] SMILES Parse Error: syntax error while parsing: Sure
[14:08:10] SMILES Parse Error: Failed parsing SMILES 'Sure' for input: 'Sure'

Progress: 1838/2000[14:08:11] SMILES Parse Error: syntax error while parsing: the
[14:08:11] SMILES Parse Error: Failed parsing SMILES 'the' for input: 'the'
[14:08:11] SMILES Parse Error: syntax error while parsing: Sure
[14:08:11] SMILES Parse Error: Failed parsing SMILES 'Sure' for input: 'Sure'

Progress: 1839/2000[14:08:12] SMILES Parse Error: syntax error while parsing: the
[14:08:12] SMILES Parse Error: Failed parsing SMILES 'the' for input: 'the'
[14:08:12] SMILES Parse Error: syntax error while parsing: Sure
[14:08:12] SMILES Parse Error: Failed parsing SMILES 'Sure' for input: 'Sure'

Progress: 1840/2000[14:08:14] SMILES Parse Error: syntax error while parsing: is
[14:08:14] SMILES Parse Error: Failed parsing SMILES 'is' for input: 'is'
[14:08:14] SMILES Parse Error: syntax error while parsing: SMILES
[14:08:14] SMILES Parse Error: Failed parsing SMILES 'SMILES' for input: 'SMILES'

Progress: 1841/2000[14:08:17] SMILES Parse Error: syntax error while parsing: the
[14:08:17] SMILES Parse Error: Failed parsing SMILES 'the' for input: 'the'
[14:08:17] SMILES Parse Error: syntax error while parsing: Sure
[14:08:17] SMILES Parse Error: Failed parsing SMILES 'Sure' for input: 'Sure'

Progress: 1842/2000[14:08:18] SMILES Parse Error: syntax error while parsing: the
[14:08:18] SMILES Parse Error: Failed parsing SMILES 'the' for input: 'the'
[14:08:18] SMILES Parse Error: syntax error while parsing: Sure
[14:08:18] SMILES Parse Error: Failed parsing SMILES 'Sure' for input: 'Sure'

Progress: 1843/2000[14:08:21] SMILES Parse Error: syntax error while parsing: SMILES
[14:08:21] SMILES Parse Error: Failed parsing SMILES 'SMILES' for input: 'SMILES'

Progress: 1844/2000[14:08:22] SMILES Parse Error: syntax error while parsing: the
[14:08:22] SMILES Parse Error: Failed parsing SMILES 'the' for input: 'the'
[14:08:22] SMILES Parse Error: syntax error while parsing: Sure
[14:08:22] SMILES Parse Error: Failed parsing SMILES 'Sure' for input: 'Sure'

Progress: 1845/2000[14:08:23] SMILES Parse Error: syntax error while parsing: the
[14:08:23] SMILES Parse Error: Failed parsing SMILES 'the' for input: 'the'
[14:08:23] SMILES Parse Error: syntax error while parsing: Sure
[14:08:23] SMILES Parse Error: Failed parsing SMILES 'Sure' for input: 'Sure'

Progress: 1846/2000[14:08:25] SMILES Parse Error: syntax error while parsing: the
[14:08:25] SMILES Parse Error: Failed parsing SMILES 'the' for input: 'the'
[14:08:25] SMILES Parse Error: syntax error while parsing: Sure
[14:08:25] SMILES Parse Error: Failed parsing SMILES 'Sure' for input: 'Sure'

Progress: 1847/2000[14:08:27] SMILES Parse Error: syntax error while parsing: the
[14:08:27] SMILES Parse Error: Failed parsing SMILES 'the' for input: 'the'
[14:08:27] SMILES Parse Error: syntax error while parsing: Sure
[14:08:27] SMILES Parse Error: Failed parsing SMILES 'Sure' for input: 'Sure'

Progress: 1848/2000[14:08:28] SMILES Parse Error: syntax error while parsing: the
[14:08:28] SMILES Parse Error: Failed parsing SMILES 'the' for input: 'the'
[14:08:28] SMILES Parse Error: syntax error while parsing: Sure
[14:08:28] SMILES Parse Error: Failed parsing SMILES 'Sure' for input: 'Sure'

Progress: 1849/2000[14:08:30] SMILES Parse Error: syntax error while parsing: the
[14:08:30] SMILES Parse Error: Failed parsing SMILES 'the' for input: 'the'
[14:08:30] SMILES Parse Error: syntax error while parsing: Sure
[14:08:30] SMILES Parse Error: Failed parsing SMILES 'Sure' for input: 'Sure'

Progress: 1850/2000[14:08:31] SMILES Parse Error: syntax error while parsing: the
[14:08:31] SMILES Parse Error: Failed parsing SMILES 'the' for input: 'the'
[14:08:31] SMILES Parse Error: syntax error while parsing: Sure
[14:08:31] SMILES Parse Error: Failed parsing SMILES 'Sure' for input: 'Sure'

Progress: 1851/2000
Progress: 1852/2000[14:08:34] SMILES Parse Error: syntax error while parsing: the
[14:08:34] SMILES Parse Error: Failed parsing SMILES 'the' for input: 'the'
[14:08:34] SMILES Parse Error: syntax error while parsing: Sure
[14:08:34] SMILES Parse Error: Failed parsing SMILES 'Sure' for input: 'Sure'

Progress: 1853/2000[14:08:36] SMILES Parse Error: syntax error while parsing: the
[14:08:36] SMILES Parse Error: Failed parsing SMILES 'the' for input: 'the'
[14:08:36] SMILES Parse Error: syntax error while parsing: Sure
[14:08:36] SMILES Parse Error: Failed parsing SMILES 'Sure' for input: 'Sure'

Progress: 1854/2000[14:08:38] SMILES Parse Error: syntax error while parsing: the
[14:08:38] SMILES Parse Error: Failed parsing SMILES 'the' for input: 'the'
[14:08:38] SMILES Parse Error: syntax error while parsing: Sure
[14:08:38] SMILES Parse Error: Failed parsing SMILES 'Sure' for input: 'Sure'

Progress: 1855/2000[14:08:40] SMILES Parse Error: syntax error while parsing: the
[14:08:40] SMILES Parse Error: Failed parsing SMILES 'the' for input: 'the'
[14:08:40] SMILES Parse Error: syntax error while parsing: Sure
[14:08:40] SMILES Parse Error: Failed parsing SMILES 'Sure' for input: 'Sure'

Progress: 1856/2000[14:08:41] SMILES Parse Error: syntax error while parsing: the
[14:08:41] SMILES Parse Error: Failed parsing SMILES 'the' for input: 'the'
[14:08:41] SMILES Parse Error: syntax error while parsing: Sure
[14:08:41] SMILES Parse Error: Failed parsing SMILES 'Sure' for input: 'Sure'

Progress: 1857/2000[14:08:42] SMILES Parse Error: syntax error while parsing: the
[14:08:42] SMILES Parse Error: Failed parsing SMILES 'the' for input: 'the'
[14:08:42] SMILES Parse Error: syntax error while parsing: Sure
[14:08:42] SMILES Parse Error: Failed parsing SMILES 'Sure' for input: 'Sure'

Progress: 1858/2000[14:08:43] SMILES Parse Error: syntax error while parsing: the
[14:08:43] SMILES Parse Error: Failed parsing SMILES 'the' for input: 'the'
[14:08:43] SMILES Parse Error: syntax error while parsing: Sure
[14:08:43] SMILES Parse Error: Failed parsing SMILES 'Sure' for input: 'Sure'

Progress: 1859/2000[14:08:45] SMILES Parse Error: syntax error while parsing: the
[14:08:45] SMILES Parse Error: Failed parsing SMILES 'the' for input: 'the'
[14:08:45] SMILES Parse Error: syntax error while parsing: Sure
[14:08:45] SMILES Parse Error: Failed parsing SMILES 'Sure' for input: 'Sure'

Progress: 1860/2000[14:08:47] SMILES Parse Error: syntax error while parsing: the
[14:08:47] SMILES Parse Error: Failed parsing SMILES 'the' for input: 'the'
[14:08:47] SMILES Parse Error: syntax error while parsing: Sure
[14:08:47] SMILES Parse Error: Failed parsing SMILES 'Sure' for input: 'Sure'

Progress: 1861/2000[14:08:49] SMILES Parse Error: syntax error while parsing: the
[14:08:49] SMILES Parse Error: Failed parsing SMILES 'the' for input: 'the'
[14:08:49] SMILES Parse Error: syntax error while parsing: Sure
[14:08:49] SMILES Parse Error: Failed parsing SMILES 'Sure' for input: 'Sure'

Progress: 1862/2000[14:08:51] SMILES Parse Error: syntax error while parsing: SMILES
[14:08:51] SMILES Parse Error: Failed parsing SMILES 'SMILES' for input: 'SMILES'
[14:08:51] SMILES Parse Error: syntax error while parsing: SMILES
[14:08:51] SMILES Parse Error: Failed parsing SMILES 'SMILES' for input: 'SMILES'

Progress: 1863/2000[14:08:53] SMILES Parse Error: syntax error while parsing: the
[14:08:53] SMILES Parse Error: Failed parsing SMILES 'the' for input: 'the'
[14:08:53] SMILES Parse Error: syntax error while parsing: Sure
[14:08:53] SMILES Parse Error: Failed parsing SMILES 'Sure' for input: 'Sure'

Progress: 1864/2000[14:08:54] SMILES Parse Error: syntax error while parsing: the
[14:08:54] SMILES Parse Error: Failed parsing SMILES 'the' for input: 'the'
[14:08:54] SMILES Parse Error: syntax error while parsing: Sure
[14:08:54] SMILES Parse Error: Failed parsing SMILES 'Sure' for input: 'Sure'

Progress: 1865/2000[14:08:55] SMILES Parse Error: syntax error while parsing: a
[14:08:55] SMILES Parse Error: Failed parsing SMILES 'a' for input: 'a'
[14:08:55] SMILES Parse Error: syntax error while parsing: SMILES
[14:08:55] SMILES Parse Error: Failed parsing SMILES 'SMILES' for input: 'SMILES'

Progress: 1866/2000
Progress: 1867/2000[14:08:59] SMILES Parse Error: syntax error while parsing: the
[14:08:59] SMILES Parse Error: Failed parsing SMILES 'the' for input: 'the'
[14:08:59] SMILES Parse Error: syntax error while parsing: Sure
[14:08:59] SMILES Parse Error: Failed parsing SMILES 'Sure' for input: 'Sure'

Progress: 1868/2000[14:09:00] SMILES Parse Error: syntax error while parsing: the
[14:09:00] SMILES Parse Error: Failed parsing SMILES 'the' for input: 'the'
[14:09:00] SMILES Parse Error: syntax error while parsing: Sure
[14:09:00] SMILES Parse Error: Failed parsing SMILES 'Sure' for input: 'Sure'

Progress: 1869/2000[14:09:02] SMILES Parse Error: syntax error while parsing: the
[14:09:02] SMILES Parse Error: Failed parsing SMILES 'the' for input: 'the'
[14:09:02] SMILES Parse Error: syntax error while parsing: Sure
[14:09:02] SMILES Parse Error: Failed parsing SMILES 'Sure' for input: 'Sure'

Progress: 1870/2000[14:09:05] SMILES Parse Error: syntax error while parsing: SMILES
[14:09:05] SMILES Parse Error: Failed parsing SMILES 'SMILES' for input: 'SMILES'
[14:09:05] SMILES Parse Error: syntax error while parsing: SMILES
[14:09:05] SMILES Parse Error: Failed parsing SMILES 'SMILES' for input: 'SMILES'

Progress: 1871/2000[14:09:09] SMILES Parse Error: syntax error while parsing: the
[14:09:09] SMILES Parse Error: Failed parsing SMILES 'the' for input: 'the'
[14:09:09] SMILES Parse Error: syntax error while parsing: Sure
[14:09:09] SMILES Parse Error: Failed parsing SMILES 'Sure' for input: 'Sure'

Progress: 1872/2000[14:09:11] SMILES Parse Error: syntax error while parsing: the
[14:09:11] SMILES Parse Error: Failed parsing SMILES 'the' for input: 'the'
[14:09:11] SMILES Parse Error: syntax error while parsing: Sure
[14:09:11] SMILES Parse Error: Failed parsing SMILES 'Sure' for input: 'Sure'

Progress: 1873/2000[14:09:12] SMILES Parse Error: syntax error while parsing: the
[14:09:12] SMILES Parse Error: Failed parsing SMILES 'the' for input: 'the'
[14:09:12] SMILES Parse Error: syntax error while parsing: Sure
[14:09:12] SMILES Parse Error: Failed parsing SMILES 'Sure' for input: 'Sure'

Progress: 1874/2000[14:09:14] SMILES Parse Error: syntax error while parsing: the
[14:09:14] SMILES Parse Error: Failed parsing SMILES 'the' for input: 'the'
[14:09:14] SMILES Parse Error: syntax error while parsing: Sure
[14:09:14] SMILES Parse Error: Failed parsing SMILES 'Sure' for input: 'Sure'

Progress: 1875/2000[14:09:15] SMILES Parse Error: syntax error while parsing: the
[14:09:15] SMILES Parse Error: Failed parsing SMILES 'the' for input: 'the'
[14:09:15] SMILES Parse Error: syntax error while parsing: Sure
[14:09:15] SMILES Parse Error: Failed parsing SMILES 'Sure' for input: 'Sure'

Progress: 1876/2000[14:09:17] SMILES Parse Error: syntax error while parsing: the
[14:09:17] SMILES Parse Error: Failed parsing SMILES 'the' for input: 'the'
[14:09:17] SMILES Parse Error: syntax error while parsing: Sure
[14:09:17] SMILES Parse Error: Failed parsing SMILES 'Sure' for input: 'Sure'

Progress: 1877/2000[14:09:20] SMILES Parse Error: syntax error while parsing: hydrophobic
[14:09:20] SMILES Parse Error: Failed parsing SMILES 'hydrophobic' for input: 'hydrophobic'
[14:09:20] SMILES Parse Error: syntax error while parsing: the
[14:09:20] SMILES Parse Error: Failed parsing SMILES 'the' for input: 'the'
[14:09:20] SMILES Parse Error: syntax error while parsing: Sure
[14:09:20] SMILES Parse Error: Failed parsing SMILES 'Sure' for input: 'Sure'

Progress: 1878/2000[14:09:21] SMILES Parse Error: syntax error while parsing: SMILES
[14:09:21] SMILES Parse Error: Failed parsing SMILES 'SMILES' for input: 'SMILES'

Progress: 1879/2000[14:09:23] SMILES Parse Error: syntax error while parsing: the
[14:09:23] SMILES Parse Error: Failed parsing SMILES 'the' for input: 'the'
[14:09:23] SMILES Parse Error: syntax error while parsing: Sure
[14:09:23] SMILES Parse Error: Failed parsing SMILES 'Sure' for input: 'Sure'

Progress: 1880/2000[14:09:25] SMILES Parse Error: syntax error while parsing: Sure
[14:09:25] SMILES Parse Error: Failed parsing SMILES 'Sure' for input: 'Sure'

Progress: 1881/2000[14:09:27] SMILES Parse Error: syntax error while parsing: molecule
[14:09:27] SMILES Parse Error: Failed parsing SMILES 'molecule' for input: 'molecule'
[14:09:27] SMILES Parse Error: syntax error while parsing: Sure
[14:09:27] SMILES Parse Error: Failed parsing SMILES 'Sure' for input: 'Sure'

Progress: 1882/2000[14:09:28] SMILES Parse Error: syntax error while parsing: the
[14:09:28] SMILES Parse Error: Failed parsing SMILES 'the' for input: 'the'
[14:09:28] SMILES Parse Error: syntax error while parsing: Sure
[14:09:28] SMILES Parse Error: Failed parsing SMILES 'Sure' for input: 'Sure'

Progress: 1883/2000[14:09:30] SMILES Parse Error: syntax error while parsing: the
[14:09:30] SMILES Parse Error: Failed parsing SMILES 'the' for input: 'the'
[14:09:30] SMILES Parse Error: syntax error while parsing: Sure
[14:09:30] SMILES Parse Error: Failed parsing SMILES 'Sure' for input: 'Sure'

Progress: 1884/2000[14:09:31] SMILES Parse Error: syntax error while parsing: the
[14:09:31] SMILES Parse Error: Failed parsing SMILES 'the' for input: 'the'
[14:09:31] SMILES Parse Error: syntax error while parsing: Sure
[14:09:31] SMILES Parse Error: Failed parsing SMILES 'Sure' for input: 'Sure'

Progress: 1885/2000[14:09:33] SMILES Parse Error: syntax error while parsing: a
[14:09:33] SMILES Parse Error: Failed parsing SMILES 'a' for input: 'a'
[14:09:33] SMILES Parse Error: syntax error while parsing: SMILES
[14:09:33] SMILES Parse Error: Failed parsing SMILES 'SMILES' for input: 'SMILES'

Progress: 1886/2000[14:09:34] SMILES Parse Error: syntax error while parsing: the
[14:09:34] SMILES Parse Error: Failed parsing SMILES 'the' for input: 'the'
[14:09:34] SMILES Parse Error: syntax error while parsing: Sure
[14:09:34] SMILES Parse Error: Failed parsing SMILES 'Sure' for input: 'Sure'

Progress: 1887/2000
Progress: 1888/2000[14:09:37] SMILES Parse Error: syntax error while parsing: the
[14:09:37] SMILES Parse Error: Failed parsing SMILES 'the' for input: 'the'
[14:09:37] SMILES Parse Error: syntax error while parsing: Sure
[14:09:37] SMILES Parse Error: Failed parsing SMILES 'Sure' for input: 'Sure'

Progress: 1889/2000[14:09:39] SMILES Parse Error: syntax error while parsing: the
[14:09:39] SMILES Parse Error: Failed parsing SMILES 'the' for input: 'the'
[14:09:39] SMILES Parse Error: syntax error while parsing: Sure
[14:09:39] SMILES Parse Error: Failed parsing SMILES 'Sure' for input: 'Sure'

Progress: 1890/2000[14:09:41] SMILES Parse Error: syntax error while parsing: the
[14:09:41] SMILES Parse Error: Failed parsing SMILES 'the' for input: 'the'
[14:09:41] SMILES Parse Error: syntax error while parsing: Sure
[14:09:41] SMILES Parse Error: Failed parsing SMILES 'Sure' for input: 'Sure'

Progress: 1891/2000[14:09:42] SMILES Parse Error: syntax error while parsing: the
[14:09:42] SMILES Parse Error: Failed parsing SMILES 'the' for input: 'the'
[14:09:42] SMILES Parse Error: syntax error while parsing: Sure
[14:09:42] SMILES Parse Error: Failed parsing SMILES 'Sure' for input: 'Sure'

Progress: 1892/2000[14:09:43] SMILES Parse Error: syntax error while parsing: the
[14:09:43] SMILES Parse Error: Failed parsing SMILES 'the' for input: 'the'
[14:09:43] SMILES Parse Error: syntax error while parsing: Sure
[14:09:43] SMILES Parse Error: Failed parsing SMILES 'Sure' for input: 'Sure'

Progress: 1893/2000[14:09:45] SMILES Parse Error: syntax error while parsing: the
[14:09:45] SMILES Parse Error: Failed parsing SMILES 'the' for input: 'the'
[14:09:45] SMILES Parse Error: syntax error while parsing: Sure
[14:09:45] SMILES Parse Error: Failed parsing SMILES 'Sure' for input: 'Sure'

Progress: 1894/2000[14:09:46] SMILES Parse Error: syntax error while parsing: the
[14:09:46] SMILES Parse Error: Failed parsing SMILES 'the' for input: 'the'
[14:09:46] SMILES Parse Error: syntax error while parsing: Sure
[14:09:46] SMILES Parse Error: Failed parsing SMILES 'Sure' for input: 'Sure'

Progress: 1895/2000[14:09:48] SMILES Parse Error: syntax error while parsing: the
[14:09:48] SMILES Parse Error: Failed parsing SMILES 'the' for input: 'the'
[14:09:48] SMILES Parse Error: syntax error while parsing: Sure
[14:09:48] SMILES Parse Error: Failed parsing SMILES 'Sure' for input: 'Sure'

Progress: 1896/2000[14:09:50] SMILES Parse Error: syntax error while parsing: SMILES
[14:09:50] SMILES Parse Error: Failed parsing SMILES 'SMILES' for input: 'SMILES'
[14:09:50] SMILES Parse Error: syntax error while parsing: SMILES
[14:09:50] SMILES Parse Error: Failed parsing SMILES 'SMILES' for input: 'SMILES'

Progress: 1897/2000[14:09:51] SMILES Parse Error: syntax error while parsing: the
[14:09:51] SMILES Parse Error: Failed parsing SMILES 'the' for input: 'the'
[14:09:51] SMILES Parse Error: syntax error while parsing: Sure
[14:09:51] SMILES Parse Error: Failed parsing SMILES 'Sure' for input: 'Sure'

Progress: 1898/2000[14:09:52] SMILES Parse Error: syntax error while parsing: the
[14:09:52] SMILES Parse Error: Failed parsing SMILES 'the' for input: 'the'
[14:09:52] SMILES Parse Error: syntax error while parsing: Sure
[14:09:52] SMILES Parse Error: Failed parsing SMILES 'Sure' for input: 'Sure'

Progress: 1899/2000[14:09:53] SMILES Parse Error: syntax error while parsing: the
[14:09:53] SMILES Parse Error: Failed parsing SMILES 'the' for input: 'the'
[14:09:53] SMILES Parse Error: syntax error while parsing: Sure
[14:09:53] SMILES Parse Error: Failed parsing SMILES 'Sure' for input: 'Sure'

Progress: 1900/2000[14:09:55] SMILES Parse Error: syntax error while parsing: SMILES
[14:09:55] SMILES Parse Error: Failed parsing SMILES 'SMILES' for input: 'SMILES'
[14:09:55] SMILES Parse Error: syntax error while parsing: SMILES
[14:09:55] SMILES Parse Error: Failed parsing SMILES 'SMILES' for input: 'SMILES'

Progress: 1901/2000[14:09:56] SMILES Parse Error: syntax error while parsing: the
[14:09:56] SMILES Parse Error: Failed parsing SMILES 'the' for input: 'the'
[14:09:56] SMILES Parse Error: syntax error while parsing: Sure
[14:09:56] SMILES Parse Error: Failed parsing SMILES 'Sure' for input: 'Sure'

Progress: 1902/2000[14:09:58] SMILES Parse Error: syntax error while parsing: the
[14:09:58] SMILES Parse Error: Failed parsing SMILES 'the' for input: 'the'
[14:09:58] SMILES Parse Error: syntax error while parsing: Sure
[14:09:58] SMILES Parse Error: Failed parsing SMILES 'Sure' for input: 'Sure'

Progress: 1903/2000
Progress: 1904/2000[14:10:02] SMILES Parse Error: syntax error while parsing: the
[14:10:02] SMILES Parse Error: Failed parsing SMILES 'the' for input: 'the'
[14:10:02] SMILES Parse Error: syntax error while parsing: Sure
[14:10:02] SMILES Parse Error: Failed parsing SMILES 'Sure' for input: 'Sure'

Progress: 1905/2000[14:10:03] SMILES Parse Error: syntax error while parsing: the
[14:10:03] SMILES Parse Error: Failed parsing SMILES 'the' for input: 'the'
[14:10:03] SMILES Parse Error: syntax error while parsing: Sure
[14:10:03] SMILES Parse Error: Failed parsing SMILES 'Sure' for input: 'Sure'

Progress: 1906/2000[14:10:05] SMILES Parse Error: syntax error while parsing: the
[14:10:05] SMILES Parse Error: Failed parsing SMILES 'the' for input: 'the'
[14:10:05] SMILES Parse Error: syntax error while parsing: Sure
[14:10:05] SMILES Parse Error: Failed parsing SMILES 'Sure' for input: 'Sure'

Progress: 1907/2000[14:10:06] SMILES Parse Error: syntax error while parsing: the
[14:10:06] SMILES Parse Error: Failed parsing SMILES 'the' for input: 'the'
[14:10:06] SMILES Parse Error: syntax error while parsing: Sure
[14:10:06] SMILES Parse Error: Failed parsing SMILES 'Sure' for input: 'Sure'

Progress: 1908/2000[14:10:07] SMILES Parse Error: syntax error while parsing: the
[14:10:07] SMILES Parse Error: Failed parsing SMILES 'the' for input: 'the'
[14:10:07] SMILES Parse Error: syntax error while parsing: Sure
[14:10:07] SMILES Parse Error: Failed parsing SMILES 'Sure' for input: 'Sure'

Progress: 1909/2000
Progress: 1910/2000[14:10:11] SMILES Parse Error: syntax error while parsing: the
[14:10:11] SMILES Parse Error: Failed parsing SMILES 'the' for input: 'the'
[14:10:11] SMILES Parse Error: syntax error while parsing: Sure
[14:10:11] SMILES Parse Error: Failed parsing SMILES 'Sure' for input: 'Sure'

Progress: 1911/2000[14:10:12] SMILES Parse Error: syntax error while parsing: the
[14:10:12] SMILES Parse Error: Failed parsing SMILES 'the' for input: 'the'
[14:10:12] SMILES Parse Error: syntax error while parsing: Sure
[14:10:12] SMILES Parse Error: Failed parsing SMILES 'Sure' for input: 'Sure'

Progress: 1912/2000[14:10:14] SMILES Parse Error: syntax error while parsing: the
[14:10:14] SMILES Parse Error: Failed parsing SMILES 'the' for input: 'the'
[14:10:14] SMILES Parse Error: syntax error while parsing: Sure
[14:10:14] SMILES Parse Error: Failed parsing SMILES 'Sure' for input: 'Sure'

Progress: 1913/2000[14:10:15] SMILES Parse Error: syntax error while parsing: the
[14:10:15] SMILES Parse Error: Failed parsing SMILES 'the' for input: 'the'
[14:10:15] SMILES Parse Error: syntax error while parsing: Sure
[14:10:15] SMILES Parse Error: Failed parsing SMILES 'Sure' for input: 'Sure'

Progress: 1914/2000[14:10:17] SMILES Parse Error: syntax error while parsing: the
[14:10:17] SMILES Parse Error: Failed parsing SMILES 'the' for input: 'the'
[14:10:17] SMILES Parse Error: syntax error while parsing: Sure
[14:10:17] SMILES Parse Error: Failed parsing SMILES 'Sure' for input: 'Sure'

Progress: 1915/2000[14:10:18] SMILES Parse Error: syntax error while parsing: the
[14:10:18] SMILES Parse Error: Failed parsing SMILES 'the' for input: 'the'
[14:10:18] SMILES Parse Error: syntax error while parsing: Sure
[14:10:18] SMILES Parse Error: Failed parsing SMILES 'Sure' for input: 'Sure'

Progress: 1916/2000[14:10:20] SMILES Parse Error: syntax error while parsing: the
[14:10:20] SMILES Parse Error: Failed parsing SMILES 'the' for input: 'the'
[14:10:20] SMILES Parse Error: syntax error while parsing: Sure
[14:10:20] SMILES Parse Error: Failed parsing SMILES 'Sure' for input: 'Sure'

Progress: 1917/2000
Progress: 1918/2000[14:10:23] SMILES Parse Error: syntax error while parsing: the
[14:10:23] SMILES Parse Error: Failed parsing SMILES 'the' for input: 'the'
[14:10:23] SMILES Parse Error: syntax error while parsing: Sure
[14:10:23] SMILES Parse Error: Failed parsing SMILES 'Sure' for input: 'Sure'

Progress: 1919/2000[14:10:25] SMILES Parse Error: syntax error while parsing: the
[14:10:25] SMILES Parse Error: Failed parsing SMILES 'the' for input: 'the'
[14:10:25] SMILES Parse Error: syntax error while parsing: Sure
[14:10:25] SMILES Parse Error: Failed parsing SMILES 'Sure' for input: 'Sure'

Progress: 1920/2000[14:10:26] SMILES Parse Error: syntax error while parsing: the
[14:10:26] SMILES Parse Error: Failed parsing SMILES 'the' for input: 'the'
[14:10:26] SMILES Parse Error: syntax error while parsing: Sure
[14:10:26] SMILES Parse Error: Failed parsing SMILES 'Sure' for input: 'Sure'

Progress: 1921/2000[14:10:27] SMILES Parse Error: syntax error while parsing: the
[14:10:27] SMILES Parse Error: Failed parsing SMILES 'the' for input: 'the'
[14:10:27] SMILES Parse Error: syntax error while parsing: Sure
[14:10:27] SMILES Parse Error: Failed parsing SMILES 'Sure' for input: 'Sure'

Progress: 1922/2000[14:10:28] SMILES Parse Error: syntax error while parsing: the
[14:10:28] SMILES Parse Error: Failed parsing SMILES 'the' for input: 'the'
[14:10:28] SMILES Parse Error: syntax error while parsing: Sure
[14:10:28] SMILES Parse Error: Failed parsing SMILES 'Sure' for input: 'Sure'

Progress: 1923/2000[14:10:29] SMILES Parse Error: syntax error while parsing: the
[14:10:29] SMILES Parse Error: Failed parsing SMILES 'the' for input: 'the'
[14:10:29] SMILES Parse Error: syntax error while parsing: Sure
[14:10:29] SMILES Parse Error: Failed parsing SMILES 'Sure' for input: 'Sure'

Progress: 1924/2000
Progress: 1925/2000[14:10:32] SMILES Parse Error: syntax error while parsing: the
[14:10:32] SMILES Parse Error: Failed parsing SMILES 'the' for input: 'the'
[14:10:32] SMILES Parse Error: syntax error while parsing: Sure
[14:10:32] SMILES Parse Error: Failed parsing SMILES 'Sure' for input: 'Sure'

Progress: 1926/2000[14:10:33] SMILES Parse Error: syntax error while parsing: the
[14:10:33] SMILES Parse Error: Failed parsing SMILES 'the' for input: 'the'
[14:10:33] SMILES Parse Error: syntax error while parsing: Sure
[14:10:33] SMILES Parse Error: Failed parsing SMILES 'Sure' for input: 'Sure'

Progress: 1927/2000[14:10:35] SMILES Parse Error: syntax error while parsing: the
[14:10:35] SMILES Parse Error: Failed parsing SMILES 'the' for input: 'the'
[14:10:35] SMILES Parse Error: syntax error while parsing: Sure
[14:10:35] SMILES Parse Error: Failed parsing SMILES 'Sure' for input: 'Sure'

Progress: 1928/2000[14:10:36] SMILES Parse Error: syntax error while parsing: the
[14:10:36] SMILES Parse Error: Failed parsing SMILES 'the' for input: 'the'
[14:10:36] SMILES Parse Error: syntax error while parsing: Sure
[14:10:36] SMILES Parse Error: Failed parsing SMILES 'Sure' for input: 'Sure'

Progress: 1929/2000[14:10:37] SMILES Parse Error: syntax error while parsing: the
[14:10:37] SMILES Parse Error: Failed parsing SMILES 'the' for input: 'the'
[14:10:37] SMILES Parse Error: syntax error while parsing: Sure
[14:10:37] SMILES Parse Error: Failed parsing SMILES 'Sure' for input: 'Sure'

Progress: 1930/2000[14:10:39] SMILES Parse Error: syntax error while parsing: the
[14:10:39] SMILES Parse Error: Failed parsing SMILES 'the' for input: 'the'
[14:10:39] SMILES Parse Error: syntax error while parsing: Sure
[14:10:39] SMILES Parse Error: Failed parsing SMILES 'Sure' for input: 'Sure'

Progress: 1931/2000[14:10:40] SMILES Parse Error: syntax error while parsing: the
[14:10:40] SMILES Parse Error: Failed parsing SMILES 'the' for input: 'the'
[14:10:40] SMILES Parse Error: syntax error while parsing: Sure
[14:10:40] SMILES Parse Error: Failed parsing SMILES 'Sure' for input: 'Sure'

Progress: 1932/2000[14:10:42] SMILES Parse Error: syntax error while parsing: the
[14:10:42] SMILES Parse Error: Failed parsing SMILES 'the' for input: 'the'
[14:10:42] SMILES Parse Error: syntax error while parsing: Sure
[14:10:42] SMILES Parse Error: Failed parsing SMILES 'Sure' for input: 'Sure'

Progress: 1933/2000[14:10:44] SMILES Parse Error: syntax error while parsing: the
[14:10:44] SMILES Parse Error: Failed parsing SMILES 'the' for input: 'the'
[14:10:44] SMILES Parse Error: syntax error while parsing: Sure
[14:10:44] SMILES Parse Error: Failed parsing SMILES 'Sure' for input: 'Sure'

Progress: 1934/2000[14:10:45] SMILES Parse Error: syntax error while parsing: the
[14:10:45] SMILES Parse Error: Failed parsing SMILES 'the' for input: 'the'
[14:10:45] SMILES Parse Error: syntax error while parsing: Sure
[14:10:45] SMILES Parse Error: Failed parsing SMILES 'Sure' for input: 'Sure'

Progress: 1935/2000[14:10:46] SMILES Parse Error: syntax error while parsing: SMILES
[14:10:46] SMILES Parse Error: Failed parsing SMILES 'SMILES' for input: 'SMILES'

Progress: 1936/2000[14:10:47] SMILES Parse Error: syntax error while parsing: the
[14:10:47] SMILES Parse Error: Failed parsing SMILES 'the' for input: 'the'
[14:10:47] SMILES Parse Error: syntax error while parsing: Sure
[14:10:47] SMILES Parse Error: Failed parsing SMILES 'Sure' for input: 'Sure'

Progress: 1937/2000[14:10:49] SMILES Parse Error: syntax error while parsing: SMILES
[14:10:49] SMILES Parse Error: Failed parsing SMILES 'SMILES' for input: 'SMILES'
[14:10:49] SMILES Parse Error: syntax error while parsing: SMILES
[14:10:49] SMILES Parse Error: Failed parsing SMILES 'SMILES' for input: 'SMILES'

Progress: 1938/2000[14:10:52] SMILES Parse Error: syntax error while parsing: the
[14:10:52] SMILES Parse Error: Failed parsing SMILES 'the' for input: 'the'
[14:10:52] SMILES Parse Error: syntax error while parsing: Sure
[14:10:52] SMILES Parse Error: Failed parsing SMILES 'Sure' for input: 'Sure'

Progress: 1939/2000[14:10:55] SMILES Parse Error: syntax error while parsing: the
[14:10:55] SMILES Parse Error: Failed parsing SMILES 'the' for input: 'the'
[14:10:55] SMILES Parse Error: syntax error while parsing: Sure
[14:10:55] SMILES Parse Error: Failed parsing SMILES 'Sure' for input: 'Sure'

Progress: 1940/2000[14:10:57] SMILES Parse Error: syntax error while parsing: the
[14:10:57] SMILES Parse Error: Failed parsing SMILES 'the' for input: 'the'
[14:10:57] SMILES Parse Error: syntax error while parsing: Sure
[14:10:57] SMILES Parse Error: Failed parsing SMILES 'Sure' for input: 'Sure'

Progress: 1941/2000[14:10:58] SMILES Parse Error: syntax error while parsing: the
[14:10:58] SMILES Parse Error: Failed parsing SMILES 'the' for input: 'the'
[14:10:58] SMILES Parse Error: syntax error while parsing: Sure
[14:10:58] SMILES Parse Error: Failed parsing SMILES 'Sure' for input: 'Sure'

Progress: 1942/2000[14:11:00] SMILES Parse Error: syntax error while parsing: the
[14:11:00] SMILES Parse Error: Failed parsing SMILES 'the' for input: 'the'
[14:11:00] SMILES Parse Error: syntax error while parsing: Sure
[14:11:00] SMILES Parse Error: Failed parsing SMILES 'Sure' for input: 'Sure'

Progress: 1943/2000[14:11:01] SMILES Parse Error: syntax error while parsing: the
[14:11:01] SMILES Parse Error: Failed parsing SMILES 'the' for input: 'the'
[14:11:01] SMILES Parse Error: syntax error while parsing: Sure
[14:11:01] SMILES Parse Error: Failed parsing SMILES 'Sure' for input: 'Sure'

Progress: 1944/2000[14:11:03] SMILES Parse Error: syntax error while parsing: the
[14:11:03] SMILES Parse Error: Failed parsing SMILES 'the' for input: 'the'
[14:11:03] SMILES Parse Error: syntax error while parsing: Sure
[14:11:03] SMILES Parse Error: Failed parsing SMILES 'Sure' for input: 'Sure'

Progress: 1945/2000[14:11:05] SMILES Parse Error: syntax error while parsing: the
[14:11:05] SMILES Parse Error: Failed parsing SMILES 'the' for input: 'the'
[14:11:05] SMILES Parse Error: syntax error while parsing: Sure
[14:11:05] SMILES Parse Error: Failed parsing SMILES 'Sure' for input: 'Sure'

Progress: 1946/2000[14:11:07] SMILES Parse Error: syntax error while parsing: is
[14:11:07] SMILES Parse Error: Failed parsing SMILES 'is' for input: 'is'
[14:11:07] SMILES Parse Error: syntax error while parsing: SMILES
[14:11:07] SMILES Parse Error: Failed parsing SMILES 'SMILES' for input: 'SMILES'

Progress: 1947/2000[14:11:08] SMILES Parse Error: syntax error while parsing: the
[14:11:08] SMILES Parse Error: Failed parsing SMILES 'the' for input: 'the'
[14:11:08] SMILES Parse Error: syntax error while parsing: Sure
[14:11:08] SMILES Parse Error: Failed parsing SMILES 'Sure' for input: 'Sure'

Progress: 1948/2000[14:11:11] SMILES Parse Error: syntax error while parsing: a
[14:11:11] SMILES Parse Error: Failed parsing SMILES 'a' for input: 'a'
[14:11:11] SMILES Parse Error: syntax error while parsing: Sure
[14:11:11] SMILES Parse Error: Failed parsing SMILES 'Sure' for input: 'Sure'

Progress: 1949/2000[14:11:13] SMILES Parse Error: syntax error while parsing: the
[14:11:13] SMILES Parse Error: Failed parsing SMILES 'the' for input: 'the'
[14:11:13] SMILES Parse Error: syntax error while parsing: Sure
[14:11:13] SMILES Parse Error: Failed parsing SMILES 'Sure' for input: 'Sure'

Progress: 1950/2000[14:11:14] SMILES Parse Error: syntax error while parsing: Sure
[14:11:14] SMILES Parse Error: Failed parsing SMILES 'Sure' for input: 'Sure'

Progress: 1951/2000[14:11:15] SMILES Parse Error: syntax error while parsing: the
[14:11:15] SMILES Parse Error: Failed parsing SMILES 'the' for input: 'the'
[14:11:15] SMILES Parse Error: syntax error while parsing: Sure
[14:11:15] SMILES Parse Error: Failed parsing SMILES 'Sure' for input: 'Sure'

Progress: 1952/2000[14:11:17] SMILES Parse Error: syntax error while parsing: the
[14:11:17] SMILES Parse Error: Failed parsing SMILES 'the' for input: 'the'
[14:11:17] SMILES Parse Error: syntax error while parsing: Sure
[14:11:17] SMILES Parse Error: Failed parsing SMILES 'Sure' for input: 'Sure'

Progress: 1953/2000[14:11:18] SMILES Parse Error: syntax error while parsing: the
[14:11:18] SMILES Parse Error: Failed parsing SMILES 'the' for input: 'the'
[14:11:18] SMILES Parse Error: syntax error while parsing: Sure
[14:11:18] SMILES Parse Error: Failed parsing SMILES 'Sure' for input: 'Sure'

Progress: 1954/2000[14:11:20] SMILES Parse Error: syntax error while parsing: SMILES
[14:11:20] SMILES Parse Error: Failed parsing SMILES 'SMILES' for input: 'SMILES'

Progress: 1955/2000[14:11:22] SMILES Parse Error: syntax error while parsing: the
[14:11:22] SMILES Parse Error: Failed parsing SMILES 'the' for input: 'the'
[14:11:22] SMILES Parse Error: syntax error while parsing: Sure
[14:11:22] SMILES Parse Error: Failed parsing SMILES 'Sure' for input: 'Sure'

Progress: 1956/2000[14:11:24] SMILES Parse Error: syntax error while parsing: the
[14:11:24] SMILES Parse Error: Failed parsing SMILES 'the' for input: 'the'
[14:11:24] SMILES Parse Error: syntax error while parsing: Sure
[14:11:24] SMILES Parse Error: Failed parsing SMILES 'Sure' for input: 'Sure'

Progress: 1957/2000[14:11:26] SMILES Parse Error: syntax error while parsing: the
[14:11:26] SMILES Parse Error: Failed parsing SMILES 'the' for input: 'the'
[14:11:26] SMILES Parse Error: syntax error while parsing: Sure
[14:11:26] SMILES Parse Error: Failed parsing SMILES 'Sure' for input: 'Sure'

Progress: 1958/2000[14:11:27] SMILES Parse Error: syntax error while parsing: the
[14:11:27] SMILES Parse Error: Failed parsing SMILES 'the' for input: 'the'
[14:11:27] SMILES Parse Error: syntax error while parsing: Sure
[14:11:27] SMILES Parse Error: Failed parsing SMILES 'Sure' for input: 'Sure'

Progress: 1959/2000[14:11:30] SMILES Parse Error: syntax error while parsing: Sure
[14:11:30] SMILES Parse Error: Failed parsing SMILES 'Sure' for input: 'Sure'

Progress: 1960/2000[14:11:32] SMILES Parse Error: syntax error while parsing: the
[14:11:32] SMILES Parse Error: Failed parsing SMILES 'the' for input: 'the'
[14:11:32] SMILES Parse Error: syntax error while parsing: Sure
[14:11:32] SMILES Parse Error: Failed parsing SMILES 'Sure' for input: 'Sure'

Progress: 1961/2000[14:11:34] SMILES Parse Error: syntax error while parsing: the
[14:11:34] SMILES Parse Error: Failed parsing SMILES 'the' for input: 'the'
[14:11:34] SMILES Parse Error: syntax error while parsing: Sure
[14:11:34] SMILES Parse Error: Failed parsing SMILES 'Sure' for input: 'Sure'

Progress: 1962/2000[14:11:35] SMILES Parse Error: syntax error while parsing: the
[14:11:35] SMILES Parse Error: Failed parsing SMILES 'the' for input: 'the'
[14:11:35] SMILES Parse Error: syntax error while parsing: Sure
[14:11:35] SMILES Parse Error: Failed parsing SMILES 'Sure' for input: 'Sure'

Progress: 1963/2000[14:11:38] SMILES Parse Error: syntax error while parsing: the
[14:11:38] SMILES Parse Error: Failed parsing SMILES 'the' for input: 'the'
[14:11:38] SMILES Parse Error: syntax error while parsing: Sure
[14:11:38] SMILES Parse Error: Failed parsing SMILES 'Sure' for input: 'Sure'

Progress: 1964/2000[14:11:39] SMILES Parse Error: syntax error while parsing: the
[14:11:39] SMILES Parse Error: Failed parsing SMILES 'the' for input: 'the'
[14:11:39] SMILES Parse Error: syntax error while parsing: Sure
[14:11:39] SMILES Parse Error: Failed parsing SMILES 'Sure' for input: 'Sure'

Progress: 1965/2000[14:11:41] SMILES Parse Error: syntax error while parsing: the
[14:11:41] SMILES Parse Error: Failed parsing SMILES 'the' for input: 'the'
[14:11:41] SMILES Parse Error: syntax error while parsing: Sure
[14:11:41] SMILES Parse Error: Failed parsing SMILES 'Sure' for input: 'Sure'

Progress: 1966/2000[14:11:43] SMILES Parse Error: syntax error while parsing: the
[14:11:43] SMILES Parse Error: Failed parsing SMILES 'the' for input: 'the'
[14:11:43] SMILES Parse Error: syntax error while parsing: Sure
[14:11:43] SMILES Parse Error: Failed parsing SMILES 'Sure' for input: 'Sure'

Progress: 1967/2000[14:11:45] SMILES Parse Error: syntax error while parsing: the
[14:11:45] SMILES Parse Error: Failed parsing SMILES 'the' for input: 'the'
[14:11:45] SMILES Parse Error: syntax error while parsing: Sure
[14:11:45] SMILES Parse Error: Failed parsing SMILES 'Sure' for input: 'Sure'

Progress: 1968/2000[14:11:47] SMILES Parse Error: syntax error while parsing: the
[14:11:47] SMILES Parse Error: Failed parsing SMILES 'the' for input: 'the'
[14:11:47] SMILES Parse Error: syntax error while parsing: Sure
[14:11:47] SMILES Parse Error: Failed parsing SMILES 'Sure' for input: 'Sure'

Progress: 1969/2000[14:11:49] SMILES Parse Error: syntax error while parsing: SMILES
[14:11:49] SMILES Parse Error: Failed parsing SMILES 'SMILES' for input: 'SMILES'
[14:11:49] SMILES Parse Error: syntax error while parsing: SMILES
[14:11:49] SMILES Parse Error: Failed parsing SMILES 'SMILES' for input: 'SMILES'

Progress: 1970/2000[14:11:51] SMILES Parse Error: syntax error while parsing: the
[14:11:51] SMILES Parse Error: Failed parsing SMILES 'the' for input: 'the'
[14:11:51] SMILES Parse Error: syntax error while parsing: Sure
[14:11:51] SMILES Parse Error: Failed parsing SMILES 'Sure' for input: 'Sure'

Progress: 1971/2000[14:11:52] SMILES Parse Error: syntax error while parsing: the
[14:11:52] SMILES Parse Error: Failed parsing SMILES 'the' for input: 'the'
[14:11:52] SMILES Parse Error: syntax error while parsing: Sure
[14:11:52] SMILES Parse Error: Failed parsing SMILES 'Sure' for input: 'Sure'

Progress: 1972/2000[14:11:54] SMILES Parse Error: syntax error while parsing: the
[14:11:54] SMILES Parse Error: Failed parsing SMILES 'the' for input: 'the'
[14:11:54] SMILES Parse Error: syntax error while parsing: Sure
[14:11:54] SMILES Parse Error: Failed parsing SMILES 'Sure' for input: 'Sure'

Progress: 1973/2000[14:11:56] SMILES Parse Error: syntax error while parsing: hydrophobic-hydrophilic
[14:11:56] SMILES Parse Error: Failed parsing SMILES 'hydrophobic-hydrophilic' for input: 'hydrophobic-hydrophilic'
[14:11:56] SMILES Parse Error: syntax error while parsing: the
[14:11:56] SMILES Parse Error: Failed parsing SMILES 'the' for input: 'the'
[14:11:56] SMILES Parse Error: syntax error while parsing: Sure
[14:11:56] SMILES Parse Error: Failed parsing SMILES 'Sure' for input: 'Sure'

Progress: 1974/2000[14:11:57] SMILES Parse Error: syntax error while parsing: the
[14:11:57] SMILES Parse Error: Failed parsing SMILES 'the' for input: 'the'
[14:11:57] SMILES Parse Error: syntax error while parsing: Sure
[14:11:57] SMILES Parse Error: Failed parsing SMILES 'Sure' for input: 'Sure'

Progress: 1975/2000[14:11:58] SMILES Parse Error: syntax error while parsing: the
[14:11:58] SMILES Parse Error: Failed parsing SMILES 'the' for input: 'the'
[14:11:58] SMILES Parse Error: syntax error while parsing: Sure
[14:11:58] SMILES Parse Error: Failed parsing SMILES 'Sure' for input: 'Sure'

Progress: 1976/2000[14:12:00] SMILES Parse Error: syntax error while parsing: the
[14:12:00] SMILES Parse Error: Failed parsing SMILES 'the' for input: 'the'
[14:12:00] SMILES Parse Error: syntax error while parsing: Sure
[14:12:00] SMILES Parse Error: Failed parsing SMILES 'Sure' for input: 'Sure'

Progress: 1977/2000[14:12:01] SMILES Parse Error: syntax error while parsing: the
[14:12:01] SMILES Parse Error: Failed parsing SMILES 'the' for input: 'the'
[14:12:01] SMILES Parse Error: syntax error while parsing: Sure
[14:12:01] SMILES Parse Error: Failed parsing SMILES 'Sure' for input: 'Sure'

Progress: 1978/2000[14:12:02] SMILES Parse Error: syntax error while parsing: SMILES
[14:12:02] SMILES Parse Error: Failed parsing SMILES 'SMILES' for input: 'SMILES'

Progress: 1979/2000[14:12:04] SMILES Parse Error: syntax error while parsing: the
[14:12:04] SMILES Parse Error: Failed parsing SMILES 'the' for input: 'the'
[14:12:04] SMILES Parse Error: syntax error while parsing: Sure
[14:12:04] SMILES Parse Error: Failed parsing SMILES 'Sure' for input: 'Sure'

Progress: 1980/2000[14:12:05] SMILES Parse Error: syntax error while parsing: the
[14:12:05] SMILES Parse Error: Failed parsing SMILES 'the' for input: 'the'
[14:12:05] SMILES Parse Error: syntax error while parsing: Sure
[14:12:05] SMILES Parse Error: Failed parsing SMILES 'Sure' for input: 'Sure'

Progress: 1981/2000[14:12:06] SMILES Parse Error: syntax error while parsing: the
[14:12:06] SMILES Parse Error: Failed parsing SMILES 'the' for input: 'the'
[14:12:06] SMILES Parse Error: syntax error while parsing: Sure
[14:12:06] SMILES Parse Error: Failed parsing SMILES 'Sure' for input: 'Sure'

Progress: 1982/2000[14:12:08] SMILES Parse Error: syntax error while parsing: the
[14:12:08] SMILES Parse Error: Failed parsing SMILES 'the' for input: 'the'
[14:12:08] SMILES Parse Error: syntax error while parsing: Sure
[14:12:08] SMILES Parse Error: Failed parsing SMILES 'Sure' for input: 'Sure'

Progress: 1983/2000[14:12:09] SMILES Parse Error: syntax error while parsing: the
[14:12:09] SMILES Parse Error: Failed parsing SMILES 'the' for input: 'the'
[14:12:09] SMILES Parse Error: syntax error while parsing: Sure
[14:12:09] SMILES Parse Error: Failed parsing SMILES 'Sure' for input: 'Sure'

Progress: 1984/2000[14:12:13] SMILES Parse Error: syntax error while parsing: the
[14:12:13] SMILES Parse Error: Failed parsing SMILES 'the' for input: 'the'
[14:12:13] SMILES Parse Error: syntax error while parsing: Sure
[14:12:13] SMILES Parse Error: Failed parsing SMILES 'Sure' for input: 'Sure'

Progress: 1985/2000[14:12:14] SMILES Parse Error: syntax error while parsing: the
[14:12:14] SMILES Parse Error: Failed parsing SMILES 'the' for input: 'the'
[14:12:14] SMILES Parse Error: syntax error while parsing: Sure
[14:12:14] SMILES Parse Error: Failed parsing SMILES 'Sure' for input: 'Sure'

Progress: 1986/2000[14:12:15] SMILES Parse Error: syntax error while parsing: the
[14:12:15] SMILES Parse Error: Failed parsing SMILES 'the' for input: 'the'
[14:12:15] SMILES Parse Error: syntax error while parsing: Sure
[14:12:15] SMILES Parse Error: Failed parsing SMILES 'Sure' for input: 'Sure'

Progress: 1987/2000[14:12:17] SMILES Parse Error: syntax error while parsing: the
[14:12:17] SMILES Parse Error: Failed parsing SMILES 'the' for input: 'the'
[14:12:17] SMILES Parse Error: syntax error while parsing: Sure
[14:12:17] SMILES Parse Error: Failed parsing SMILES 'Sure' for input: 'Sure'

Progress: 1988/2000
Progress: 1989/2000[14:12:21] SMILES Parse Error: syntax error while parsing: the
[14:12:21] SMILES Parse Error: Failed parsing SMILES 'the' for input: 'the'
[14:12:21] SMILES Parse Error: syntax error while parsing: Sure
[14:12:21] SMILES Parse Error: Failed parsing SMILES 'Sure' for input: 'Sure'

Progress: 1990/2000[14:12:23] SMILES Parse Error: syntax error while parsing: a
[14:12:23] SMILES Parse Error: Failed parsing SMILES 'a' for input: 'a'
[14:12:23] SMILES Parse Error: syntax error while parsing: SMILES
[14:12:23] SMILES Parse Error: Failed parsing SMILES 'SMILES' for input: 'SMILES'

Progress: 1991/2000[14:12:25] SMILES Parse Error: syntax error while parsing: the
[14:12:25] SMILES Parse Error: Failed parsing SMILES 'the' for input: 'the'
[14:12:25] SMILES Parse Error: syntax error while parsing: Sure
[14:12:25] SMILES Parse Error: Failed parsing SMILES 'Sure' for input: 'Sure'

Progress: 1992/2000[14:12:27] SMILES Parse Error: syntax error while parsing: the
[14:12:27] SMILES Parse Error: Failed parsing SMILES 'the' for input: 'the'
[14:12:27] SMILES Parse Error: syntax error while parsing: Sure
[14:12:27] SMILES Parse Error: Failed parsing SMILES 'Sure' for input: 'Sure'

Progress: 1993/2000[14:12:29] SMILES Parse Error: syntax error while parsing: the
[14:12:29] SMILES Parse Error: Failed parsing SMILES 'the' for input: 'the'
[14:12:29] SMILES Parse Error: syntax error while parsing: Sure
[14:12:29] SMILES Parse Error: Failed parsing SMILES 'Sure' for input: 'Sure'

Progress: 1994/2000[14:12:30] SMILES Parse Error: syntax error while parsing: the
[14:12:30] SMILES Parse Error: Failed parsing SMILES 'the' for input: 'the'
[14:12:30] SMILES Parse Error: syntax error while parsing: Sure
[14:12:30] SMILES Parse Error: Failed parsing SMILES 'Sure' for input: 'Sure'

Progress: 1995/2000[14:12:32] SMILES Parse Error: syntax error while parsing: the
[14:12:32] SMILES Parse Error: Failed parsing SMILES 'the' for input: 'the'
[14:12:32] SMILES Parse Error: syntax error while parsing: Sure
[14:12:32] SMILES Parse Error: Failed parsing SMILES 'Sure' for input: 'Sure'

Progress: 1996/2000
Progress: 1997/2000[14:12:35] SMILES Parse Error: syntax error while parsing: SMILES
[14:12:35] SMILES Parse Error: Failed parsing SMILES 'SMILES' for input: 'SMILES'

Progress: 1998/2000[14:12:37] SMILES Parse Error: syntax error while parsing: the
[14:12:37] SMILES Parse Error: Failed parsing SMILES 'the' for input: 'the'
[14:12:37] SMILES Parse Error: syntax error while parsing: Sure
[14:12:37] SMILES Parse Error: Failed parsing SMILES 'Sure' for input: 'Sure'

Progress: 1999/2000[14:12:38] SMILES Parse Error: syntax error while parsing: the
[14:12:38] SMILES Parse Error: Failed parsing SMILES 'the' for input: 'the'
[14:12:38] SMILES Parse Error: syntax error while parsing: Sure
[14:12:38] SMILES Parse Error: Failed parsing SMILES 'Sure' for input: 'Sure'

Progress: 2000/2000[14:12:39] SMILES Parse Error: syntax error while parsing: the
[14:12:39] SMILES Parse Error: Failed parsing SMILES 'the' for input: 'the'
[14:12:39] SMILES Parse Error: syntax error while parsing: Sure
[14:12:39] SMILES Parse Error: Failed parsing SMILES 'Sure' for input: 'Sure'
[14:12:39] DEPRECATION WARNING: please use MorganGenerator
[14:12:39] DEPRECATION WARNING: please use MorganGenerator
[14:12:39] DEPRECATION WARNING: please use MorganGenerator
[14:12:39] DEPRECATION WARNING: please use MorganGenerator
[14:12:39] DEPRECATION WARNING: please use MorganGenerator
[14:12:39] DEPRECATION WARNING: please use MorganGenerator
[14:12:39] DEPRECATION WARNING: please use MorganGenerator
[14:12:39] DEPRECATION WARNING: please use MorganGenerator
[14:12:39] DEPRECATION WARNING: please use MorganGenerator
[14:12:39] DEPRECATION WARNING: please use MorganGenerator
[14:12:39] DEPRECATION WARNING: please use MorganGenerator


[3/3] Calculating metrics...

Results:
  Validity:              77/77 (100.00%)
  Uniqueness:            11/77 (14.29%)
  Diversity:             0.4093
  Scaffold preservation: 0/2000 (0.0%)
  Property satisfaction: 4/2000 (0.2%)
  Overall success:       0/2000 (0.0%)

 Results saved to: /root/autodl-tmp/multimodel/ablation_study/results/llama2_results.json
================================================================================

================================================================================
Evaluation completed.
================================================================================


