You are using the default legacy behaviour of the <class 'transformers.models.t5.tokenization_t5.T5Tokenizer'>. This is expected, and simply means that the `legacy` (previous) behavior will be used so nothing changes for you. If you want to use the new behaviour, set `legacy=False`. This should only be set if you understand what it means, and thoroughly read the reason why this was added as explained in https://github.com/huggingface/transformers/pull/24565
================================================================================
MolT5 full evaluation - 2000 samples
================================================================================

Configuration:
  - Text-only input (no scaffold images/SMILES)
  - Property constraints only (MW, LogP, HBD, HBA, TPSA, QED)
  - Save all generation results

Starting 2000 samples evaluation...
Estimated time: 1-2 hours

================================================================================
Running MolT5Evaluator
================================================================================
[1/3] Loading model...
Loading MolT5 from laituan245/molt5-large-caption2smiles...
MolT5 model loaded successfully
[2/3] Running inference on 2000 samples...

Progress: 1/2000
Progress: 2/2000
Progress: 3/2000
Progress: 4/2000
Progress: 5/2000[22:01:02] SMILES Parse Error: extra close parentheses while parsing: C1C=CN(C=C1C(=O)N)[C@H]2[C@@H]([C@@H]([C@H](O2)COP(=O)(O)OP(=O)(O)OC[C@@H]3[C@H]([C@H]([C@@H](O3)N4C=NC5=C(N=CN=C54)N)O)O)O)O)N
[22:01:02] SMILES Parse Error: Failed parsing SMILES 'C1C=CN(C=C1C(=O)N)[C@H]2[C@@H]([C@@H]([C@H](O2)COP(=O)(O)OP(=O)(O)OC[C@@H]3[C@H]([C@H]([C@@H](O3)N4C=NC5=C(N=CN=C54)N)O)O)O)O)N' for input: 'C1C=CN(C=C1C(=O)N)[C@H]2[C@@H]([C@@H]([C@H](O2)COP(=O)(O)OP(=O)(O)OC[C@@H]3[C@H]([C@H]([C@@H](O3)N4C=NC5=C(N=CN=C54)N)O)O)O)O)N'

Progress: 6/2000
Progress: 7/2000[22:01:05] SMILES Parse Error: extra close parentheses while parsing: C1C=CN(C=C1C(=O)N)[C@H]2[C@@H]([C@@H]([C@H](O2)COP(=O)(O)OP(=O)(O)OC[C@@H]3[C@H]([C@H]([C@@H](O3)N4C=NC5=C(N=CN=C54)N)O)O)O)O)N
[22:01:05] SMILES Parse Error: Failed parsing SMILES 'C1C=CN(C=C1C(=O)N)[C@H]2[C@@H]([C@@H]([C@H](O2)COP(=O)(O)OP(=O)(O)OC[C@@H]3[C@H]([C@H]([C@@H](O3)N4C=NC5=C(N=CN=C54)N)O)O)O)O)N' for input: 'C1C=CN(C=C1C(=O)N)[C@H]2[C@@H]([C@@H]([C@H](O2)COP(=O)(O)OP(=O)(O)OC[C@@H]3[C@H]([C@H]([C@@H](O3)N4C=NC5=C(N=CN=C54)N)O)O)O)O)N'

Progress: 8/2000[22:01:07] SMILES Parse Error: extra close parentheses while parsing: C1=C(C(=O)NC(=O)N1)[C@@H]2[C@H]([C@@H]([C@H](O2)COP(=O)([O-])OP(=O)([O-])OC[C@@H]3[C@H]([C@H]([C@@H](O3)N4C=NC5=C(N=CN=C54)N)O)O)O)O)O)N
[22:01:07] SMILES Parse Error: Failed parsing SMILES 'C1=C(C(=O)NC(=O)N1)[C@@H]2[C@H]([C@@H]([C@H](O2)COP(=O)([O-])OP(=O)([O-])OC[C@@H]3[C@H]([C@H]([C@@H](O3)N4C=NC5=C(N=CN=C54)N)O)O)O)O)O)N' for input: 'C1=C(C(=O)NC(=O)N1)[C@@H]2[C@H]([C@@H]([C@H](O2)COP(=O)([O-])OP(=O)([O-])OC[C@@H]3[C@H]([C@H]([C@@H](O3)N4C=NC5=C(N=CN=C54)N)O)O)O)O)O)N'

Progress: 9/2000[22:01:09] SMILES Parse Error: extra close parentheses while parsing: C1C=CN(C=C1C(=O)N)[C@H]2[C@@H]([C@@H]([C@H](O2)COP(=O)([O-])OP(=O)([O-])OC[C@@H]3[C@H]([C@H]([C@@H](O3)N4C=NC5=C(N=CN=C54)N)O)O)O)O)O
[22:01:09] SMILES Parse Error: Failed parsing SMILES 'C1C=CN(C=C1C(=O)N)[C@H]2[C@@H]([C@@H]([C@H](O2)COP(=O)([O-])OP(=O)([O-])OC[C@@H]3[C@H]([C@H]([C@@H](O3)N4C=NC5=C(N=CN=C54)N)O)O)O)O)O' for input: 'C1C=CN(C=C1C(=O)N)[C@H]2[C@@H]([C@@H]([C@H](O2)COP(=O)([O-])OP(=O)([O-])OC[C@@H]3[C@H]([C@H]([C@@H](O3)N4C=NC5=C(N=CN=C54)N)O)O)O)O)O'

Progress: 10/2000[22:01:11] SMILES Parse Error: extra close parentheses while parsing: CCC1=C(C2=NC1=CC3=C(C4=C(N3)C(=C5[C@H]([C@@H](C(=CC6=NC(=C2)C(=C6C)C=C)N5)C)CCC(=O)O)C4=N3)O)C)C
[22:01:11] SMILES Parse Error: Failed parsing SMILES 'CCC1=C(C2=NC1=CC3=C(C4=C(N3)C(=C5[C@H]([C@@H](C(=CC6=NC(=C2)C(=C6C)C=C)N5)C)CCC(=O)O)C4=N3)O)C)C' for input: 'CCC1=C(C2=NC1=CC3=C(C4=C(N3)C(=C5[C@H]([C@@H](C(=CC6=NC(=C2)C(=C6C)C=C)N5)C)CCC(=O)O)C4=N3)O)C)C'

Progress: 11/2000[22:01:13] SMILES Parse Error: extra close parentheses while parsing: C1[C@@H]([C@H](O[C@H]1N2C=NC3=C2N=C(NC3=O)N)COP(=O)(O)OP(=O)(O)OC[C@@H]4[C@H]([C@H]([C@@H](O4)N5C=NC6=C5N=C(NC6=O)N)O)O)O)O
[22:01:13] SMILES Parse Error: Failed parsing SMILES 'C1[C@@H]([C@H](O[C@H]1N2C=NC3=C2N=C(NC3=O)N)COP(=O)(O)OP(=O)(O)OC[C@@H]4[C@H]([C@H]([C@@H](O4)N5C=NC6=C5N=C(NC6=O)N)O)O)O)O' for input: 'C1[C@@H]([C@H](O[C@H]1N2C=NC3=C2N=C(NC3=O)N)COP(=O)(O)OP(=O)(O)OC[C@@H]4[C@H]([C@H]([C@@H](O4)N5C=NC6=C5N=C(NC6=O)N)O)O)O)O'

Progress: 12/2000[22:01:15] SMILES Parse Error: extra close parentheses while parsing: C1C=CN(C=C1C(=O)N)[C@H]2[C@@H]([C@@H]([C@H](O2)COP(=O)([O-])OP(=O)([O-])OC[C@@H]3[C@H]([C@H]([C@@H](O3)N4C=NC5=C(N=CN=C54)N)O)O)O)O)O
[22:01:15] SMILES Parse Error: Failed parsing SMILES 'C1C=CN(C=C1C(=O)N)[C@H]2[C@@H]([C@@H]([C@H](O2)COP(=O)([O-])OP(=O)([O-])OC[C@@H]3[C@H]([C@H]([C@@H](O3)N4C=NC5=C(N=CN=C54)N)O)O)O)O)O' for input: 'C1C=CN(C=C1C(=O)N)[C@H]2[C@@H]([C@@H]([C@H](O2)COP(=O)([O-])OP(=O)([O-])OC[C@@H]3[C@H]([C@H]([C@@H](O3)N4C=NC5=C(N=CN=C54)N)O)O)O)O)O'

Progress: 13/2000[22:01:17] SMILES Parse Error: extra close parentheses while parsing: C1=C(C(=O)NC(=O)N1)[C@H]2[C@@H]([C@@H]([C@H](O2)COP(=O)([O-])OP(=O)([O-])OC[C@@H]3[C@H]([C@H]([C@@H](O3)N4C=NC5=C(N=CN=C54)N)O)O)O)O)N
[22:01:17] SMILES Parse Error: Failed parsing SMILES 'C1=C(C(=O)NC(=O)N1)[C@H]2[C@@H]([C@@H]([C@H](O2)COP(=O)([O-])OP(=O)([O-])OC[C@@H]3[C@H]([C@H]([C@@H](O3)N4C=NC5=C(N=CN=C54)N)O)O)O)O)N' for input: 'C1=C(C(=O)NC(=O)N1)[C@H]2[C@@H]([C@@H]([C@H](O2)COP(=O)([O-])OP(=O)([O-])OC[C@@H]3[C@H]([C@H]([C@@H](O3)N4C=NC5=C(N=CN=C54)N)O)O)O)O)N'

Progress: 14/2000[22:01:19] SMILES Parse Error: extra open parentheses for input: 'C1[C@@H]([C@H]([C@@H](O[C@@]1(C(=O)O)OP(=O)(O)OC[C@@H]2[C@H]([C@H]([C@@H](O2)N3C=NC4=C3N=C(NC4=O)N)O)O)[C@@H](C(=O)NCCC(=O)N)O'

Progress: 15/2000[22:01:21] SMILES Parse Error: extra close parentheses while parsing: C1[C@@H]([C@H](O[C@H]1N2C=NC3=C2N=C(NC3=O)N)COP(=O)(O)OP(=O)(O)OC[C@@H]4[C@H]([C@H]([C@@H](O4)N5C=NC6=C5N=C(NC6=O)N)O)O)O)O
[22:01:21] SMILES Parse Error: Failed parsing SMILES 'C1[C@@H]([C@H](O[C@H]1N2C=NC3=C2N=C(NC3=O)N)COP(=O)(O)OP(=O)(O)OC[C@@H]4[C@H]([C@H]([C@@H](O4)N5C=NC6=C5N=C(NC6=O)N)O)O)O)O' for input: 'C1[C@@H]([C@H](O[C@H]1N2C=NC3=C2N=C(NC3=O)N)COP(=O)(O)OP(=O)(O)OC[C@@H]4[C@H]([C@H]([C@@H](O4)N5C=NC6=C5N=C(NC6=O)N)O)O)O)O'

Progress: 16/2000
Progress: 17/2000
Progress: 18/2000
Progress: 19/2000
Progress: 20/2000
Progress: 21/2000
Progress: 22/2000
Progress: 23/2000[22:01:31] SMILES Parse Error: extra close parentheses while parsing: C1=C(C(=O)NC(=O)N1)[C@@H]2[C@H]([C@@H]([C@H](O2)COP(=O)([O-])OP(=O)([O-])OC[C@@H]3[C@H]([C@H]([C@@H](O3)N4C=NC5=C(N=CN=C54)N)O)O)O)O)N
[22:01:31] SMILES Parse Error: Failed parsing SMILES 'C1=C(C(=O)NC(=O)N1)[C@@H]2[C@H]([C@@H]([C@H](O2)COP(=O)([O-])OP(=O)([O-])OC[C@@H]3[C@H]([C@H]([C@@H](O3)N4C=NC5=C(N=CN=C54)N)O)O)O)O)N' for input: 'C1=C(C(=O)NC(=O)N1)[C@@H]2[C@H]([C@@H]([C@H](O2)COP(=O)([O-])OP(=O)([O-])OC[C@@H]3[C@H]([C@H]([C@@H](O3)N4C=NC5=C(N=CN=C54)N)O)O)O)O)N'

Progress: 24/2000
Progress: 25/2000
Progress: 26/2000
Progress: 27/2000[22:01:36] SMILES Parse Error: extra close parentheses while parsing: C1=C(C(=O)NC(=O)N1)[C@@H]2[C@H]([C@@H]([C@H](O2)COP(=O)([O-])OP(=O)([O-])OC[C@@H]3[C@H]([C@H]([C@@H](O3)N4C=NC5=C4N=C(NC5=O)N)O)O)O)O)N
[22:01:36] SMILES Parse Error: Failed parsing SMILES 'C1=C(C(=O)NC(=O)N1)[C@@H]2[C@H]([C@@H]([C@H](O2)COP(=O)([O-])OP(=O)([O-])OC[C@@H]3[C@H]([C@H]([C@@H](O3)N4C=NC5=C4N=C(NC5=O)N)O)O)O)O)N' for input: 'C1=C(C(=O)NC(=O)N1)[C@@H]2[C@H]([C@@H]([C@H](O2)COP(=O)([O-])OP(=O)([O-])OC[C@@H]3[C@H]([C@H]([C@@H](O3)N4C=NC5=C4N=C(NC5=O)N)O)O)O)O)N'

Progress: 28/2000
Progress: 29/2000[22:01:39] SMILES Parse Error: extra open parentheses for input: 'C1C=CN(C=C1C(=O)N)[C@@H]2[C@@H]([C@H]([C@@H]([C@H](O2)COP(=O)([O-])OP(=O)([O-])OC[C@@H]3[C@H]([C@H]([C@@H](O3)N4C=NC5=C(N=CN=C54)N)O)O)O)O'

Progress: 30/2000
Progress: 31/2000
Progress: 32/2000
Progress: 33/2000[22:01:45] SMILES Parse Error: extra close parentheses while parsing: C1C=CN(C(=O)N1)[C@H]2[C@@H]([C@@H]([C@H](O2)COP(=O)([O-])OP(=O)([O-])OC[C@@H]3[C@H]([C@H]([C@@H](O3)N4C=NC5=C(N=CN=C54)N)O)O)O)O)O
[22:01:45] SMILES Parse Error: Failed parsing SMILES 'C1C=CN(C(=O)N1)[C@H]2[C@@H]([C@@H]([C@H](O2)COP(=O)([O-])OP(=O)([O-])OC[C@@H]3[C@H]([C@H]([C@@H](O3)N4C=NC5=C(N=CN=C54)N)O)O)O)O)O' for input: 'C1C=CN(C(=O)N1)[C@H]2[C@@H]([C@@H]([C@H](O2)COP(=O)([O-])OP(=O)([O-])OC[C@@H]3[C@H]([C@H]([C@@H](O3)N4C=NC5=C(N=CN=C54)N)O)O)O)O)O'

Progress: 34/2000[22:01:48] SMILES Parse Error: extra close parentheses while parsing: C[C@@H](C(=O)N[C@@H](CCC(=O)N[C@@H](CCC(=O)N[C@@H](CCC(=O)N[C@@H](CCC(=O)N[C@@H](CCC(=O)N[C@@H](CCC(=O)O)C(=O)O)C(=O)O)C(=O)O)C(=O)O)C(=O)O)C(=O)O)OP(=O)(O)OC[C@@H]2[C@H]([C@H]([C@@H](O2)N3C=NC4=C(N=CN=C43)N)O)O)O)O
[22:01:48] SMILES Parse Error: Failed parsing SMILES 'C[C@@H](C(=O)N[C@@H](CCC(=O)N[C@@H](CCC(=O)N[C@@H](CCC(=O)N[C@@H](CCC(=O)N[C@@H](CCC(=O)N[C@@H](CCC(=O)O)C(=O)O)C(=O)O)C(=O)O)C(=O)O)C(=O)O)C(=O)O)OP(=O)(O)OC[C@@H]2[C@H]([C@H]([C@@H](O2)N3C=NC4=C(N=CN=C43)N)O)O)O)O' for input: 'C[C@@H](C(=O)N[C@@H](CCC(=O)N[C@@H](CCC(=O)N[C@@H](CCC(=O)N[C@@H](CCC(=O)N[C@@H](CCC(=O)N[C@@H](CCC(=O)O)C(=O)O)C(=O)O)C(=O)O)C(=O)O)C(=O)O)C(=O)O)OP(=O)(O)OC[C@@H]2[C@H]([C@H]([C@@H](O2)N3C=NC4=C(N=CN=C43)N)O)O)O)O'

Progress: 35/2000[22:01:50] SMILES Parse Error: extra close parentheses while parsing: C1=C(C(=O)NC(=O)N1)[C@@H]2[C@H]([C@@H]([C@H](O2)COP(=O)([O-])OP(=O)([O-])OC[C@@H]3[C@H]([C@H]([C@@H](O3)N4C=NC5=C(N=CN=C54)N)O)O)O)O)O
[22:01:50] SMILES Parse Error: Failed parsing SMILES 'C1=C(C(=O)NC(=O)N1)[C@@H]2[C@H]([C@@H]([C@H](O2)COP(=O)([O-])OP(=O)([O-])OC[C@@H]3[C@H]([C@H]([C@@H](O3)N4C=NC5=C(N=CN=C54)N)O)O)O)O)O' for input: 'C1=C(C(=O)NC(=O)N1)[C@@H]2[C@H]([C@@H]([C@H](O2)COP(=O)([O-])OP(=O)([O-])OC[C@@H]3[C@H]([C@H]([C@@H](O3)N4C=NC5=C(N=CN=C54)N)O)O)O)O)O'

Progress: 36/2000
Progress: 37/2000[22:01:53] SMILES Parse Error: extra close parentheses while parsing: C1[C@@H]([C@H](O[C@H]1N2C=NC3=C2N=C(NC3=O)N)COP(=O)(O)OP(=O)(O)OC[C@@H]4[C@H]([C@H]([C@@H](O4)N5C=NC6=C5N=C(NC6=O)N)O)O)O)O
[22:01:53] SMILES Parse Error: Failed parsing SMILES 'C1[C@@H]([C@H](O[C@H]1N2C=NC3=C2N=C(NC3=O)N)COP(=O)(O)OP(=O)(O)OC[C@@H]4[C@H]([C@H]([C@@H](O4)N5C=NC6=C5N=C(NC6=O)N)O)O)O)O' for input: 'C1[C@@H]([C@H](O[C@H]1N2C=NC3=C2N=C(NC3=O)N)COP(=O)(O)OP(=O)(O)OC[C@@H]4[C@H]([C@H]([C@@H](O4)N5C=NC6=C5N=C(NC6=O)N)O)O)O)O'

Progress: 38/2000
Progress: 39/2000
Progress: 40/2000[22:01:58] SMILES Parse Error: extra close parentheses while parsing: C1=C(C(=O)NC(=O)N1)[C@H]2[C@@H]([C@@H]([C@H](O2)COP(=O)([O-])OP(=O)([O-])OC[C@@H]3[C@H]([C@H]([C@@H](O3)N4C=NC5=C4N=C(NC5=O)N)O)O)O)O)N
[22:01:58] SMILES Parse Error: Failed parsing SMILES 'C1=C(C(=O)NC(=O)N1)[C@H]2[C@@H]([C@@H]([C@H](O2)COP(=O)([O-])OP(=O)([O-])OC[C@@H]3[C@H]([C@H]([C@@H](O3)N4C=NC5=C4N=C(NC5=O)N)O)O)O)O)N' for input: 'C1=C(C(=O)NC(=O)N1)[C@H]2[C@@H]([C@@H]([C@H](O2)COP(=O)([O-])OP(=O)([O-])OC[C@@H]3[C@H]([C@H]([C@@H](O3)N4C=NC5=C4N=C(NC5=O)N)O)O)O)O)N'

Progress: 41/2000[22:02:00] SMILES Parse Error: extra close parentheses while parsing: C1[C@@H]([C@H](O[C@H]1N2C=NC3=C2N=C(NC3=O)N)COP(=O)(O)OP(=O)(O)OC[C@@H]4[C@H]([C@H]([C@@H](O4)N5C=NC6=C5N=C(NC6=O)N)O)O)O)O
[22:02:00] SMILES Parse Error: Failed parsing SMILES 'C1[C@@H]([C@H](O[C@H]1N2C=NC3=C2N=C(NC3=O)N)COP(=O)(O)OP(=O)(O)OC[C@@H]4[C@H]([C@H]([C@@H](O4)N5C=NC6=C5N=C(NC6=O)N)O)O)O)O' for input: 'C1[C@@H]([C@H](O[C@H]1N2C=NC3=C2N=C(NC3=O)N)COP(=O)(O)OP(=O)(O)OC[C@@H]4[C@H]([C@H]([C@@H](O4)N5C=NC6=C5N=C(NC6=O)N)O)O)O)O'

Progress: 42/2000
Progress: 43/2000[22:02:03] SMILES Parse Error: extra close parentheses while parsing: C1=C(C(=O)NC(=O)N1)[C@@H]2[C@H]([C@@H]([C@H](O2)COP(=O)([O-])OP(=O)([O-])OC[C@@H]3[C@H]([C@H]([C@@H](O3)N4C=NC5=C(N=CN=C54)N)O)O)O)O)O)N
[22:02:03] SMILES Parse Error: Failed parsing SMILES 'C1=C(C(=O)NC(=O)N1)[C@@H]2[C@H]([C@@H]([C@H](O2)COP(=O)([O-])OP(=O)([O-])OC[C@@H]3[C@H]([C@H]([C@@H](O3)N4C=NC5=C(N=CN=C54)N)O)O)O)O)O)N' for input: 'C1=C(C(=O)NC(=O)N1)[C@@H]2[C@H]([C@@H]([C@H](O2)COP(=O)([O-])OP(=O)([O-])OC[C@@H]3[C@H]([C@H]([C@@H](O3)N4C=NC5=C(N=CN=C54)N)O)O)O)O)O)N'

Progress: 44/2000[22:02:05] SMILES Parse Error: extra close parentheses while parsing: C1[C@@H]([C@H](O[C@H]1N2C=NC3=C2N=C(NC3=O)N)COP(=O)(O)OP(=O)(O)OC[C@@H]4[C@H]([C@H]([C@@H](O4)N5C=NC6=C5N=C(NC6=O)N)O)O)O)O
[22:02:05] SMILES Parse Error: Failed parsing SMILES 'C1[C@@H]([C@H](O[C@H]1N2C=NC3=C2N=C(NC3=O)N)COP(=O)(O)OP(=O)(O)OC[C@@H]4[C@H]([C@H]([C@@H](O4)N5C=NC6=C5N=C(NC6=O)N)O)O)O)O' for input: 'C1[C@@H]([C@H](O[C@H]1N2C=NC3=C2N=C(NC3=O)N)COP(=O)(O)OP(=O)(O)OC[C@@H]4[C@H]([C@H]([C@@H](O4)N5C=NC6=C5N=C(NC6=O)N)O)O)O)O'

Progress: 45/2000
Progress: 46/2000
Progress: 47/2000
Progress: 48/2000
Progress: 49/2000[22:02:14] SMILES Parse Error: extra close parentheses while parsing: C1C=CN(C=C1C(=O)N)[C@H]2[C@@H]([C@@H]([C@H](O2)COP(=O)([O-])OP(=O)([O-])OC[C@@H]3[C@H]([C@H]([C@@H](O3)N4C=NC5=C(N=CN=C54)N)O)O)O)O)O
[22:02:14] SMILES Parse Error: Failed parsing SMILES 'C1C=CN(C=C1C(=O)N)[C@H]2[C@@H]([C@@H]([C@H](O2)COP(=O)([O-])OP(=O)([O-])OC[C@@H]3[C@H]([C@H]([C@@H](O3)N4C=NC5=C(N=CN=C54)N)O)O)O)O)O' for input: 'C1C=CN(C=C1C(=O)N)[C@H]2[C@@H]([C@@H]([C@H](O2)COP(=O)([O-])OP(=O)([O-])OC[C@@H]3[C@H]([C@H]([C@@H](O3)N4C=NC5=C(N=CN=C54)N)O)O)O)O)O'

Progress: 50/2000
Progress: 51/2000
Progress: 52/2000
Progress: 53/2000
Progress: 54/2000[22:02:23] SMILES Parse Error: extra close parentheses while parsing: C1C=CN(C=C1C(=O)N)[C@H]2[C@@H]([C@@H]([C@H](O2)COP(=O)(O)OP(=O)(O)OC[C@@H]3[C@H]([C@H]([C@@H](O3)N4C=NC5=C(N=CN=C54)N)O)O)O)O)N
[22:02:23] SMILES Parse Error: Failed parsing SMILES 'C1C=CN(C=C1C(=O)N)[C@H]2[C@@H]([C@@H]([C@H](O2)COP(=O)(O)OP(=O)(O)OC[C@@H]3[C@H]([C@H]([C@@H](O3)N4C=NC5=C(N=CN=C54)N)O)O)O)O)N' for input: 'C1C=CN(C=C1C(=O)N)[C@H]2[C@@H]([C@@H]([C@H](O2)COP(=O)(O)OP(=O)(O)OC[C@@H]3[C@H]([C@H]([C@@H](O3)N4C=NC5=C(N=CN=C54)N)O)O)O)O)N'

Progress: 55/2000[22:02:25] SMILES Parse Error: extra close parentheses while parsing: C1=C(C(=O)NC(=O)N1)[C@H]2[C@@H]([C@@H]([C@H](O2)COP(=O)([O-])OP(=O)([O-])OC[C@@H]3[C@H]([C@H]([C@@H](O3)N4C=NC5=C(N=CN=C54)N)O)O)O)O)C(=O)N
[22:02:25] SMILES Parse Error: Failed parsing SMILES 'C1=C(C(=O)NC(=O)N1)[C@H]2[C@@H]([C@@H]([C@H](O2)COP(=O)([O-])OP(=O)([O-])OC[C@@H]3[C@H]([C@H]([C@@H](O3)N4C=NC5=C(N=CN=C54)N)O)O)O)O)C(=O)N' for input: 'C1=C(C(=O)NC(=O)N1)[C@H]2[C@@H]([C@@H]([C@H](O2)COP(=O)([O-])OP(=O)([O-])OC[C@@H]3[C@H]([C@H]([C@@H](O3)N4C=NC5=C(N=CN=C54)N)O)O)O)O)C(=O)N'

Progress: 56/2000[22:02:26] SMILES Parse Error: extra close parentheses while parsing: CCC1=C(C2=NC1=CC3=C(C4=C(N3)C(=C5[C@H]([C@@H](C(=CC6=NC(=C2)C(=C6C)C=C)N5)C)CCC(=O)O)C4=N3)O)C)C
[22:02:26] SMILES Parse Error: Failed parsing SMILES 'CCC1=C(C2=NC1=CC3=C(C4=C(N3)C(=C5[C@H]([C@@H](C(=CC6=NC(=C2)C(=C6C)C=C)N5)C)CCC(=O)O)C4=N3)O)C)C' for input: 'CCC1=C(C2=NC1=CC3=C(C4=C(N3)C(=C5[C@H]([C@@H](C(=CC6=NC(=C2)C(=C6C)C=C)N5)C)CCC(=O)O)C4=N3)O)C)C'

Progress: 57/2000
Progress: 58/2000
Progress: 59/2000
Progress: 60/2000
Progress: 61/2000[22:02:38] SMILES Parse Error: extra close parentheses while parsing: C1[C@@H]([C@H]([C@@H](O[C@]1(C(=O)O)O)[C@@H](CO)O)O)OP(=O)(O)OP(=O)(O)OC[C@@H]2[C@H]([C@H]([C@@H](O2)N3C=NC4=C3N=C(NC4=O)N)O)O)O.C1[C@@H]([C@H]([C@@H](O1)N2C=NC3=C(N=CN=C32)N)O)OP(=O)(O)OC[C@@H]4[C@H]([C@H]([C@@H](O4)N5C=NC6=C5N=C(NC6=O)N)O
[22:02:38] SMILES Parse Error: Failed parsing SMILES 'C1[C@@H]([C@H]([C@@H](O[C@]1(C(=O)O)O)[C@@H](CO)O)O)OP(=O)(O)OP(=O)(O)OC[C@@H]2[C@H]([C@H]([C@@H](O2)N3C=NC4=C3N=C(NC4=O)N)O)O)O.C1[C@@H]([C@H]([C@@H](O1)N2C=NC3=C(N=CN=C32)N)O)OP(=O)(O)OC[C@@H]4[C@H]([C@H]([C@@H](O4)N5C=NC6=C5N=C(NC6=O)N)O' for input: 'C1[C@@H]([C@H]([C@@H](O[C@]1(C(=O)O)O)[C@@H](CO)O)O)OP(=O)(O)OP(=O)(O)OC[C@@H]2[C@H]([C@H]([C@@H](O2)N3C=NC4=C3N=C(NC4=O)N)O)O)O.C1[C@@H]([C@H]([C@@H](O1)N2C=NC3=C(N=CN=C32)N)O)OP(=O)(O)OC[C@@H]4[C@H]([C@H]([C@@H](O4)N5C=NC6=C5N=C(NC6=O)N)O'

Progress: 62/2000
Progress: 63/2000
Progress: 64/2000
Progress: 65/2000
Progress: 66/2000
Progress: 67/2000
Progress: 68/2000[22:02:49] SMILES Parse Error: extra close parentheses while parsing: C1[C@@H]([C@H](O[C@H]1N2C=NC3=C2N=C(NC3=O)N)COP(=O)(O)OP(=O)(O)OC[C@@H]4[C@H]([C@H]([C@@H](O4)N5C=NC6=C5N=C(NC6=O)N)O)O)O)O
[22:02:49] SMILES Parse Error: Failed parsing SMILES 'C1[C@@H]([C@H](O[C@H]1N2C=NC3=C2N=C(NC3=O)N)COP(=O)(O)OP(=O)(O)OC[C@@H]4[C@H]([C@H]([C@@H](O4)N5C=NC6=C5N=C(NC6=O)N)O)O)O)O' for input: 'C1[C@@H]([C@H](O[C@H]1N2C=NC3=C2N=C(NC3=O)N)COP(=O)(O)OP(=O)(O)OC[C@@H]4[C@H]([C@H]([C@@H](O4)N5C=NC6=C5N=C(NC6=O)N)O)O)O)O'

Progress: 69/2000[22:02:51] SMILES Parse Error: extra close parentheses while parsing: C1C=CN(C=C1C(=O)N)[C@H]2[C@@H]([C@@H]([C@H](O2)COP(=O)([O-])OP(=O)([O-])OC[C@@H]3[C@H]([C@H]([C@@H](O3)N4C=NC5=C(N=CN=C54)N)O)O)O)O)O
[22:02:51] SMILES Parse Error: Failed parsing SMILES 'C1C=CN(C=C1C(=O)N)[C@H]2[C@@H]([C@@H]([C@H](O2)COP(=O)([O-])OP(=O)([O-])OC[C@@H]3[C@H]([C@H]([C@@H](O3)N4C=NC5=C(N=CN=C54)N)O)O)O)O)O' for input: 'C1C=CN(C=C1C(=O)N)[C@H]2[C@@H]([C@@H]([C@H](O2)COP(=O)([O-])OP(=O)([O-])OC[C@@H]3[C@H]([C@H]([C@@H](O3)N4C=NC5=C(N=CN=C54)N)O)O)O)O)O'

Progress: 70/2000[22:02:53] SMILES Parse Error: extra close parentheses while parsing: C1=C(C(=O)NC(=O)N1)[C@@H]2[C@H]([C@@H]([C@H](O2)COP(=O)([O-])OP(=O)([O-])OC[C@@H]3[C@H]([C@H]([C@@H](O3)N4C=NC5=C(N=CN=C54)N)O)O)O)O)O)N
[22:02:53] SMILES Parse Error: Failed parsing SMILES 'C1=C(C(=O)NC(=O)N1)[C@@H]2[C@H]([C@@H]([C@H](O2)COP(=O)([O-])OP(=O)([O-])OC[C@@H]3[C@H]([C@H]([C@@H](O3)N4C=NC5=C(N=CN=C54)N)O)O)O)O)O)N' for input: 'C1=C(C(=O)NC(=O)N1)[C@@H]2[C@H]([C@@H]([C@H](O2)COP(=O)([O-])OP(=O)([O-])OC[C@@H]3[C@H]([C@H]([C@@H](O3)N4C=NC5=C(N=CN=C54)N)O)O)O)O)O)N'

Progress: 71/2000
Progress: 72/2000
Progress: 73/2000
Progress: 74/2000
Progress: 75/2000
Progress: 76/2000[22:03:03] SMILES Parse Error: extra close parentheses while parsing: C1=C(C(=O)NC(=O)N1[C@H]2[C@@H]([C@@H]([C@H](O2)COP(=O)([O-])OP(=O)([O-])OC[C@@H]3[C@H]([C@H]([C@@H](O3)N4C=NC5=C(N=CN=C54)N)O)O)O)O)O)N
[22:03:03] SMILES Parse Error: Failed parsing SMILES 'C1=C(C(=O)NC(=O)N1[C@H]2[C@@H]([C@@H]([C@H](O2)COP(=O)([O-])OP(=O)([O-])OC[C@@H]3[C@H]([C@H]([C@@H](O3)N4C=NC5=C(N=CN=C54)N)O)O)O)O)O)N' for input: 'C1=C(C(=O)NC(=O)N1[C@H]2[C@@H]([C@@H]([C@H](O2)COP(=O)([O-])OP(=O)([O-])OC[C@@H]3[C@H]([C@H]([C@@H](O3)N4C=NC5=C(N=CN=C54)N)O)O)O)O)O)N'

Progress: 77/2000[22:03:05] SMILES Parse Error: extra open parentheses for input: 'CC1=C(C2=CC3=NC(=CC4=C(C(=C(N4)C=C5C(=C(C(=N5)C=C1N2)C)C=C)C)CCC(=O)O)CCC(=O)O'

Progress: 78/2000
Progress: 79/2000
Progress: 80/2000
Progress: 81/2000
Progress: 82/2000
Progress: 83/2000
Progress: 84/2000
Progress: 85/2000
Progress: 86/2000
Progress: 87/2000[22:03:17] SMILES Parse Error: extra close parentheses while parsing: C1C=CN(C=C1C(=O)N)[C@H]2[C@@H]([C@@H]([C@H](O2)COP(=O)([O-])OP(=O)([O-])OC[C@@H]3[C@H]([C@H]([C@@H](O3)N4C=NC5=C(N=CN=C54)N)O)O)O)O)O
[22:03:17] SMILES Parse Error: Failed parsing SMILES 'C1C=CN(C=C1C(=O)N)[C@H]2[C@@H]([C@@H]([C@H](O2)COP(=O)([O-])OP(=O)([O-])OC[C@@H]3[C@H]([C@H]([C@@H](O3)N4C=NC5=C(N=CN=C54)N)O)O)O)O)O' for input: 'C1C=CN(C=C1C(=O)N)[C@H]2[C@@H]([C@@H]([C@H](O2)COP(=O)([O-])OP(=O)([O-])OC[C@@H]3[C@H]([C@H]([C@@H](O3)N4C=NC5=C(N=CN=C54)N)O)O)O)O)O'

Progress: 88/2000[22:03:18] SMILES Parse Error: extra close parentheses while parsing: CCC1=C(C2=NC1=CC3=C(C4=C(N3)C(=C5[C@H]([C@@H](C(=CC6=NC(=C2)C(=C6C)C=C)N5)C)CCC(=O)O)C4=N3)O)C)C
[22:03:18] SMILES Parse Error: Failed parsing SMILES 'CCC1=C(C2=NC1=CC3=C(C4=C(N3)C(=C5[C@H]([C@@H](C(=CC6=NC(=C2)C(=C6C)C=C)N5)C)CCC(=O)O)C4=N3)O)C)C' for input: 'CCC1=C(C2=NC1=CC3=C(C4=C(N3)C(=C5[C@H]([C@@H](C(=CC6=NC(=C2)C(=C6C)C=C)N5)C)CCC(=O)O)C4=N3)O)C)C'

Progress: 89/2000[22:03:20] SMILES Parse Error: extra close parentheses while parsing: C1C=CN(C(=O)N1)[C@H]2[C@@H]([C@@H]([C@H](O2)COP(=O)([O-])OP(=O)([O-])OC[C@@H]3[C@H]([C@H]([C@@H](O3)N4C=NC5=C(N=CN=C54)N)O)O)O)O)O
[22:03:20] SMILES Parse Error: Failed parsing SMILES 'C1C=CN(C(=O)N1)[C@H]2[C@@H]([C@@H]([C@H](O2)COP(=O)([O-])OP(=O)([O-])OC[C@@H]3[C@H]([C@H]([C@@H](O3)N4C=NC5=C(N=CN=C54)N)O)O)O)O)O' for input: 'C1C=CN(C(=O)N1)[C@H]2[C@@H]([C@@H]([C@H](O2)COP(=O)([O-])OP(=O)([O-])OC[C@@H]3[C@H]([C@H]([C@@H](O3)N4C=NC5=C(N=CN=C54)N)O)O)O)O)O'

Progress: 90/2000[22:03:22] SMILES Parse Error: extra close parentheses while parsing: C1=C(C(=O)NC(=O)N1)[C@H]2[C@@H]([C@@H]([C@H](O2)COP(=O)([O-])OP(=O)([O-])OC[C@@H]3[C@H]([C@H]([C@@H](O3)N4C=NC5=C4N=C(NC5=O)N)O)O)O)O)N
[22:03:22] SMILES Parse Error: Failed parsing SMILES 'C1=C(C(=O)NC(=O)N1)[C@H]2[C@@H]([C@@H]([C@H](O2)COP(=O)([O-])OP(=O)([O-])OC[C@@H]3[C@H]([C@H]([C@@H](O3)N4C=NC5=C4N=C(NC5=O)N)O)O)O)O)N' for input: 'C1=C(C(=O)NC(=O)N1)[C@H]2[C@@H]([C@@H]([C@H](O2)COP(=O)([O-])OP(=O)([O-])OC[C@@H]3[C@H]([C@H]([C@@H](O3)N4C=NC5=C4N=C(NC5=O)N)O)O)O)O)N'

Progress: 91/2000[22:03:24] SMILES Parse Error: extra close parentheses while parsing: C1[C@@H]([C@H](O[C@H]1N2C=NC3=C2N=C(NC3=O)N)COP(=O)(O)OP(=O)(O)OC[C@@H]4[C@H]([C@H]([C@@H](O4)N5C=NC6=C(N=CN=C65)N)O)O)O)O
[22:03:24] SMILES Parse Error: Failed parsing SMILES 'C1[C@@H]([C@H](O[C@H]1N2C=NC3=C2N=C(NC3=O)N)COP(=O)(O)OP(=O)(O)OC[C@@H]4[C@H]([C@H]([C@@H](O4)N5C=NC6=C(N=CN=C65)N)O)O)O)O' for input: 'C1[C@@H]([C@H](O[C@H]1N2C=NC3=C2N=C(NC3=O)N)COP(=O)(O)OP(=O)(O)OC[C@@H]4[C@H]([C@H]([C@@H](O4)N5C=NC6=C(N=CN=C65)N)O)O)O)O'

Progress: 92/2000[22:03:26] SMILES Parse Error: extra close parentheses while parsing: C1=C(C(=O)NC(=O)N1)[C@@H]2[C@H]([C@@H]([C@H](O2)COP(=O)(O)OP(=O)(O)OC[C@@H]3[C@H]([C@H]([C@@H](O3)N4C=NC5=C(N=CN=C54)N)O)O)O)O)O
[22:03:26] SMILES Parse Error: Failed parsing SMILES 'C1=C(C(=O)NC(=O)N1)[C@@H]2[C@H]([C@@H]([C@H](O2)COP(=O)(O)OP(=O)(O)OC[C@@H]3[C@H]([C@H]([C@@H](O3)N4C=NC5=C(N=CN=C54)N)O)O)O)O)O' for input: 'C1=C(C(=O)NC(=O)N1)[C@@H]2[C@H]([C@@H]([C@H](O2)COP(=O)(O)OP(=O)(O)OC[C@@H]3[C@H]([C@H]([C@@H](O3)N4C=NC5=C(N=CN=C54)N)O)O)O)O)O'

Progress: 93/2000[22:03:28] SMILES Parse Error: extra close parentheses while parsing: C1[C@@H]([C@H](O[C@H]1N2C=NC3=C2N=C(NC3=O)N)COP(=O)(O)OP(=O)(O)OC[C@@H]4[C@H]([C@H]([C@@H](O4)N5C=NC6=C5N=C(NC6=O)N)O)O)O)O
[22:03:28] SMILES Parse Error: Failed parsing SMILES 'C1[C@@H]([C@H](O[C@H]1N2C=NC3=C2N=C(NC3=O)N)COP(=O)(O)OP(=O)(O)OC[C@@H]4[C@H]([C@H]([C@@H](O4)N5C=NC6=C5N=C(NC6=O)N)O)O)O)O' for input: 'C1[C@@H]([C@H](O[C@H]1N2C=NC3=C2N=C(NC3=O)N)COP(=O)(O)OP(=O)(O)OC[C@@H]4[C@H]([C@H]([C@@H](O4)N5C=NC6=C5N=C(NC6=O)N)O)O)O)O'

Progress: 94/2000[22:03:30] SMILES Parse Error: extra close parentheses while parsing: C1[C@@H]([C@H](O[C@H]1N2C=NC3=C2N=C(NC3=O)N)COP(=O)(O)OP(=O)(O)OC[C@@H]4[C@H]([C@H]([C@@H](O4)N5C=NC6=C(N=CN=C65)N)O)O)O)O
[22:03:30] SMILES Parse Error: Failed parsing SMILES 'C1[C@@H]([C@H](O[C@H]1N2C=NC3=C2N=C(NC3=O)N)COP(=O)(O)OP(=O)(O)OC[C@@H]4[C@H]([C@H]([C@@H](O4)N5C=NC6=C(N=CN=C65)N)O)O)O)O' for input: 'C1[C@@H]([C@H](O[C@H]1N2C=NC3=C2N=C(NC3=O)N)COP(=O)(O)OP(=O)(O)OC[C@@H]4[C@H]([C@H]([C@@H](O4)N5C=NC6=C(N=CN=C65)N)O)O)O)O'

Progress: 95/2000[22:03:32] SMILES Parse Error: extra close parentheses while parsing: C1=C(C(=O)NC(=O)N1)[C@H]2[C@@H]([C@@H]([C@H](O2)COP(=O)([O-])OP(=O)([O-])OC[C@@H]3[C@H]([C@H]([C@@H](O3)N4C=NC5=C(N=CN=C54)N)O)O)O)O)N
[22:03:32] SMILES Parse Error: Failed parsing SMILES 'C1=C(C(=O)NC(=O)N1)[C@H]2[C@@H]([C@@H]([C@H](O2)COP(=O)([O-])OP(=O)([O-])OC[C@@H]3[C@H]([C@H]([C@@H](O3)N4C=NC5=C(N=CN=C54)N)O)O)O)O)N' for input: 'C1=C(C(=O)NC(=O)N1)[C@H]2[C@@H]([C@@H]([C@H](O2)COP(=O)([O-])OP(=O)([O-])OC[C@@H]3[C@H]([C@H]([C@@H](O3)N4C=NC5=C(N=CN=C54)N)O)O)O)O)N'

Progress: 96/2000
Progress: 97/2000[22:03:35] SMILES Parse Error: extra close parentheses while parsing: C1C=CN(C=C1C(=O)N)[C@H]2[C@@H]([C@@H]([C@H](O2)COP(=O)([O-])OP(=O)([O-])OC[C@@H]3[C@H]([C@H]([C@@H](O3)N4C=NC5=C(N=CN=C54)N)O)O)O)O)O
[22:03:35] SMILES Parse Error: Failed parsing SMILES 'C1C=CN(C=C1C(=O)N)[C@H]2[C@@H]([C@@H]([C@H](O2)COP(=O)([O-])OP(=O)([O-])OC[C@@H]3[C@H]([C@H]([C@@H](O3)N4C=NC5=C(N=CN=C54)N)O)O)O)O)O' for input: 'C1C=CN(C=C1C(=O)N)[C@H]2[C@@H]([C@@H]([C@H](O2)COP(=O)([O-])OP(=O)([O-])OC[C@@H]3[C@H]([C@H]([C@@H](O3)N4C=NC5=C(N=CN=C54)N)O)O)O)O)O'

Progress: 98/2000[22:03:37] SMILES Parse Error: extra close parentheses while parsing: C1C=CN(C=C1C(=O)N)[C@H]2[C@@H]([C@@H]([C@H](O2)COP(=O)([O-])OP(=O)([O-])OC[C@@H]3[C@H]([C@H]([C@@H](O3)N4C=NC5=C(N=CN=C54)N)O)O)O)O)O
[22:03:37] SMILES Parse Error: Failed parsing SMILES 'C1C=CN(C=C1C(=O)N)[C@H]2[C@@H]([C@@H]([C@H](O2)COP(=O)([O-])OP(=O)([O-])OC[C@@H]3[C@H]([C@H]([C@@H](O3)N4C=NC5=C(N=CN=C54)N)O)O)O)O)O' for input: 'C1C=CN(C=C1C(=O)N)[C@H]2[C@@H]([C@@H]([C@H](O2)COP(=O)([O-])OP(=O)([O-])OC[C@@H]3[C@H]([C@H]([C@@H](O3)N4C=NC5=C(N=CN=C54)N)O)O)O)O)O'

Progress: 99/2000
Progress: 100/2000[22:03:44] SMILES Parse Error: extra close parentheses while parsing: C1[C@@H]([C@H]([C@@H](O[C@]1(C(=O)O)O)[C@@H](CO)O)O)OP(=O)(O)OP(=O)(O)OC[C@@H]2[C@H]([C@H]([C@@H](O2)N3C=NC4=C3N=C(NC4=O)N)O)O)O.C1[C@@H]([C@H]([C@@H](O1)N2C=NC3=C(N=CN=C32)N)O)OP(=O)(O)OC[C@@H]4[C@H]([C@H]([C@@H](O4)N5C=NC6=C5N=C(NC6=O)N)O)O)O
[22:03:44] SMILES Parse Error: Failed parsing SMILES 'C1[C@@H]([C@H]([C@@H](O[C@]1(C(=O)O)O)[C@@H](CO)O)O)OP(=O)(O)OP(=O)(O)OC[C@@H]2[C@H]([C@H]([C@@H](O2)N3C=NC4=C3N=C(NC4=O)N)O)O)O.C1[C@@H]([C@H]([C@@H](O1)N2C=NC3=C(N=CN=C32)N)O)OP(=O)(O)OC[C@@H]4[C@H]([C@H]([C@@H](O4)N5C=NC6=C5N=C(NC6=O)N)O)O)O' for input: 'C1[C@@H]([C@H]([C@@H](O[C@]1(C(=O)O)O)[C@@H](CO)O)O)OP(=O)(O)OP(=O)(O)OC[C@@H]2[C@H]([C@H]([C@@H](O2)N3C=NC4=C3N=C(NC4=O)N)O)O)O.C1[C@@H]([C@H]([C@@H](O1)N2C=NC3=C(N=CN=C32)N)O)OP(=O)(O)OC[C@@H]4[C@H]([C@H]([C@@H](O4)N5C=NC6=C5N=C(NC6=O)N)O)O)O'

Progress: 101/2000
Progress: 102/2000
Progress: 103/2000
Progress: 104/2000
Progress: 105/2000
Progress: 106/2000
Progress: 107/2000
Progress: 108/2000
Progress: 109/2000
Progress: 110/2000[22:03:58] SMILES Parse Error: extra close parentheses while parsing: C1=C(C(=O)NC(=O)N1)[C@@H]2[C@H]([C@@H]([C@H](O2)COP(=O)([O-])OP(=O)([O-])OC[C@@H]3[C@H]([C@H]([C@@H](O3)N4C=NC5=C(N=CN=C54)N)O)O)O)O)N
[22:03:58] SMILES Parse Error: Failed parsing SMILES 'C1=C(C(=O)NC(=O)N1)[C@@H]2[C@H]([C@@H]([C@H](O2)COP(=O)([O-])OP(=O)([O-])OC[C@@H]3[C@H]([C@H]([C@@H](O3)N4C=NC5=C(N=CN=C54)N)O)O)O)O)N' for input: 'C1=C(C(=O)NC(=O)N1)[C@@H]2[C@H]([C@@H]([C@H](O2)COP(=O)([O-])OP(=O)([O-])OC[C@@H]3[C@H]([C@H]([C@@H](O3)N4C=NC5=C(N=CN=C54)N)O)O)O)O)N'

Progress: 111/2000
Progress: 112/2000
Progress: 113/2000
Progress: 114/2000
Progress: 115/2000
Progress: 116/2000[22:04:06] SMILES Parse Error: extra close parentheses while parsing: C1C=CN(C=C1C(=O)N)[C@H]2[C@@H]([C@@H]([C@H](O2)COP(=O)(O)OP(=O)(O)OC[C@@H]3[C@H]([C@H]([C@@H](O3)N4C=NC5=C(N=CN=C54)N)O)O)O)O)N
[22:04:06] SMILES Parse Error: Failed parsing SMILES 'C1C=CN(C=C1C(=O)N)[C@H]2[C@@H]([C@@H]([C@H](O2)COP(=O)(O)OP(=O)(O)OC[C@@H]3[C@H]([C@H]([C@@H](O3)N4C=NC5=C(N=CN=C54)N)O)O)O)O)N' for input: 'C1C=CN(C=C1C(=O)N)[C@H]2[C@@H]([C@@H]([C@H](O2)COP(=O)(O)OP(=O)(O)OC[C@@H]3[C@H]([C@H]([C@@H](O3)N4C=NC5=C(N=CN=C54)N)O)O)O)O)N'

Progress: 117/2000
Progress: 118/2000[22:04:09] SMILES Parse Error: extra close parentheses while parsing: C1[C@@H]([C@H](O[C@H]1N2C=NC3=C2N=C(NC3=O)N)COP(=O)(O)OP(=O)(O)OC[C@@H]4[C@H]([C@H]([C@@H](O4)N5C=NC6=C5N=C(NC6=O)N)O)O)O)O
[22:04:09] SMILES Parse Error: Failed parsing SMILES 'C1[C@@H]([C@H](O[C@H]1N2C=NC3=C2N=C(NC3=O)N)COP(=O)(O)OP(=O)(O)OC[C@@H]4[C@H]([C@H]([C@@H](O4)N5C=NC6=C5N=C(NC6=O)N)O)O)O)O' for input: 'C1[C@@H]([C@H](O[C@H]1N2C=NC3=C2N=C(NC3=O)N)COP(=O)(O)OP(=O)(O)OC[C@@H]4[C@H]([C@H]([C@@H](O4)N5C=NC6=C5N=C(NC6=O)N)O)O)O)O'

Progress: 119/2000[22:04:11] SMILES Parse Error: extra close parentheses while parsing: C1=C(C(=O)NC(=O)N1)[C@@H]2[C@H]([C@@H]([C@H](O2)COP(=O)([O-])OP(=O)([O-])OC[C@@H]3[C@H]([C@H]([C@@H](O3)N4C=NC5=C(N=CN=C54)N)O)O)O)O)O.C1=NC2=C(C(=O)NC2=O)C3=CC=C(C=C3)O)O
[22:04:11] SMILES Parse Error: Failed parsing SMILES 'C1=C(C(=O)NC(=O)N1)[C@@H]2[C@H]([C@@H]([C@H](O2)COP(=O)([O-])OP(=O)([O-])OC[C@@H]3[C@H]([C@H]([C@@H](O3)N4C=NC5=C(N=CN=C54)N)O)O)O)O)O.C1=NC2=C(C(=O)NC2=O)C3=CC=C(C=C3)O)O' for input: 'C1=C(C(=O)NC(=O)N1)[C@@H]2[C@H]([C@@H]([C@H](O2)COP(=O)([O-])OP(=O)([O-])OC[C@@H]3[C@H]([C@H]([C@@H](O3)N4C=NC5=C(N=CN=C54)N)O)O)O)O)O.C1=NC2=C(C(=O)NC2=O)C3=CC=C(C=C3)O)O'

Progress: 120/2000[22:04:13] SMILES Parse Error: extra close parentheses while parsing: C1=C(C(=O)NC(=O)N1)[C@H]2[C@@H]([C@@H]([C@H](O2)COP(=O)([O-])OP(=O)([O-])OC[C@@H]3[C@H]([C@H]([C@@H](O3)N4C=NC5=C(N=CN=C54)N)O)O)O)O)O
[22:04:13] SMILES Parse Error: Failed parsing SMILES 'C1=C(C(=O)NC(=O)N1)[C@H]2[C@@H]([C@@H]([C@H](O2)COP(=O)([O-])OP(=O)([O-])OC[C@@H]3[C@H]([C@H]([C@@H](O3)N4C=NC5=C(N=CN=C54)N)O)O)O)O)O' for input: 'C1=C(C(=O)NC(=O)N1)[C@H]2[C@@H]([C@@H]([C@H](O2)COP(=O)([O-])OP(=O)([O-])OC[C@@H]3[C@H]([C@H]([C@@H](O3)N4C=NC5=C(N=CN=C54)N)O)O)O)O)O'

Progress: 121/2000
Progress: 122/2000[22:04:18] SMILES Parse Error: extra close parentheses while parsing: C1=C(C(=O)NC(=O)N1[C@H]2[C@@H]([C@@H]([C@H](O2)COP(=O)([O-])OP(=O)([O-])OC[C@@H]3[C@H]([C@H]([C@@H](O3)N4C=NC5=C(N=CN=C54)N)O)O)O)O)O)N
[22:04:18] SMILES Parse Error: Failed parsing SMILES 'C1=C(C(=O)NC(=O)N1[C@H]2[C@@H]([C@@H]([C@H](O2)COP(=O)([O-])OP(=O)([O-])OC[C@@H]3[C@H]([C@H]([C@@H](O3)N4C=NC5=C(N=CN=C54)N)O)O)O)O)O)N' for input: 'C1=C(C(=O)NC(=O)N1[C@H]2[C@@H]([C@@H]([C@H](O2)COP(=O)([O-])OP(=O)([O-])OC[C@@H]3[C@H]([C@H]([C@@H](O3)N4C=NC5=C(N=CN=C54)N)O)O)O)O)O)N'

Progress: 123/2000
Progress: 124/2000[22:04:22] SMILES Parse Error: extra close parentheses while parsing: C1C=CN(C=C1C(=O)N)[C@H]2[C@@H]([C@@H]([C@H](O2)COP(=O)(O)OP(=O)(O)OC[C@@H]3[C@H]([C@H]([C@@H](O3)N4C=NC5=C(N=CN=C54)N)O)O)O)O)N
[22:04:22] SMILES Parse Error: Failed parsing SMILES 'C1C=CN(C=C1C(=O)N)[C@H]2[C@@H]([C@@H]([C@H](O2)COP(=O)(O)OP(=O)(O)OC[C@@H]3[C@H]([C@H]([C@@H](O3)N4C=NC5=C(N=CN=C54)N)O)O)O)O)N' for input: 'C1C=CN(C=C1C(=O)N)[C@H]2[C@@H]([C@@H]([C@H](O2)COP(=O)(O)OP(=O)(O)OC[C@@H]3[C@H]([C@H]([C@@H](O3)N4C=NC5=C(N=CN=C54)N)O)O)O)O)N'

Progress: 125/2000
Progress: 126/2000[22:04:26] SMILES Parse Error: extra close parentheses while parsing: C1C=CN(C=C1C(=O)N)[C@H]2[C@@H]([C@@H]([C@H](O2)COP(=O)(O)OP(=O)(O)OC[C@@H]3[C@H]([C@H]([C@@H](O3)N4C=NC5=C(N=CN=C54)N)O)O)O)O)N
[22:04:26] SMILES Parse Error: Failed parsing SMILES 'C1C=CN(C=C1C(=O)N)[C@H]2[C@@H]([C@@H]([C@H](O2)COP(=O)(O)OP(=O)(O)OC[C@@H]3[C@H]([C@H]([C@@H](O3)N4C=NC5=C(N=CN=C54)N)O)O)O)O)N' for input: 'C1C=CN(C=C1C(=O)N)[C@H]2[C@@H]([C@@H]([C@H](O2)COP(=O)(O)OP(=O)(O)OC[C@@H]3[C@H]([C@H]([C@@H](O3)N4C=NC5=C(N=CN=C54)N)O)O)O)O)N'

Progress: 127/2000[22:04:27] SMILES Parse Error: extra open parentheses for input: 'CC1=C(C2=CC3=NC(=CC4=C(C(=C(N4)C=C5C(=C(C(=N5)C=C1N2)C)C=C)C)CCC(=O)O)CCC(=O)O'

Progress: 128/2000
Progress: 129/2000[22:04:30] SMILES Parse Error: extra close parentheses while parsing: C1C=CN(C(=O)N1)[C@H]2[C@@H]([C@@H]([C@H](O2)COP(=O)([O-])OP(=O)([O-])OC[C@@H]3[C@H]([C@H]([C@@H](O3)N4C=NC5=C(N=CN=C54)N)O)O)O)O)O
[22:04:30] SMILES Parse Error: Failed parsing SMILES 'C1C=CN(C(=O)N1)[C@H]2[C@@H]([C@@H]([C@H](O2)COP(=O)([O-])OP(=O)([O-])OC[C@@H]3[C@H]([C@H]([C@@H](O3)N4C=NC5=C(N=CN=C54)N)O)O)O)O)O' for input: 'C1C=CN(C(=O)N1)[C@H]2[C@@H]([C@@H]([C@H](O2)COP(=O)([O-])OP(=O)([O-])OC[C@@H]3[C@H]([C@H]([C@@H](O3)N4C=NC5=C(N=CN=C54)N)O)O)O)O)O'

Progress: 130/2000[22:04:31] SMILES Parse Error: extra close parentheses while parsing: C1=C(C(=O)NC(=O)N1[C@H]2[C@@H]([C@@H]([C@H](O2)COP(=O)([O-])OP(=O)([O-])OC[C@@H]3[C@H]([C@H]([C@@H](O3)N4C=NC5=C(N=CN=C54)N)O)O)O)O)O)N
[22:04:31] SMILES Parse Error: Failed parsing SMILES 'C1=C(C(=O)NC(=O)N1[C@H]2[C@@H]([C@@H]([C@H](O2)COP(=O)([O-])OP(=O)([O-])OC[C@@H]3[C@H]([C@H]([C@@H](O3)N4C=NC5=C(N=CN=C54)N)O)O)O)O)O)N' for input: 'C1=C(C(=O)NC(=O)N1[C@H]2[C@@H]([C@@H]([C@H](O2)COP(=O)([O-])OP(=O)([O-])OC[C@@H]3[C@H]([C@H]([C@@H](O3)N4C=NC5=C(N=CN=C54)N)O)O)O)O)O)N'

Progress: 131/2000
Progress: 132/2000
Progress: 133/2000[22:04:36] SMILES Parse Error: extra close parentheses while parsing: C1[C@@H]([C@H](O[C@H]1N2C=NC3=C2N=C(NC3=O)N)COP(=O)(O)OP(=O)(O)OC[C@@H]4[C@H]([C@H]([C@@H](O4)N5C=NC6=C(N=CN=C65)N)O)OP(=O)(O)O)O)O
[22:04:36] SMILES Parse Error: Failed parsing SMILES 'C1[C@@H]([C@H](O[C@H]1N2C=NC3=C2N=C(NC3=O)N)COP(=O)(O)OP(=O)(O)OC[C@@H]4[C@H]([C@H]([C@@H](O4)N5C=NC6=C(N=CN=C65)N)O)OP(=O)(O)O)O)O' for input: 'C1[C@@H]([C@H](O[C@H]1N2C=NC3=C2N=C(NC3=O)N)COP(=O)(O)OP(=O)(O)OC[C@@H]4[C@H]([C@H]([C@@H](O4)N5C=NC6=C(N=CN=C65)N)O)OP(=O)(O)O)O)O'

Progress: 134/2000
Progress: 135/2000[22:04:41] SMILES Parse Error: extra close parentheses while parsing: C1C=CN(C=C1C(=O)N)[C@H]2[C@@H]([C@@H]([C@H](O2)COP(=O)(O)OP(=O)(O)OC[C@@H]3[C@H]([C@H]([C@@H](O3)N4C=NC5=C(N=CN=C54)N)O)O)O)O)N
[22:04:41] SMILES Parse Error: Failed parsing SMILES 'C1C=CN(C=C1C(=O)N)[C@H]2[C@@H]([C@@H]([C@H](O2)COP(=O)(O)OP(=O)(O)OC[C@@H]3[C@H]([C@H]([C@@H](O3)N4C=NC5=C(N=CN=C54)N)O)O)O)O)N' for input: 'C1C=CN(C=C1C(=O)N)[C@H]2[C@@H]([C@@H]([C@H](O2)COP(=O)(O)OP(=O)(O)OC[C@@H]3[C@H]([C@H]([C@@H](O3)N4C=NC5=C(N=CN=C54)N)O)O)O)O)N'

Progress: 136/2000
Progress: 137/2000[22:04:44] SMILES Parse Error: extra close parentheses while parsing: C1=C(C(=O)NC(=O)N1)[C@H]2[C@@H]([C@@H]([C@H](O2)COP(=O)([O-])OP(=O)([O-])OC[C@@H]3[C@H]([C@H]([C@@H](O3)N4C=NC5=C(N=CN=C54)N)O)O)O)O)N
[22:04:44] SMILES Parse Error: Failed parsing SMILES 'C1=C(C(=O)NC(=O)N1)[C@H]2[C@@H]([C@@H]([C@H](O2)COP(=O)([O-])OP(=O)([O-])OC[C@@H]3[C@H]([C@H]([C@@H](O3)N4C=NC5=C(N=CN=C54)N)O)O)O)O)N' for input: 'C1=C(C(=O)NC(=O)N1)[C@H]2[C@@H]([C@@H]([C@H](O2)COP(=O)([O-])OP(=O)([O-])OC[C@@H]3[C@H]([C@H]([C@@H](O3)N4C=NC5=C(N=CN=C54)N)O)O)O)O)N'

Progress: 138/2000[22:04:46] SMILES Parse Error: extra close parentheses while parsing: C1=C(C(=O)NC(=O)N1)[C@@H]2[C@H]([C@@H]([C@H](O2)COP(=O)([O-])OP(=O)([O-])OC[C@@H]3[C@H]([C@H]([C@@H](O3)N4C=NC5=C(N=CN=C54)N)O)O)O)O)O
[22:04:46] SMILES Parse Error: Failed parsing SMILES 'C1=C(C(=O)NC(=O)N1)[C@@H]2[C@H]([C@@H]([C@H](O2)COP(=O)([O-])OP(=O)([O-])OC[C@@H]3[C@H]([C@H]([C@@H](O3)N4C=NC5=C(N=CN=C54)N)O)O)O)O)O' for input: 'C1=C(C(=O)NC(=O)N1)[C@@H]2[C@H]([C@@H]([C@H](O2)COP(=O)([O-])OP(=O)([O-])OC[C@@H]3[C@H]([C@H]([C@@H](O3)N4C=NC5=C(N=CN=C54)N)O)O)O)O)O'

Progress: 139/2000
Progress: 140/2000
Progress: 141/2000[22:04:52] SMILES Parse Error: extra close parentheses while parsing: CCC1=C(C2=NC1=CC3=C(C4=C(N3)C(=C5[C@H]([C@@H](C(=CC6=NC(=C2)C(=C6C)C=C)N5)C)CCC(=O)O)C4=N3)O)C)C
[22:04:52] SMILES Parse Error: Failed parsing SMILES 'CCC1=C(C2=NC1=CC3=C(C4=C(N3)C(=C5[C@H]([C@@H](C(=CC6=NC(=C2)C(=C6C)C=C)N5)C)CCC(=O)O)C4=N3)O)C)C' for input: 'CCC1=C(C2=NC1=CC3=C(C4=C(N3)C(=C5[C@H]([C@@H](C(=CC6=NC(=C2)C(=C6C)C=C)N5)C)CCC(=O)O)C4=N3)O)C)C'

Progress: 142/2000[22:04:53] SMILES Parse Error: extra close parentheses while parsing: C1[C@@H]([C@H](O[C@H]1N2C=NC3=C2N=C(NC3=O)N)COP(=O)(O)OP(=O)(O)OC[C@@H]4[C@H]([C@H]([C@@H](O4)N5C=NC6=C5N=C(NC6=O)N)O)O)O)O
[22:04:53] SMILES Parse Error: Failed parsing SMILES 'C1[C@@H]([C@H](O[C@H]1N2C=NC3=C2N=C(NC3=O)N)COP(=O)(O)OP(=O)(O)OC[C@@H]4[C@H]([C@H]([C@@H](O4)N5C=NC6=C5N=C(NC6=O)N)O)O)O)O' for input: 'C1[C@@H]([C@H](O[C@H]1N2C=NC3=C2N=C(NC3=O)N)COP(=O)(O)OP(=O)(O)OC[C@@H]4[C@H]([C@H]([C@@H](O4)N5C=NC6=C5N=C(NC6=O)N)O)O)O)O'

Progress: 143/2000
Progress: 144/2000[22:04:57] SMILES Parse Error: extra close parentheses while parsing: C1[C@@H]([C@H](O[C@H]1N2C=NC3=C2N=C(NC3=O)N)COP(=O)(O)OP(=O)(O)OC[C@@H]4[C@H]([C@H]([C@@H](O4)N5C=NC6=C5N=C(NC6=O)N)O)O)O)O
[22:04:57] SMILES Parse Error: Failed parsing SMILES 'C1[C@@H]([C@H](O[C@H]1N2C=NC3=C2N=C(NC3=O)N)COP(=O)(O)OP(=O)(O)OC[C@@H]4[C@H]([C@H]([C@@H](O4)N5C=NC6=C5N=C(NC6=O)N)O)O)O)O' for input: 'C1[C@@H]([C@H](O[C@H]1N2C=NC3=C2N=C(NC3=O)N)COP(=O)(O)OP(=O)(O)OC[C@@H]4[C@H]([C@H]([C@@H](O4)N5C=NC6=C5N=C(NC6=O)N)O)O)O)O'

Progress: 145/2000
Progress: 146/2000
Progress: 147/2000[22:05:02] SMILES Parse Error: extra close parentheses while parsing: C1C=CN(C=C1C(=O)N)[C@H]2[C@@H]([C@@H]([C@H](O2)COP(=O)([O-])OP(=O)([O-])OC[C@@H]3[C@H]([C@H]([C@@H](O3)N4C=NC5=C(N=CN=C54)N)O)O)O)O)O
[22:05:02] SMILES Parse Error: Failed parsing SMILES 'C1C=CN(C=C1C(=O)N)[C@H]2[C@@H]([C@@H]([C@H](O2)COP(=O)([O-])OP(=O)([O-])OC[C@@H]3[C@H]([C@H]([C@@H](O3)N4C=NC5=C(N=CN=C54)N)O)O)O)O)O' for input: 'C1C=CN(C=C1C(=O)N)[C@H]2[C@@H]([C@@H]([C@H](O2)COP(=O)([O-])OP(=O)([O-])OC[C@@H]3[C@H]([C@H]([C@@H](O3)N4C=NC5=C(N=CN=C54)N)O)O)O)O)O'

Progress: 148/2000[22:05:04] SMILES Parse Error: extra close parentheses while parsing: C1=C(C(=O)NC(=O)N1)[C@@H]2[C@H]([C@@H]([C@H](O2)COP(=O)([O-])OP(=O)([O-])OC[C@@H]3[C@H]([C@H]([C@@H](O3)N4C=NC5=C(N=CN=C54)N)O)O)O)O)N
[22:05:04] SMILES Parse Error: Failed parsing SMILES 'C1=C(C(=O)NC(=O)N1)[C@@H]2[C@H]([C@@H]([C@H](O2)COP(=O)([O-])OP(=O)([O-])OC[C@@H]3[C@H]([C@H]([C@@H](O3)N4C=NC5=C(N=CN=C54)N)O)O)O)O)N' for input: 'C1=C(C(=O)NC(=O)N1)[C@@H]2[C@H]([C@@H]([C@H](O2)COP(=O)([O-])OP(=O)([O-])OC[C@@H]3[C@H]([C@H]([C@@H](O3)N4C=NC5=C(N=CN=C54)N)O)O)O)O)N'

Progress: 149/2000[22:05:06] SMILES Parse Error: extra close parentheses while parsing: C1=C(C(=O)NC(=O)N1)[C@H]2[C@@H]([C@@H]([C@H](O2)COP(=O)([O-])OP(=O)([O-])OC[C@@H]3[C@H]([C@H]([C@@H](O3)N4C=NC5=C(N=CN=C54)N)O)O)O)O)O
[22:05:06] SMILES Parse Error: Failed parsing SMILES 'C1=C(C(=O)NC(=O)N1)[C@H]2[C@@H]([C@@H]([C@H](O2)COP(=O)([O-])OP(=O)([O-])OC[C@@H]3[C@H]([C@H]([C@@H](O3)N4C=NC5=C(N=CN=C54)N)O)O)O)O)O' for input: 'C1=C(C(=O)NC(=O)N1)[C@H]2[C@@H]([C@@H]([C@H](O2)COP(=O)([O-])OP(=O)([O-])OC[C@@H]3[C@H]([C@H]([C@@H](O3)N4C=NC5=C(N=CN=C54)N)O)O)O)O)O'

Progress: 150/2000
Progress: 151/2000
Progress: 152/2000
Progress: 153/2000[22:05:13] SMILES Parse Error: extra close parentheses while parsing: C1=C(C(=O)NC(=O)N1)[C@H]2[C@@H]([C@@H]([C@H](O2)COP(=O)([O-])OP(=O)([O-])OC[C@@H]3[C@H]([C@H]([C@@H](O3)N4C=NC5=C(N=CN=C54)N)O)O)O)O)N
[22:05:13] SMILES Parse Error: Failed parsing SMILES 'C1=C(C(=O)NC(=O)N1)[C@H]2[C@@H]([C@@H]([C@H](O2)COP(=O)([O-])OP(=O)([O-])OC[C@@H]3[C@H]([C@H]([C@@H](O3)N4C=NC5=C(N=CN=C54)N)O)O)O)O)N' for input: 'C1=C(C(=O)NC(=O)N1)[C@H]2[C@@H]([C@@H]([C@H](O2)COP(=O)([O-])OP(=O)([O-])OC[C@@H]3[C@H]([C@H]([C@@H](O3)N4C=NC5=C(N=CN=C54)N)O)O)O)O)N'

Progress: 154/2000
Progress: 155/2000
Progress: 156/2000
Progress: 157/2000
Progress: 158/2000
Progress: 159/2000[22:05:25] SMILES Parse Error: extra close parentheses while parsing: C1=C(C(=O)NC(=O)N1)[C@H]2[C@@H]([C@@H]([C@H](O2)COP(=O)([O-])OP(=O)([O-])OC[C@@H]3[C@H]([C@H]([C@@H](O3)N4C=NC5=C(N=CN=C54)N)O)O)O)O)O
[22:05:25] SMILES Parse Error: Failed parsing SMILES 'C1=C(C(=O)NC(=O)N1)[C@H]2[C@@H]([C@@H]([C@H](O2)COP(=O)([O-])OP(=O)([O-])OC[C@@H]3[C@H]([C@H]([C@@H](O3)N4C=NC5=C(N=CN=C54)N)O)O)O)O)O' for input: 'C1=C(C(=O)NC(=O)N1)[C@H]2[C@@H]([C@@H]([C@H](O2)COP(=O)([O-])OP(=O)([O-])OC[C@@H]3[C@H]([C@H]([C@@H](O3)N4C=NC5=C(N=CN=C54)N)O)O)O)O)O'

Progress: 160/2000[22:05:27] SMILES Parse Error: extra open parentheses for input: 'CC1=C(C(=O)C2=NC3=C(N=C(NC3=O)[O-])N(C2=C1)C[C@@H]([C@@H]([C@@H](COP(=O)([O-])[O-])O)O)O'

Progress: 161/2000[22:05:28] SMILES Parse Error: extra close parentheses while parsing: C1=C(C(=O)NC(=O)N1)[C@H]2[C@@H]([C@@H]([C@H](O2)COP(=O)([O-])OP(=O)([O-])OC[C@@H]3[C@H]([C@H]([C@@H](O3)N4C=NC5=C(N=CN=C54)N)O)O)O)O)N
[22:05:28] SMILES Parse Error: Failed parsing SMILES 'C1=C(C(=O)NC(=O)N1)[C@H]2[C@@H]([C@@H]([C@H](O2)COP(=O)([O-])OP(=O)([O-])OC[C@@H]3[C@H]([C@H]([C@@H](O3)N4C=NC5=C(N=CN=C54)N)O)O)O)O)N' for input: 'C1=C(C(=O)NC(=O)N1)[C@H]2[C@@H]([C@@H]([C@H](O2)COP(=O)([O-])OP(=O)([O-])OC[C@@H]3[C@H]([C@H]([C@@H](O3)N4C=NC5=C(N=CN=C54)N)O)O)O)O)N'

Progress: 162/2000
Progress: 163/2000
Progress: 164/2000[22:05:33] SMILES Parse Error: extra close parentheses while parsing: C1C=CN(C=C1C(=O)N)[C@H]2[C@@H]([C@@H]([C@H](O2)COP(=O)([O-])OP(=O)([O-])OC[C@@H]3[C@H]([C@H]([C@@H](O3)N4C=NC5=C(N=CN=C54)N)O)O)O)O)O
[22:05:33] SMILES Parse Error: Failed parsing SMILES 'C1C=CN(C=C1C(=O)N)[C@H]2[C@@H]([C@@H]([C@H](O2)COP(=O)([O-])OP(=O)([O-])OC[C@@H]3[C@H]([C@H]([C@@H](O3)N4C=NC5=C(N=CN=C54)N)O)O)O)O)O' for input: 'C1C=CN(C=C1C(=O)N)[C@H]2[C@@H]([C@@H]([C@H](O2)COP(=O)([O-])OP(=O)([O-])OC[C@@H]3[C@H]([C@H]([C@@H](O3)N4C=NC5=C(N=CN=C54)N)O)O)O)O)O'

Progress: 165/2000
Progress: 166/2000
Progress: 167/2000
Progress: 168/2000
Progress: 169/2000
Progress: 170/2000[22:05:43] SMILES Parse Error: extra close parentheses while parsing: C1=C(C(=O)NC(=O)N1)[C@@H]2[C@H]([C@@H]([C@H](O2)COP(=O)([O-])OP(=O)([O-])OC[C@@H]3[C@H]([C@H]([C@@H](O3)N4C=NC5=C4N=C(NC5=O)N)O)O)O)O)N
[22:05:43] SMILES Parse Error: Failed parsing SMILES 'C1=C(C(=O)NC(=O)N1)[C@@H]2[C@H]([C@@H]([C@H](O2)COP(=O)([O-])OP(=O)([O-])OC[C@@H]3[C@H]([C@H]([C@@H](O3)N4C=NC5=C4N=C(NC5=O)N)O)O)O)O)N' for input: 'C1=C(C(=O)NC(=O)N1)[C@@H]2[C@H]([C@@H]([C@H](O2)COP(=O)([O-])OP(=O)([O-])OC[C@@H]3[C@H]([C@H]([C@@H](O3)N4C=NC5=C4N=C(NC5=O)N)O)O)O)O)N'

Progress: 171/2000[22:05:45] SMILES Parse Error: extra close parentheses while parsing: C1C=CN(C=C1C(=O)N)[C@H]2[C@@H]([C@@H]([C@H](O2)COP(=O)([O-])OP(=O)([O-])OC[C@@H]3[C@H]([C@H]([C@@H](O3)N4C=NC5=C(N=CN=C54)N)O)O)O)O)O
[22:05:45] SMILES Parse Error: Failed parsing SMILES 'C1C=CN(C=C1C(=O)N)[C@H]2[C@@H]([C@@H]([C@H](O2)COP(=O)([O-])OP(=O)([O-])OC[C@@H]3[C@H]([C@H]([C@@H](O3)N4C=NC5=C(N=CN=C54)N)O)O)O)O)O' for input: 'C1C=CN(C=C1C(=O)N)[C@H]2[C@@H]([C@@H]([C@H](O2)COP(=O)([O-])OP(=O)([O-])OC[C@@H]3[C@H]([C@H]([C@@H](O3)N4C=NC5=C(N=CN=C54)N)O)O)O)O)O'

Progress: 172/2000[22:05:47] SMILES Parse Error: extra close parentheses while parsing: C1=C(C(=O)NC(=O)N1[C@H]2[C@@H]([C@@H]([C@H](O2)COP(=O)([O-])OP(=O)([O-])OC[C@@H]3[C@H]([C@H]([C@@H](O3)N4C=NC5=C(N=CN=C54)N)O)O)O)O)O)N
[22:05:47] SMILES Parse Error: Failed parsing SMILES 'C1=C(C(=O)NC(=O)N1[C@H]2[C@@H]([C@@H]([C@H](O2)COP(=O)([O-])OP(=O)([O-])OC[C@@H]3[C@H]([C@H]([C@@H](O3)N4C=NC5=C(N=CN=C54)N)O)O)O)O)O)N' for input: 'C1=C(C(=O)NC(=O)N1[C@H]2[C@@H]([C@@H]([C@H](O2)COP(=O)([O-])OP(=O)([O-])OC[C@@H]3[C@H]([C@H]([C@@H](O3)N4C=NC5=C(N=CN=C54)N)O)O)O)O)O)N'

Progress: 173/2000[22:05:49] SMILES Parse Error: extra close parentheses while parsing: C[C@@H](C(=O)N[C@@H](CCC(=O)N[C@@H](CCC(=O)N[C@@H](CCC(=O)[O-])C(=O)[O-])C(=O)[O-])C(=O)[O-])OP(=O)([O-])OC[C@@H]1[C@H]([C@H]([C@@H](O1)N2C=NC3=C(N=CN=C32)N)O)O)O)O
[22:05:49] SMILES Parse Error: Failed parsing SMILES 'C[C@@H](C(=O)N[C@@H](CCC(=O)N[C@@H](CCC(=O)N[C@@H](CCC(=O)[O-])C(=O)[O-])C(=O)[O-])C(=O)[O-])OP(=O)([O-])OC[C@@H]1[C@H]([C@H]([C@@H](O1)N2C=NC3=C(N=CN=C32)N)O)O)O)O' for input: 'C[C@@H](C(=O)N[C@@H](CCC(=O)N[C@@H](CCC(=O)N[C@@H](CCC(=O)[O-])C(=O)[O-])C(=O)[O-])C(=O)[O-])OP(=O)([O-])OC[C@@H]1[C@H]([C@H]([C@@H](O1)N2C=NC3=C(N=CN=C32)N)O)O)O)O'

Progress: 174/2000[22:05:51] SMILES Parse Error: extra close parentheses while parsing: C1[C@@H]([C@H](O[C@H]1N2C=NC3=C2N=C(NC3=O)N)COP(=O)(O)OP(=O)(O)OC[C@@H]4[C@H]([C@H]([C@@H](O4)N5C=NC6=C5N=C(NC6=O)N)O)O)O)O
[22:05:51] SMILES Parse Error: Failed parsing SMILES 'C1[C@@H]([C@H](O[C@H]1N2C=NC3=C2N=C(NC3=O)N)COP(=O)(O)OP(=O)(O)OC[C@@H]4[C@H]([C@H]([C@@H](O4)N5C=NC6=C5N=C(NC6=O)N)O)O)O)O' for input: 'C1[C@@H]([C@H](O[C@H]1N2C=NC3=C2N=C(NC3=O)N)COP(=O)(O)OP(=O)(O)OC[C@@H]4[C@H]([C@H]([C@@H](O4)N5C=NC6=C5N=C(NC6=O)N)O)O)O)O'

Progress: 175/2000
Progress: 176/2000
Progress: 177/2000
Progress: 178/2000
Progress: 179/2000
Progress: 180/2000
Progress: 181/2000
Progress: 182/2000[22:06:05] SMILES Parse Error: extra close parentheses while parsing: C1C=CN(C=C1C(=O)N)[C@H]2[C@@H]([C@@H]([C@H](O2)COP(=O)([O-])OP(=O)([O-])OC[C@@H]3[C@H]([C@H]([C@@H](O3)N4C=NC5=C(N=CN=C54)N)O)O)O)O)O
[22:06:05] SMILES Parse Error: Failed parsing SMILES 'C1C=CN(C=C1C(=O)N)[C@H]2[C@@H]([C@@H]([C@H](O2)COP(=O)([O-])OP(=O)([O-])OC[C@@H]3[C@H]([C@H]([C@@H](O3)N4C=NC5=C(N=CN=C54)N)O)O)O)O)O' for input: 'C1C=CN(C=C1C(=O)N)[C@H]2[C@@H]([C@@H]([C@H](O2)COP(=O)([O-])OP(=O)([O-])OC[C@@H]3[C@H]([C@H]([C@@H](O3)N4C=NC5=C(N=CN=C54)N)O)O)O)O)O'

Progress: 183/2000
Progress: 184/2000[22:06:08] SMILES Parse Error: extra close parentheses while parsing: C1[C@@H]([C@H](O[C@H]1N2C=NC3=C2N=C(NC3=O)N)COP(=O)(O)OP(=O)(O)OC[C@@H]4[C@H]([C@H]([C@@H](O4)N5C=NC6=C5N=C(NC6=O)N)O)O)O)O
[22:06:08] SMILES Parse Error: Failed parsing SMILES 'C1[C@@H]([C@H](O[C@H]1N2C=NC3=C2N=C(NC3=O)N)COP(=O)(O)OP(=O)(O)OC[C@@H]4[C@H]([C@H]([C@@H](O4)N5C=NC6=C5N=C(NC6=O)N)O)O)O)O' for input: 'C1[C@@H]([C@H](O[C@H]1N2C=NC3=C2N=C(NC3=O)N)COP(=O)(O)OP(=O)(O)OC[C@@H]4[C@H]([C@H]([C@@H](O4)N5C=NC6=C5N=C(NC6=O)N)O)O)O)O'

Progress: 185/2000[22:06:09] SMILES Parse Error: extra open parentheses for input: 'CC1=C(C(=O)C2=NC3=C(N=C(NC3=O)[O-])N(C2=C1)C[C@@H]([C@@H]([C@@H](COP(=O)([O-])[O-])O)O)O'

Progress: 186/2000[22:06:11] SMILES Parse Error: extra close parentheses while parsing: C1=C(C(=O)NC(=O)N1)[C@H]2[C@@H]([C@@H]([C@H](O2)COP(=O)([O-])OP(=O)([O-])OC[C@@H]3[C@H]([C@H]([C@@H](O3)N4C=NC5=C(N=CN=C54)N)O)O)O)O)N
[22:06:11] SMILES Parse Error: Failed parsing SMILES 'C1=C(C(=O)NC(=O)N1)[C@H]2[C@@H]([C@@H]([C@H](O2)COP(=O)([O-])OP(=O)([O-])OC[C@@H]3[C@H]([C@H]([C@@H](O3)N4C=NC5=C(N=CN=C54)N)O)O)O)O)N' for input: 'C1=C(C(=O)NC(=O)N1)[C@H]2[C@@H]([C@@H]([C@H](O2)COP(=O)([O-])OP(=O)([O-])OC[C@@H]3[C@H]([C@H]([C@@H](O3)N4C=NC5=C(N=CN=C54)N)O)O)O)O)N'

Progress: 187/2000[22:06:13] SMILES Parse Error: extra close parentheses while parsing: C1=C(C(=O)NC(=O)N1)[C@@H]2[C@H]([C@@H]([C@H](O2)COP(=O)([O-])OP(=O)([O-])OC[C@@H]3[C@H]([C@H]([C@@H](O3)N4C=NC5=C(N=CN=C54)N)O)O)O)O)O)N
[22:06:13] SMILES Parse Error: Failed parsing SMILES 'C1=C(C(=O)NC(=O)N1)[C@@H]2[C@H]([C@@H]([C@H](O2)COP(=O)([O-])OP(=O)([O-])OC[C@@H]3[C@H]([C@H]([C@@H](O3)N4C=NC5=C(N=CN=C54)N)O)O)O)O)O)N' for input: 'C1=C(C(=O)NC(=O)N1)[C@@H]2[C@H]([C@@H]([C@H](O2)COP(=O)([O-])OP(=O)([O-])OC[C@@H]3[C@H]([C@H]([C@@H](O3)N4C=NC5=C(N=CN=C54)N)O)O)O)O)O)N'

Progress: 188/2000[22:06:15] SMILES Parse Error: extra close parentheses while parsing: C1=C(C(=O)NC(=O)N1)[C@H]2[C@@H]([C@@H]([C@H](O2)COP(=O)(O)OP(=O)(O)OC[C@@H]3[C@H]([C@H]([C@@H](O3)N4C=NC5=C(N=CN=C54)N)O)O)O)O)O
[22:06:15] SMILES Parse Error: Failed parsing SMILES 'C1=C(C(=O)NC(=O)N1)[C@H]2[C@@H]([C@@H]([C@H](O2)COP(=O)(O)OP(=O)(O)OC[C@@H]3[C@H]([C@H]([C@@H](O3)N4C=NC5=C(N=CN=C54)N)O)O)O)O)O' for input: 'C1=C(C(=O)NC(=O)N1)[C@H]2[C@@H]([C@@H]([C@H](O2)COP(=O)(O)OP(=O)(O)OC[C@@H]3[C@H]([C@H]([C@@H](O3)N4C=NC5=C(N=CN=C54)N)O)O)O)O)O'

Progress: 189/2000[22:06:17] SMILES Parse Error: extra close parentheses while parsing: C1[C@@H]([C@H](O[C@H]1N2C=NC3=C2N=C(NC3=O)N)COP(=O)(O)OP(=O)(O)OC[C@@H]4[C@H]([C@H]([C@@H](O4)N5C=NC6=C5N=C(NC6=O)N)O)O)O)O
[22:06:17] SMILES Parse Error: Failed parsing SMILES 'C1[C@@H]([C@H](O[C@H]1N2C=NC3=C2N=C(NC3=O)N)COP(=O)(O)OP(=O)(O)OC[C@@H]4[C@H]([C@H]([C@@H](O4)N5C=NC6=C5N=C(NC6=O)N)O)O)O)O' for input: 'C1[C@@H]([C@H](O[C@H]1N2C=NC3=C2N=C(NC3=O)N)COP(=O)(O)OP(=O)(O)OC[C@@H]4[C@H]([C@H]([C@@H](O4)N5C=NC6=C5N=C(NC6=O)N)O)O)O)O'

Progress: 190/2000
Progress: 191/2000
Progress: 192/2000[22:06:22] SMILES Parse Error: extra close parentheses while parsing: C1=C(C(=O)NC(=O)N1)[C@H]2[C@@H]([C@@H]([C@H](O2)COP(=O)([O-])OP(=O)([O-])OC[C@@H]3[C@H]([C@H]([C@@H](O3)N4C=NC5=C(N=CN=C54)N)O)O)O)O)O.C1=NC2=C(C(=O)NC2=O)C3=CC(=CC3=C(C=C3)O)O
[22:06:22] SMILES Parse Error: Failed parsing SMILES 'C1=C(C(=O)NC(=O)N1)[C@H]2[C@@H]([C@@H]([C@H](O2)COP(=O)([O-])OP(=O)([O-])OC[C@@H]3[C@H]([C@H]([C@@H](O3)N4C=NC5=C(N=CN=C54)N)O)O)O)O)O.C1=NC2=C(C(=O)NC2=O)C3=CC(=CC3=C(C=C3)O)O' for input: 'C1=C(C(=O)NC(=O)N1)[C@H]2[C@@H]([C@@H]([C@H](O2)COP(=O)([O-])OP(=O)([O-])OC[C@@H]3[C@H]([C@H]([C@@H](O3)N4C=NC5=C(N=CN=C54)N)O)O)O)O)O.C1=NC2=C(C(=O)NC2=O)C3=CC(=CC3=C(C=C3)O)O'

Progress: 193/2000[22:06:23] SMILES Parse Error: extra open parentheses for input: 'CC1=C(C(=O)C2=NC3=C(N=C(NC3=O)[O-])N(C2=C1)C[C@@H]([C@@H]([C@@H](COP(=O)([O-])[O-])O)O)O'

Progress: 194/2000
Progress: 195/2000[22:06:26] SMILES Parse Error: extra close parentheses while parsing: C1=C(C(=O)NC(=O)N1)[C@H]2[C@@H]([C@@H]([C@H](O2)COP(=O)(O)OP(=O)(O)OC[C@@H]3[C@H]([C@H]([C@@H](O3)N4C=NC5=C(N=CN=C54)N)O)O)O)O)N
[22:06:26] SMILES Parse Error: Failed parsing SMILES 'C1=C(C(=O)NC(=O)N1)[C@H]2[C@@H]([C@@H]([C@H](O2)COP(=O)(O)OP(=O)(O)OC[C@@H]3[C@H]([C@H]([C@@H](O3)N4C=NC5=C(N=CN=C54)N)O)O)O)O)N' for input: 'C1=C(C(=O)NC(=O)N1)[C@H]2[C@@H]([C@@H]([C@H](O2)COP(=O)(O)OP(=O)(O)OC[C@@H]3[C@H]([C@H]([C@@H](O3)N4C=NC5=C(N=CN=C54)N)O)O)O)O)N'

Progress: 196/2000[22:06:28] SMILES Parse Error: extra close parentheses while parsing: C1=C(C(=O)NC(=O)N1)[C@@H]2[C@H]([C@@H]([C@H](O2)COP(=O)([O-])OP(=O)([O-])OC[C@@H]3[C@H]([C@H]([C@@H](O3)N4C=NC5=C(N=CN=C54)N)O)O)O)O)O
[22:06:28] SMILES Parse Error: Failed parsing SMILES 'C1=C(C(=O)NC(=O)N1)[C@@H]2[C@H]([C@@H]([C@H](O2)COP(=O)([O-])OP(=O)([O-])OC[C@@H]3[C@H]([C@H]([C@@H](O3)N4C=NC5=C(N=CN=C54)N)O)O)O)O)O' for input: 'C1=C(C(=O)NC(=O)N1)[C@@H]2[C@H]([C@@H]([C@H](O2)COP(=O)([O-])OP(=O)([O-])OC[C@@H]3[C@H]([C@H]([C@@H](O3)N4C=NC5=C(N=CN=C54)N)O)O)O)O)O'

Progress: 197/2000[22:06:30] SMILES Parse Error: extra close parentheses while parsing: C1=C(C(=O)NC(=O)N1)[C@@H]2[C@H]([C@@H]([C@H](O2)COP(=O)([O-])OP(=O)([O-])OC[C@@H]3[C@H]([C@H]([C@@H](O3)N4C=NC5=C(N=CN=C54)N)O)O)O)O)O
[22:06:30] SMILES Parse Error: Failed parsing SMILES 'C1=C(C(=O)NC(=O)N1)[C@@H]2[C@H]([C@@H]([C@H](O2)COP(=O)([O-])OP(=O)([O-])OC[C@@H]3[C@H]([C@H]([C@@H](O3)N4C=NC5=C(N=CN=C54)N)O)O)O)O)O' for input: 'C1=C(C(=O)NC(=O)N1)[C@@H]2[C@H]([C@@H]([C@H](O2)COP(=O)([O-])OP(=O)([O-])OC[C@@H]3[C@H]([C@H]([C@@H](O3)N4C=NC5=C(N=CN=C54)N)O)O)O)O)O'

Progress: 198/2000
Progress: 199/2000
Progress: 200/2000
Progress: 201/2000
Progress: 202/2000[22:06:35] SMILES Parse Error: extra open parentheses for input: 'CC1=C(C(=O)C2=NC3=C(N=C(NC3=O)[O-])N(C2=C1)C[C@@H]([C@@H]([C@@H](COP(=O)([O-])[O-])O)O)O'

Progress: 203/2000[22:06:36] SMILES Parse Error: extra close parentheses while parsing: C1=C(C(=O)NC(=O)N1)[C@@H]2[C@@H]([C@@H]([C@H](O2)COP(=O)(O)OP(=O)(O)OC[C@@H]3[C@H]([C@H]([C@@H](O3)N4C=NC5=C(N=CN=C54)N)O)O)O)O)N
[22:06:36] SMILES Parse Error: Failed parsing SMILES 'C1=C(C(=O)NC(=O)N1)[C@@H]2[C@@H]([C@@H]([C@H](O2)COP(=O)(O)OP(=O)(O)OC[C@@H]3[C@H]([C@H]([C@@H](O3)N4C=NC5=C(N=CN=C54)N)O)O)O)O)N' for input: 'C1=C(C(=O)NC(=O)N1)[C@@H]2[C@@H]([C@@H]([C@H](O2)COP(=O)(O)OP(=O)(O)OC[C@@H]3[C@H]([C@H]([C@@H](O3)N4C=NC5=C(N=CN=C54)N)O)O)O)O)N'

Progress: 204/2000
Progress: 205/2000
Progress: 206/2000[22:06:43] SMILES Parse Error: extra close parentheses while parsing: C1[C@@H]([C@H](O[C@H]1N2C=NC3=C2N=C(NC3=O)N)COP(=O)(O)OP(=O)(O)OC[C@@H]4[C@H]([C@H]([C@@H](O4)N5C=NC6=C5N=C(NC6=O)N)O)O)O)O
[22:06:43] SMILES Parse Error: Failed parsing SMILES 'C1[C@@H]([C@H](O[C@H]1N2C=NC3=C2N=C(NC3=O)N)COP(=O)(O)OP(=O)(O)OC[C@@H]4[C@H]([C@H]([C@@H](O4)N5C=NC6=C5N=C(NC6=O)N)O)O)O)O' for input: 'C1[C@@H]([C@H](O[C@H]1N2C=NC3=C2N=C(NC3=O)N)COP(=O)(O)OP(=O)(O)OC[C@@H]4[C@H]([C@H]([C@@H](O4)N5C=NC6=C5N=C(NC6=O)N)O)O)O)O'

Progress: 207/2000
Progress: 208/2000
Progress: 209/2000[22:06:47] SMILES Parse Error: extra close parentheses while parsing: C1[C@@H]([C@H]([C@@H](O[C@]1(C(=O)O)O)[C@@H](CO)O)O)OP(=O)(O)OP(=O)(O)OC[C@@H]2[C@H]([C@H]([C@@H](O2)N3C=NC4=C3N=C(NC4=O)N)O)O)O.O.O.O
[22:06:47] SMILES Parse Error: Failed parsing SMILES 'C1[C@@H]([C@H]([C@@H](O[C@]1(C(=O)O)O)[C@@H](CO)O)O)OP(=O)(O)OP(=O)(O)OC[C@@H]2[C@H]([C@H]([C@@H](O2)N3C=NC4=C3N=C(NC4=O)N)O)O)O.O.O.O' for input: 'C1[C@@H]([C@H]([C@@H](O[C@]1(C(=O)O)O)[C@@H](CO)O)O)OP(=O)(O)OP(=O)(O)OC[C@@H]2[C@H]([C@H]([C@@H](O2)N3C=NC4=C3N=C(NC4=O)N)O)O)O.O.O.O'

Progress: 210/2000
Progress: 211/2000[22:06:50] SMILES Parse Error: extra close parentheses while parsing: C1[C@@H]([C@H](O[C@H]1N2C=NC3=C2N=C(NC3=O)N)COP(=O)(O)OP(=O)(O)OC[C@@H]4[C@H]([C@H]([C@@H](O4)N5C=NC6=C5N=C(NC6=O)N)O)O)O)O
[22:06:50] SMILES Parse Error: Failed parsing SMILES 'C1[C@@H]([C@H](O[C@H]1N2C=NC3=C2N=C(NC3=O)N)COP(=O)(O)OP(=O)(O)OC[C@@H]4[C@H]([C@H]([C@@H](O4)N5C=NC6=C5N=C(NC6=O)N)O)O)O)O' for input: 'C1[C@@H]([C@H](O[C@H]1N2C=NC3=C2N=C(NC3=O)N)COP(=O)(O)OP(=O)(O)OC[C@@H]4[C@H]([C@H]([C@@H](O4)N5C=NC6=C5N=C(NC6=O)N)O)O)O)O'

Progress: 212/2000[22:06:52] SMILES Parse Error: extra close parentheses while parsing: C1C=CN(C(=O)N1)[C@H]2[C@@H]([C@@H]([C@H](O2)COP(=O)([O-])OP(=O)([O-])OC[C@@H]3[C@H]([C@H]([C@@H](O3)N4C=NC5=C(N=CN=C54)N)O)O)O)O)O
[22:06:52] SMILES Parse Error: Failed parsing SMILES 'C1C=CN(C(=O)N1)[C@H]2[C@@H]([C@@H]([C@H](O2)COP(=O)([O-])OP(=O)([O-])OC[C@@H]3[C@H]([C@H]([C@@H](O3)N4C=NC5=C(N=CN=C54)N)O)O)O)O)O' for input: 'C1C=CN(C(=O)N1)[C@H]2[C@@H]([C@@H]([C@H](O2)COP(=O)([O-])OP(=O)([O-])OC[C@@H]3[C@H]([C@H]([C@@H](O3)N4C=NC5=C(N=CN=C54)N)O)O)O)O)O'

Progress: 213/2000
Progress: 214/2000[22:06:54] SMILES Parse Error: extra close parentheses while parsing: C1=C(C(=O)NC(=O)N1)[C@@H]2[C@H]([C@@H]([C@H](O2)COP(=O)([O-])OP(=O)([O-])OC[C@@H]3[C@H]([C@H]([C@@H](O3)N4C=NC5=C4N=C(NC5=O)N)O)O)O)O)N
[22:06:54] SMILES Parse Error: Failed parsing SMILES 'C1=C(C(=O)NC(=O)N1)[C@@H]2[C@H]([C@@H]([C@H](O2)COP(=O)([O-])OP(=O)([O-])OC[C@@H]3[C@H]([C@H]([C@@H](O3)N4C=NC5=C4N=C(NC5=O)N)O)O)O)O)N' for input: 'C1=C(C(=O)NC(=O)N1)[C@@H]2[C@H]([C@@H]([C@H](O2)COP(=O)([O-])OP(=O)([O-])OC[C@@H]3[C@H]([C@H]([C@@H](O3)N4C=NC5=C4N=C(NC5=O)N)O)O)O)O)N'

Progress: 215/2000
Progress: 216/2000
Progress: 217/2000[22:07:00] SMILES Parse Error: extra close parentheses while parsing: C1C=CN(C=C1C(=O)N)[C@H]2[C@@H]([C@@H]([C@H](O2)COP(=O)(O)OP(=O)(O)OC[C@@H]3[C@H]([C@H]([C@@H](O3)N4C=NC5=C(N=CN=C54)N)O)O)O)O)N
[22:07:00] SMILES Parse Error: Failed parsing SMILES 'C1C=CN(C=C1C(=O)N)[C@H]2[C@@H]([C@@H]([C@H](O2)COP(=O)(O)OP(=O)(O)OC[C@@H]3[C@H]([C@H]([C@@H](O3)N4C=NC5=C(N=CN=C54)N)O)O)O)O)N' for input: 'C1C=CN(C=C1C(=O)N)[C@H]2[C@@H]([C@@H]([C@H](O2)COP(=O)(O)OP(=O)(O)OC[C@@H]3[C@H]([C@H]([C@@H](O3)N4C=NC5=C(N=CN=C54)N)O)O)O)O)N'

Progress: 218/2000[22:07:02] SMILES Parse Error: extra close parentheses while parsing: C1C=CN(C=C1C(=O)N)[C@H]2[C@@H]([C@@H]([C@H](O2)COP(=O)(O)OP(=O)(O)OC[C@@H]3[C@H]([C@H]([C@@H](O3)N4C=NC5=C(N=CN=C54)N)O)O)O)O)N
[22:07:02] SMILES Parse Error: Failed parsing SMILES 'C1C=CN(C=C1C(=O)N)[C@H]2[C@@H]([C@@H]([C@H](O2)COP(=O)(O)OP(=O)(O)OC[C@@H]3[C@H]([C@H]([C@@H](O3)N4C=NC5=C(N=CN=C54)N)O)O)O)O)N' for input: 'C1C=CN(C=C1C(=O)N)[C@H]2[C@@H]([C@@H]([C@H](O2)COP(=O)(O)OP(=O)(O)OC[C@@H]3[C@H]([C@H]([C@@H](O3)N4C=NC5=C(N=CN=C54)N)O)O)O)O)N'

Progress: 219/2000
Progress: 220/2000[22:07:05] SMILES Parse Error: extra open parentheses for input: 'C1C=CN(C=C1C(=O)N)[C@@H]2[C@@H]([C@H]([C@@H]([C@H](O2)COP(=O)([O-])OP(=O)([O-])OC[C@@H]3[C@H]([C@H]([C@@H](O3)N4C=NC5=C(N=CN=C54)N)O)O)O)O'

Progress: 221/2000[22:07:07] SMILES Parse Error: extra close parentheses while parsing: C1=C(C(=O)NC(=O)N1)[C@H]2[C@@H]([C@@H]([C@H](O2)COP(=O)([O-])OP(=O)([O-])OC[C@@H]3[C@H]([C@H]([C@@H](O3)N4C=NC5=C(N=CN=C54)N)O)O)O)O)O
[22:07:07] SMILES Parse Error: Failed parsing SMILES 'C1=C(C(=O)NC(=O)N1)[C@H]2[C@@H]([C@@H]([C@H](O2)COP(=O)([O-])OP(=O)([O-])OC[C@@H]3[C@H]([C@H]([C@@H](O3)N4C=NC5=C(N=CN=C54)N)O)O)O)O)O' for input: 'C1=C(C(=O)NC(=O)N1)[C@H]2[C@@H]([C@@H]([C@H](O2)COP(=O)([O-])OP(=O)([O-])OC[C@@H]3[C@H]([C@H]([C@@H](O3)N4C=NC5=C(N=CN=C54)N)O)O)O)O)O'

Progress: 222/2000
Progress: 223/2000
Progress: 224/2000[22:07:12] SMILES Parse Error: extra close parentheses while parsing: C1C=CN(C(=O)N1)[C@H]2[C@@H]([C@@H]([C@H](O2)COP(=O)([O-])OP(=O)([O-])OC[C@@H]3[C@H]([C@H]([C@@H](O3)N4C=NC5=C(N=CN=C54)N)O)O)O)O)O
[22:07:12] SMILES Parse Error: Failed parsing SMILES 'C1C=CN(C(=O)N1)[C@H]2[C@@H]([C@@H]([C@H](O2)COP(=O)([O-])OP(=O)([O-])OC[C@@H]3[C@H]([C@H]([C@@H](O3)N4C=NC5=C(N=CN=C54)N)O)O)O)O)O' for input: 'C1C=CN(C(=O)N1)[C@H]2[C@@H]([C@@H]([C@H](O2)COP(=O)([O-])OP(=O)([O-])OC[C@@H]3[C@H]([C@H]([C@@H](O3)N4C=NC5=C(N=CN=C54)N)O)O)O)O)O'

Progress: 225/2000
Progress: 226/2000[22:07:16] SMILES Parse Error: extra close parentheses while parsing: CCC1=C(C2=NC1=CC3=C(C4=C(N3)C(=C5[C@H]([C@@H](C(=CC6=NC(=C2)C(=C6C)C=C)N5)C)CCC(=O)O)C4=N3)O)C)C
[22:07:16] SMILES Parse Error: Failed parsing SMILES 'CCC1=C(C2=NC1=CC3=C(C4=C(N3)C(=C5[C@H]([C@@H](C(=CC6=NC(=C2)C(=C6C)C=C)N5)C)CCC(=O)O)C4=N3)O)C)C' for input: 'CCC1=C(C2=NC1=CC3=C(C4=C(N3)C(=C5[C@H]([C@@H](C(=CC6=NC(=C2)C(=C6C)C=C)N5)C)CCC(=O)O)C4=N3)O)C)C'

Progress: 227/2000
Progress: 228/2000[22:07:19] SMILES Parse Error: extra close parentheses while parsing: C1[C@@H]([C@H](O[C@H]1N2C=NC3=C2N=C(NC3=O)N)COP(=O)(O)OP(=O)(O)OC[C@@H]4[C@H]([C@H]([C@@H](O4)N5C=NC6=C5N=C(NC6=O)N)O)O)O)O
[22:07:19] SMILES Parse Error: Failed parsing SMILES 'C1[C@@H]([C@H](O[C@H]1N2C=NC3=C2N=C(NC3=O)N)COP(=O)(O)OP(=O)(O)OC[C@@H]4[C@H]([C@H]([C@@H](O4)N5C=NC6=C5N=C(NC6=O)N)O)O)O)O' for input: 'C1[C@@H]([C@H](O[C@H]1N2C=NC3=C2N=C(NC3=O)N)COP(=O)(O)OP(=O)(O)OC[C@@H]4[C@H]([C@H]([C@@H](O4)N5C=NC6=C5N=C(NC6=O)N)O)O)O)O'

Progress: 229/2000[22:07:21] SMILES Parse Error: extra close parentheses while parsing: C1=C(C(=O)NC(=O)N1[C@H]2[C@@H]([C@@H]([C@H](O2)COP(=O)([O-])OP(=O)([O-])OC[C@@H]3[C@H]([C@H]([C@@H](O3)N4C=NC5=C(N=CN=C54)N)O)O)O)O)O)N
[22:07:21] SMILES Parse Error: Failed parsing SMILES 'C1=C(C(=O)NC(=O)N1[C@H]2[C@@H]([C@@H]([C@H](O2)COP(=O)([O-])OP(=O)([O-])OC[C@@H]3[C@H]([C@H]([C@@H](O3)N4C=NC5=C(N=CN=C54)N)O)O)O)O)O)N' for input: 'C1=C(C(=O)NC(=O)N1[C@H]2[C@@H]([C@@H]([C@H](O2)COP(=O)([O-])OP(=O)([O-])OC[C@@H]3[C@H]([C@H]([C@@H](O3)N4C=NC5=C(N=CN=C54)N)O)O)O)O)O)N'

Progress: 230/2000[22:07:22] SMILES Parse Error: extra close parentheses while parsing: C1=C(C(=O)NC(=O)N1)[C@H]2[C@@H]([C@@H]([C@H](O2)COP(=O)([O-])OP(=O)([O-])OC[C@@H]3[C@H]([C@H]([C@@H](O3)N4C=NC5=C(N=CN=C54)N)O)O)O)O)N
[22:07:22] SMILES Parse Error: Failed parsing SMILES 'C1=C(C(=O)NC(=O)N1)[C@H]2[C@@H]([C@@H]([C@H](O2)COP(=O)([O-])OP(=O)([O-])OC[C@@H]3[C@H]([C@H]([C@@H](O3)N4C=NC5=C(N=CN=C54)N)O)O)O)O)N' for input: 'C1=C(C(=O)NC(=O)N1)[C@H]2[C@@H]([C@@H]([C@H](O2)COP(=O)([O-])OP(=O)([O-])OC[C@@H]3[C@H]([C@H]([C@@H](O3)N4C=NC5=C(N=CN=C54)N)O)O)O)O)N'

Progress: 231/2000
Progress: 232/2000
Progress: 233/2000
Progress: 234/2000
Progress: 235/2000
Progress: 236/2000
Progress: 237/2000
Progress: 238/2000[22:07:41] SMILES Parse Error: extra close parentheses while parsing: C1[C@@H]([C@H]([C@@H](O[C@]1(C(=O)O)O)[C@@H](CO)O)O)OP(=O)(O)OP(=O)(O)OC[C@@H]2[C@H]([C@H]([C@@H](O2)N3C=NC4=C3N=C(NC4=O)N)O)O)O.C1[C@@H]([C@H]([C@@H](O1)N2C=NC3=C(N=CN=C32)N)O)OP(=O)(O)OC[C@@H]4[C@H]([C@H]([C@@H](O4)N5C=NC6=C5N=C(NC6=O)N)O
[22:07:41] SMILES Parse Error: Failed parsing SMILES 'C1[C@@H]([C@H]([C@@H](O[C@]1(C(=O)O)O)[C@@H](CO)O)O)OP(=O)(O)OP(=O)(O)OC[C@@H]2[C@H]([C@H]([C@@H](O2)N3C=NC4=C3N=C(NC4=O)N)O)O)O.C1[C@@H]([C@H]([C@@H](O1)N2C=NC3=C(N=CN=C32)N)O)OP(=O)(O)OC[C@@H]4[C@H]([C@H]([C@@H](O4)N5C=NC6=C5N=C(NC6=O)N)O' for input: 'C1[C@@H]([C@H]([C@@H](O[C@]1(C(=O)O)O)[C@@H](CO)O)O)OP(=O)(O)OP(=O)(O)OC[C@@H]2[C@H]([C@H]([C@@H](O2)N3C=NC4=C3N=C(NC4=O)N)O)O)O.C1[C@@H]([C@H]([C@@H](O1)N2C=NC3=C(N=CN=C32)N)O)OP(=O)(O)OC[C@@H]4[C@H]([C@H]([C@@H](O4)N5C=NC6=C5N=C(NC6=O)N)O'

Progress: 239/2000
Progress: 240/2000[22:07:45] SMILES Parse Error: extra close parentheses while parsing: C1=C(C(=O)NC(=O)N1)[C@@H]2[C@H]([C@@H]([C@H](O2)COP(=O)([O-])OP(=O)([O-])OC[C@@H]3[C@H]([C@H]([C@@H](O3)N4C=NC5=C(N=CN=C54)N)O)O)O)O)O.O.O.O
[22:07:45] SMILES Parse Error: Failed parsing SMILES 'C1=C(C(=O)NC(=O)N1)[C@@H]2[C@H]([C@@H]([C@H](O2)COP(=O)([O-])OP(=O)([O-])OC[C@@H]3[C@H]([C@H]([C@@H](O3)N4C=NC5=C(N=CN=C54)N)O)O)O)O)O.O.O.O' for input: 'C1=C(C(=O)NC(=O)N1)[C@@H]2[C@H]([C@@H]([C@H](O2)COP(=O)([O-])OP(=O)([O-])OC[C@@H]3[C@H]([C@H]([C@@H](O3)N4C=NC5=C(N=CN=C54)N)O)O)O)O)O.O.O.O'

Progress: 241/2000
Progress: 242/2000
Progress: 243/2000[22:07:50] SMILES Parse Error: extra close parentheses while parsing: C1[C@@H]([C@H](O[C@H]1N2C=NC3=C2N=C(NC3=O)N)COP(=O)(O)OP(=O)(O)OC[C@@H]4[C@H]([C@H]([C@@H](O4)N5C=NC6=C5N=C(NC6=O)N)O)O)O)O
[22:07:50] SMILES Parse Error: Failed parsing SMILES 'C1[C@@H]([C@H](O[C@H]1N2C=NC3=C2N=C(NC3=O)N)COP(=O)(O)OP(=O)(O)OC[C@@H]4[C@H]([C@H]([C@@H](O4)N5C=NC6=C5N=C(NC6=O)N)O)O)O)O' for input: 'C1[C@@H]([C@H](O[C@H]1N2C=NC3=C2N=C(NC3=O)N)COP(=O)(O)OP(=O)(O)OC[C@@H]4[C@H]([C@H]([C@@H](O4)N5C=NC6=C5N=C(NC6=O)N)O)O)O)O'

Progress: 244/2000
Progress: 245/2000[22:07:55] SMILES Parse Error: extra open parentheses for input: 'C1C=C(C(=O)N[C@@H]1[C@@H](C(=O)O)NC(=O)[C@H](CCCN=C(N)N)NC(=O)[C@H](CC(=O)N)NC(=O)[C@H](CC2=CC=C(C=C2)O)NC(=O)[C@H](CO)NC(=O)[C@H](CC3=CNC4=CC=CC=C43)NC(=O)[C@H](CC5=CNC6=CC=CC=C65)N'

Progress: 246/2000[22:07:57] SMILES Parse Error: extra close parentheses while parsing: C1[C@@H]([C@H](O[C@H]1N2C=NC3=C2N=C(NC3=O)N)COP(=O)(O)OP(=O)(O)OC[C@@H]4[C@H]([C@H]([C@@H](O4)N5C=NC6=C5N=C(NC6=O)N)O)O)O)O
[22:07:57] SMILES Parse Error: Failed parsing SMILES 'C1[C@@H]([C@H](O[C@H]1N2C=NC3=C2N=C(NC3=O)N)COP(=O)(O)OP(=O)(O)OC[C@@H]4[C@H]([C@H]([C@@H](O4)N5C=NC6=C5N=C(NC6=O)N)O)O)O)O' for input: 'C1[C@@H]([C@H](O[C@H]1N2C=NC3=C2N=C(NC3=O)N)COP(=O)(O)OP(=O)(O)OC[C@@H]4[C@H]([C@H]([C@@H](O4)N5C=NC6=C5N=C(NC6=O)N)O)O)O)O'

Progress: 247/2000[22:07:59] SMILES Parse Error: extra close parentheses while parsing: C1C=CN(C=C1C(=O)N)[C@H]2[C@@H]([C@@H]([C@H](O2)COP(=O)([O-])OP(=O)([O-])OC[C@@H]3[C@H]([C@H]([C@@H](O3)N4C=NC5=C(N=CN=C54)N)O)O)O)O)O
[22:07:59] SMILES Parse Error: Failed parsing SMILES 'C1C=CN(C=C1C(=O)N)[C@H]2[C@@H]([C@@H]([C@H](O2)COP(=O)([O-])OP(=O)([O-])OC[C@@H]3[C@H]([C@H]([C@@H](O3)N4C=NC5=C(N=CN=C54)N)O)O)O)O)O' for input: 'C1C=CN(C=C1C(=O)N)[C@H]2[C@@H]([C@@H]([C@H](O2)COP(=O)([O-])OP(=O)([O-])OC[C@@H]3[C@H]([C@H]([C@@H](O3)N4C=NC5=C(N=CN=C54)N)O)O)O)O)O'

Progress: 248/2000[22:08:01] SMILES Parse Error: extra open parentheses for input: 'C1C=CN(C=C1C(=O)N)[C@@H]2[C@@H]([C@H]([C@@H]([C@H](O2)COP(=O)([O-])OP(=O)([O-])OC[C@@H]3[C@H]([C@H]([C@@H](O3)N4C=NC5=C(N=CN=C54)N)O)O)O)O'

Progress: 249/2000
Progress: 250/2000[22:08:05] SMILES Parse Error: extra close parentheses while parsing: C1=C(C(=O)NC(=O)N1)[C@@H]2[C@H]([C@@H]([C@H](O2)COP(=O)([O-])OP(=O)([O-])OC[C@@H]3[C@H]([C@H]([C@@H](O3)N4C=NC5=C(N=CN=C54)N)O)O)O)O)N
[22:08:05] SMILES Parse Error: Failed parsing SMILES 'C1=C(C(=O)NC(=O)N1)[C@@H]2[C@H]([C@@H]([C@H](O2)COP(=O)([O-])OP(=O)([O-])OC[C@@H]3[C@H]([C@H]([C@@H](O3)N4C=NC5=C(N=CN=C54)N)O)O)O)O)N' for input: 'C1=C(C(=O)NC(=O)N1)[C@@H]2[C@H]([C@@H]([C@H](O2)COP(=O)([O-])OP(=O)([O-])OC[C@@H]3[C@H]([C@H]([C@@H](O3)N4C=NC5=C(N=CN=C54)N)O)O)O)O)N'

Progress: 251/2000
Progress: 252/2000[22:08:08] SMILES Parse Error: extra close parentheses while parsing: C1[C@@H]([C@H](O[C@H]1N2C=NC3=C2N=C(NC3=O)N)COP(=O)(O)OP(=O)(O)OC[C@@H]4[C@H]([C@H]([C@@H](O4)N5C=NC6=C5N=C(NC6=O)N)O)O)O)O
[22:08:08] SMILES Parse Error: Failed parsing SMILES 'C1[C@@H]([C@H](O[C@H]1N2C=NC3=C2N=C(NC3=O)N)COP(=O)(O)OP(=O)(O)OC[C@@H]4[C@H]([C@H]([C@@H](O4)N5C=NC6=C5N=C(NC6=O)N)O)O)O)O' for input: 'C1[C@@H]([C@H](O[C@H]1N2C=NC3=C2N=C(NC3=O)N)COP(=O)(O)OP(=O)(O)OC[C@@H]4[C@H]([C@H]([C@@H](O4)N5C=NC6=C5N=C(NC6=O)N)O)O)O)O'

Progress: 253/2000
Progress: 254/2000
Progress: 255/2000
Progress: 256/2000
Progress: 257/2000
Progress: 258/2000
Progress: 259/2000
Progress: 260/2000[22:08:18] SMILES Parse Error: extra close parentheses while parsing: C1C=CN(C=C1C(=O)N)[C@H]2[C@@H]([C@@H]([C@H](O2)COP(=O)(O)OP(=O)(O)OC[C@@H]3[C@H]([C@H]([C@@H](O3)N4C=NC5=C(N=CN=C54)N)O)O)O)O)N
[22:08:18] SMILES Parse Error: Failed parsing SMILES 'C1C=CN(C=C1C(=O)N)[C@H]2[C@@H]([C@@H]([C@H](O2)COP(=O)(O)OP(=O)(O)OC[C@@H]3[C@H]([C@H]([C@@H](O3)N4C=NC5=C(N=CN=C54)N)O)O)O)O)N' for input: 'C1C=CN(C=C1C(=O)N)[C@H]2[C@@H]([C@@H]([C@H](O2)COP(=O)(O)OP(=O)(O)OC[C@@H]3[C@H]([C@H]([C@@H](O3)N4C=NC5=C(N=CN=C54)N)O)O)O)O)N'

Progress: 261/2000[22:08:20] SMILES Parse Error: extra close parentheses while parsing: CCC1=C(C2=NC1=CC3=C(C4=C(N3)C(=C5[C@H]([C@@H](C(=CC6=NC(=C2)C(=C6C)C=C)N5)C)CCC(=O)O)C4=N3)O)C)C
[22:08:20] SMILES Parse Error: Failed parsing SMILES 'CCC1=C(C2=NC1=CC3=C(C4=C(N3)C(=C5[C@H]([C@@H](C(=CC6=NC(=C2)C(=C6C)C=C)N5)C)CCC(=O)O)C4=N3)O)C)C' for input: 'CCC1=C(C2=NC1=CC3=C(C4=C(N3)C(=C5[C@H]([C@@H](C(=CC6=NC(=C2)C(=C6C)C=C)N5)C)CCC(=O)O)C4=N3)O)C)C'

Progress: 262/2000
Progress: 263/2000[22:08:22] SMILES Parse Error: extra close parentheses while parsing: CCC1=C(C2=NC1=CC3=C(C4=C(N3)C(=C5[C@H]([C@@H](C(=CC6=NC(=C2)C(=C6C)C=C)N5)C)CCC(=O)O)C4=N3)O)C)C
[22:08:22] SMILES Parse Error: Failed parsing SMILES 'CCC1=C(C2=NC1=CC3=C(C4=C(N3)C(=C5[C@H]([C@@H](C(=CC6=NC(=C2)C(=C6C)C=C)N5)C)CCC(=O)O)C4=N3)O)C)C' for input: 'CCC1=C(C2=NC1=CC3=C(C4=C(N3)C(=C5[C@H]([C@@H](C(=CC6=NC(=C2)C(=C6C)C=C)N5)C)CCC(=O)O)C4=N3)O)C)C'

Progress: 264/2000[22:08:24] SMILES Parse Error: extra close parentheses while parsing: C1=C(C(=O)NC(=O)N1)[C@H]2[C@@H]([C@@H]([C@H](O2)COP(=O)([O-])OP(=O)([O-])OC[C@@H]3[C@H]([C@H]([C@@H](O3)N4C=NC5=C(N=CN=C54)N)O)O)O)O)N
[22:08:24] SMILES Parse Error: Failed parsing SMILES 'C1=C(C(=O)NC(=O)N1)[C@H]2[C@@H]([C@@H]([C@H](O2)COP(=O)([O-])OP(=O)([O-])OC[C@@H]3[C@H]([C@H]([C@@H](O3)N4C=NC5=C(N=CN=C54)N)O)O)O)O)N' for input: 'C1=C(C(=O)NC(=O)N1)[C@H]2[C@@H]([C@@H]([C@H](O2)COP(=O)([O-])OP(=O)([O-])OC[C@@H]3[C@H]([C@H]([C@@H](O3)N4C=NC5=C(N=CN=C54)N)O)O)O)O)N'

Progress: 265/2000[22:08:26] SMILES Parse Error: extra close parentheses while parsing: C1=C(C(=O)NC(=O)N1)[C@@H]2[C@H]([C@@H]([C@H](O2)COP(=O)([O-])OP(=O)([O-])OC[C@@H]3[C@H]([C@H]([C@@H](O3)N4C=NC5=C(N=CN=C54)N)O)O)O)O)O)N
[22:08:26] SMILES Parse Error: Failed parsing SMILES 'C1=C(C(=O)NC(=O)N1)[C@@H]2[C@H]([C@@H]([C@H](O2)COP(=O)([O-])OP(=O)([O-])OC[C@@H]3[C@H]([C@H]([C@@H](O3)N4C=NC5=C(N=CN=C54)N)O)O)O)O)O)N' for input: 'C1=C(C(=O)NC(=O)N1)[C@@H]2[C@H]([C@@H]([C@H](O2)COP(=O)([O-])OP(=O)([O-])OC[C@@H]3[C@H]([C@H]([C@@H](O3)N4C=NC5=C(N=CN=C54)N)O)O)O)O)O)N'

Progress: 266/2000
Progress: 267/2000[22:08:31] SMILES Parse Error: extra close parentheses while parsing: C1C=CN(C=C1C(=O)N)[C@H]2[C@@H]([C@@H]([C@H](O2)COP(=O)(O)OP(=O)(O)OC[C@@H]3[C@H]([C@H]([C@@H](O3)N4C=NC5=C(N=CN=C54)N)O)O)O)O)N
[22:08:31] SMILES Parse Error: Failed parsing SMILES 'C1C=CN(C=C1C(=O)N)[C@H]2[C@@H]([C@@H]([C@H](O2)COP(=O)(O)OP(=O)(O)OC[C@@H]3[C@H]([C@H]([C@@H](O3)N4C=NC5=C(N=CN=C54)N)O)O)O)O)N' for input: 'C1C=CN(C=C1C(=O)N)[C@H]2[C@@H]([C@@H]([C@H](O2)COP(=O)(O)OP(=O)(O)OC[C@@H]3[C@H]([C@H]([C@@H](O3)N4C=NC5=C(N=CN=C54)N)O)O)O)O)N'

Progress: 268/2000[22:08:33] SMILES Parse Error: extra close parentheses while parsing: C1[C@@H]([C@H](O[C@H]1N2C=NC3=C2N=C(NC3=O)N)COP(=O)(O)OP(=O)(O)OC[C@@H]4[C@H]([C@H]([C@@H](O4)N5C=NC6=C5N=C(NC6=O)N)O)O)O)O
[22:08:33] SMILES Parse Error: Failed parsing SMILES 'C1[C@@H]([C@H](O[C@H]1N2C=NC3=C2N=C(NC3=O)N)COP(=O)(O)OP(=O)(O)OC[C@@H]4[C@H]([C@H]([C@@H](O4)N5C=NC6=C5N=C(NC6=O)N)O)O)O)O' for input: 'C1[C@@H]([C@H](O[C@H]1N2C=NC3=C2N=C(NC3=O)N)COP(=O)(O)OP(=O)(O)OC[C@@H]4[C@H]([C@H]([C@@H](O4)N5C=NC6=C5N=C(NC6=O)N)O)O)O)O'

Progress: 269/2000
Progress: 270/2000
Progress: 271/2000
Progress: 272/2000[22:08:38] SMILES Parse Error: extra open parentheses for input: 'C1C=CN(C=C1C(=O)N)[C@@H]2[C@@H]([C@H]([C@@H]([C@H](O2)COP(=O)([O-])OP(=O)([O-])OC[C@@H]3[C@H]([C@H]([C@@H](O3)N4C=NC5=C(N=CN=C54)N)O)O)O)O.O.O.O.O'

Progress: 273/2000[22:08:40] SMILES Parse Error: extra close parentheses while parsing: C1C=CN(C=C1C(=O)N)[C@H]2[C@@H]([C@@H]([C@H](O2)COP(=O)([O-])OP(=O)([O-])OC[C@@H]3[C@H]([C@H]([C@@H](O3)N4C=NC5=C(N=CN=C54)N)O)O)O)O)O
[22:08:40] SMILES Parse Error: Failed parsing SMILES 'C1C=CN(C=C1C(=O)N)[C@H]2[C@@H]([C@@H]([C@H](O2)COP(=O)([O-])OP(=O)([O-])OC[C@@H]3[C@H]([C@H]([C@@H](O3)N4C=NC5=C(N=CN=C54)N)O)O)O)O)O' for input: 'C1C=CN(C=C1C(=O)N)[C@H]2[C@@H]([C@@H]([C@H](O2)COP(=O)([O-])OP(=O)([O-])OC[C@@H]3[C@H]([C@H]([C@@H](O3)N4C=NC5=C(N=CN=C54)N)O)O)O)O)O'

Progress: 274/2000
Progress: 275/2000[22:08:43] SMILES Parse Error: extra close parentheses while parsing: C1=C(C(=O)NC(=O)N1)[C@H]2[C@@H]([C@@H]([C@H](O2)COP(=O)([O-])OP(=O)([O-])OC[C@@H]3[C@H]([C@H]([C@@H](O3)N4C=NC5=C4N=C(NC5=O)N)O)O)O)O)N
[22:08:43] SMILES Parse Error: Failed parsing SMILES 'C1=C(C(=O)NC(=O)N1)[C@H]2[C@@H]([C@@H]([C@H](O2)COP(=O)([O-])OP(=O)([O-])OC[C@@H]3[C@H]([C@H]([C@@H](O3)N4C=NC5=C4N=C(NC5=O)N)O)O)O)O)N' for input: 'C1=C(C(=O)NC(=O)N1)[C@H]2[C@@H]([C@@H]([C@H](O2)COP(=O)([O-])OP(=O)([O-])OC[C@@H]3[C@H]([C@H]([C@@H](O3)N4C=NC5=C4N=C(NC5=O)N)O)O)O)O)N'

Progress: 276/2000[22:08:45] SMILES Parse Error: extra close parentheses while parsing: CCC1=C(C2=NC1=CC3=C(C4=C(N3)C(=C5[C@H]([C@@H](C(=CC6=NC(=C2)C(=C6C)C=C)N5)C)CCC(=O)O)C4=N3)O)C)C
[22:08:45] SMILES Parse Error: Failed parsing SMILES 'CCC1=C(C2=NC1=CC3=C(C4=C(N3)C(=C5[C@H]([C@@H](C(=CC6=NC(=C2)C(=C6C)C=C)N5)C)CCC(=O)O)C4=N3)O)C)C' for input: 'CCC1=C(C2=NC1=CC3=C(C4=C(N3)C(=C5[C@H]([C@@H](C(=CC6=NC(=C2)C(=C6C)C=C)N5)C)CCC(=O)O)C4=N3)O)C)C'

Progress: 277/2000[22:08:47] SMILES Parse Error: extra close parentheses while parsing: C1=C(C(=O)NC(=O)N1)[C@H]2[C@@H]([C@@H]([C@H](O2)COP(=O)([O-])OP(=O)([O-])OC[C@@H]3[C@H]([C@H]([C@@H](O3)N4C=NC5=C(N=CN=C54)N)O)O)O)O)O
[22:08:47] SMILES Parse Error: Failed parsing SMILES 'C1=C(C(=O)NC(=O)N1)[C@H]2[C@@H]([C@@H]([C@H](O2)COP(=O)([O-])OP(=O)([O-])OC[C@@H]3[C@H]([C@H]([C@@H](O3)N4C=NC5=C(N=CN=C54)N)O)O)O)O)O' for input: 'C1=C(C(=O)NC(=O)N1)[C@H]2[C@@H]([C@@H]([C@H](O2)COP(=O)([O-])OP(=O)([O-])OC[C@@H]3[C@H]([C@H]([C@@H](O3)N4C=NC5=C(N=CN=C54)N)O)O)O)O)O'

Progress: 278/2000
Progress: 279/2000
Progress: 280/2000
Progress: 281/2000
Progress: 282/2000
Progress: 283/2000[22:08:59] SMILES Parse Error: extra close parentheses while parsing: C1=C(C(=O)NC(=O)N1)[C@H]2[C@@H]([C@@H]([C@H](O2)COP(=O)([O-])OP(=O)([O-])OC[C@@H]3[C@H]([C@H]([C@@H](O3)N4C=NC5=C(N=CN=C54)N)O)O)O)O)O
[22:08:59] SMILES Parse Error: Failed parsing SMILES 'C1=C(C(=O)NC(=O)N1)[C@H]2[C@@H]([C@@H]([C@H](O2)COP(=O)([O-])OP(=O)([O-])OC[C@@H]3[C@H]([C@H]([C@@H](O3)N4C=NC5=C(N=CN=C54)N)O)O)O)O)O' for input: 'C1=C(C(=O)NC(=O)N1)[C@H]2[C@@H]([C@@H]([C@H](O2)COP(=O)([O-])OP(=O)([O-])OC[C@@H]3[C@H]([C@H]([C@@H](O3)N4C=NC5=C(N=CN=C54)N)O)O)O)O)O'

Progress: 284/2000[22:09:00] SMILES Parse Error: extra close parentheses while parsing: C1[C@@H]([C@H](O[C@H]1N2C=NC3=C2N=C(NC3=O)N)COP(=O)(O)OP(=O)(O)OC[C@@H]4[C@H]([C@H]([C@@H](O4)N5C=NC6=C5N=C(NC6=O)N)O)O)O)O
[22:09:00] SMILES Parse Error: Failed parsing SMILES 'C1[C@@H]([C@H](O[C@H]1N2C=NC3=C2N=C(NC3=O)N)COP(=O)(O)OP(=O)(O)OC[C@@H]4[C@H]([C@H]([C@@H](O4)N5C=NC6=C5N=C(NC6=O)N)O)O)O)O' for input: 'C1[C@@H]([C@H](O[C@H]1N2C=NC3=C2N=C(NC3=O)N)COP(=O)(O)OP(=O)(O)OC[C@@H]4[C@H]([C@H]([C@@H](O4)N5C=NC6=C5N=C(NC6=O)N)O)O)O)O'

Progress: 285/2000[22:09:02] SMILES Parse Error: extra close parentheses while parsing: C1[C@@H]([C@H](O[C@H]1N2C=NC3=C2N=C(NC3=O)N)COP(=O)([O-])OP(=O)([O-])OC[C@@H]4[C@H]([C@H]([C@@H](O4)N5C=NC6=C5N=C(NC6=O)N)O)O)O)O)O
[22:09:02] SMILES Parse Error: Failed parsing SMILES 'C1[C@@H]([C@H](O[C@H]1N2C=NC3=C2N=C(NC3=O)N)COP(=O)([O-])OP(=O)([O-])OC[C@@H]4[C@H]([C@H]([C@@H](O4)N5C=NC6=C5N=C(NC6=O)N)O)O)O)O)O' for input: 'C1[C@@H]([C@H](O[C@H]1N2C=NC3=C2N=C(NC3=O)N)COP(=O)([O-])OP(=O)([O-])OC[C@@H]4[C@H]([C@H]([C@@H](O4)N5C=NC6=C5N=C(NC6=O)N)O)O)O)O)O'

Progress: 286/2000[22:09:04] SMILES Parse Error: extra close parentheses while parsing: C1=C(C(=O)NC(=O)N1)[C@H]2[C@@H]([C@@H]([C@H](O2)COP(=O)([O-])OP(=O)([O-])OC[C@@H]3[C@H]([C@H]([C@@H](O3)N4C=NC5=C(N=CN=C54)N)O)O)O)O)N
[22:09:04] SMILES Parse Error: Failed parsing SMILES 'C1=C(C(=O)NC(=O)N1)[C@H]2[C@@H]([C@@H]([C@H](O2)COP(=O)([O-])OP(=O)([O-])OC[C@@H]3[C@H]([C@H]([C@@H](O3)N4C=NC5=C(N=CN=C54)N)O)O)O)O)N' for input: 'C1=C(C(=O)NC(=O)N1)[C@H]2[C@@H]([C@@H]([C@H](O2)COP(=O)([O-])OP(=O)([O-])OC[C@@H]3[C@H]([C@H]([C@@H](O3)N4C=NC5=C(N=CN=C54)N)O)O)O)O)N'

Progress: 287/2000
Progress: 288/2000[22:09:07] SMILES Parse Error: extra open parentheses for input: 'CC1=C(C2=CC3=NC(=CC4=C(C(=C(N4)C=C5C(=C(C(=N5)C=C1N2)C)C=C)C)CCC(=O)O)CCC(=O)O'

Progress: 289/2000
Progress: 290/2000
Progress: 291/2000
Progress: 292/2000
Progress: 293/2000[22:09:17] SMILES Parse Error: extra close parentheses while parsing: C1C=CN(C=C1C(=O)N)[C@H]2[C@@H]([C@@H]([C@H](O2)COP(=O)(O)OP(=O)(O)OC[C@@H]3[C@H]([C@H]([C@@H](O3)N4C=NC5=C(N=CN=C54)N)O)O)O)O)N
[22:09:17] SMILES Parse Error: Failed parsing SMILES 'C1C=CN(C=C1C(=O)N)[C@H]2[C@@H]([C@@H]([C@H](O2)COP(=O)(O)OP(=O)(O)OC[C@@H]3[C@H]([C@H]([C@@H](O3)N4C=NC5=C(N=CN=C54)N)O)O)O)O)N' for input: 'C1C=CN(C=C1C(=O)N)[C@H]2[C@@H]([C@@H]([C@H](O2)COP(=O)(O)OP(=O)(O)OC[C@@H]3[C@H]([C@H]([C@@H](O3)N4C=NC5=C(N=CN=C54)N)O)O)O)O)N'

Progress: 294/2000[22:09:19] SMILES Parse Error: extra close parentheses while parsing: C1[C@@H]([C@H](O[C@H]1N2C=NC3=C2N=C(NC3=O)N)COP(=O)(O)OP(=O)(O)OC[C@@H]4[C@H]([C@H]([C@@H](O4)N5C=NC6=C(N=CN=C65)N)O)O)O)O
[22:09:19] SMILES Parse Error: Failed parsing SMILES 'C1[C@@H]([C@H](O[C@H]1N2C=NC3=C2N=C(NC3=O)N)COP(=O)(O)OP(=O)(O)OC[C@@H]4[C@H]([C@H]([C@@H](O4)N5C=NC6=C(N=CN=C65)N)O)O)O)O' for input: 'C1[C@@H]([C@H](O[C@H]1N2C=NC3=C2N=C(NC3=O)N)COP(=O)(O)OP(=O)(O)OC[C@@H]4[C@H]([C@H]([C@@H](O4)N5C=NC6=C(N=CN=C65)N)O)O)O)O'

Progress: 295/2000[22:09:21] SMILES Parse Error: extra close parentheses while parsing: C1=C(C(=O)NC(=O)N1)[C@H]2[C@@H]([C@@H]([C@H](O2)COP(=O)([O-])OP(=O)([O-])OC[C@@H]3[C@H]([C@H]([C@@H](O3)N4C=NC5=C(N=CN=C54)N)O)O)O)O)N
[22:09:21] SMILES Parse Error: Failed parsing SMILES 'C1=C(C(=O)NC(=O)N1)[C@H]2[C@@H]([C@@H]([C@H](O2)COP(=O)([O-])OP(=O)([O-])OC[C@@H]3[C@H]([C@H]([C@@H](O3)N4C=NC5=C(N=CN=C54)N)O)O)O)O)N' for input: 'C1=C(C(=O)NC(=O)N1)[C@H]2[C@@H]([C@@H]([C@H](O2)COP(=O)([O-])OP(=O)([O-])OC[C@@H]3[C@H]([C@H]([C@@H](O3)N4C=NC5=C(N=CN=C54)N)O)O)O)O)N'

Progress: 296/2000[22:09:23] SMILES Parse Error: extra close parentheses while parsing: C[C@@H]([C@H]1C(=O)NCC[C@@H](C(=O)N[C@H](C(=O)N[C@@H](C(=O)N[C@H](C(=O)N[C@H](C(=O)N[C@H](C(=O)N1)CC2=CC=CC=C2)CC(C)C)CC(C)C)CC(C)C)CC(C)C)CC(C)C)CC(C)C)CCC(=O)O
[22:09:23] SMILES Parse Error: Failed parsing SMILES 'C[C@@H]([C@H]1C(=O)NCC[C@@H](C(=O)N[C@H](C(=O)N[C@@H](C(=O)N[C@H](C(=O)N[C@H](C(=O)N[C@H](C(=O)N1)CC2=CC=CC=C2)CC(C)C)CC(C)C)CC(C)C)CC(C)C)CC(C)C)CC(C)C)CCC(=O)O' for input: 'C[C@@H]([C@H]1C(=O)NCC[C@@H](C(=O)N[C@H](C(=O)N[C@@H](C(=O)N[C@H](C(=O)N[C@H](C(=O)N[C@H](C(=O)N1)CC2=CC=CC=C2)CC(C)C)CC(C)C)CC(C)C)CC(C)C)CC(C)C)CC(C)C)CCC(=O)O'

Progress: 297/2000
Progress: 298/2000
Progress: 299/2000
Progress: 300/2000
Progress: 301/2000
Progress: 302/2000
Progress: 303/2000[22:09:31] SMILES Parse Error: extra close parentheses while parsing: C1C=CN(C=C1C(=O)N)[C@H]2[C@@H]([C@@H]([C@H](O2)COP(=O)(O)OP(=O)(O)OC[C@@H]3[C@H]([C@H]([C@@H](O3)N4C=NC5=C(N=CN=C54)N)O)O)O)O)N
[22:09:31] SMILES Parse Error: Failed parsing SMILES 'C1C=CN(C=C1C(=O)N)[C@H]2[C@@H]([C@@H]([C@H](O2)COP(=O)(O)OP(=O)(O)OC[C@@H]3[C@H]([C@H]([C@@H](O3)N4C=NC5=C(N=CN=C54)N)O)O)O)O)N' for input: 'C1C=CN(C=C1C(=O)N)[C@H]2[C@@H]([C@@H]([C@H](O2)COP(=O)(O)OP(=O)(O)OC[C@@H]3[C@H]([C@H]([C@@H](O3)N4C=NC5=C(N=CN=C54)N)O)O)O)O)N'

Progress: 304/2000[22:09:33] SMILES Parse Error: extra close parentheses while parsing: C1=C(C(=O)NC(=O)N1)[C@H]2[C@@H]([C@@H]([C@H](O2)COP(=O)([O-])OP(=O)([O-])OC[C@@H]3[C@H]([C@H]([C@@H](O3)N4C=NC5=C(N=CN=C54)N)O)O)O)O)C(=O)N
[22:09:33] SMILES Parse Error: Failed parsing SMILES 'C1=C(C(=O)NC(=O)N1)[C@H]2[C@@H]([C@@H]([C@H](O2)COP(=O)([O-])OP(=O)([O-])OC[C@@H]3[C@H]([C@H]([C@@H](O3)N4C=NC5=C(N=CN=C54)N)O)O)O)O)C(=O)N' for input: 'C1=C(C(=O)NC(=O)N1)[C@H]2[C@@H]([C@@H]([C@H](O2)COP(=O)([O-])OP(=O)([O-])OC[C@@H]3[C@H]([C@H]([C@@H](O3)N4C=NC5=C(N=CN=C54)N)O)O)O)O)C(=O)N'

Progress: 305/2000
Progress: 306/2000[22:09:36] SMILES Parse Error: extra close parentheses while parsing: C1=C(C(=O)NC(=O)N1)[C@H]2[C@@H]([C@@H]([C@H](O2)COP(=O)([O-])OP(=O)([O-])OC[C@@H]3[C@H]([C@H]([C@@H](O3)N4C=NC5=C(N=CN=C54)N)O)O)O)O)O
[22:09:36] SMILES Parse Error: Failed parsing SMILES 'C1=C(C(=O)NC(=O)N1)[C@H]2[C@@H]([C@@H]([C@H](O2)COP(=O)([O-])OP(=O)([O-])OC[C@@H]3[C@H]([C@H]([C@@H](O3)N4C=NC5=C(N=CN=C54)N)O)O)O)O)O' for input: 'C1=C(C(=O)NC(=O)N1)[C@H]2[C@@H]([C@@H]([C@H](O2)COP(=O)([O-])OP(=O)([O-])OC[C@@H]3[C@H]([C@H]([C@@H](O3)N4C=NC5=C(N=CN=C54)N)O)O)O)O)O'

Progress: 307/2000[22:09:38] SMILES Parse Error: extra close parentheses while parsing: C1[C@@H]([C@H](O[C@H]1N2C=NC3=C2N=C(NC3=O)N)COP(=O)(O)OP(=O)(O)OC[C@@H]4[C@H]([C@H]([C@@H](O4)N5C=NC6=C5N=C(NC6=O)N)O)O)O)O
[22:09:38] SMILES Parse Error: Failed parsing SMILES 'C1[C@@H]([C@H](O[C@H]1N2C=NC3=C2N=C(NC3=O)N)COP(=O)(O)OP(=O)(O)OC[C@@H]4[C@H]([C@H]([C@@H](O4)N5C=NC6=C5N=C(NC6=O)N)O)O)O)O' for input: 'C1[C@@H]([C@H](O[C@H]1N2C=NC3=C2N=C(NC3=O)N)COP(=O)(O)OP(=O)(O)OC[C@@H]4[C@H]([C@H]([C@@H](O4)N5C=NC6=C5N=C(NC6=O)N)O)O)O)O'

Progress: 308/2000
Progress: 309/2000[22:09:41] SMILES Parse Error: extra close parentheses while parsing: C1C=CN(C=C1C(=O)N)[C@H]2[C@@H]([C@@H]([C@H](O2)COP(=O)(O)OP(=O)(O)OC[C@@H]3[C@H]([C@H]([C@@H](O3)N4C=NC5=C(N=CN=C54)N)O)O)O)O)N
[22:09:41] SMILES Parse Error: Failed parsing SMILES 'C1C=CN(C=C1C(=O)N)[C@H]2[C@@H]([C@@H]([C@H](O2)COP(=O)(O)OP(=O)(O)OC[C@@H]3[C@H]([C@H]([C@@H](O3)N4C=NC5=C(N=CN=C54)N)O)O)O)O)N' for input: 'C1C=CN(C=C1C(=O)N)[C@H]2[C@@H]([C@@H]([C@H](O2)COP(=O)(O)OP(=O)(O)OC[C@@H]3[C@H]([C@H]([C@@H](O3)N4C=NC5=C(N=CN=C54)N)O)O)O)O)N'

Progress: 310/2000
Progress: 311/2000
Progress: 312/2000
Progress: 313/2000
Progress: 314/2000[22:09:49] SMILES Parse Error: extra open parentheses for input: 'CC1=C(C(=O)C2=NC3=C(N=C(NC3=O)[O-])N(C2=C1)C[C@@H]([C@@H]([C@@H](COP(=O)([O-])[O-])O)O)O'

Progress: 315/2000
Progress: 316/2000[22:09:52] SMILES Parse Error: extra close parentheses while parsing: C1[C@@H]([C@H](O[C@H]1N2C=NC3=C2N=C(NC3=O)N)COP(=O)(O)OP(=O)(O)OC[C@@H]4[C@H]([C@H]([C@@H](O4)N5C=NC6=C5N=C(NC6=O)N)O)O)O)O
[22:09:52] SMILES Parse Error: Failed parsing SMILES 'C1[C@@H]([C@H](O[C@H]1N2C=NC3=C2N=C(NC3=O)N)COP(=O)(O)OP(=O)(O)OC[C@@H]4[C@H]([C@H]([C@@H](O4)N5C=NC6=C5N=C(NC6=O)N)O)O)O)O' for input: 'C1[C@@H]([C@H](O[C@H]1N2C=NC3=C2N=C(NC3=O)N)COP(=O)(O)OP(=O)(O)OC[C@@H]4[C@H]([C@H]([C@@H](O4)N5C=NC6=C5N=C(NC6=O)N)O)O)O)O'

Progress: 317/2000[22:09:54] SMILES Parse Error: extra close parentheses while parsing: C1=C(C(=O)NC(=O)N1)[C@H]2[C@@H]([C@@H]([C@H](O2)COP(=O)([O-])OP(=O)([O-])OC[C@@H]3[C@H]([C@H]([C@@H](O3)N4C=NC5=C(N=CN=C54)N)O)O)O)O)O
[22:09:54] SMILES Parse Error: Failed parsing SMILES 'C1=C(C(=O)NC(=O)N1)[C@H]2[C@@H]([C@@H]([C@H](O2)COP(=O)([O-])OP(=O)([O-])OC[C@@H]3[C@H]([C@H]([C@@H](O3)N4C=NC5=C(N=CN=C54)N)O)O)O)O)O' for input: 'C1=C(C(=O)NC(=O)N1)[C@H]2[C@@H]([C@@H]([C@H](O2)COP(=O)([O-])OP(=O)([O-])OC[C@@H]3[C@H]([C@H]([C@@H](O3)N4C=NC5=C(N=CN=C54)N)O)O)O)O)O'

Progress: 318/2000[22:09:56] SMILES Parse Error: extra close parentheses while parsing: C1=C(C(=O)NC(=O)N1)[C@H]2[C@@H]([C@@H]([C@H](O2)COP(=O)([O-])OP(=O)([O-])OC[C@@H]3[C@H]([C@H]([C@@H](O3)N4C=NC5=C(N=CN=C54)N)O)O)O)O)O
[22:09:56] SMILES Parse Error: Failed parsing SMILES 'C1=C(C(=O)NC(=O)N1)[C@H]2[C@@H]([C@@H]([C@H](O2)COP(=O)([O-])OP(=O)([O-])OC[C@@H]3[C@H]([C@H]([C@@H](O3)N4C=NC5=C(N=CN=C54)N)O)O)O)O)O' for input: 'C1=C(C(=O)NC(=O)N1)[C@H]2[C@@H]([C@@H]([C@H](O2)COP(=O)([O-])OP(=O)([O-])OC[C@@H]3[C@H]([C@H]([C@@H](O3)N4C=NC5=C(N=CN=C54)N)O)O)O)O)O'

Progress: 319/2000[22:09:57] SMILES Parse Error: extra close parentheses while parsing: C1=C(C(=O)NC(=O)N1[C@H]2[C@@H]([C@@H]([C@H](O2)COP(=O)([O-])OP(=O)([O-])OC[C@@H]3[C@H]([C@H]([C@@H](O3)N4C=NC5=C(N=CN=C54)N)O)O)O)O)O)N
[22:09:57] SMILES Parse Error: Failed parsing SMILES 'C1=C(C(=O)NC(=O)N1[C@H]2[C@@H]([C@@H]([C@H](O2)COP(=O)([O-])OP(=O)([O-])OC[C@@H]3[C@H]([C@H]([C@@H](O3)N4C=NC5=C(N=CN=C54)N)O)O)O)O)O)N' for input: 'C1=C(C(=O)NC(=O)N1[C@H]2[C@@H]([C@@H]([C@H](O2)COP(=O)([O-])OP(=O)([O-])OC[C@@H]3[C@H]([C@H]([C@@H](O3)N4C=NC5=C(N=CN=C54)N)O)O)O)O)O)N'

Progress: 320/2000
Progress: 321/2000[22:10:01] SMILES Parse Error: extra close parentheses while parsing: C1[C@@H]([C@H](O[C@H]1N2C=NC3=C2N=C(NC3=O)N)COP(=O)(O)OP(=O)(O)OC[C@@H]4[C@H]([C@H]([C@@H](O4)N5C=NC6=C5N=C(NC6=O)N)O)O)O)O
[22:10:01] SMILES Parse Error: Failed parsing SMILES 'C1[C@@H]([C@H](O[C@H]1N2C=NC3=C2N=C(NC3=O)N)COP(=O)(O)OP(=O)(O)OC[C@@H]4[C@H]([C@H]([C@@H](O4)N5C=NC6=C5N=C(NC6=O)N)O)O)O)O' for input: 'C1[C@@H]([C@H](O[C@H]1N2C=NC3=C2N=C(NC3=O)N)COP(=O)(O)OP(=O)(O)OC[C@@H]4[C@H]([C@H]([C@@H](O4)N5C=NC6=C5N=C(NC6=O)N)O)O)O)O'

Progress: 322/2000[22:10:03] SMILES Parse Error: extra close parentheses while parsing: C1=C(C(=O)NC(=O)N1)[C@H]2[C@@H]([C@@H]([C@H](O2)COP(=O)([O-])OP(=O)([O-])OC[C@@H]3[C@H]([C@H]([C@@H](O3)N4C=NC5=C(N=CN=C54)N)O)O)O)O)N
[22:10:03] SMILES Parse Error: Failed parsing SMILES 'C1=C(C(=O)NC(=O)N1)[C@H]2[C@@H]([C@@H]([C@H](O2)COP(=O)([O-])OP(=O)([O-])OC[C@@H]3[C@H]([C@H]([C@@H](O3)N4C=NC5=C(N=CN=C54)N)O)O)O)O)N' for input: 'C1=C(C(=O)NC(=O)N1)[C@H]2[C@@H]([C@@H]([C@H](O2)COP(=O)([O-])OP(=O)([O-])OC[C@@H]3[C@H]([C@H]([C@@H](O3)N4C=NC5=C(N=CN=C54)N)O)O)O)O)N'

Progress: 323/2000
Progress: 324/2000
Progress: 325/2000
Progress: 326/2000[22:10:09] SMILES Parse Error: extra close parentheses while parsing: C1=C(C(=O)NC(=O)N1)[C@@H]2[C@H]([C@@H]([C@H](O2)COP(=O)(O)OP(=O)(O)OC[C@@H]3[C@H]([C@H]([C@@H](O3)N4C=NC5=C(N=CN=C54)N)O)O)O)O)O
[22:10:09] SMILES Parse Error: Failed parsing SMILES 'C1=C(C(=O)NC(=O)N1)[C@@H]2[C@H]([C@@H]([C@H](O2)COP(=O)(O)OP(=O)(O)OC[C@@H]3[C@H]([C@H]([C@@H](O3)N4C=NC5=C(N=CN=C54)N)O)O)O)O)O' for input: 'C1=C(C(=O)NC(=O)N1)[C@@H]2[C@H]([C@@H]([C@H](O2)COP(=O)(O)OP(=O)(O)OC[C@@H]3[C@H]([C@H]([C@@H](O3)N4C=NC5=C(N=CN=C54)N)O)O)O)O)O'

Progress: 327/2000
Progress: 328/2000
Progress: 329/2000
Progress: 330/2000
Progress: 331/2000[22:10:17] SMILES Parse Error: extra close parentheses while parsing: C[C@@H](C(=O)N[C@@H](CCC(=O)N[C@@H](CCC(=O)N[C@@H](CCC(=O)[O-])C(=O)[O-])C(=O)[O-])C(=O)[O-])OP(=O)([O-])OC[C@@H]1[C@H]([C@H]([C@@H](O1)N2C=NC3=C(N=CN=C32)N)O)O)O)O
[22:10:17] SMILES Parse Error: Failed parsing SMILES 'C[C@@H](C(=O)N[C@@H](CCC(=O)N[C@@H](CCC(=O)N[C@@H](CCC(=O)[O-])C(=O)[O-])C(=O)[O-])C(=O)[O-])OP(=O)([O-])OC[C@@H]1[C@H]([C@H]([C@@H](O1)N2C=NC3=C(N=CN=C32)N)O)O)O)O' for input: 'C[C@@H](C(=O)N[C@@H](CCC(=O)N[C@@H](CCC(=O)N[C@@H](CCC(=O)[O-])C(=O)[O-])C(=O)[O-])C(=O)[O-])OP(=O)([O-])OC[C@@H]1[C@H]([C@H]([C@@H](O1)N2C=NC3=C(N=CN=C32)N)O)O)O)O'

Progress: 332/2000[22:10:19] SMILES Parse Error: extra close parentheses while parsing: C1=C(C(=O)NC(=O)N1)[C@H]2[C@@H]([C@@H]([C@H](O2)COP(=O)([O-])OP(=O)([O-])OC[C@@H]3[C@H]([C@H]([C@@H](O3)N4C=NC5=C(N=CN=C54)N)O)O)O)O)N
[22:10:19] SMILES Parse Error: Failed parsing SMILES 'C1=C(C(=O)NC(=O)N1)[C@H]2[C@@H]([C@@H]([C@H](O2)COP(=O)([O-])OP(=O)([O-])OC[C@@H]3[C@H]([C@H]([C@@H](O3)N4C=NC5=C(N=CN=C54)N)O)O)O)O)N' for input: 'C1=C(C(=O)NC(=O)N1)[C@H]2[C@@H]([C@@H]([C@H](O2)COP(=O)([O-])OP(=O)([O-])OC[C@@H]3[C@H]([C@H]([C@@H](O3)N4C=NC5=C(N=CN=C54)N)O)O)O)O)N'

Progress: 333/2000
Progress: 334/2000
Progress: 335/2000
Progress: 336/2000[22:10:25] SMILES Parse Error: extra close parentheses while parsing: C1=C(C(=O)NC(=O)N1)[C@H]2[C@@H]([C@@H]([C@H](O2)COP(=O)([O-])OP(=O)([O-])OC[C@@H]3[C@H]([C@H]([C@@H](O3)N4C=NC5=C(N=CN=C54)N)O)O)O)O)O
[22:10:25] SMILES Parse Error: Failed parsing SMILES 'C1=C(C(=O)NC(=O)N1)[C@H]2[C@@H]([C@@H]([C@H](O2)COP(=O)([O-])OP(=O)([O-])OC[C@@H]3[C@H]([C@H]([C@@H](O3)N4C=NC5=C(N=CN=C54)N)O)O)O)O)O' for input: 'C1=C(C(=O)NC(=O)N1)[C@H]2[C@@H]([C@@H]([C@H](O2)COP(=O)([O-])OP(=O)([O-])OC[C@@H]3[C@H]([C@H]([C@@H](O3)N4C=NC5=C(N=CN=C54)N)O)O)O)O)O'

Progress: 337/2000[22:10:27] SMILES Parse Error: extra close parentheses while parsing: C1C=CN(C=C1C(=O)N)[C@H]2[C@@H]([C@@H]([C@H](O2)COP(=O)([O-])OP(=O)([O-])OC[C@@H]3[C@H]([C@H]([C@@H](O3)N4C=NC5=C(N=CN=C54)N)O)O)O)O)O
[22:10:27] SMILES Parse Error: Failed parsing SMILES 'C1C=CN(C=C1C(=O)N)[C@H]2[C@@H]([C@@H]([C@H](O2)COP(=O)([O-])OP(=O)([O-])OC[C@@H]3[C@H]([C@H]([C@@H](O3)N4C=NC5=C(N=CN=C54)N)O)O)O)O)O' for input: 'C1C=CN(C=C1C(=O)N)[C@H]2[C@@H]([C@@H]([C@H](O2)COP(=O)([O-])OP(=O)([O-])OC[C@@H]3[C@H]([C@H]([C@@H](O3)N4C=NC5=C(N=CN=C54)N)O)O)O)O)O'

Progress: 338/2000[22:10:29] SMILES Parse Error: extra close parentheses while parsing: CCC1=C(C2=NC1=CC3=C(C4=C(N3)C(=C5[C@H]([C@@H](C(=CC6=NC(=C2)C(=C6C)C=C)N5)C)CCC(=O)O)C4=N3)O)C)C
[22:10:29] SMILES Parse Error: Failed parsing SMILES 'CCC1=C(C2=NC1=CC3=C(C4=C(N3)C(=C5[C@H]([C@@H](C(=CC6=NC(=C2)C(=C6C)C=C)N5)C)CCC(=O)O)C4=N3)O)C)C' for input: 'CCC1=C(C2=NC1=CC3=C(C4=C(N3)C(=C5[C@H]([C@@H](C(=CC6=NC(=C2)C(=C6C)C=C)N5)C)CCC(=O)O)C4=N3)O)C)C'

Progress: 339/2000
Progress: 340/2000
Progress: 341/2000
Progress: 342/2000
Progress: 343/2000[22:10:37] SMILES Parse Error: extra close parentheses while parsing: C1=C(C(=O)NC(=O)N1)[C@H]2[C@@H]([C@@H]([C@H](O2)COP(=O)([O-])OP(=O)([O-])OC[C@@H]3[C@H]([C@H]([C@@H](O3)N4C=NC5=C(N=CN=C54)N)O)O)O)O)O
[22:10:37] SMILES Parse Error: Failed parsing SMILES 'C1=C(C(=O)NC(=O)N1)[C@H]2[C@@H]([C@@H]([C@H](O2)COP(=O)([O-])OP(=O)([O-])OC[C@@H]3[C@H]([C@H]([C@@H](O3)N4C=NC5=C(N=CN=C54)N)O)O)O)O)O' for input: 'C1=C(C(=O)NC(=O)N1)[C@H]2[C@@H]([C@@H]([C@H](O2)COP(=O)([O-])OP(=O)([O-])OC[C@@H]3[C@H]([C@H]([C@@H](O3)N4C=NC5=C(N=CN=C54)N)O)O)O)O)O'

Progress: 344/2000
Progress: 345/2000[22:10:40] SMILES Parse Error: extra close parentheses while parsing: C1C=CN(C=C1C(=O)N)[C@H]2[C@@H]([C@@H]([C@H](O2)COP(=O)(O)OP(=O)(O)OC[C@@H]3[C@H]([C@H]([C@@H](O3)N4C=NC5=C(N=CN=C54)N)O)O)O)O)N
[22:10:40] SMILES Parse Error: Failed parsing SMILES 'C1C=CN(C=C1C(=O)N)[C@H]2[C@@H]([C@@H]([C@H](O2)COP(=O)(O)OP(=O)(O)OC[C@@H]3[C@H]([C@H]([C@@H](O3)N4C=NC5=C(N=CN=C54)N)O)O)O)O)N' for input: 'C1C=CN(C=C1C(=O)N)[C@H]2[C@@H]([C@@H]([C@H](O2)COP(=O)(O)OP(=O)(O)OC[C@@H]3[C@H]([C@H]([C@@H](O3)N4C=NC5=C(N=CN=C54)N)O)O)O)O)N'

Progress: 346/2000[22:10:41] SMILES Parse Error: extra open parentheses for input: 'CC1=C(C(=O)C2=NC3=C(N=C(NC3=O)[O-])N(C2=C1)C[C@@H]([C@@H]([C@@H](COP(=O)([O-])[O-])O)O)O'

Progress: 347/2000[22:10:43] SMILES Parse Error: extra close parentheses while parsing: C1=C(C(=O)NC(=O)N1)[C@H]2[C@@H]([C@@H]([C@H](O2)COP(=O)([O-])OP(=O)([O-])OC[C@@H]3[C@H]([C@H]([C@@H](O3)N4C=NC5=C(N=CN=C54)N)O)O)O)O)N
[22:10:43] SMILES Parse Error: Failed parsing SMILES 'C1=C(C(=O)NC(=O)N1)[C@H]2[C@@H]([C@@H]([C@H](O2)COP(=O)([O-])OP(=O)([O-])OC[C@@H]3[C@H]([C@H]([C@@H](O3)N4C=NC5=C(N=CN=C54)N)O)O)O)O)N' for input: 'C1=C(C(=O)NC(=O)N1)[C@H]2[C@@H]([C@@H]([C@H](O2)COP(=O)([O-])OP(=O)([O-])OC[C@@H]3[C@H]([C@H]([C@@H](O3)N4C=NC5=C(N=CN=C54)N)O)O)O)O)N'

Progress: 348/2000
Progress: 349/2000[22:10:48] SMILES Parse Error: extra close parentheses while parsing: C1C=CN(C=C1C(=O)N)[C@H]2[C@@H]([C@@H]([C@H](O2)COP(=O)([O-])OP(=O)([O-])OC[C@@H]3[C@H]([C@H]([C@@H](O3)N4C=NC5=C(N=CN=C54)N)O)O)O)O)O
[22:10:48] SMILES Parse Error: Failed parsing SMILES 'C1C=CN(C=C1C(=O)N)[C@H]2[C@@H]([C@@H]([C@H](O2)COP(=O)([O-])OP(=O)([O-])OC[C@@H]3[C@H]([C@H]([C@@H](O3)N4C=NC5=C(N=CN=C54)N)O)O)O)O)O' for input: 'C1C=CN(C=C1C(=O)N)[C@H]2[C@@H]([C@@H]([C@H](O2)COP(=O)([O-])OP(=O)([O-])OC[C@@H]3[C@H]([C@H]([C@@H](O3)N4C=NC5=C(N=CN=C54)N)O)O)O)O)O'

Progress: 350/2000[22:10:49] SMILES Parse Error: extra close parentheses while parsing: C1=C(C(=O)NC(=O)N1)[C@H]2[C@@H]([C@@H]([C@H](O2)COP(=O)([O-])OP(=O)([O-])OC[C@@H]3[C@H]([C@H]([C@@H](O3)N4C=NC5=C(N=CN=C54)N)O)O)O)O)N
[22:10:49] SMILES Parse Error: Failed parsing SMILES 'C1=C(C(=O)NC(=O)N1)[C@H]2[C@@H]([C@@H]([C@H](O2)COP(=O)([O-])OP(=O)([O-])OC[C@@H]3[C@H]([C@H]([C@@H](O3)N4C=NC5=C(N=CN=C54)N)O)O)O)O)N' for input: 'C1=C(C(=O)NC(=O)N1)[C@H]2[C@@H]([C@@H]([C@H](O2)COP(=O)([O-])OP(=O)([O-])OC[C@@H]3[C@H]([C@H]([C@@H](O3)N4C=NC5=C(N=CN=C54)N)O)O)O)O)N'

Progress: 351/2000[22:10:52] SMILES Parse Error: extra close parentheses while parsing: C[C@@H](C(=O)N[C@@H](CCC(=O)N[C@@H](CCC(=O)N[C@@H](CCC(=O)[O-])C(=O)[O-])C(=O)[O-])C(=O)[O-])OP(=O)([O-])OC[C@@H]1[C@H]([C@H]([C@@H](O1)N2C=NC3=C(N=CN=C32)N)O)O)O)O
[22:10:52] SMILES Parse Error: Failed parsing SMILES 'C[C@@H](C(=O)N[C@@H](CCC(=O)N[C@@H](CCC(=O)N[C@@H](CCC(=O)[O-])C(=O)[O-])C(=O)[O-])C(=O)[O-])OP(=O)([O-])OC[C@@H]1[C@H]([C@H]([C@@H](O1)N2C=NC3=C(N=CN=C32)N)O)O)O)O' for input: 'C[C@@H](C(=O)N[C@@H](CCC(=O)N[C@@H](CCC(=O)N[C@@H](CCC(=O)[O-])C(=O)[O-])C(=O)[O-])C(=O)[O-])OP(=O)([O-])OC[C@@H]1[C@H]([C@H]([C@@H](O1)N2C=NC3=C(N=CN=C32)N)O)O)O)O'

Progress: 352/2000[22:10:54] SMILES Parse Error: extra close parentheses while parsing: C1C=CN(C=C1C(=O)N)[C@H]2[C@@H]([C@@H]([C@H](O2)COP(=O)([O-])OP(=O)([O-])OC[C@@H]3[C@H]([C@H]([C@@H](O3)N4C=NC5=C(N=CN=C54)N)O)O)O)O)O
[22:10:54] SMILES Parse Error: Failed parsing SMILES 'C1C=CN(C=C1C(=O)N)[C@H]2[C@@H]([C@@H]([C@H](O2)COP(=O)([O-])OP(=O)([O-])OC[C@@H]3[C@H]([C@H]([C@@H](O3)N4C=NC5=C(N=CN=C54)N)O)O)O)O)O' for input: 'C1C=CN(C=C1C(=O)N)[C@H]2[C@@H]([C@@H]([C@H](O2)COP(=O)([O-])OP(=O)([O-])OC[C@@H]3[C@H]([C@H]([C@@H](O3)N4C=NC5=C(N=CN=C54)N)O)O)O)O)O'

Progress: 353/2000[22:10:56] SMILES Parse Error: extra close parentheses while parsing: C1=C(C(=O)NC(=O)N1)[C@@H]2[C@H]([C@@H]([C@H](O2)COP(=O)([O-])OP(=O)([O-])OC[C@@H]3[C@H]([C@H]([C@@H](O3)N4C=NC5=C(N=CN=C54)N)O)O)O)O)O)N
[22:10:56] SMILES Parse Error: Failed parsing SMILES 'C1=C(C(=O)NC(=O)N1)[C@@H]2[C@H]([C@@H]([C@H](O2)COP(=O)([O-])OP(=O)([O-])OC[C@@H]3[C@H]([C@H]([C@@H](O3)N4C=NC5=C(N=CN=C54)N)O)O)O)O)O)N' for input: 'C1=C(C(=O)NC(=O)N1)[C@@H]2[C@H]([C@@H]([C@H](O2)COP(=O)([O-])OP(=O)([O-])OC[C@@H]3[C@H]([C@H]([C@@H](O3)N4C=NC5=C(N=CN=C54)N)O)O)O)O)O)N'

Progress: 354/2000[22:10:57] SMILES Parse Error: extra close parentheses while parsing: C1=C(C(=O)NC(=O)N1[C@H]2[C@@H]([C@@H]([C@H](O2)COP(=O)([O-])OP(=O)([O-])OC[C@@H]3[C@H]([C@H]([C@@H](O3)N4C=NC5=C(N=CN=C54)N)O)O)O)O)O)N
[22:10:57] SMILES Parse Error: Failed parsing SMILES 'C1=C(C(=O)NC(=O)N1[C@H]2[C@@H]([C@@H]([C@H](O2)COP(=O)([O-])OP(=O)([O-])OC[C@@H]3[C@H]([C@H]([C@@H](O3)N4C=NC5=C(N=CN=C54)N)O)O)O)O)O)N' for input: 'C1=C(C(=O)NC(=O)N1[C@H]2[C@@H]([C@@H]([C@H](O2)COP(=O)([O-])OP(=O)([O-])OC[C@@H]3[C@H]([C@H]([C@@H](O3)N4C=NC5=C(N=CN=C54)N)O)O)O)O)O)N'

Progress: 355/2000[22:10:59] SMILES Parse Error: extra close parentheses while parsing: C1=C(C(=O)NC(=O)N1)[C@H]2[C@@H]([C@@H]([C@H](O2)COP(=O)([O-])OP(=O)([O-])OC[C@@H]3[C@H]([C@H]([C@@H](O3)N4C=NC5=C(N=CN=C54)N)O)O)O)O)O
[22:10:59] SMILES Parse Error: Failed parsing SMILES 'C1=C(C(=O)NC(=O)N1)[C@H]2[C@@H]([C@@H]([C@H](O2)COP(=O)([O-])OP(=O)([O-])OC[C@@H]3[C@H]([C@H]([C@@H](O3)N4C=NC5=C(N=CN=C54)N)O)O)O)O)O' for input: 'C1=C(C(=O)NC(=O)N1)[C@H]2[C@@H]([C@@H]([C@H](O2)COP(=O)([O-])OP(=O)([O-])OC[C@@H]3[C@H]([C@H]([C@@H](O3)N4C=NC5=C(N=CN=C54)N)O)O)O)O)O'

Progress: 356/2000[22:11:01] SMILES Parse Error: extra close parentheses while parsing: C1=C(C(=O)NC(=O)N1)[C@@H]2[C@H]([C@@H]([C@H](O2)COP(=O)([O-])OP(=O)([O-])OC[C@@H]3[C@H]([C@H]([C@@H](O3)N4C=NC5=C(N=CN=C54)N)O)O)O)O)O)N
[22:11:01] SMILES Parse Error: Failed parsing SMILES 'C1=C(C(=O)NC(=O)N1)[C@@H]2[C@H]([C@@H]([C@H](O2)COP(=O)([O-])OP(=O)([O-])OC[C@@H]3[C@H]([C@H]([C@@H](O3)N4C=NC5=C(N=CN=C54)N)O)O)O)O)O)N' for input: 'C1=C(C(=O)NC(=O)N1)[C@@H]2[C@H]([C@@H]([C@H](O2)COP(=O)([O-])OP(=O)([O-])OC[C@@H]3[C@H]([C@H]([C@@H](O3)N4C=NC5=C(N=CN=C54)N)O)O)O)O)O)N'

Progress: 357/2000[22:11:03] SMILES Parse Error: extra close parentheses while parsing: C1=C(C(=O)NC(=O)N1)[C@H]2[C@@H]([C@@H]([C@H](O2)COP(=O)([O-])OP(=O)([O-])OC[C@@H]3[C@H]([C@H]([C@@H](O3)N4C=NC5=C(N=CN=C54)N)O)O)O)O)C(=O)N
[22:11:03] SMILES Parse Error: Failed parsing SMILES 'C1=C(C(=O)NC(=O)N1)[C@H]2[C@@H]([C@@H]([C@H](O2)COP(=O)([O-])OP(=O)([O-])OC[C@@H]3[C@H]([C@H]([C@@H](O3)N4C=NC5=C(N=CN=C54)N)O)O)O)O)C(=O)N' for input: 'C1=C(C(=O)NC(=O)N1)[C@H]2[C@@H]([C@@H]([C@H](O2)COP(=O)([O-])OP(=O)([O-])OC[C@@H]3[C@H]([C@H]([C@@H](O3)N4C=NC5=C(N=CN=C54)N)O)O)O)O)C(=O)N'

Progress: 358/2000[22:11:05] SMILES Parse Error: extra close parentheses while parsing: C1=C(C(=O)NC(=O)N1)[C@H]2[C@@H]([C@@H]([C@H](O2)COP(=O)([O-])OP(=O)([O-])OC[C@@H]3[C@H]([C@H]([C@@H](O3)N4C=NC5=C(N=CN=C54)N)O)O)O)O)N
[22:11:05] SMILES Parse Error: Failed parsing SMILES 'C1=C(C(=O)NC(=O)N1)[C@H]2[C@@H]([C@@H]([C@H](O2)COP(=O)([O-])OP(=O)([O-])OC[C@@H]3[C@H]([C@H]([C@@H](O3)N4C=NC5=C(N=CN=C54)N)O)O)O)O)N' for input: 'C1=C(C(=O)NC(=O)N1)[C@H]2[C@@H]([C@@H]([C@H](O2)COP(=O)([O-])OP(=O)([O-])OC[C@@H]3[C@H]([C@H]([C@@H](O3)N4C=NC5=C(N=CN=C54)N)O)O)O)O)N'

Progress: 359/2000[22:11:07] SMILES Parse Error: extra close parentheses while parsing: C1=C(C(=O)NC(=O)N1)[C@@H]2[C@H]([C@@H]([C@H](O2)COP(=O)([O-])OP(=O)([O-])OC[C@@H]3[C@H]([C@H]([C@@H](O3)N4C=NC5=C(N=CN=C54)N)O)O)O)O)N
[22:11:07] SMILES Parse Error: Failed parsing SMILES 'C1=C(C(=O)NC(=O)N1)[C@@H]2[C@H]([C@@H]([C@H](O2)COP(=O)([O-])OP(=O)([O-])OC[C@@H]3[C@H]([C@H]([C@@H](O3)N4C=NC5=C(N=CN=C54)N)O)O)O)O)N' for input: 'C1=C(C(=O)NC(=O)N1)[C@@H]2[C@H]([C@@H]([C@H](O2)COP(=O)([O-])OP(=O)([O-])OC[C@@H]3[C@H]([C@H]([C@@H](O3)N4C=NC5=C(N=CN=C54)N)O)O)O)O)N'

Progress: 360/2000
Progress: 361/2000[22:11:10] SMILES Parse Error: extra close parentheses while parsing: C1=C(C(=O)NC(=O)N1)[C@@H]2[C@H]([C@@H]([C@H](O2)COP(=O)([O-])OP(=O)([O-])OC[C@@H]3[C@H]([C@H]([C@@H](O3)N4C=NC5=C(N=CN=C54)N)O)O)O)O)N
[22:11:10] SMILES Parse Error: Failed parsing SMILES 'C1=C(C(=O)NC(=O)N1)[C@@H]2[C@H]([C@@H]([C@H](O2)COP(=O)([O-])OP(=O)([O-])OC[C@@H]3[C@H]([C@H]([C@@H](O3)N4C=NC5=C(N=CN=C54)N)O)O)O)O)N' for input: 'C1=C(C(=O)NC(=O)N1)[C@@H]2[C@H]([C@@H]([C@H](O2)COP(=O)([O-])OP(=O)([O-])OC[C@@H]3[C@H]([C@H]([C@@H](O3)N4C=NC5=C(N=CN=C54)N)O)O)O)O)N'

Progress: 362/2000[22:11:11] SMILES Parse Error: extra close parentheses while parsing: C1=C(C(=O)NC(=O)N1)[C@H]2[C@@H]([C@@H]([C@H](O2)COP(=O)([O-])OP(=O)([O-])OC[C@@H]3[C@H]([C@H]([C@@H](O3)N4C=NC5=C(N=CN=C54)N)O)O)O)O)N
[22:11:11] SMILES Parse Error: Failed parsing SMILES 'C1=C(C(=O)NC(=O)N1)[C@H]2[C@@H]([C@@H]([C@H](O2)COP(=O)([O-])OP(=O)([O-])OC[C@@H]3[C@H]([C@H]([C@@H](O3)N4C=NC5=C(N=CN=C54)N)O)O)O)O)N' for input: 'C1=C(C(=O)NC(=O)N1)[C@H]2[C@@H]([C@@H]([C@H](O2)COP(=O)([O-])OP(=O)([O-])OC[C@@H]3[C@H]([C@H]([C@@H](O3)N4C=NC5=C(N=CN=C54)N)O)O)O)O)N'

Progress: 363/2000[22:11:13] SMILES Parse Error: extra close parentheses while parsing: C1=C(C(=O)NC(=O)N1)[C@H]2[C@@H]([C@@H]([C@H](O2)COP(=O)([O-])OP(=O)([O-])OC[C@@H]3[C@H]([C@H]([C@@H](O3)N4C=NC5=C(N=CN=C54)N)O)O)O)O)O
[22:11:13] SMILES Parse Error: Failed parsing SMILES 'C1=C(C(=O)NC(=O)N1)[C@H]2[C@@H]([C@@H]([C@H](O2)COP(=O)([O-])OP(=O)([O-])OC[C@@H]3[C@H]([C@H]([C@@H](O3)N4C=NC5=C(N=CN=C54)N)O)O)O)O)O' for input: 'C1=C(C(=O)NC(=O)N1)[C@H]2[C@@H]([C@@H]([C@H](O2)COP(=O)([O-])OP(=O)([O-])OC[C@@H]3[C@H]([C@H]([C@@H](O3)N4C=NC5=C(N=CN=C54)N)O)O)O)O)O'

Progress: 364/2000[22:11:15] SMILES Parse Error: extra close parentheses while parsing: C1C=CN(C=C1C(=O)N)[C@@H]2[C@@H]([C@H]([C@@H](O2)COP(=O)(O)OP(=O)(O)OC[C@@H]3[C@H]([C@H]([C@@H](O3)N4C=NC5=C(N=CN=C54)N)O)O)O)O)N
[22:11:15] SMILES Parse Error: Failed parsing SMILES 'C1C=CN(C=C1C(=O)N)[C@@H]2[C@@H]([C@H]([C@@H](O2)COP(=O)(O)OP(=O)(O)OC[C@@H]3[C@H]([C@H]([C@@H](O3)N4C=NC5=C(N=CN=C54)N)O)O)O)O)N' for input: 'C1C=CN(C=C1C(=O)N)[C@@H]2[C@@H]([C@H]([C@@H](O2)COP(=O)(O)OP(=O)(O)OC[C@@H]3[C@H]([C@H]([C@@H](O3)N4C=NC5=C(N=CN=C54)N)O)O)O)O)N'

Progress: 365/2000
Progress: 366/2000
Progress: 367/2000
Progress: 368/2000[22:11:22] SMILES Parse Error: extra close parentheses while parsing: C1=C(C(=O)NC(=O)N1)[C@H]2[C@@H]([C@@H]([C@H](O2)COP(=O)([O-])OP(=O)([O-])OC[C@@H]3[C@H]([C@H]([C@@H](O3)N4C=NC5=C(N=CN=C54)N)O)O)O)O)N
[22:11:22] SMILES Parse Error: Failed parsing SMILES 'C1=C(C(=O)NC(=O)N1)[C@H]2[C@@H]([C@@H]([C@H](O2)COP(=O)([O-])OP(=O)([O-])OC[C@@H]3[C@H]([C@H]([C@@H](O3)N4C=NC5=C(N=CN=C54)N)O)O)O)O)N' for input: 'C1=C(C(=O)NC(=O)N1)[C@H]2[C@@H]([C@@H]([C@H](O2)COP(=O)([O-])OP(=O)([O-])OC[C@@H]3[C@H]([C@H]([C@@H](O3)N4C=NC5=C(N=CN=C54)N)O)O)O)O)N'

Progress: 369/2000[22:11:24] SMILES Parse Error: extra close parentheses while parsing: C1[C@@H]([C@H](O[C@H]1N2C=NC3=C2N=C(NC3=O)N)COP(=O)(O)OP(=O)(O)OC[C@@H]4[C@H]([C@H]([C@@H](O4)N5C=NC6=C5N=C(NC6=O)N)O)O)O)O
[22:11:24] SMILES Parse Error: Failed parsing SMILES 'C1[C@@H]([C@H](O[C@H]1N2C=NC3=C2N=C(NC3=O)N)COP(=O)(O)OP(=O)(O)OC[C@@H]4[C@H]([C@H]([C@@H](O4)N5C=NC6=C5N=C(NC6=O)N)O)O)O)O' for input: 'C1[C@@H]([C@H](O[C@H]1N2C=NC3=C2N=C(NC3=O)N)COP(=O)(O)OP(=O)(O)OC[C@@H]4[C@H]([C@H]([C@@H](O4)N5C=NC6=C5N=C(NC6=O)N)O)O)O)O'

Progress: 370/2000
Progress: 371/2000
Progress: 372/2000[22:11:28] SMILES Parse Error: extra close parentheses while parsing: C1=C(C(=O)NC(=O)N1)[C@H]2[C@@H]([C@@H]([C@H](O2)COP(=O)([O-])OP(=O)([O-])OC[C@@H]3[C@H]([C@H]([C@@H](O3)N4C=NC5=C(N=CN=C54)N)O)O)O)O)N
[22:11:28] SMILES Parse Error: Failed parsing SMILES 'C1=C(C(=O)NC(=O)N1)[C@H]2[C@@H]([C@@H]([C@H](O2)COP(=O)([O-])OP(=O)([O-])OC[C@@H]3[C@H]([C@H]([C@@H](O3)N4C=NC5=C(N=CN=C54)N)O)O)O)O)N' for input: 'C1=C(C(=O)NC(=O)N1)[C@H]2[C@@H]([C@@H]([C@H](O2)COP(=O)([O-])OP(=O)([O-])OC[C@@H]3[C@H]([C@H]([C@@H](O3)N4C=NC5=C(N=CN=C54)N)O)O)O)O)N'

Progress: 373/2000
Progress: 374/2000[22:11:32] SMILES Parse Error: extra close parentheses while parsing: C1=C(C(=O)NC(=O)N1)[C@H]2[C@@H]([C@@H]([C@H](O2)COP(=O)([O-])OP(=O)([O-])OC[C@@H]3[C@H]([C@H]([C@@H](O3)N4C=NC5=C(N=CN=C54)N)O)O)O)O)N
[22:11:32] SMILES Parse Error: Failed parsing SMILES 'C1=C(C(=O)NC(=O)N1)[C@H]2[C@@H]([C@@H]([C@H](O2)COP(=O)([O-])OP(=O)([O-])OC[C@@H]3[C@H]([C@H]([C@@H](O3)N4C=NC5=C(N=CN=C54)N)O)O)O)O)N' for input: 'C1=C(C(=O)NC(=O)N1)[C@H]2[C@@H]([C@@H]([C@H](O2)COP(=O)([O-])OP(=O)([O-])OC[C@@H]3[C@H]([C@H]([C@@H](O3)N4C=NC5=C(N=CN=C54)N)O)O)O)O)N'

Progress: 375/2000[22:11:34] SMILES Parse Error: extra close parentheses while parsing: C1=C(C(=O)NC(=O)N1)[C@H]2[C@@H]([C@@H]([C@H](O2)COP(=O)([O-])OP(=O)([O-])OC[C@@H]3[C@H]([C@H]([C@@H](O3)N4C=NC5=C(N=CN=C54)N)O)O)O)O)C(=O)N
[22:11:34] SMILES Parse Error: Failed parsing SMILES 'C1=C(C(=O)NC(=O)N1)[C@H]2[C@@H]([C@@H]([C@H](O2)COP(=O)([O-])OP(=O)([O-])OC[C@@H]3[C@H]([C@H]([C@@H](O3)N4C=NC5=C(N=CN=C54)N)O)O)O)O)C(=O)N' for input: 'C1=C(C(=O)NC(=O)N1)[C@H]2[C@@H]([C@@H]([C@H](O2)COP(=O)([O-])OP(=O)([O-])OC[C@@H]3[C@H]([C@H]([C@@H](O3)N4C=NC5=C(N=CN=C54)N)O)O)O)O)C(=O)N'

Progress: 376/2000
Progress: 377/2000[22:11:37] SMILES Parse Error: extra close parentheses while parsing: C1=C(C(=O)NC(=O)N1)[C@H]2[C@@H]([C@@H]([C@H](O2)COP(=O)([O-])OP(=O)([O-])OC[C@@H]3[C@H]([C@H]([C@@H](O3)N4C=NC5=C(N=CN=C54)N)O)O)O)O)N
[22:11:37] SMILES Parse Error: Failed parsing SMILES 'C1=C(C(=O)NC(=O)N1)[C@H]2[C@@H]([C@@H]([C@H](O2)COP(=O)([O-])OP(=O)([O-])OC[C@@H]3[C@H]([C@H]([C@@H](O3)N4C=NC5=C(N=CN=C54)N)O)O)O)O)N' for input: 'C1=C(C(=O)NC(=O)N1)[C@H]2[C@@H]([C@@H]([C@H](O2)COP(=O)([O-])OP(=O)([O-])OC[C@@H]3[C@H]([C@H]([C@@H](O3)N4C=NC5=C(N=CN=C54)N)O)O)O)O)N'

Progress: 378/2000
Progress: 379/2000
Progress: 380/2000
Progress: 381/2000
Progress: 382/2000[22:11:45] SMILES Parse Error: extra close parentheses while parsing: C1C=CN(C(=O)N1)[C@H]2[C@@H]([C@@H]([C@H](O2)COP(=O)([O-])OP(=O)([O-])OC[C@@H]3[C@H]([C@H]([C@@H](O3)N4C=NC5=C(N=CN=C54)N)O)O)O)O)O
[22:11:45] SMILES Parse Error: Failed parsing SMILES 'C1C=CN(C(=O)N1)[C@H]2[C@@H]([C@@H]([C@H](O2)COP(=O)([O-])OP(=O)([O-])OC[C@@H]3[C@H]([C@H]([C@@H](O3)N4C=NC5=C(N=CN=C54)N)O)O)O)O)O' for input: 'C1C=CN(C(=O)N1)[C@H]2[C@@H]([C@@H]([C@H](O2)COP(=O)([O-])OP(=O)([O-])OC[C@@H]3[C@H]([C@H]([C@@H](O3)N4C=NC5=C(N=CN=C54)N)O)O)O)O)O'

Progress: 383/2000[22:11:47] SMILES Parse Error: extra close parentheses while parsing: C1C=CN(C=C1C(=O)N)[C@H]2[C@@H]([C@@H]([C@H](O2)COP(=O)(O)OP(=O)(O)OC[C@@H]3[C@H]([C@H]([C@@H](O3)N4C=NC5=C(N=CN=C54)N)O)O)O)O)N
[22:11:47] SMILES Parse Error: Failed parsing SMILES 'C1C=CN(C=C1C(=O)N)[C@H]2[C@@H]([C@@H]([C@H](O2)COP(=O)(O)OP(=O)(O)OC[C@@H]3[C@H]([C@H]([C@@H](O3)N4C=NC5=C(N=CN=C54)N)O)O)O)O)N' for input: 'C1C=CN(C=C1C(=O)N)[C@H]2[C@@H]([C@@H]([C@H](O2)COP(=O)(O)OP(=O)(O)OC[C@@H]3[C@H]([C@H]([C@@H](O3)N4C=NC5=C(N=CN=C54)N)O)O)O)O)N'

Progress: 384/2000
Progress: 385/2000
Progress: 386/2000
Progress: 387/2000[22:11:53] SMILES Parse Error: extra close parentheses while parsing: C1=C(C(=O)NC(=O)N1)[C@H]2[C@@H]([C@@H]([C@H](O2)COP(=O)([O-])OP(=O)([O-])OC[C@@H]3[C@H]([C@H]([C@@H](O3)N4C=NC5=C(N=CN=C54)N)O)O)O)O)O.C1=NC2=C(C(=O)NC2=O)C3=CC(=CC3=C(C=C3)O)O
[22:11:53] SMILES Parse Error: Failed parsing SMILES 'C1=C(C(=O)NC(=O)N1)[C@H]2[C@@H]([C@@H]([C@H](O2)COP(=O)([O-])OP(=O)([O-])OC[C@@H]3[C@H]([C@H]([C@@H](O3)N4C=NC5=C(N=CN=C54)N)O)O)O)O)O.C1=NC2=C(C(=O)NC2=O)C3=CC(=CC3=C(C=C3)O)O' for input: 'C1=C(C(=O)NC(=O)N1)[C@H]2[C@@H]([C@@H]([C@H](O2)COP(=O)([O-])OP(=O)([O-])OC[C@@H]3[C@H]([C@H]([C@@H](O3)N4C=NC5=C(N=CN=C54)N)O)O)O)O)O.C1=NC2=C(C(=O)NC2=O)C3=CC(=CC3=C(C=C3)O)O'

Progress: 388/2000
Progress: 389/2000[22:11:56] SMILES Parse Error: extra close parentheses while parsing: C1[C@@H]([C@H](O[C@H]1N2C=NC3=C2N=C(NC3=O)N)COP(=O)(O)OP(=O)(O)OC[C@@H]4[C@H]([C@H]([C@@H](O4)N5C=NC6=C5N=C(NC6=O)N)O)O)O)O
[22:11:56] SMILES Parse Error: Failed parsing SMILES 'C1[C@@H]([C@H](O[C@H]1N2C=NC3=C2N=C(NC3=O)N)COP(=O)(O)OP(=O)(O)OC[C@@H]4[C@H]([C@H]([C@@H](O4)N5C=NC6=C5N=C(NC6=O)N)O)O)O)O' for input: 'C1[C@@H]([C@H](O[C@H]1N2C=NC3=C2N=C(NC3=O)N)COP(=O)(O)OP(=O)(O)OC[C@@H]4[C@H]([C@H]([C@@H](O4)N5C=NC6=C5N=C(NC6=O)N)O)O)O)O'

Progress: 390/2000
Progress: 391/2000[22:11:59] SMILES Parse Error: extra close parentheses while parsing: C1[C@@H]([C@H](O[C@H]1N2C=NC3=C2NC(=O)NC3=O)COP(=O)(O)OP(=O)(O)OC[C@@H]4[C@H]([C@H]([C@@H](O4)N5C=NC6=C5N=C(NC6=O)N)O)O)O)O
[22:11:59] SMILES Parse Error: Failed parsing SMILES 'C1[C@@H]([C@H](O[C@H]1N2C=NC3=C2NC(=O)NC3=O)COP(=O)(O)OP(=O)(O)OC[C@@H]4[C@H]([C@H]([C@@H](O4)N5C=NC6=C5N=C(NC6=O)N)O)O)O)O' for input: 'C1[C@@H]([C@H](O[C@H]1N2C=NC3=C2NC(=O)NC3=O)COP(=O)(O)OP(=O)(O)OC[C@@H]4[C@H]([C@H]([C@@H](O4)N5C=NC6=C5N=C(NC6=O)N)O)O)O)O'

Progress: 392/2000[22:12:01] SMILES Parse Error: extra close parentheses while parsing: C1=C(C(=O)NC(=O)N1)[C@@H]2[C@H]([C@@H]([C@H](O2)COP(=O)([O-])OP(=O)([O-])OC[C@@H]3[C@H]([C@H]([C@@H](O3)N4C=NC5=C(N=CN=C54)N)O)O)O)O)N
[22:12:01] SMILES Parse Error: Failed parsing SMILES 'C1=C(C(=O)NC(=O)N1)[C@@H]2[C@H]([C@@H]([C@H](O2)COP(=O)([O-])OP(=O)([O-])OC[C@@H]3[C@H]([C@H]([C@@H](O3)N4C=NC5=C(N=CN=C54)N)O)O)O)O)N' for input: 'C1=C(C(=O)NC(=O)N1)[C@@H]2[C@H]([C@@H]([C@H](O2)COP(=O)([O-])OP(=O)([O-])OC[C@@H]3[C@H]([C@H]([C@@H](O3)N4C=NC5=C(N=CN=C54)N)O)O)O)O)N'

Progress: 393/2000
Progress: 394/2000[22:12:04] SMILES Parse Error: extra close parentheses while parsing: C1C=CN(C=C1C(=O)N)[C@H]2[C@@H]([C@@H]([C@H](O2)COP(=O)(O)OP(=O)(O)OC[C@@H]3[C@H]([C@H]([C@@H](O3)N4C=NC5=C(N=CN=C54)N)O)O)O)O)N
[22:12:04] SMILES Parse Error: Failed parsing SMILES 'C1C=CN(C=C1C(=O)N)[C@H]2[C@@H]([C@@H]([C@H](O2)COP(=O)(O)OP(=O)(O)OC[C@@H]3[C@H]([C@H]([C@@H](O3)N4C=NC5=C(N=CN=C54)N)O)O)O)O)N' for input: 'C1C=CN(C=C1C(=O)N)[C@H]2[C@@H]([C@@H]([C@H](O2)COP(=O)(O)OP(=O)(O)OC[C@@H]3[C@H]([C@H]([C@@H](O3)N4C=NC5=C(N=CN=C54)N)O)O)O)O)N'

Progress: 395/2000[22:12:06] SMILES Parse Error: extra close parentheses while parsing: C1=C(C(=O)NC(=O)N1)[C@@H]2[C@H]([C@@H]([C@H](O2)COP(=O)([O-])OP(=O)([O-])OC[C@@H]3[C@H]([C@H]([C@@H](O3)N4C=NC5=C(N=CN=C54)N)O)O)O)O)O
[22:12:06] SMILES Parse Error: Failed parsing SMILES 'C1=C(C(=O)NC(=O)N1)[C@@H]2[C@H]([C@@H]([C@H](O2)COP(=O)([O-])OP(=O)([O-])OC[C@@H]3[C@H]([C@H]([C@@H](O3)N4C=NC5=C(N=CN=C54)N)O)O)O)O)O' for input: 'C1=C(C(=O)NC(=O)N1)[C@@H]2[C@H]([C@@H]([C@H](O2)COP(=O)([O-])OP(=O)([O-])OC[C@@H]3[C@H]([C@H]([C@@H](O3)N4C=NC5=C(N=CN=C54)N)O)O)O)O)O'

Progress: 396/2000[22:12:08] SMILES Parse Error: extra close parentheses while parsing: C1=C(C(=O)NC(=O)N1)[C@H]2[C@@H]([C@@H]([C@H](O2)COP(=O)([O-])OP(=O)([O-])OC[C@@H]3[C@H]([C@H]([C@@H](O3)N4C=NC5=C(N=CN=C54)N)O)O)O)O)N
[22:12:08] SMILES Parse Error: Failed parsing SMILES 'C1=C(C(=O)NC(=O)N1)[C@H]2[C@@H]([C@@H]([C@H](O2)COP(=O)([O-])OP(=O)([O-])OC[C@@H]3[C@H]([C@H]([C@@H](O3)N4C=NC5=C(N=CN=C54)N)O)O)O)O)N' for input: 'C1=C(C(=O)NC(=O)N1)[C@H]2[C@@H]([C@@H]([C@H](O2)COP(=O)([O-])OP(=O)([O-])OC[C@@H]3[C@H]([C@H]([C@@H](O3)N4C=NC5=C(N=CN=C54)N)O)O)O)O)N'

Progress: 397/2000
Progress: 398/2000[22:12:11] SMILES Parse Error: extra close parentheses while parsing: C1=C(C(=O)NC(=O)N1)[C@@H]2[C@H]([C@@H]([C@H](O2)COP(=O)([O-])OP(=O)([O-])OC[C@@H]3[C@H]([C@H]([C@@H](O3)N4C=NC5=C(N=CN=C54)N)O)O)O)O)N
[22:12:11] SMILES Parse Error: Failed parsing SMILES 'C1=C(C(=O)NC(=O)N1)[C@@H]2[C@H]([C@@H]([C@H](O2)COP(=O)([O-])OP(=O)([O-])OC[C@@H]3[C@H]([C@H]([C@@H](O3)N4C=NC5=C(N=CN=C54)N)O)O)O)O)N' for input: 'C1=C(C(=O)NC(=O)N1)[C@@H]2[C@H]([C@@H]([C@H](O2)COP(=O)([O-])OP(=O)([O-])OC[C@@H]3[C@H]([C@H]([C@@H](O3)N4C=NC5=C(N=CN=C54)N)O)O)O)O)N'

Progress: 399/2000[22:12:12] SMILES Parse Error: extra open parentheses for input: 'CC1=C(C(=O)C2=NC3=C(N=C(NC3=O)[O-])N(C2=C1)C[C@@H]([C@@H]([C@@H](COP(=O)([O-])[O-])O)O)O'

Progress: 400/2000[22:12:14] SMILES Parse Error: extra close parentheses while parsing: C1[C@@H]([C@H](O[C@H]1N2C=NC3=C2N=C(NC3=O)N)COP(=O)(O)OP(=O)(O)OC[C@@H]4[C@H]([C@H]([C@@H](O4)N5C=NC6=C5N=C(NC6=O)N)O)O)O)O
[22:12:14] SMILES Parse Error: Failed parsing SMILES 'C1[C@@H]([C@H](O[C@H]1N2C=NC3=C2N=C(NC3=O)N)COP(=O)(O)OP(=O)(O)OC[C@@H]4[C@H]([C@H]([C@@H](O4)N5C=NC6=C5N=C(NC6=O)N)O)O)O)O' for input: 'C1[C@@H]([C@H](O[C@H]1N2C=NC3=C2N=C(NC3=O)N)COP(=O)(O)OP(=O)(O)OC[C@@H]4[C@H]([C@H]([C@@H](O4)N5C=NC6=C5N=C(NC6=O)N)O)O)O)O'

Progress: 401/2000[22:12:16] SMILES Parse Error: extra close parentheses while parsing: C1=C(C(=O)NC(=O)N1)[C@@H]2[C@H]([C@@H]([C@H](O2)COP(=O)(O)OP(=O)(O)OC[C@@H]3[C@H]([C@H]([C@@H](O3)N4C=NC5=C(N=CN=C54)N)O)O)O)O)O
[22:12:16] SMILES Parse Error: Failed parsing SMILES 'C1=C(C(=O)NC(=O)N1)[C@@H]2[C@H]([C@@H]([C@H](O2)COP(=O)(O)OP(=O)(O)OC[C@@H]3[C@H]([C@H]([C@@H](O3)N4C=NC5=C(N=CN=C54)N)O)O)O)O)O' for input: 'C1=C(C(=O)NC(=O)N1)[C@@H]2[C@H]([C@@H]([C@H](O2)COP(=O)(O)OP(=O)(O)OC[C@@H]3[C@H]([C@H]([C@@H](O3)N4C=NC5=C(N=CN=C54)N)O)O)O)O)O'

Progress: 402/2000[22:12:18] SMILES Parse Error: extra close parentheses while parsing: C1=C(C(=O)NC(=O)N1)[C@H]2[C@@H]([C@@H]([C@H](O2)COP(=O)([O-])OP(=O)([O-])OC[C@@H]3[C@H]([C@H]([C@@H](O3)N4C=NC5=C(N=CN=C54)N)O)O)O)O)O
[22:12:18] SMILES Parse Error: Failed parsing SMILES 'C1=C(C(=O)NC(=O)N1)[C@H]2[C@@H]([C@@H]([C@H](O2)COP(=O)([O-])OP(=O)([O-])OC[C@@H]3[C@H]([C@H]([C@@H](O3)N4C=NC5=C(N=CN=C54)N)O)O)O)O)O' for input: 'C1=C(C(=O)NC(=O)N1)[C@H]2[C@@H]([C@@H]([C@H](O2)COP(=O)([O-])OP(=O)([O-])OC[C@@H]3[C@H]([C@H]([C@@H](O3)N4C=NC5=C(N=CN=C54)N)O)O)O)O)O'

Progress: 403/2000
Progress: 404/2000[22:12:22] SMILES Parse Error: extra close parentheses while parsing: C1=C(C(=O)NC(=O)N1)[C@@H]2[C@H]([C@@H]([C@H](O2)COP(=O)([O-])OP(=O)([O-])OC[C@@H]3[C@H]([C@H]([C@@H](O3)N4C=NC5=C4N=C(NC5=O)N)O)O)O)O)N
[22:12:22] SMILES Parse Error: Failed parsing SMILES 'C1=C(C(=O)NC(=O)N1)[C@@H]2[C@H]([C@@H]([C@H](O2)COP(=O)([O-])OP(=O)([O-])OC[C@@H]3[C@H]([C@H]([C@@H](O3)N4C=NC5=C4N=C(NC5=O)N)O)O)O)O)N' for input: 'C1=C(C(=O)NC(=O)N1)[C@@H]2[C@H]([C@@H]([C@H](O2)COP(=O)([O-])OP(=O)([O-])OC[C@@H]3[C@H]([C@H]([C@@H](O3)N4C=NC5=C4N=C(NC5=O)N)O)O)O)O)N'

Progress: 405/2000
Progress: 406/2000[22:12:25] SMILES Parse Error: extra close parentheses while parsing: C1[C@@H]([C@H](O[C@H]1N2C=NC3=C2N=C(NC3=O)N)COP(=O)(O)OP(=O)(O)OC[C@@H]4[C@H]([C@H]([C@@H](O4)N5C=NC6=C5N=C(NC6=O)N)O)O)O)O
[22:12:25] SMILES Parse Error: Failed parsing SMILES 'C1[C@@H]([C@H](O[C@H]1N2C=NC3=C2N=C(NC3=O)N)COP(=O)(O)OP(=O)(O)OC[C@@H]4[C@H]([C@H]([C@@H](O4)N5C=NC6=C5N=C(NC6=O)N)O)O)O)O' for input: 'C1[C@@H]([C@H](O[C@H]1N2C=NC3=C2N=C(NC3=O)N)COP(=O)(O)OP(=O)(O)OC[C@@H]4[C@H]([C@H]([C@@H](O4)N5C=NC6=C5N=C(NC6=O)N)O)O)O)O'

Progress: 407/2000
Progress: 408/2000
Progress: 409/2000[22:12:30] SMILES Parse Error: extra close parentheses while parsing: C1=C(C(=O)NC(=O)N1)[C@H]2[C@@H]([C@@H]([C@H](O2)COP(=O)([O-])OP(=O)([O-])OC[C@@H]3[C@H]([C@H]([C@@H](O3)N4C=NC5=C(N=CN=C54)N)O)O)O)O)O
[22:12:30] SMILES Parse Error: Failed parsing SMILES 'C1=C(C(=O)NC(=O)N1)[C@H]2[C@@H]([C@@H]([C@H](O2)COP(=O)([O-])OP(=O)([O-])OC[C@@H]3[C@H]([C@H]([C@@H](O3)N4C=NC5=C(N=CN=C54)N)O)O)O)O)O' for input: 'C1=C(C(=O)NC(=O)N1)[C@H]2[C@@H]([C@@H]([C@H](O2)COP(=O)([O-])OP(=O)([O-])OC[C@@H]3[C@H]([C@H]([C@@H](O3)N4C=NC5=C(N=CN=C54)N)O)O)O)O)O'

Progress: 410/2000
Progress: 411/2000
Progress: 412/2000[22:12:35] SMILES Parse Error: extra close parentheses while parsing: C1=C(C(=O)NC(=O)N1)[C@H]2[C@@H]([C@@H]([C@H](O2)COP(=O)([O-])OP(=O)([O-])OC[C@@H]3[C@H]([C@H]([C@@H](O3)N4C=NC5=C(N=CN=C54)N)O)O)O)O)N
[22:12:35] SMILES Parse Error: Failed parsing SMILES 'C1=C(C(=O)NC(=O)N1)[C@H]2[C@@H]([C@@H]([C@H](O2)COP(=O)([O-])OP(=O)([O-])OC[C@@H]3[C@H]([C@H]([C@@H](O3)N4C=NC5=C(N=CN=C54)N)O)O)O)O)N' for input: 'C1=C(C(=O)NC(=O)N1)[C@H]2[C@@H]([C@@H]([C@H](O2)COP(=O)([O-])OP(=O)([O-])OC[C@@H]3[C@H]([C@H]([C@@H](O3)N4C=NC5=C(N=CN=C54)N)O)O)O)O)N'

Progress: 413/2000
Progress: 414/2000[22:12:37] SMILES Parse Error: extra close parentheses while parsing: CCC1=C(C2=NC1=CC3=C(C4=C(N3)C(=C5[C@H]([C@@H](C(=CC6=NC(=C2)C(=C6C)C=C)N5)C)CCC(=O)O)C4=N3)O)C)C
[22:12:37] SMILES Parse Error: Failed parsing SMILES 'CCC1=C(C2=NC1=CC3=C(C4=C(N3)C(=C5[C@H]([C@@H](C(=CC6=NC(=C2)C(=C6C)C=C)N5)C)CCC(=O)O)C4=N3)O)C)C' for input: 'CCC1=C(C2=NC1=CC3=C(C4=C(N3)C(=C5[C@H]([C@@H](C(=CC6=NC(=C2)C(=C6C)C=C)N5)C)CCC(=O)O)C4=N3)O)C)C'

Progress: 415/2000
Progress: 416/2000
Progress: 417/2000
Progress: 418/2000[22:12:43] SMILES Parse Error: extra close parentheses while parsing: C1=C(C(=O)NC(=O)N1)[C@H]2[C@@H]([C@@H]([C@H](O2)COP(=O)([O-])OP(=O)([O-])OC[C@@H]3[C@H]([C@H]([C@@H](O3)N4C=NC5=C(N=CN=C54)N)O)O)O)O)N
[22:12:43] SMILES Parse Error: Failed parsing SMILES 'C1=C(C(=O)NC(=O)N1)[C@H]2[C@@H]([C@@H]([C@H](O2)COP(=O)([O-])OP(=O)([O-])OC[C@@H]3[C@H]([C@H]([C@@H](O3)N4C=NC5=C(N=CN=C54)N)O)O)O)O)N' for input: 'C1=C(C(=O)NC(=O)N1)[C@H]2[C@@H]([C@@H]([C@H](O2)COP(=O)([O-])OP(=O)([O-])OC[C@@H]3[C@H]([C@H]([C@@H](O3)N4C=NC5=C(N=CN=C54)N)O)O)O)O)N'

Progress: 419/2000
Progress: 420/2000[22:12:47] SMILES Parse Error: extra close parentheses while parsing: C1=C(C(=O)NC(=O)N1)[C@@H]2[C@H]([C@@H]([C@H](O2)COP(=O)([O-])OP(=O)([O-])OC[C@@H]3[C@H]([C@H]([C@@H](O3)N4C=NC5=C(N=CN=C54)N)O)O)O)O)O)N
[22:12:47] SMILES Parse Error: Failed parsing SMILES 'C1=C(C(=O)NC(=O)N1)[C@@H]2[C@H]([C@@H]([C@H](O2)COP(=O)([O-])OP(=O)([O-])OC[C@@H]3[C@H]([C@H]([C@@H](O3)N4C=NC5=C(N=CN=C54)N)O)O)O)O)O)N' for input: 'C1=C(C(=O)NC(=O)N1)[C@@H]2[C@H]([C@@H]([C@H](O2)COP(=O)([O-])OP(=O)([O-])OC[C@@H]3[C@H]([C@H]([C@@H](O3)N4C=NC5=C(N=CN=C54)N)O)O)O)O)O)N'

Progress: 421/2000
Progress: 422/2000[22:12:51] SMILES Parse Error: extra close parentheses while parsing: C1[C@@H]([C@H]([C@@H](O[C@]1(C(=O)O)O)[C@@H](CO)O)O)OP(=O)(O)OP(=O)(O)OC[C@@H]2[C@H]([C@H]([C@@H](O2)N3C=NC4=C3N=C(NC4=O)N)O)O)O.C1[C@@H]([C@H]([C@@H](O1)N2C=NC3=C(N=CN=C32)N)O)OP(=O)(O)OC[C@@H]4[C@H]([C@H]([C@@H](O4)N5C=NC6=C5N=C(NC6=O)N)O)O)O
[22:12:51] SMILES Parse Error: Failed parsing SMILES 'C1[C@@H]([C@H]([C@@H](O[C@]1(C(=O)O)O)[C@@H](CO)O)O)OP(=O)(O)OP(=O)(O)OC[C@@H]2[C@H]([C@H]([C@@H](O2)N3C=NC4=C3N=C(NC4=O)N)O)O)O.C1[C@@H]([C@H]([C@@H](O1)N2C=NC3=C(N=CN=C32)N)O)OP(=O)(O)OC[C@@H]4[C@H]([C@H]([C@@H](O4)N5C=NC6=C5N=C(NC6=O)N)O)O)O' for input: 'C1[C@@H]([C@H]([C@@H](O[C@]1(C(=O)O)O)[C@@H](CO)O)O)OP(=O)(O)OP(=O)(O)OC[C@@H]2[C@H]([C@H]([C@@H](O2)N3C=NC4=C3N=C(NC4=O)N)O)O)O.C1[C@@H]([C@H]([C@@H](O1)N2C=NC3=C(N=CN=C32)N)O)OP(=O)(O)OC[C@@H]4[C@H]([C@H]([C@@H](O4)N5C=NC6=C5N=C(NC6=O)N)O)O)O'

Progress: 423/2000
Progress: 424/2000[22:12:54] SMILES Parse Error: extra close parentheses while parsing: C1=C(C(=O)NC(=O)N1)[C@@H]2[C@H]([C@@H]([C@H](O2)COP(=O)([O-])OP(=O)([O-])OC[C@@H]3[C@H]([C@H]([C@@H](O3)N4C=NC5=C(N=CN=C54)N)O)O)O)O)O)N
[22:12:54] SMILES Parse Error: Failed parsing SMILES 'C1=C(C(=O)NC(=O)N1)[C@@H]2[C@H]([C@@H]([C@H](O2)COP(=O)([O-])OP(=O)([O-])OC[C@@H]3[C@H]([C@H]([C@@H](O3)N4C=NC5=C(N=CN=C54)N)O)O)O)O)O)N' for input: 'C1=C(C(=O)NC(=O)N1)[C@@H]2[C@H]([C@@H]([C@H](O2)COP(=O)([O-])OP(=O)([O-])OC[C@@H]3[C@H]([C@H]([C@@H](O3)N4C=NC5=C(N=CN=C54)N)O)O)O)O)O)N'

Progress: 425/2000
Progress: 426/2000[22:12:58] SMILES Parse Error: extra close parentheses while parsing: C1[C@@H]([C@H](O[C@H]1N2C=NC3=C2N=C(NC3=O)N)COP(=O)(O)OP(=O)(O)OC[C@@H]4[C@H]([C@H]([C@@H](O4)N5C=NC6=C5N=C(NC6=O)N)O)O)O)O
[22:12:58] SMILES Parse Error: Failed parsing SMILES 'C1[C@@H]([C@H](O[C@H]1N2C=NC3=C2N=C(NC3=O)N)COP(=O)(O)OP(=O)(O)OC[C@@H]4[C@H]([C@H]([C@@H](O4)N5C=NC6=C5N=C(NC6=O)N)O)O)O)O' for input: 'C1[C@@H]([C@H](O[C@H]1N2C=NC3=C2N=C(NC3=O)N)COP(=O)(O)OP(=O)(O)OC[C@@H]4[C@H]([C@H]([C@@H](O4)N5C=NC6=C5N=C(NC6=O)N)O)O)O)O'

Progress: 427/2000[22:13:00] SMILES Parse Error: extra close parentheses while parsing: C1C=CN(C=C1C(=O)N)[C@H]2[C@@H]([C@@H]([C@H](O2)COP(=O)(O)OP(=O)(O)OC[C@@H]3[C@H]([C@H]([C@@H](O3)N4C=NC5=C(N=CN=C54)N)O)O)O)O)N
[22:13:00] SMILES Parse Error: Failed parsing SMILES 'C1C=CN(C=C1C(=O)N)[C@H]2[C@@H]([C@@H]([C@H](O2)COP(=O)(O)OP(=O)(O)OC[C@@H]3[C@H]([C@H]([C@@H](O3)N4C=NC5=C(N=CN=C54)N)O)O)O)O)N' for input: 'C1C=CN(C=C1C(=O)N)[C@H]2[C@@H]([C@@H]([C@H](O2)COP(=O)(O)OP(=O)(O)OC[C@@H]3[C@H]([C@H]([C@@H](O3)N4C=NC5=C(N=CN=C54)N)O)O)O)O)N'

Progress: 428/2000[22:13:01] SMILES Parse Error: extra close parentheses while parsing: C1=C(C(=O)NC(=O)N1)[C@H]2[C@@H]([C@@H]([C@H](O2)COP(=O)(O)OP(=O)(O)OC[C@@H]3[C@H]([C@H]([C@@H](O3)N4C=NC5=C4N=C(NC5=O)N)O)O)O)O)O
[22:13:01] SMILES Parse Error: Failed parsing SMILES 'C1=C(C(=O)NC(=O)N1)[C@H]2[C@@H]([C@@H]([C@H](O2)COP(=O)(O)OP(=O)(O)OC[C@@H]3[C@H]([C@H]([C@@H](O3)N4C=NC5=C4N=C(NC5=O)N)O)O)O)O)O' for input: 'C1=C(C(=O)NC(=O)N1)[C@H]2[C@@H]([C@@H]([C@H](O2)COP(=O)(O)OP(=O)(O)OC[C@@H]3[C@H]([C@H]([C@@H](O3)N4C=NC5=C4N=C(NC5=O)N)O)O)O)O)O'

Progress: 429/2000
Progress: 430/2000
Progress: 431/2000[22:13:06] SMILES Parse Error: extra close parentheses while parsing: C1=C(C(=O)NC(=O)N1)[C@@H]2[C@H]([C@@H]([C@H](O2)COP(=O)([O-])OP(=O)([O-])OC[C@@H]3[C@H]([C@H]([C@@H](O3)N4C=NC5=C(N=CN=C54)N)O)O)O)O)O)N
[22:13:06] SMILES Parse Error: Failed parsing SMILES 'C1=C(C(=O)NC(=O)N1)[C@@H]2[C@H]([C@@H]([C@H](O2)COP(=O)([O-])OP(=O)([O-])OC[C@@H]3[C@H]([C@H]([C@@H](O3)N4C=NC5=C(N=CN=C54)N)O)O)O)O)O)N' for input: 'C1=C(C(=O)NC(=O)N1)[C@@H]2[C@H]([C@@H]([C@H](O2)COP(=O)([O-])OP(=O)([O-])OC[C@@H]3[C@H]([C@H]([C@@H](O3)N4C=NC5=C(N=CN=C54)N)O)O)O)O)O)N'

Progress: 432/2000
Progress: 433/2000[22:13:09] SMILES Parse Error: extra close parentheses while parsing: C1[C@@H]([C@H](O[C@H]1N2C=NC3=C2N=C(NC3=O)N)COP(=O)(O)OP(=O)(O)OC[C@@H]4[C@H]([C@H]([C@@H](O4)N5C=NC6=C5N=C(NC6=O)N)O)O)O)O
[22:13:09] SMILES Parse Error: Failed parsing SMILES 'C1[C@@H]([C@H](O[C@H]1N2C=NC3=C2N=C(NC3=O)N)COP(=O)(O)OP(=O)(O)OC[C@@H]4[C@H]([C@H]([C@@H](O4)N5C=NC6=C5N=C(NC6=O)N)O)O)O)O' for input: 'C1[C@@H]([C@H](O[C@H]1N2C=NC3=C2N=C(NC3=O)N)COP(=O)(O)OP(=O)(O)OC[C@@H]4[C@H]([C@H]([C@@H](O4)N5C=NC6=C5N=C(NC6=O)N)O)O)O)O'

Progress: 434/2000
Progress: 435/2000
Progress: 436/2000[22:13:13] SMILES Parse Error: extra close parentheses while parsing: C1[C@@H]([C@H](O[C@H]1N2C=NC3=C2N=C(NC3=O)N)COP(=O)(O)OP(=O)(O)OC[C@@H]4[C@H]([C@H]([C@@H](O4)N5C=NC6=C5N=C(NC6=O)N)O)O)O)O
[22:13:13] SMILES Parse Error: Failed parsing SMILES 'C1[C@@H]([C@H](O[C@H]1N2C=NC3=C2N=C(NC3=O)N)COP(=O)(O)OP(=O)(O)OC[C@@H]4[C@H]([C@H]([C@@H](O4)N5C=NC6=C5N=C(NC6=O)N)O)O)O)O' for input: 'C1[C@@H]([C@H](O[C@H]1N2C=NC3=C2N=C(NC3=O)N)COP(=O)(O)OP(=O)(O)OC[C@@H]4[C@H]([C@H]([C@@H](O4)N5C=NC6=C5N=C(NC6=O)N)O)O)O)O'

Progress: 437/2000[22:13:15] SMILES Parse Error: extra close parentheses while parsing: C1=C(C(=O)NC(=O)N1)[C@@H]2[C@H]([C@@H]([C@H](O2)COP(=O)([O-])OP(=O)([O-])OC[C@@H]3[C@H]([C@H]([C@@H](O3)N4C=NC5=C(N=CN=C54)N)O)O)O)O)O)N
[22:13:15] SMILES Parse Error: Failed parsing SMILES 'C1=C(C(=O)NC(=O)N1)[C@@H]2[C@H]([C@@H]([C@H](O2)COP(=O)([O-])OP(=O)([O-])OC[C@@H]3[C@H]([C@H]([C@@H](O3)N4C=NC5=C(N=CN=C54)N)O)O)O)O)O)N' for input: 'C1=C(C(=O)NC(=O)N1)[C@@H]2[C@H]([C@@H]([C@H](O2)COP(=O)([O-])OP(=O)([O-])OC[C@@H]3[C@H]([C@H]([C@@H](O3)N4C=NC5=C(N=CN=C54)N)O)O)O)O)O)N'

Progress: 438/2000
Progress: 439/2000
Progress: 440/2000[22:13:21] SMILES Parse Error: extra close parentheses while parsing: C1=C(C(=O)NC(=O)N1)[C@@H]2[C@H]([C@@H]([C@H](O2)COP(=O)([O-])OP(=O)([O-])OC[C@@H]3[C@H]([C@H]([C@@H](O3)N4C=NC5=C(N=CN=C54)N)O)O)O)O)O.C1=NC2=C(C(=O)NC2=O)C3=CC=CC=C3
[22:13:21] SMILES Parse Error: Failed parsing SMILES 'C1=C(C(=O)NC(=O)N1)[C@@H]2[C@H]([C@@H]([C@H](O2)COP(=O)([O-])OP(=O)([O-])OC[C@@H]3[C@H]([C@H]([C@@H](O3)N4C=NC5=C(N=CN=C54)N)O)O)O)O)O.C1=NC2=C(C(=O)NC2=O)C3=CC=CC=C3' for input: 'C1=C(C(=O)NC(=O)N1)[C@@H]2[C@H]([C@@H]([C@H](O2)COP(=O)([O-])OP(=O)([O-])OC[C@@H]3[C@H]([C@H]([C@@H](O3)N4C=NC5=C(N=CN=C54)N)O)O)O)O)O.C1=NC2=C(C(=O)NC2=O)C3=CC=CC=C3'

Progress: 441/2000[22:13:22] SMILES Parse Error: extra close parentheses while parsing: C1C=CN(C=C1C(=O)N)[C@H]2[C@@H]([C@@H]([C@H](O2)COP(=O)([O-])OP(=O)([O-])OC[C@@H]3[C@H]([C@H]([C@@H](O3)N4C=NC5=C(N=CN=C54)N)O)O)O)O)O
[22:13:22] SMILES Parse Error: Failed parsing SMILES 'C1C=CN(C=C1C(=O)N)[C@H]2[C@@H]([C@@H]([C@H](O2)COP(=O)([O-])OP(=O)([O-])OC[C@@H]3[C@H]([C@H]([C@@H](O3)N4C=NC5=C(N=CN=C54)N)O)O)O)O)O' for input: 'C1C=CN(C=C1C(=O)N)[C@H]2[C@@H]([C@@H]([C@H](O2)COP(=O)([O-])OP(=O)([O-])OC[C@@H]3[C@H]([C@H]([C@@H](O3)N4C=NC5=C(N=CN=C54)N)O)O)O)O)O'

Progress: 442/2000[22:13:24] SMILES Parse Error: extra close parentheses while parsing: C1=C(C(=O)NC(=O)N1)[C@@H]2[C@H]([C@@H]([C@H](O2)COP(=O)([O-])OP(=O)([O-])OC[C@@H]3[C@H]([C@H]([C@@H](O3)N4C=NC5=C(N=CN=C54)N)O)O)O)O)O
[22:13:24] SMILES Parse Error: Failed parsing SMILES 'C1=C(C(=O)NC(=O)N1)[C@@H]2[C@H]([C@@H]([C@H](O2)COP(=O)([O-])OP(=O)([O-])OC[C@@H]3[C@H]([C@H]([C@@H](O3)N4C=NC5=C(N=CN=C54)N)O)O)O)O)O' for input: 'C1=C(C(=O)NC(=O)N1)[C@@H]2[C@H]([C@@H]([C@H](O2)COP(=O)([O-])OP(=O)([O-])OC[C@@H]3[C@H]([C@H]([C@@H](O3)N4C=NC5=C(N=CN=C54)N)O)O)O)O)O'

Progress: 443/2000[22:13:26] SMILES Parse Error: extra close parentheses while parsing: C1=C(C(=O)NC(=O)N1)[C@@H]2[C@H]([C@@H]([C@H](O2)COP(=O)([O-])OP(=O)([O-])OC[C@@H]3[C@H]([C@H]([C@@H](O3)N4C=NC5=C(N=CN=C54)N)O)O)O)O)O)N
[22:13:26] SMILES Parse Error: Failed parsing SMILES 'C1=C(C(=O)NC(=O)N1)[C@@H]2[C@H]([C@@H]([C@H](O2)COP(=O)([O-])OP(=O)([O-])OC[C@@H]3[C@H]([C@H]([C@@H](O3)N4C=NC5=C(N=CN=C54)N)O)O)O)O)O)N' for input: 'C1=C(C(=O)NC(=O)N1)[C@@H]2[C@H]([C@@H]([C@H](O2)COP(=O)([O-])OP(=O)([O-])OC[C@@H]3[C@H]([C@H]([C@@H](O3)N4C=NC5=C(N=CN=C54)N)O)O)O)O)O)N'

Progress: 444/2000
Progress: 445/2000
Progress: 446/2000
Progress: 447/2000[22:13:31] SMILES Parse Error: extra close parentheses while parsing: C1=C(C(=O)NC(=O)N1)[C@H]2[C@@H]([C@@H]([C@H](O2)COP(=O)([O-])OP(=O)([O-])OC[C@@H]3[C@H]([C@H]([C@@H](O3)N4C=NC5=C(N=CN=C54)N)O)O)O)O)O.O.O.O.O
[22:13:31] SMILES Parse Error: Failed parsing SMILES 'C1=C(C(=O)NC(=O)N1)[C@H]2[C@@H]([C@@H]([C@H](O2)COP(=O)([O-])OP(=O)([O-])OC[C@@H]3[C@H]([C@H]([C@@H](O3)N4C=NC5=C(N=CN=C54)N)O)O)O)O)O.O.O.O.O' for input: 'C1=C(C(=O)NC(=O)N1)[C@H]2[C@@H]([C@@H]([C@H](O2)COP(=O)([O-])OP(=O)([O-])OC[C@@H]3[C@H]([C@H]([C@@H](O3)N4C=NC5=C(N=CN=C54)N)O)O)O)O)O.O.O.O.O'

Progress: 448/2000[22:13:33] SMILES Parse Error: extra close parentheses while parsing: C1[C@@H]([C@H](O[C@H]1N2C=NC3=C2N=C(NC3=O)N)COP(=O)(O)OP(=O)(O)OC[C@@H]4[C@H]([C@H]([C@@H](O4)N5C=NC6=C5N=C(NC6=O)N)O)O)O)O
[22:13:33] SMILES Parse Error: Failed parsing SMILES 'C1[C@@H]([C@H](O[C@H]1N2C=NC3=C2N=C(NC3=O)N)COP(=O)(O)OP(=O)(O)OC[C@@H]4[C@H]([C@H]([C@@H](O4)N5C=NC6=C5N=C(NC6=O)N)O)O)O)O' for input: 'C1[C@@H]([C@H](O[C@H]1N2C=NC3=C2N=C(NC3=O)N)COP(=O)(O)OP(=O)(O)OC[C@@H]4[C@H]([C@H]([C@@H](O4)N5C=NC6=C5N=C(NC6=O)N)O)O)O)O'

Progress: 449/2000[22:13:35] SMILES Parse Error: extra close parentheses while parsing: C1=C(C(=O)NC(=O)N1)[C@@H]2[C@H]([C@@H]([C@H](O2)COP(=O)([O-])OP(=O)([O-])OC[C@@H]3[C@H]([C@H]([C@@H](O3)N4C=NC5=C(N=CN=C54)N)O)O)O)O)N
[22:13:35] SMILES Parse Error: Failed parsing SMILES 'C1=C(C(=O)NC(=O)N1)[C@@H]2[C@H]([C@@H]([C@H](O2)COP(=O)([O-])OP(=O)([O-])OC[C@@H]3[C@H]([C@H]([C@@H](O3)N4C=NC5=C(N=CN=C54)N)O)O)O)O)N' for input: 'C1=C(C(=O)NC(=O)N1)[C@@H]2[C@H]([C@@H]([C@H](O2)COP(=O)([O-])OP(=O)([O-])OC[C@@H]3[C@H]([C@H]([C@@H](O3)N4C=NC5=C(N=CN=C54)N)O)O)O)O)N'

Progress: 450/2000[22:13:37] SMILES Parse Error: extra close parentheses while parsing: C1[C@@H]([C@H](O[C@H]1N2C=NC3=C2N=C(NC3=O)N)COP(=O)(O)OP(=O)(O)OC[C@@H]4[C@H]([C@H]([C@@H](O4)N5C=NC6=C(N=CN=C65)N)O)O)O)O
[22:13:37] SMILES Parse Error: Failed parsing SMILES 'C1[C@@H]([C@H](O[C@H]1N2C=NC3=C2N=C(NC3=O)N)COP(=O)(O)OP(=O)(O)OC[C@@H]4[C@H]([C@H]([C@@H](O4)N5C=NC6=C(N=CN=C65)N)O)O)O)O' for input: 'C1[C@@H]([C@H](O[C@H]1N2C=NC3=C2N=C(NC3=O)N)COP(=O)(O)OP(=O)(O)OC[C@@H]4[C@H]([C@H]([C@@H](O4)N5C=NC6=C(N=CN=C65)N)O)O)O)O'

Progress: 451/2000
Progress: 452/2000
Progress: 453/2000[22:13:42] SMILES Parse Error: extra close parentheses while parsing: C1=C(C(=O)NC(=O)N1)[C@H]2[C@@H]([C@@H]([C@H](O2)COP(=O)([O-])OP(=O)([O-])OC[C@@H]3[C@H]([C@H]([C@@H](O3)N4C=NC5=C(N=CN=C54)N)O)O)O)O)O
[22:13:42] SMILES Parse Error: Failed parsing SMILES 'C1=C(C(=O)NC(=O)N1)[C@H]2[C@@H]([C@@H]([C@H](O2)COP(=O)([O-])OP(=O)([O-])OC[C@@H]3[C@H]([C@H]([C@@H](O3)N4C=NC5=C(N=CN=C54)N)O)O)O)O)O' for input: 'C1=C(C(=O)NC(=O)N1)[C@H]2[C@@H]([C@@H]([C@H](O2)COP(=O)([O-])OP(=O)([O-])OC[C@@H]3[C@H]([C@H]([C@@H](O3)N4C=NC5=C(N=CN=C54)N)O)O)O)O)O'

Progress: 454/2000[22:13:44] SMILES Parse Error: extra close parentheses while parsing: C1=C(C(=O)NC(=O)N1)[C@@H]2[C@@H]([C@@H]([C@H](O2)COP(=O)(O)OP(=O)(O)OC[C@@H]3[C@H]([C@H]([C@@H](O3)N4C=NC5=C(N=CN=C54)N)O)O)O)O)N
[22:13:44] SMILES Parse Error: Failed parsing SMILES 'C1=C(C(=O)NC(=O)N1)[C@@H]2[C@@H]([C@@H]([C@H](O2)COP(=O)(O)OP(=O)(O)OC[C@@H]3[C@H]([C@H]([C@@H](O3)N4C=NC5=C(N=CN=C54)N)O)O)O)O)N' for input: 'C1=C(C(=O)NC(=O)N1)[C@@H]2[C@@H]([C@@H]([C@H](O2)COP(=O)(O)OP(=O)(O)OC[C@@H]3[C@H]([C@H]([C@@H](O3)N4C=NC5=C(N=CN=C54)N)O)O)O)O)N'

Progress: 455/2000[22:13:46] SMILES Parse Error: extra close parentheses while parsing: C1C=CN(C=C1C(=O)N)[C@H]2[C@@H]([C@@H]([C@H](O2)COP(=O)([O-])OP(=O)([O-])OC[C@@H]3[C@H]([C@H]([C@@H](O3)N4C=NC5=C(N=CN=C54)N)O)O)O)O)O
[22:13:46] SMILES Parse Error: Failed parsing SMILES 'C1C=CN(C=C1C(=O)N)[C@H]2[C@@H]([C@@H]([C@H](O2)COP(=O)([O-])OP(=O)([O-])OC[C@@H]3[C@H]([C@H]([C@@H](O3)N4C=NC5=C(N=CN=C54)N)O)O)O)O)O' for input: 'C1C=CN(C=C1C(=O)N)[C@H]2[C@@H]([C@@H]([C@H](O2)COP(=O)([O-])OP(=O)([O-])OC[C@@H]3[C@H]([C@H]([C@@H](O3)N4C=NC5=C(N=CN=C54)N)O)O)O)O)O'

Progress: 456/2000
Progress: 457/2000
Progress: 458/2000
Progress: 459/2000[22:13:51] SMILES Parse Error: extra close parentheses while parsing: C1[C@@H]([C@H]([C@@H](O[C@]1(C(=O)O)O)[C@@H](CO)O)O)OP(=O)(O)OP(=O)(O)OC[C@@H]2[C@H]([C@H]([C@@H](O2)N3C=NC4=C3N=C(NC4=O)N)O)O)O.C1=NC2=C(N=CN=C21)N
[22:13:51] SMILES Parse Error: Failed parsing SMILES 'C1[C@@H]([C@H]([C@@H](O[C@]1(C(=O)O)O)[C@@H](CO)O)O)OP(=O)(O)OP(=O)(O)OC[C@@H]2[C@H]([C@H]([C@@H](O2)N3C=NC4=C3N=C(NC4=O)N)O)O)O.C1=NC2=C(N=CN=C21)N' for input: 'C1[C@@H]([C@H]([C@@H](O[C@]1(C(=O)O)O)[C@@H](CO)O)O)OP(=O)(O)OP(=O)(O)OC[C@@H]2[C@H]([C@H]([C@@H](O2)N3C=NC4=C3N=C(NC4=O)N)O)O)O.C1=NC2=C(N=CN=C21)N'

Progress: 460/2000
Progress: 461/2000
Progress: 462/2000[22:13:57] SMILES Parse Error: extra close parentheses while parsing: C1=C(C(=O)NC(=O)N1)[C@@H]2[C@H]([C@@H]([C@H](O2)COP(=O)(O)OP(=O)(O)OC[C@@H]3[C@H]([C@H]([C@@H](O3)N4C=NC5=C(N=CN=C54)N)O)O)O)O)O
[22:13:57] SMILES Parse Error: Failed parsing SMILES 'C1=C(C(=O)NC(=O)N1)[C@@H]2[C@H]([C@@H]([C@H](O2)COP(=O)(O)OP(=O)(O)OC[C@@H]3[C@H]([C@H]([C@@H](O3)N4C=NC5=C(N=CN=C54)N)O)O)O)O)O' for input: 'C1=C(C(=O)NC(=O)N1)[C@@H]2[C@H]([C@@H]([C@H](O2)COP(=O)(O)OP(=O)(O)OC[C@@H]3[C@H]([C@H]([C@@H](O3)N4C=NC5=C(N=CN=C54)N)O)O)O)O)O'

Progress: 463/2000
Progress: 464/2000[22:14:01] SMILES Parse Error: extra close parentheses while parsing: C1=C(C(=O)NC(=O)N1)[C@H]2[C@@H]([C@@H]([C@H](O2)COP(=O)([O-])OP(=O)([O-])OC[C@@H]3[C@H]([C@H]([C@@H](O3)N4C=NC5=C(N=CN=C54)N)O)O)O)O)N
[22:14:01] SMILES Parse Error: Failed parsing SMILES 'C1=C(C(=O)NC(=O)N1)[C@H]2[C@@H]([C@@H]([C@H](O2)COP(=O)([O-])OP(=O)([O-])OC[C@@H]3[C@H]([C@H]([C@@H](O3)N4C=NC5=C(N=CN=C54)N)O)O)O)O)N' for input: 'C1=C(C(=O)NC(=O)N1)[C@H]2[C@@H]([C@@H]([C@H](O2)COP(=O)([O-])OP(=O)([O-])OC[C@@H]3[C@H]([C@H]([C@@H](O3)N4C=NC5=C(N=CN=C54)N)O)O)O)O)N'

Progress: 465/2000[22:14:03] SMILES Parse Error: extra open parentheses for input: 'C1C=CN(C=C1C(=O)N)[C@@H]2[C@@H]([C@H]([C@@H]([C@H](O2)COP(=O)([O-])OP(=O)([O-])OC[C@@H]3[C@H]([C@H]([C@@H](O3)N4C=NC5=C(N=CN=C54)N)O)O)O)O'

Progress: 466/2000
Progress: 467/2000
Progress: 468/2000
Progress: 469/2000
Progress: 470/2000
Progress: 471/2000[22:14:13] SMILES Parse Error: extra close parentheses while parsing: C1[C@@H]([C@H](O[C@H]1N2C=NC3=C2N=C(NC3=O)N)COP(=O)(O)OP(=O)(O)OC[C@@H]4[C@H]([C@H]([C@@H](O4)N5C=NC6=C5N=C(NC6=O)N)O)O)O)O
[22:14:13] SMILES Parse Error: Failed parsing SMILES 'C1[C@@H]([C@H](O[C@H]1N2C=NC3=C2N=C(NC3=O)N)COP(=O)(O)OP(=O)(O)OC[C@@H]4[C@H]([C@H]([C@@H](O4)N5C=NC6=C5N=C(NC6=O)N)O)O)O)O' for input: 'C1[C@@H]([C@H](O[C@H]1N2C=NC3=C2N=C(NC3=O)N)COP(=O)(O)OP(=O)(O)OC[C@@H]4[C@H]([C@H]([C@@H](O4)N5C=NC6=C5N=C(NC6=O)N)O)O)O)O'

Progress: 472/2000
Progress: 473/2000[22:14:17] SMILES Parse Error: extra close parentheses while parsing: C1C=CN(C=C1C(=O)N)[C@H]2[C@@H]([C@@H]([C@H](O2)COP(=O)(O)OP(=O)(O)OC[C@@H]3[C@H]([C@H]([C@@H](O3)N4C=NC5=C(N=CN=C54)N)O)O)O)O)N
[22:14:17] SMILES Parse Error: Failed parsing SMILES 'C1C=CN(C=C1C(=O)N)[C@H]2[C@@H]([C@@H]([C@H](O2)COP(=O)(O)OP(=O)(O)OC[C@@H]3[C@H]([C@H]([C@@H](O3)N4C=NC5=C(N=CN=C54)N)O)O)O)O)N' for input: 'C1C=CN(C=C1C(=O)N)[C@H]2[C@@H]([C@@H]([C@H](O2)COP(=O)(O)OP(=O)(O)OC[C@@H]3[C@H]([C@H]([C@@H](O3)N4C=NC5=C(N=CN=C54)N)O)O)O)O)N'

Progress: 474/2000[22:14:18] SMILES Parse Error: extra close parentheses while parsing: C1C=CN(C=C1C(=O)N)[C@H]2[C@@H]([C@@H]([C@H](O2)COP(=O)(O)OP(=O)(O)OC[C@@H]3[C@H]([C@H]([C@@H](O3)N4C=NC5=C(N=CN=C54)N)O)O)O)O)N
[22:14:18] SMILES Parse Error: Failed parsing SMILES 'C1C=CN(C=C1C(=O)N)[C@H]2[C@@H]([C@@H]([C@H](O2)COP(=O)(O)OP(=O)(O)OC[C@@H]3[C@H]([C@H]([C@@H](O3)N4C=NC5=C(N=CN=C54)N)O)O)O)O)N' for input: 'C1C=CN(C=C1C(=O)N)[C@H]2[C@@H]([C@@H]([C@H](O2)COP(=O)(O)OP(=O)(O)OC[C@@H]3[C@H]([C@H]([C@@H](O3)N4C=NC5=C(N=CN=C54)N)O)O)O)O)N'

Progress: 475/2000
Progress: 476/2000[22:14:22] SMILES Parse Error: extra close parentheses while parsing: C1[C@@H]([C@H](O[C@H]1N2C=NC3=C2N=C(NC3=O)N)COP(=O)(O)OP(=O)(O)OC[C@@H]4[C@H]([C@H]([C@@H](O4)N5C=NC6=C5N=C(NC6=O)N)O)O)O)O
[22:14:22] SMILES Parse Error: Failed parsing SMILES 'C1[C@@H]([C@H](O[C@H]1N2C=NC3=C2N=C(NC3=O)N)COP(=O)(O)OP(=O)(O)OC[C@@H]4[C@H]([C@H]([C@@H](O4)N5C=NC6=C5N=C(NC6=O)N)O)O)O)O' for input: 'C1[C@@H]([C@H](O[C@H]1N2C=NC3=C2N=C(NC3=O)N)COP(=O)(O)OP(=O)(O)OC[C@@H]4[C@H]([C@H]([C@@H](O4)N5C=NC6=C5N=C(NC6=O)N)O)O)O)O'

Progress: 477/2000[22:14:24] SMILES Parse Error: extra close parentheses while parsing: C1=C(C(=O)NC(=O)N1)[C@@H]2[C@H]([C@@H]([C@H](O2)COP(=O)([O-])OP(=O)([O-])OC[C@@H]3[C@H]([C@H]([C@@H](O3)N4C=NC5=C(N=CN=C54)N)O)O)O)O)O)N
[22:14:24] SMILES Parse Error: Failed parsing SMILES 'C1=C(C(=O)NC(=O)N1)[C@@H]2[C@H]([C@@H]([C@H](O2)COP(=O)([O-])OP(=O)([O-])OC[C@@H]3[C@H]([C@H]([C@@H](O3)N4C=NC5=C(N=CN=C54)N)O)O)O)O)O)N' for input: 'C1=C(C(=O)NC(=O)N1)[C@@H]2[C@H]([C@@H]([C@H](O2)COP(=O)([O-])OP(=O)([O-])OC[C@@H]3[C@H]([C@H]([C@@H](O3)N4C=NC5=C(N=CN=C54)N)O)O)O)O)O)N'

Progress: 478/2000
Progress: 479/2000
Progress: 480/2000
Progress: 481/2000
Progress: 482/2000[22:14:33] SMILES Parse Error: extra close parentheses while parsing: CCC1=C(C2=NC1=CC3=C(C4=C(N3)C(=C5[C@H]([C@@H](C(=CC6=NC(=C2)C(=C6C)C=C)N5)C)CCC(=O)O)C4=N3)O)C)C
[22:14:33] SMILES Parse Error: Failed parsing SMILES 'CCC1=C(C2=NC1=CC3=C(C4=C(N3)C(=C5[C@H]([C@@H](C(=CC6=NC(=C2)C(=C6C)C=C)N5)C)CCC(=O)O)C4=N3)O)C)C' for input: 'CCC1=C(C2=NC1=CC3=C(C4=C(N3)C(=C5[C@H]([C@@H](C(=CC6=NC(=C2)C(=C6C)C=C)N5)C)CCC(=O)O)C4=N3)O)C)C'

Progress: 483/2000
Progress: 484/2000
Progress: 485/2000[22:14:37] SMILES Parse Error: extra close parentheses while parsing: C1=C(C(=O)NC(=O)N1)[C@H]2[C@@H]([C@@H]([C@H](O2)COP(=O)([O-])OP(=O)([O-])OC[C@@H]3[C@H]([C@H]([C@@H](O3)N4C=NC5=C(N=CN=C54)N)O)O)O)O)N
[22:14:37] SMILES Parse Error: Failed parsing SMILES 'C1=C(C(=O)NC(=O)N1)[C@H]2[C@@H]([C@@H]([C@H](O2)COP(=O)([O-])OP(=O)([O-])OC[C@@H]3[C@H]([C@H]([C@@H](O3)N4C=NC5=C(N=CN=C54)N)O)O)O)O)N' for input: 'C1=C(C(=O)NC(=O)N1)[C@H]2[C@@H]([C@@H]([C@H](O2)COP(=O)([O-])OP(=O)([O-])OC[C@@H]3[C@H]([C@H]([C@@H](O3)N4C=NC5=C(N=CN=C54)N)O)O)O)O)N'

Progress: 486/2000[22:14:39] SMILES Parse Error: extra close parentheses while parsing: C1C=CN(C=C1C(=O)N)[C@H]2[C@@H]([C@@H]([C@H](O2)COP(=O)(O)OP(=O)(O)OC[C@@H]3[C@H]([C@H]([C@@H](O3)N4C=NC5=C(N=CN=C54)N)O)O)O)O)N
[22:14:39] SMILES Parse Error: Failed parsing SMILES 'C1C=CN(C=C1C(=O)N)[C@H]2[C@@H]([C@@H]([C@H](O2)COP(=O)(O)OP(=O)(O)OC[C@@H]3[C@H]([C@H]([C@@H](O3)N4C=NC5=C(N=CN=C54)N)O)O)O)O)N' for input: 'C1C=CN(C=C1C(=O)N)[C@H]2[C@@H]([C@@H]([C@H](O2)COP(=O)(O)OP(=O)(O)OC[C@@H]3[C@H]([C@H]([C@@H](O3)N4C=NC5=C(N=CN=C54)N)O)O)O)O)N'

Progress: 487/2000
Progress: 488/2000
Progress: 489/2000[22:14:44] SMILES Parse Error: extra close parentheses while parsing: C1C=CN(C=C1C(=O)N)[C@H]2[C@@H]([C@@H]([C@H](O2)COP(=O)([O-])OP(=O)([O-])OC[C@@H]3[C@H]([C@H]([C@@H](O3)N4C=NC5=C(N=CN=C54)N)O)O)O)O)O
[22:14:44] SMILES Parse Error: Failed parsing SMILES 'C1C=CN(C=C1C(=O)N)[C@H]2[C@@H]([C@@H]([C@H](O2)COP(=O)([O-])OP(=O)([O-])OC[C@@H]3[C@H]([C@H]([C@@H](O3)N4C=NC5=C(N=CN=C54)N)O)O)O)O)O' for input: 'C1C=CN(C=C1C(=O)N)[C@H]2[C@@H]([C@@H]([C@H](O2)COP(=O)([O-])OP(=O)([O-])OC[C@@H]3[C@H]([C@H]([C@@H](O3)N4C=NC5=C(N=CN=C54)N)O)O)O)O)O'

Progress: 490/2000[22:14:46] SMILES Parse Error: extra open parentheses for input: 'C1C=CN(C=C1C(=O)N)[C@@H]2[C@@H]([C@H]([C@@H]([C@H](O2)COP(=O)([O-])OP(=O)([O-])OC[C@@H]3[C@H]([C@H]([C@@H](O3)N4C=NC5=C(N=CN=C54)N)O)O)O)O'

Progress: 491/2000[22:14:48] SMILES Parse Error: extra close parentheses while parsing: C1[C@@H]([C@H](O[C@H]1N2C=NC3=C2N=C(NC3=O)N)COP(=O)(O)OP(=O)(O)OC[C@@H]4[C@H]([C@H]([C@@H](O4)N5C=NC6=C5N=C(NC6=O)N)O)O)O)O
[22:14:48] SMILES Parse Error: Failed parsing SMILES 'C1[C@@H]([C@H](O[C@H]1N2C=NC3=C2N=C(NC3=O)N)COP(=O)(O)OP(=O)(O)OC[C@@H]4[C@H]([C@H]([C@@H](O4)N5C=NC6=C5N=C(NC6=O)N)O)O)O)O' for input: 'C1[C@@H]([C@H](O[C@H]1N2C=NC3=C2N=C(NC3=O)N)COP(=O)(O)OP(=O)(O)OC[C@@H]4[C@H]([C@H]([C@@H](O4)N5C=NC6=C5N=C(NC6=O)N)O)O)O)O'

Progress: 492/2000[22:14:50] SMILES Parse Error: extra close parentheses while parsing: C1C=CN(C=C1C(=O)N)[C@H]2[C@@H]([C@@H]([C@H](O2)COP(=O)(O)OP(=O)(O)OC[C@@H]3[C@H]([C@H]([C@@H](O3)N4C=NC5=C(N=CN=C54)N)O)O)O)O)N
[22:14:50] SMILES Parse Error: Failed parsing SMILES 'C1C=CN(C=C1C(=O)N)[C@H]2[C@@H]([C@@H]([C@H](O2)COP(=O)(O)OP(=O)(O)OC[C@@H]3[C@H]([C@H]([C@@H](O3)N4C=NC5=C(N=CN=C54)N)O)O)O)O)N' for input: 'C1C=CN(C=C1C(=O)N)[C@H]2[C@@H]([C@@H]([C@H](O2)COP(=O)(O)OP(=O)(O)OC[C@@H]3[C@H]([C@H]([C@@H](O3)N4C=NC5=C(N=CN=C54)N)O)O)O)O)N'

Progress: 493/2000
Progress: 494/2000
Progress: 495/2000[22:14:54] SMILES Parse Error: extra open parentheses for input: 'CC1=C(C(=O)C2=NC3=C(N=C(NC3=O)[O-])N(C2=C1)C[C@@H]([C@@H]([C@@H](COP(=O)([O-])[O-])O)O)O'

Progress: 496/2000
Progress: 497/2000
Progress: 498/2000
Progress: 499/2000
Progress: 500/2000[22:15:02] SMILES Parse Error: extra close parentheses while parsing: C1C=C(C(=O)C2=C1NC3=C(N2)C(=O)NC(=N3)N)[C@@H]([C@@H](COP(=O)(O)OP(=O)(O)OC[C@@H]4[C@H]([C@H]([C@@H](O4)N5C=NC6=C5N=C(NC6=O)N)O)O)O)O)O
[22:15:02] SMILES Parse Error: Failed parsing SMILES 'C1C=C(C(=O)C2=C1NC3=C(N2)C(=O)NC(=N3)N)[C@@H]([C@@H](COP(=O)(O)OP(=O)(O)OC[C@@H]4[C@H]([C@H]([C@@H](O4)N5C=NC6=C5N=C(NC6=O)N)O)O)O)O)O' for input: 'C1C=C(C(=O)C2=C1NC3=C(N2)C(=O)NC(=N3)N)[C@@H]([C@@H](COP(=O)(O)OP(=O)(O)OC[C@@H]4[C@H]([C@H]([C@@H](O4)N5C=NC6=C5N=C(NC6=O)N)O)O)O)O)O'

Progress: 501/2000[22:15:04] SMILES Parse Error: extra close parentheses while parsing: C1=C(C(=O)NC(=O)N1)[C@@H]2[C@H]([C@@H]([C@H](O2)COP(=O)([O-])OP(=O)([O-])OC[C@@H]3[C@H]([C@H]([C@@H](O3)N4C=NC5=C(N=CN=C54)N)O)O)O)O)O
[22:15:04] SMILES Parse Error: Failed parsing SMILES 'C1=C(C(=O)NC(=O)N1)[C@@H]2[C@H]([C@@H]([C@H](O2)COP(=O)([O-])OP(=O)([O-])OC[C@@H]3[C@H]([C@H]([C@@H](O3)N4C=NC5=C(N=CN=C54)N)O)O)O)O)O' for input: 'C1=C(C(=O)NC(=O)N1)[C@@H]2[C@H]([C@@H]([C@H](O2)COP(=O)([O-])OP(=O)([O-])OC[C@@H]3[C@H]([C@H]([C@@H](O3)N4C=NC5=C(N=CN=C54)N)O)O)O)O)O'

Progress: 502/2000[22:15:06] SMILES Parse Error: extra close parentheses while parsing: C1=C(C(=O)NC(=O)N1)[C@@H]2[C@H]([C@@H]([C@H](O2)COP(=O)([O-])OP(=O)([O-])OC[C@@H]3[C@H]([C@H]([C@@H](O3)N4C=NC5=C(N=CN=C54)N)O)O)O)O)O
[22:15:06] SMILES Parse Error: Failed parsing SMILES 'C1=C(C(=O)NC(=O)N1)[C@@H]2[C@H]([C@@H]([C@H](O2)COP(=O)([O-])OP(=O)([O-])OC[C@@H]3[C@H]([C@H]([C@@H](O3)N4C=NC5=C(N=CN=C54)N)O)O)O)O)O' for input: 'C1=C(C(=O)NC(=O)N1)[C@@H]2[C@H]([C@@H]([C@H](O2)COP(=O)([O-])OP(=O)([O-])OC[C@@H]3[C@H]([C@H]([C@@H](O3)N4C=NC5=C(N=CN=C54)N)O)O)O)O)O'

Progress: 503/2000[22:15:08] SMILES Parse Error: extra close parentheses while parsing: C1[C@@H]([C@H](O[C@H]1N2C=NC3=C2N=C(NC3=O)N)COP(=O)(O)OP(=O)(O)OC[C@@H]4[C@H]([C@H]([C@@H](O4)N5C=NC6=C5N=C(NC6=O)N)O)O)O)O
[22:15:08] SMILES Parse Error: Failed parsing SMILES 'C1[C@@H]([C@H](O[C@H]1N2C=NC3=C2N=C(NC3=O)N)COP(=O)(O)OP(=O)(O)OC[C@@H]4[C@H]([C@H]([C@@H](O4)N5C=NC6=C5N=C(NC6=O)N)O)O)O)O' for input: 'C1[C@@H]([C@H](O[C@H]1N2C=NC3=C2N=C(NC3=O)N)COP(=O)(O)OP(=O)(O)OC[C@@H]4[C@H]([C@H]([C@@H](O4)N5C=NC6=C5N=C(NC6=O)N)O)O)O)O'

Progress: 504/2000
Progress: 505/2000
Progress: 506/2000
Progress: 507/2000[22:15:13] SMILES Parse Error: extra close parentheses while parsing: C1=C(C(=O)NC(=O)N1)[C@H]2[C@@H]([C@@H]([C@H](O2)COP(=O)([O-])OP(=O)([O-])OC[C@@H]3[C@H]([C@H]([C@@H](O3)N4C=NC5=C(N=CN=C54)N)O)O)O)O)O
[22:15:13] SMILES Parse Error: Failed parsing SMILES 'C1=C(C(=O)NC(=O)N1)[C@H]2[C@@H]([C@@H]([C@H](O2)COP(=O)([O-])OP(=O)([O-])OC[C@@H]3[C@H]([C@H]([C@@H](O3)N4C=NC5=C(N=CN=C54)N)O)O)O)O)O' for input: 'C1=C(C(=O)NC(=O)N1)[C@H]2[C@@H]([C@@H]([C@H](O2)COP(=O)([O-])OP(=O)([O-])OC[C@@H]3[C@H]([C@H]([C@@H](O3)N4C=NC5=C(N=CN=C54)N)O)O)O)O)O'

Progress: 508/2000
Progress: 509/2000
Progress: 510/2000
Progress: 511/2000
Progress: 512/2000
Progress: 513/2000
Progress: 514/2000[22:15:24] SMILES Parse Error: extra close parentheses while parsing: C1=C(C(=O)NC(=O)N1)[C@@H]2[C@H]([C@@H]([C@H](O2)COP(=O)([O-])OP(=O)([O-])OC[C@@H]3[C@H]([C@H]([C@@H](O3)N4C=NC5=C(N=CN=C54)N)O)O)O)O)O)N
[22:15:24] SMILES Parse Error: Failed parsing SMILES 'C1=C(C(=O)NC(=O)N1)[C@@H]2[C@H]([C@@H]([C@H](O2)COP(=O)([O-])OP(=O)([O-])OC[C@@H]3[C@H]([C@H]([C@@H](O3)N4C=NC5=C(N=CN=C54)N)O)O)O)O)O)N' for input: 'C1=C(C(=O)NC(=O)N1)[C@@H]2[C@H]([C@@H]([C@H](O2)COP(=O)([O-])OP(=O)([O-])OC[C@@H]3[C@H]([C@H]([C@@H](O3)N4C=NC5=C(N=CN=C54)N)O)O)O)O)O)N'

Progress: 515/2000[22:15:26] SMILES Parse Error: extra close parentheses while parsing: CCC1=C(C2=NC1=CC3=C(C4=C(N3)C(=C5[C@H]([C@@H](C(=CC6=NC(=C2)C(=C6C)C=C)N5)C)CCC(=O)O)C4=N3)O)C)C
[22:15:26] SMILES Parse Error: Failed parsing SMILES 'CCC1=C(C2=NC1=CC3=C(C4=C(N3)C(=C5[C@H]([C@@H](C(=CC6=NC(=C2)C(=C6C)C=C)N5)C)CCC(=O)O)C4=N3)O)C)C' for input: 'CCC1=C(C2=NC1=CC3=C(C4=C(N3)C(=C5[C@H]([C@@H](C(=CC6=NC(=C2)C(=C6C)C=C)N5)C)CCC(=O)O)C4=N3)O)C)C'

Progress: 516/2000[22:15:28] SMILES Parse Error: extra close parentheses while parsing: C1=C(C(=O)NC(=O)N1)[C@H]2[C@@H]([C@@H]([C@H](O2)COP(=O)([O-])OP(=O)([O-])OC[C@@H]3[C@H]([C@H]([C@@H](O3)N4C=NC5=C(N=CN=C54)N)O)O)O)O)O
[22:15:28] SMILES Parse Error: Failed parsing SMILES 'C1=C(C(=O)NC(=O)N1)[C@H]2[C@@H]([C@@H]([C@H](O2)COP(=O)([O-])OP(=O)([O-])OC[C@@H]3[C@H]([C@H]([C@@H](O3)N4C=NC5=C(N=CN=C54)N)O)O)O)O)O' for input: 'C1=C(C(=O)NC(=O)N1)[C@H]2[C@@H]([C@@H]([C@H](O2)COP(=O)([O-])OP(=O)([O-])OC[C@@H]3[C@H]([C@H]([C@@H](O3)N4C=NC5=C(N=CN=C54)N)O)O)O)O)O'

Progress: 517/2000[22:15:29] SMILES Parse Error: extra close parentheses while parsing: C1[C@@H]([C@H](O[C@H]1N2C=NC3=C2N=C(NC3=O)N)COP(=O)(O)OP(=O)(O)OC[C@@H]4[C@H]([C@H]([C@@H](O4)N5C=NC6=C5N=C(NC6=O)N)O)O)O)O
[22:15:29] SMILES Parse Error: Failed parsing SMILES 'C1[C@@H]([C@H](O[C@H]1N2C=NC3=C2N=C(NC3=O)N)COP(=O)(O)OP(=O)(O)OC[C@@H]4[C@H]([C@H]([C@@H](O4)N5C=NC6=C5N=C(NC6=O)N)O)O)O)O' for input: 'C1[C@@H]([C@H](O[C@H]1N2C=NC3=C2N=C(NC3=O)N)COP(=O)(O)OP(=O)(O)OC[C@@H]4[C@H]([C@H]([C@@H](O4)N5C=NC6=C5N=C(NC6=O)N)O)O)O)O'

Progress: 518/2000[22:15:31] SMILES Parse Error: extra close parentheses while parsing: CCC1=C(C2=NC1=CC3=C(C4=C(N3)C(=C5[C@H]([C@@H](C(=CC6=NC(=C2)C(=C6C)C=C)N5)C)CCC(=O)O)C4=N3)O)C)C
[22:15:31] SMILES Parse Error: Failed parsing SMILES 'CCC1=C(C2=NC1=CC3=C(C4=C(N3)C(=C5[C@H]([C@@H](C(=CC6=NC(=C2)C(=C6C)C=C)N5)C)CCC(=O)O)C4=N3)O)C)C' for input: 'CCC1=C(C2=NC1=CC3=C(C4=C(N3)C(=C5[C@H]([C@@H](C(=CC6=NC(=C2)C(=C6C)C=C)N5)C)CCC(=O)O)C4=N3)O)C)C'

Progress: 519/2000
Progress: 520/2000
Progress: 521/2000[22:15:35] SMILES Parse Error: extra close parentheses while parsing: C1[C@@H]([C@H](O[C@H]1N2C=NC3=C2N=C(NC3=O)N)COP(=O)(O)OP(=O)(O)OC[C@@H]4[C@H]([C@H]([C@@H](O4)N5C=NC6=C(N=CN=C65)N)O)O)O)O
[22:15:35] SMILES Parse Error: Failed parsing SMILES 'C1[C@@H]([C@H](O[C@H]1N2C=NC3=C2N=C(NC3=O)N)COP(=O)(O)OP(=O)(O)OC[C@@H]4[C@H]([C@H]([C@@H](O4)N5C=NC6=C(N=CN=C65)N)O)O)O)O' for input: 'C1[C@@H]([C@H](O[C@H]1N2C=NC3=C2N=C(NC3=O)N)COP(=O)(O)OP(=O)(O)OC[C@@H]4[C@H]([C@H]([C@@H](O4)N5C=NC6=C(N=CN=C65)N)O)O)O)O'

Progress: 522/2000
Progress: 523/2000
Progress: 524/2000
Progress: 525/2000
Progress: 526/2000[22:15:43] SMILES Parse Error: extra close parentheses while parsing: C1[C@@H]([C@H](O[C@H]1N2C=NC3=C2N=C(NC3=O)N)COP(=O)(O)OP(=O)(O)OC[C@@H]4[C@H]([C@H]([C@@H](O4)N5C=NC6=C5N=C(NC6=O)N)O)O)O)O
[22:15:43] SMILES Parse Error: Failed parsing SMILES 'C1[C@@H]([C@H](O[C@H]1N2C=NC3=C2N=C(NC3=O)N)COP(=O)(O)OP(=O)(O)OC[C@@H]4[C@H]([C@H]([C@@H](O4)N5C=NC6=C5N=C(NC6=O)N)O)O)O)O' for input: 'C1[C@@H]([C@H](O[C@H]1N2C=NC3=C2N=C(NC3=O)N)COP(=O)(O)OP(=O)(O)OC[C@@H]4[C@H]([C@H]([C@@H](O4)N5C=NC6=C5N=C(NC6=O)N)O)O)O)O'

Progress: 527/2000[22:15:45] SMILES Parse Error: extra close parentheses while parsing: C1[C@@H]([C@H](O[C@H]1N2C=NC3=C2N=C(NC3=O)N)COP(=O)(O)OP(=O)(O)OC[C@@H]4[C@H]([C@H]([C@@H](O4)N5C=NC6=C5N=C(NC6=O)N)O)O)O)O
[22:15:45] SMILES Parse Error: Failed parsing SMILES 'C1[C@@H]([C@H](O[C@H]1N2C=NC3=C2N=C(NC3=O)N)COP(=O)(O)OP(=O)(O)OC[C@@H]4[C@H]([C@H]([C@@H](O4)N5C=NC6=C5N=C(NC6=O)N)O)O)O)O' for input: 'C1[C@@H]([C@H](O[C@H]1N2C=NC3=C2N=C(NC3=O)N)COP(=O)(O)OP(=O)(O)OC[C@@H]4[C@H]([C@H]([C@@H](O4)N5C=NC6=C5N=C(NC6=O)N)O)O)O)O'

Progress: 528/2000[22:15:46] SMILES Parse Error: extra close parentheses while parsing: C1=C(C(=O)NC(=O)N1)[C@@H]2[C@H]([C@@H]([C@H](O2)COP(=O)([O-])OP(=O)([O-])OC[C@@H]3[C@H]([C@H]([C@@H](O3)N4C=NC5=C(N=CN=C54)N)O)O)O)O)O
[22:15:46] SMILES Parse Error: Failed parsing SMILES 'C1=C(C(=O)NC(=O)N1)[C@@H]2[C@H]([C@@H]([C@H](O2)COP(=O)([O-])OP(=O)([O-])OC[C@@H]3[C@H]([C@H]([C@@H](O3)N4C=NC5=C(N=CN=C54)N)O)O)O)O)O' for input: 'C1=C(C(=O)NC(=O)N1)[C@@H]2[C@H]([C@@H]([C@H](O2)COP(=O)([O-])OP(=O)([O-])OC[C@@H]3[C@H]([C@H]([C@@H](O3)N4C=NC5=C(N=CN=C54)N)O)O)O)O)O'

Progress: 529/2000[22:15:49] SMILES Parse Error: extra close parentheses while parsing: C1=C(C(=O)NC(=O)N1)[C@@H]2[C@H]([C@@H]([C@H](O2)COP(=O)([O-])OP(=O)([O-])OC[C@@H]3[C@H]([C@H]([C@@H](O3)N4C=NC5=C(N=CN=C54)N)O)O)O)O)O)C(=O)N
[22:15:49] SMILES Parse Error: Failed parsing SMILES 'C1=C(C(=O)NC(=O)N1)[C@@H]2[C@H]([C@@H]([C@H](O2)COP(=O)([O-])OP(=O)([O-])OC[C@@H]3[C@H]([C@H]([C@@H](O3)N4C=NC5=C(N=CN=C54)N)O)O)O)O)O)C(=O)N' for input: 'C1=C(C(=O)NC(=O)N1)[C@@H]2[C@H]([C@@H]([C@H](O2)COP(=O)([O-])OP(=O)([O-])OC[C@@H]3[C@H]([C@H]([C@@H](O3)N4C=NC5=C(N=CN=C54)N)O)O)O)O)O)C(=O)N'

Progress: 530/2000[22:15:50] SMILES Parse Error: extra open parentheses for input: 'CC1=C(C(=O)C2=NC3=C(N=C(NC3=O)[O-])N(C2=C1)C[C@@H]([C@@H]([C@@H](COP(=O)([O-])[O-])O)O)O'

Progress: 531/2000
Progress: 532/2000
Progress: 533/2000[22:15:54] SMILES Parse Error: extra close parentheses while parsing: CCC1=C(C2=NC1=CC3=C(C4=C(N3)C(=C5[C@H]([C@@H](C(=CC6=NC(=C2)C(=C6C)C=C)N5)C)CCC(=O)O)C4=N3)O)C)C
[22:15:54] SMILES Parse Error: Failed parsing SMILES 'CCC1=C(C2=NC1=CC3=C(C4=C(N3)C(=C5[C@H]([C@@H](C(=CC6=NC(=C2)C(=C6C)C=C)N5)C)CCC(=O)O)C4=N3)O)C)C' for input: 'CCC1=C(C2=NC1=CC3=C(C4=C(N3)C(=C5[C@H]([C@@H](C(=CC6=NC(=C2)C(=C6C)C=C)N5)C)CCC(=O)O)C4=N3)O)C)C'

Progress: 534/2000
Progress: 535/2000[22:15:58] SMILES Parse Error: extra close parentheses while parsing: C1=C(C(=O)NC(=O)N1)[C@H]2[C@@H]([C@@H]([C@H](O2)COP(=O)([O-])OP(=O)([O-])OC[C@@H]3[C@H]([C@H]([C@@H](O3)N4C=NC5=C(N=CN=C54)N)O)O)O)O)N
[22:15:58] SMILES Parse Error: Failed parsing SMILES 'C1=C(C(=O)NC(=O)N1)[C@H]2[C@@H]([C@@H]([C@H](O2)COP(=O)([O-])OP(=O)([O-])OC[C@@H]3[C@H]([C@H]([C@@H](O3)N4C=NC5=C(N=CN=C54)N)O)O)O)O)N' for input: 'C1=C(C(=O)NC(=O)N1)[C@H]2[C@@H]([C@@H]([C@H](O2)COP(=O)([O-])OP(=O)([O-])OC[C@@H]3[C@H]([C@H]([C@@H](O3)N4C=NC5=C(N=CN=C54)N)O)O)O)O)N'

Progress: 536/2000
Progress: 537/2000
Progress: 538/2000
Progress: 539/2000[22:16:04] SMILES Parse Error: extra close parentheses while parsing: C1=C(C(=O)NC(=O)N1)[C@H]2[C@@H]([C@@H]([C@H](O2)COP(=O)([O-])OP(=O)([O-])OC[C@@H]3[C@H]([C@H]([C@@H](O3)N4C=NC5=C(N=CN=C54)N)O)O)O)O)N
[22:16:04] SMILES Parse Error: Failed parsing SMILES 'C1=C(C(=O)NC(=O)N1)[C@H]2[C@@H]([C@@H]([C@H](O2)COP(=O)([O-])OP(=O)([O-])OC[C@@H]3[C@H]([C@H]([C@@H](O3)N4C=NC5=C(N=CN=C54)N)O)O)O)O)N' for input: 'C1=C(C(=O)NC(=O)N1)[C@H]2[C@@H]([C@@H]([C@H](O2)COP(=O)([O-])OP(=O)([O-])OC[C@@H]3[C@H]([C@H]([C@@H](O3)N4C=NC5=C(N=CN=C54)N)O)O)O)O)N'

Progress: 540/2000[22:16:06] SMILES Parse Error: extra open parentheses for input: 'CCC1=C(C2=NC1=CC3=C(C4=C(CC(=C5[C@H]([C@@H](C(=CC6=NC(=C2)C(=C6C)C=C)N5)C)CCC(=O)OC/C=C(C)/CCC[C@H](C)CCC[C@H](C)CCCC(C)C)C(=O)OC)C)C'

Progress: 541/2000[22:16:08] SMILES Parse Error: extra close parentheses while parsing: C1[C@@H]([C@H](O[C@H]1N2C=NC3=C2N=C(NC3=O)N)COP(=O)(O)OP(=O)(O)OC[C@@H]4[C@H]([C@H]([C@@H](O4)N5C=NC6=C(N=CN=C65)N)O)O)O)O
[22:16:08] SMILES Parse Error: Failed parsing SMILES 'C1[C@@H]([C@H](O[C@H]1N2C=NC3=C2N=C(NC3=O)N)COP(=O)(O)OP(=O)(O)OC[C@@H]4[C@H]([C@H]([C@@H](O4)N5C=NC6=C(N=CN=C65)N)O)O)O)O' for input: 'C1[C@@H]([C@H](O[C@H]1N2C=NC3=C2N=C(NC3=O)N)COP(=O)(O)OP(=O)(O)OC[C@@H]4[C@H]([C@H]([C@@H](O4)N5C=NC6=C(N=CN=C65)N)O)O)O)O'

Progress: 542/2000
Progress: 543/2000
Progress: 544/2000
Progress: 545/2000
Progress: 546/2000[22:16:15] SMILES Parse Error: extra close parentheses while parsing: C1C=CN(C=C1C(=O)N)[C@H]2[C@@H]([C@@H]([C@H](O2)COP(=O)([O-])OP(=O)([O-])OC[C@@H]3[C@H]([C@H]([C@@H](O3)N4C=NC5=C(N=CN=C54)N)O)O)O)O)O
[22:16:15] SMILES Parse Error: Failed parsing SMILES 'C1C=CN(C=C1C(=O)N)[C@H]2[C@@H]([C@@H]([C@H](O2)COP(=O)([O-])OP(=O)([O-])OC[C@@H]3[C@H]([C@H]([C@@H](O3)N4C=NC5=C(N=CN=C54)N)O)O)O)O)O' for input: 'C1C=CN(C=C1C(=O)N)[C@H]2[C@@H]([C@@H]([C@H](O2)COP(=O)([O-])OP(=O)([O-])OC[C@@H]3[C@H]([C@H]([C@@H](O3)N4C=NC5=C(N=CN=C54)N)O)O)O)O)O'

Progress: 547/2000[22:16:17] SMILES Parse Error: extra close parentheses while parsing: C1=C(C(=O)NC(=O)N1)[C@@H]2[C@H]([C@@H]([C@H](O2)COP(=O)([O-])OP(=O)([O-])OC[C@@H]3[C@H]([C@H]([C@@H](O3)N4C=NC5=C4N=C(NC5=O)N)O)O)O)O)N
[22:16:17] SMILES Parse Error: Failed parsing SMILES 'C1=C(C(=O)NC(=O)N1)[C@@H]2[C@H]([C@@H]([C@H](O2)COP(=O)([O-])OP(=O)([O-])OC[C@@H]3[C@H]([C@H]([C@@H](O3)N4C=NC5=C4N=C(NC5=O)N)O)O)O)O)N' for input: 'C1=C(C(=O)NC(=O)N1)[C@@H]2[C@H]([C@@H]([C@H](O2)COP(=O)([O-])OP(=O)([O-])OC[C@@H]3[C@H]([C@H]([C@@H](O3)N4C=NC5=C4N=C(NC5=O)N)O)O)O)O)N'

Progress: 548/2000[22:16:20] SMILES Parse Error: extra close parentheses while parsing: C1=C(C(=O)NC(=O)N1)[C@@H]2[C@H]([C@@H]([C@H](O2)COP(=O)([O-])OP(=O)([O-])OC[C@@H]3[C@H]([C@H]([C@@H](O3)N4C=NC5=C(N=CN=C54)N)O)O)O)O)O)N
[22:16:20] SMILES Parse Error: Failed parsing SMILES 'C1=C(C(=O)NC(=O)N1)[C@@H]2[C@H]([C@@H]([C@H](O2)COP(=O)([O-])OP(=O)([O-])OC[C@@H]3[C@H]([C@H]([C@@H](O3)N4C=NC5=C(N=CN=C54)N)O)O)O)O)O)N' for input: 'C1=C(C(=O)NC(=O)N1)[C@@H]2[C@H]([C@@H]([C@H](O2)COP(=O)([O-])OP(=O)([O-])OC[C@@H]3[C@H]([C@H]([C@@H](O3)N4C=NC5=C(N=CN=C54)N)O)O)O)O)O)N'

Progress: 549/2000[22:16:22] SMILES Parse Error: extra close parentheses while parsing: C1=C(C(=O)NC(=O)N1)[C@H]2[C@@H]([C@@H]([C@H](O2)COP(=O)([O-])OP(=O)([O-])OC[C@@H]3[C@H]([C@H]([C@@H](O3)N4C=NC5=C(N=CN=C54)N)O)O)O)O)N
[22:16:22] SMILES Parse Error: Failed parsing SMILES 'C1=C(C(=O)NC(=O)N1)[C@H]2[C@@H]([C@@H]([C@H](O2)COP(=O)([O-])OP(=O)([O-])OC[C@@H]3[C@H]([C@H]([C@@H](O3)N4C=NC5=C(N=CN=C54)N)O)O)O)O)N' for input: 'C1=C(C(=O)NC(=O)N1)[C@H]2[C@@H]([C@@H]([C@H](O2)COP(=O)([O-])OP(=O)([O-])OC[C@@H]3[C@H]([C@H]([C@@H](O3)N4C=NC5=C(N=CN=C54)N)O)O)O)O)N'

Progress: 550/2000
Progress: 551/2000
Progress: 552/2000
Progress: 553/2000
Progress: 554/2000
Progress: 555/2000
Progress: 556/2000[22:16:32] SMILES Parse Error: extra open parentheses for input: 'C1C=CN(C=C1C(=O)N)[C@@H]2[C@@H]([C@H]([C@@H]([C@H](O2)COP(=O)([O-])OP(=O)([O-])OC[C@@H]3[C@H]([C@H]([C@@H](O3)N4C=NC5=C(N=CN=C54)N)O)O)O)O.O.O.O.O'

Progress: 557/2000
Progress: 558/2000[22:16:36] SMILES Parse Error: extra close parentheses while parsing: C1=C(C(=O)NC(=O)N1)[C@H]2[C@@H]([C@@H]([C@H](O2)COP(=O)([O-])OP(=O)([O-])OC[C@@H]3[C@H]([C@H]([C@@H](O3)N4C=NC5=C(N=CN=C54)N)O)O)O)O)O
[22:16:36] SMILES Parse Error: Failed parsing SMILES 'C1=C(C(=O)NC(=O)N1)[C@H]2[C@@H]([C@@H]([C@H](O2)COP(=O)([O-])OP(=O)([O-])OC[C@@H]3[C@H]([C@H]([C@@H](O3)N4C=NC5=C(N=CN=C54)N)O)O)O)O)O' for input: 'C1=C(C(=O)NC(=O)N1)[C@H]2[C@@H]([C@@H]([C@H](O2)COP(=O)([O-])OP(=O)([O-])OC[C@@H]3[C@H]([C@H]([C@@H](O3)N4C=NC5=C(N=CN=C54)N)O)O)O)O)O'

Progress: 559/2000[22:16:38] SMILES Parse Error: extra close parentheses while parsing: C1=C(C(=O)NC(=O)N1)[C@@H]2[C@H]([C@@H]([C@H](O2)COP(=O)([O-])OP(=O)([O-])OC[C@@H]3[C@H]([C@H]([C@@H](O3)N4C=NC5=C(N=CN=C54)N)O)O)O)O)O)N
[22:16:38] SMILES Parse Error: Failed parsing SMILES 'C1=C(C(=O)NC(=O)N1)[C@@H]2[C@H]([C@@H]([C@H](O2)COP(=O)([O-])OP(=O)([O-])OC[C@@H]3[C@H]([C@H]([C@@H](O3)N4C=NC5=C(N=CN=C54)N)O)O)O)O)O)N' for input: 'C1=C(C(=O)NC(=O)N1)[C@@H]2[C@H]([C@@H]([C@H](O2)COP(=O)([O-])OP(=O)([O-])OC[C@@H]3[C@H]([C@H]([C@@H](O3)N4C=NC5=C(N=CN=C54)N)O)O)O)O)O)N'

Progress: 560/2000
Progress: 561/2000
Progress: 562/2000[22:16:44] SMILES Parse Error: extra close parentheses while parsing: C1[C@@H]([C@H](O[C@H]1N2C=NC3=C2N=C(NC3=O)N)COP(=O)(O)OP(=O)(O)OC[C@@H]4[C@H]([C@H]([C@@H](O4)N5C=NC6=C(N=CN=C65)N)O)O)O)O
[22:16:44] SMILES Parse Error: Failed parsing SMILES 'C1[C@@H]([C@H](O[C@H]1N2C=NC3=C2N=C(NC3=O)N)COP(=O)(O)OP(=O)(O)OC[C@@H]4[C@H]([C@H]([C@@H](O4)N5C=NC6=C(N=CN=C65)N)O)O)O)O' for input: 'C1[C@@H]([C@H](O[C@H]1N2C=NC3=C2N=C(NC3=O)N)COP(=O)(O)OP(=O)(O)OC[C@@H]4[C@H]([C@H]([C@@H](O4)N5C=NC6=C(N=CN=C65)N)O)O)O)O'

Progress: 563/2000
Progress: 564/2000[22:16:48] SMILES Parse Error: extra close parentheses while parsing: C1=C(C(=O)NC(=O)N1[C@H]2[C@@H]([C@@H]([C@H](O2)COP(=O)([O-])OP(=O)([O-])OC[C@@H]3[C@H]([C@H]([C@@H](O3)N4C=NC5=C(N=CN=C54)N)O)O)O)O)O)N
[22:16:48] SMILES Parse Error: Failed parsing SMILES 'C1=C(C(=O)NC(=O)N1[C@H]2[C@@H]([C@@H]([C@H](O2)COP(=O)([O-])OP(=O)([O-])OC[C@@H]3[C@H]([C@H]([C@@H](O3)N4C=NC5=C(N=CN=C54)N)O)O)O)O)O)N' for input: 'C1=C(C(=O)NC(=O)N1[C@H]2[C@@H]([C@@H]([C@H](O2)COP(=O)([O-])OP(=O)([O-])OC[C@@H]3[C@H]([C@H]([C@@H](O3)N4C=NC5=C(N=CN=C54)N)O)O)O)O)O)N'

Progress: 565/2000[22:16:50] SMILES Parse Error: extra close parentheses while parsing: C1[C@@H]([C@H]([C@@H](O[C@]1(C(=O)O)O)[C@@H](CO)O)O)OP(=O)(O)OP(=O)(O)OC[C@@H]2[C@H]([C@H]([C@@H](O2)N3C=NC4=C3N=C(NC4=O)N)O)O)O.O.O.O
[22:16:50] SMILES Parse Error: Failed parsing SMILES 'C1[C@@H]([C@H]([C@@H](O[C@]1(C(=O)O)O)[C@@H](CO)O)O)OP(=O)(O)OP(=O)(O)OC[C@@H]2[C@H]([C@H]([C@@H](O2)N3C=NC4=C3N=C(NC4=O)N)O)O)O.O.O.O' for input: 'C1[C@@H]([C@H]([C@@H](O[C@]1(C(=O)O)O)[C@@H](CO)O)O)OP(=O)(O)OP(=O)(O)OC[C@@H]2[C@H]([C@H]([C@@H](O2)N3C=NC4=C3N=C(NC4=O)N)O)O)O.O.O.O'

Progress: 566/2000
Progress: 567/2000
Progress: 568/2000
Progress: 569/2000[22:16:56] SMILES Parse Error: extra close parentheses while parsing: C1=C(C(=O)NC(=O)N1)[C@@H]2[C@H]([C@@H]([C@H](O2)COP(=O)([O-])OP(=O)([O-])OC[C@@H]3[C@H]([C@H]([C@@H](O3)N4C=NC5=C(N=CN=C54)N)O)O)O)O)N
[22:16:56] SMILES Parse Error: Failed parsing SMILES 'C1=C(C(=O)NC(=O)N1)[C@@H]2[C@H]([C@@H]([C@H](O2)COP(=O)([O-])OP(=O)([O-])OC[C@@H]3[C@H]([C@H]([C@@H](O3)N4C=NC5=C(N=CN=C54)N)O)O)O)O)N' for input: 'C1=C(C(=O)NC(=O)N1)[C@@H]2[C@H]([C@@H]([C@H](O2)COP(=O)([O-])OP(=O)([O-])OC[C@@H]3[C@H]([C@H]([C@@H](O3)N4C=NC5=C(N=CN=C54)N)O)O)O)O)N'

Progress: 570/2000
Progress: 571/2000[22:16:59] SMILES Parse Error: extra close parentheses while parsing: C1=C(C(=O)NC(=O)N1)[C@H]2[C@@H]([C@@H]([C@H](O2)COP(=O)([O-])OP(=O)([O-])OC[C@@H]3[C@H]([C@H]([C@@H](O3)N4C=NC5=C(N=CN=C54)N)O)O)O)O)O
[22:16:59] SMILES Parse Error: Failed parsing SMILES 'C1=C(C(=O)NC(=O)N1)[C@H]2[C@@H]([C@@H]([C@H](O2)COP(=O)([O-])OP(=O)([O-])OC[C@@H]3[C@H]([C@H]([C@@H](O3)N4C=NC5=C(N=CN=C54)N)O)O)O)O)O' for input: 'C1=C(C(=O)NC(=O)N1)[C@H]2[C@@H]([C@@H]([C@H](O2)COP(=O)([O-])OP(=O)([O-])OC[C@@H]3[C@H]([C@H]([C@@H](O3)N4C=NC5=C(N=CN=C54)N)O)O)O)O)O'

Progress: 572/2000
Progress: 573/2000[22:17:02] SMILES Parse Error: extra close parentheses while parsing: C1=C(C(=O)NC(=O)N1)[C@H]2[C@@H]([C@@H]([C@H](O2)COP(=O)([O-])OP(=O)([O-])OC[C@@H]3[C@H]([C@H]([C@@H](O3)N4C=NC5=C(N=CN=C54)N)O)O)O)O)N
[22:17:02] SMILES Parse Error: Failed parsing SMILES 'C1=C(C(=O)NC(=O)N1)[C@H]2[C@@H]([C@@H]([C@H](O2)COP(=O)([O-])OP(=O)([O-])OC[C@@H]3[C@H]([C@H]([C@@H](O3)N4C=NC5=C(N=CN=C54)N)O)O)O)O)N' for input: 'C1=C(C(=O)NC(=O)N1)[C@H]2[C@@H]([C@@H]([C@H](O2)COP(=O)([O-])OP(=O)([O-])OC[C@@H]3[C@H]([C@H]([C@@H](O3)N4C=NC5=C(N=CN=C54)N)O)O)O)O)N'

Progress: 574/2000
Progress: 575/2000
Progress: 576/2000
Progress: 577/2000
Progress: 578/2000
Progress: 579/2000
Progress: 580/2000[22:17:13] SMILES Parse Error: extra close parentheses while parsing: C1C=CN(C=C1C(=O)N)[C@H]2[C@@H]([C@@H]([C@H](O2)COP(=O)(O)OP(=O)(O)OC[C@@H]3[C@H]([C@H]([C@@H](O3)N4C=NC5=C(N=CN=C54)N)O)O)O)O)N
[22:17:13] SMILES Parse Error: Failed parsing SMILES 'C1C=CN(C=C1C(=O)N)[C@H]2[C@@H]([C@@H]([C@H](O2)COP(=O)(O)OP(=O)(O)OC[C@@H]3[C@H]([C@H]([C@@H](O3)N4C=NC5=C(N=CN=C54)N)O)O)O)O)N' for input: 'C1C=CN(C=C1C(=O)N)[C@H]2[C@@H]([C@@H]([C@H](O2)COP(=O)(O)OP(=O)(O)OC[C@@H]3[C@H]([C@H]([C@@H](O3)N4C=NC5=C(N=CN=C54)N)O)O)O)O)N'

Progress: 581/2000[22:17:15] SMILES Parse Error: extra close parentheses while parsing: C1C=CN(C=C1C(=O)N)[C@H]2[C@@H]([C@@H]([C@H](O2)COP(=O)(O)OP(=O)(O)OC[C@@H]3[C@H]([C@H]([C@@H](O3)N4C=NC5=C(N=CN=C54)N)O)O)O)O)N
[22:17:15] SMILES Parse Error: Failed parsing SMILES 'C1C=CN(C=C1C(=O)N)[C@H]2[C@@H]([C@@H]([C@H](O2)COP(=O)(O)OP(=O)(O)OC[C@@H]3[C@H]([C@H]([C@@H](O3)N4C=NC5=C(N=CN=C54)N)O)O)O)O)N' for input: 'C1C=CN(C=C1C(=O)N)[C@H]2[C@@H]([C@@H]([C@H](O2)COP(=O)(O)OP(=O)(O)OC[C@@H]3[C@H]([C@H]([C@@H](O3)N4C=NC5=C(N=CN=C54)N)O)O)O)O)N'

Progress: 582/2000
Progress: 583/2000
Progress: 584/2000
Progress: 585/2000[22:17:22] SMILES Parse Error: extra close parentheses while parsing: C1C=CN(C=C1C(=O)N)[C@H]2[C@@H]([C@@H]([C@H](O2)COP(=O)([O-])OP(=O)([O-])OC[C@@H]3[C@H]([C@H]([C@@H](O3)N4C=NC5=C(N=CN=C54)N)O)O)O)O)O
[22:17:22] SMILES Parse Error: Failed parsing SMILES 'C1C=CN(C=C1C(=O)N)[C@H]2[C@@H]([C@@H]([C@H](O2)COP(=O)([O-])OP(=O)([O-])OC[C@@H]3[C@H]([C@H]([C@@H](O3)N4C=NC5=C(N=CN=C54)N)O)O)O)O)O' for input: 'C1C=CN(C=C1C(=O)N)[C@H]2[C@@H]([C@@H]([C@H](O2)COP(=O)([O-])OP(=O)([O-])OC[C@@H]3[C@H]([C@H]([C@@H](O3)N4C=NC5=C(N=CN=C54)N)O)O)O)O)O'

Progress: 586/2000
Progress: 587/2000[22:17:26] SMILES Parse Error: extra close parentheses while parsing: C1=C(C(=O)NC(=O)N1)[C@@H]2[C@H]([C@@H]([C@H](O2)COP(=O)([O-])OP(=O)([O-])OC[C@@H]3[C@H]([C@H]([C@@H](O3)N4C=NC5=C(N=CN=C54)N)O)O)O)O)O.C1=NC2=C(C(=O)NC2=O)C3=CC(=CC3=C(C=C3)O)O
[22:17:26] SMILES Parse Error: Failed parsing SMILES 'C1=C(C(=O)NC(=O)N1)[C@@H]2[C@H]([C@@H]([C@H](O2)COP(=O)([O-])OP(=O)([O-])OC[C@@H]3[C@H]([C@H]([C@@H](O3)N4C=NC5=C(N=CN=C54)N)O)O)O)O)O.C1=NC2=C(C(=O)NC2=O)C3=CC(=CC3=C(C=C3)O)O' for input: 'C1=C(C(=O)NC(=O)N1)[C@@H]2[C@H]([C@@H]([C@H](O2)COP(=O)([O-])OP(=O)([O-])OC[C@@H]3[C@H]([C@H]([C@@H](O3)N4C=NC5=C(N=CN=C54)N)O)O)O)O)O.C1=NC2=C(C(=O)NC2=O)C3=CC(=CC3=C(C=C3)O)O'

Progress: 588/2000
Progress: 589/2000
Progress: 590/2000[22:17:31] SMILES Parse Error: extra close parentheses while parsing: C1=C(C(=O)NC(=O)N1)[C@H]2[C@@H]([C@@H]([C@H](O2)COP(=O)([O-])OP(=O)([O-])OC[C@@H]3[C@H]([C@H]([C@@H](O3)N4C=NC5=C(N=CN=C54)N)O)O)O)O)N
[22:17:31] SMILES Parse Error: Failed parsing SMILES 'C1=C(C(=O)NC(=O)N1)[C@H]2[C@@H]([C@@H]([C@H](O2)COP(=O)([O-])OP(=O)([O-])OC[C@@H]3[C@H]([C@H]([C@@H](O3)N4C=NC5=C(N=CN=C54)N)O)O)O)O)N' for input: 'C1=C(C(=O)NC(=O)N1)[C@H]2[C@@H]([C@@H]([C@H](O2)COP(=O)([O-])OP(=O)([O-])OC[C@@H]3[C@H]([C@H]([C@@H](O3)N4C=NC5=C(N=CN=C54)N)O)O)O)O)N'

Progress: 591/2000
Progress: 592/2000
Progress: 593/2000
Progress: 594/2000[22:17:37] SMILES Parse Error: extra close parentheses while parsing: C1=C(C(=O)NC(=O)N1)[C@H]2[C@@H]([C@@H]([C@H](O2)COP(=O)([O-])OP(=O)([O-])OC[C@@H]3[C@H]([C@H]([C@@H](O3)N4C=NC5=C(N=CN=C54)N)O)O)O)O)O
[22:17:37] SMILES Parse Error: Failed parsing SMILES 'C1=C(C(=O)NC(=O)N1)[C@H]2[C@@H]([C@@H]([C@H](O2)COP(=O)([O-])OP(=O)([O-])OC[C@@H]3[C@H]([C@H]([C@@H](O3)N4C=NC5=C(N=CN=C54)N)O)O)O)O)O' for input: 'C1=C(C(=O)NC(=O)N1)[C@H]2[C@@H]([C@@H]([C@H](O2)COP(=O)([O-])OP(=O)([O-])OC[C@@H]3[C@H]([C@H]([C@@H](O3)N4C=NC5=C(N=CN=C54)N)O)O)O)O)O'

Progress: 595/2000[22:17:39] SMILES Parse Error: extra close parentheses while parsing: C1=C(C(=O)NC(=O)N1)[C@H]2[C@@H]([C@@H]([C@H](O2)COP(=O)([O-])OP(=O)([O-])OC[C@@H]3[C@H]([C@H]([C@@H](O3)N4C=NC5=C(N=CN=C54)N)O)O)O)O)O
[22:17:39] SMILES Parse Error: Failed parsing SMILES 'C1=C(C(=O)NC(=O)N1)[C@H]2[C@@H]([C@@H]([C@H](O2)COP(=O)([O-])OP(=O)([O-])OC[C@@H]3[C@H]([C@H]([C@@H](O3)N4C=NC5=C(N=CN=C54)N)O)O)O)O)O' for input: 'C1=C(C(=O)NC(=O)N1)[C@H]2[C@@H]([C@@H]([C@H](O2)COP(=O)([O-])OP(=O)([O-])OC[C@@H]3[C@H]([C@H]([C@@H](O3)N4C=NC5=C(N=CN=C54)N)O)O)O)O)O'

Progress: 596/2000
Progress: 597/2000
Progress: 598/2000[22:17:44] SMILES Parse Error: extra close parentheses while parsing: C1C=CN(C(=O)N1)[C@H]2[C@@H]([C@@H]([C@H](O2)COP(=O)([O-])OP(=O)([O-])OC[C@@H]3[C@H]([C@H]([C@@H](O3)N4C=NC5=C(N=CN=C54)N)O)O)O)O)O
[22:17:44] SMILES Parse Error: Failed parsing SMILES 'C1C=CN(C(=O)N1)[C@H]2[C@@H]([C@@H]([C@H](O2)COP(=O)([O-])OP(=O)([O-])OC[C@@H]3[C@H]([C@H]([C@@H](O3)N4C=NC5=C(N=CN=C54)N)O)O)O)O)O' for input: 'C1C=CN(C(=O)N1)[C@H]2[C@@H]([C@@H]([C@H](O2)COP(=O)([O-])OP(=O)([O-])OC[C@@H]3[C@H]([C@H]([C@@H](O3)N4C=NC5=C(N=CN=C54)N)O)O)O)O)O'

Progress: 599/2000[22:17:46] SMILES Parse Error: extra close parentheses while parsing: CCC1=C(C2=NC1=CC3=C(C4=C(N3)C(=C5[C@H]([C@@H](C(=CC6=NC(=C2)C(=C6C)C=C)N5)C)CCC(=O)O)C4=N3)O)C)C
[22:17:46] SMILES Parse Error: Failed parsing SMILES 'CCC1=C(C2=NC1=CC3=C(C4=C(N3)C(=C5[C@H]([C@@H](C(=CC6=NC(=C2)C(=C6C)C=C)N5)C)CCC(=O)O)C4=N3)O)C)C' for input: 'CCC1=C(C2=NC1=CC3=C(C4=C(N3)C(=C5[C@H]([C@@H](C(=CC6=NC(=C2)C(=C6C)C=C)N5)C)CCC(=O)O)C4=N3)O)C)C'

Progress: 600/2000
Progress: 601/2000
Progress: 602/2000
Progress: 603/2000
Progress: 604/2000[22:17:55] SMILES Parse Error: extra close parentheses while parsing: C1=C(C(=O)NC(=O)N1)[C@@H]2[C@H]([C@@H]([C@H](O2)COP(=O)([O-])OP(=O)([O-])OC[C@@H]3[C@H]([C@H]([C@@H](O3)N4C=NC5=C(N=CN=C54)N)O)O)O)O)O
[22:17:55] SMILES Parse Error: Failed parsing SMILES 'C1=C(C(=O)NC(=O)N1)[C@@H]2[C@H]([C@@H]([C@H](O2)COP(=O)([O-])OP(=O)([O-])OC[C@@H]3[C@H]([C@H]([C@@H](O3)N4C=NC5=C(N=CN=C54)N)O)O)O)O)O' for input: 'C1=C(C(=O)NC(=O)N1)[C@@H]2[C@H]([C@@H]([C@H](O2)COP(=O)([O-])OP(=O)([O-])OC[C@@H]3[C@H]([C@H]([C@@H](O3)N4C=NC5=C(N=CN=C54)N)O)O)O)O)O'

Progress: 605/2000
Progress: 606/2000
Progress: 607/2000[22:18:02] SMILES Parse Error: extra open parentheses for input: 'C[C@@H]1C(=O)N[C@H](C(=O)N[C@@H](C(=O)N[C@H](C(=O)N2CCC[C@H]2C(=O)N[C@@H](C(=O)N[C@H](C(=O)N[C@H](C(=O)N[C@H](C(=O)N3CCC[C@H]3C(=O)N[C@H](C(=O)NCC(=O)N)CC(=O)N)CC4=CC=C(C=C4)O)CC5=CC=CC=C5)CC6=CNC7=CC=CC=C76)CC8=CC=CC=C8'

Progress: 608/2000
Progress: 609/2000[22:18:05] SMILES Parse Error: extra close parentheses while parsing: C1=C(C(=O)NC(=O)N1)[C@@H]2[C@H]([C@@H]([C@H](O2)COP(=O)(O)OP(=O)(O)OC[C@@H]3[C@H]([C@H]([C@@H](O3)N4C=NC5=C(N=CN=C54)N)O)O)O)O)O
[22:18:05] SMILES Parse Error: Failed parsing SMILES 'C1=C(C(=O)NC(=O)N1)[C@@H]2[C@H]([C@@H]([C@H](O2)COP(=O)(O)OP(=O)(O)OC[C@@H]3[C@H]([C@H]([C@@H](O3)N4C=NC5=C(N=CN=C54)N)O)O)O)O)O' for input: 'C1=C(C(=O)NC(=O)N1)[C@@H]2[C@H]([C@@H]([C@H](O2)COP(=O)(O)OP(=O)(O)OC[C@@H]3[C@H]([C@H]([C@@H](O3)N4C=NC5=C(N=CN=C54)N)O)O)O)O)O'

Progress: 610/2000[22:18:07] SMILES Parse Error: extra close parentheses while parsing: C1[C@@H]([C@H](O[C@H]1N2C=NC3=C2N=C(NC3=O)N)COP(=O)(O)OP(=O)(O)OC[C@@H]4[C@H]([C@H]([C@@H](O4)N5C=NC6=C5N=C(NC6=O)N)O)O)O)O
[22:18:07] SMILES Parse Error: Failed parsing SMILES 'C1[C@@H]([C@H](O[C@H]1N2C=NC3=C2N=C(NC3=O)N)COP(=O)(O)OP(=O)(O)OC[C@@H]4[C@H]([C@H]([C@@H](O4)N5C=NC6=C5N=C(NC6=O)N)O)O)O)O' for input: 'C1[C@@H]([C@H](O[C@H]1N2C=NC3=C2N=C(NC3=O)N)COP(=O)(O)OP(=O)(O)OC[C@@H]4[C@H]([C@H]([C@@H](O4)N5C=NC6=C5N=C(NC6=O)N)O)O)O)O'

Progress: 611/2000
Progress: 612/2000
Progress: 613/2000
Progress: 614/2000
Progress: 615/2000[22:18:15] SMILES Parse Error: extra close parentheses while parsing: C1=C(C(=O)NC(=O)N1)[C@H]2[C@@H]([C@@H]([C@H](O2)COP(=O)([O-])OP(=O)([O-])OC[C@@H]3[C@H]([C@H]([C@@H](O3)N4C=NC5=C(N=CN=C54)N)O)O)O)O)N
[22:18:15] SMILES Parse Error: Failed parsing SMILES 'C1=C(C(=O)NC(=O)N1)[C@H]2[C@@H]([C@@H]([C@H](O2)COP(=O)([O-])OP(=O)([O-])OC[C@@H]3[C@H]([C@H]([C@@H](O3)N4C=NC5=C(N=CN=C54)N)O)O)O)O)N' for input: 'C1=C(C(=O)NC(=O)N1)[C@H]2[C@@H]([C@@H]([C@H](O2)COP(=O)([O-])OP(=O)([O-])OC[C@@H]3[C@H]([C@H]([C@@H](O3)N4C=NC5=C(N=CN=C54)N)O)O)O)O)N'

Progress: 616/2000
Progress: 617/2000
Progress: 618/2000[22:18:20] SMILES Parse Error: extra close parentheses while parsing: C1=C(C(=O)NC(=O)N1)[C@H]2[C@@H]([C@@H]([C@H](O2)COP(=O)([O-])OP(=O)([O-])OC[C@@H]3[C@H]([C@H]([C@@H](O3)N4C=NC5=C(N=CN=C54)N)O)O)O)O)N
[22:18:20] SMILES Parse Error: Failed parsing SMILES 'C1=C(C(=O)NC(=O)N1)[C@H]2[C@@H]([C@@H]([C@H](O2)COP(=O)([O-])OP(=O)([O-])OC[C@@H]3[C@H]([C@H]([C@@H](O3)N4C=NC5=C(N=CN=C54)N)O)O)O)O)N' for input: 'C1=C(C(=O)NC(=O)N1)[C@H]2[C@@H]([C@@H]([C@H](O2)COP(=O)([O-])OP(=O)([O-])OC[C@@H]3[C@H]([C@H]([C@@H](O3)N4C=NC5=C(N=CN=C54)N)O)O)O)O)N'

Progress: 619/2000[22:18:22] SMILES Parse Error: extra close parentheses while parsing: C1=C(C(=O)NC(=O)N1[C@H]2[C@@H]([C@@H]([C@H](O2)COP(=O)([O-])OP(=O)([O-])OC[C@@H]3[C@H]([C@H]([C@@H](O3)N4C=NC5=C(N=CN=C54)N)O)O)O)O)O)N
[22:18:22] SMILES Parse Error: Failed parsing SMILES 'C1=C(C(=O)NC(=O)N1[C@H]2[C@@H]([C@@H]([C@H](O2)COP(=O)([O-])OP(=O)([O-])OC[C@@H]3[C@H]([C@H]([C@@H](O3)N4C=NC5=C(N=CN=C54)N)O)O)O)O)O)N' for input: 'C1=C(C(=O)NC(=O)N1[C@H]2[C@@H]([C@@H]([C@H](O2)COP(=O)([O-])OP(=O)([O-])OC[C@@H]3[C@H]([C@H]([C@@H](O3)N4C=NC5=C(N=CN=C54)N)O)O)O)O)O)N'

Progress: 620/2000
Progress: 621/2000
Progress: 622/2000[22:18:28] SMILES Parse Error: extra close parentheses while parsing: C1=C(C(=O)NC(=O)N1[C@H]2[C@@H]([C@@H]([C@H](O2)COP(=O)([O-])OP(=O)([O-])OC[C@@H]3[C@H]([C@H]([C@@H](O3)N4C=NC5=C(N=CN=C54)N)O)O)O)O)O)N
[22:18:28] SMILES Parse Error: Failed parsing SMILES 'C1=C(C(=O)NC(=O)N1[C@H]2[C@@H]([C@@H]([C@H](O2)COP(=O)([O-])OP(=O)([O-])OC[C@@H]3[C@H]([C@H]([C@@H](O3)N4C=NC5=C(N=CN=C54)N)O)O)O)O)O)N' for input: 'C1=C(C(=O)NC(=O)N1[C@H]2[C@@H]([C@@H]([C@H](O2)COP(=O)([O-])OP(=O)([O-])OC[C@@H]3[C@H]([C@H]([C@@H](O3)N4C=NC5=C(N=CN=C54)N)O)O)O)O)O)N'

Progress: 623/2000
Progress: 624/2000[22:18:34] SMILES Parse Error: extra close parentheses while parsing: C1[C@@H]([C@H](O[C@H]1N2C=NC3=C2N=C(NC3=O)N)COP(=O)(O)OP(=O)(O)OC[C@@H]4[C@H]([C@H]([C@@H](O4)N5C=NC6=C5N=C(NC6=O)N)O)O)O)O
[22:18:34] SMILES Parse Error: Failed parsing SMILES 'C1[C@@H]([C@H](O[C@H]1N2C=NC3=C2N=C(NC3=O)N)COP(=O)(O)OP(=O)(O)OC[C@@H]4[C@H]([C@H]([C@@H](O4)N5C=NC6=C5N=C(NC6=O)N)O)O)O)O' for input: 'C1[C@@H]([C@H](O[C@H]1N2C=NC3=C2N=C(NC3=O)N)COP(=O)(O)OP(=O)(O)OC[C@@H]4[C@H]([C@H]([C@@H](O4)N5C=NC6=C5N=C(NC6=O)N)O)O)O)O'

Progress: 625/2000
Progress: 626/2000[22:18:38] SMILES Parse Error: extra close parentheses while parsing: C1=C(C(=O)NC(=O)N1)[C@@H]2[C@H]([C@@H]([C@H](O2)COP(=O)([O-])OP(=O)([O-])OC[C@@H]3[C@H]([C@H]([C@@H](O3)N4C=NC5=C(N=CN=C54)N)O)O)O)O)O)N
[22:18:38] SMILES Parse Error: Failed parsing SMILES 'C1=C(C(=O)NC(=O)N1)[C@@H]2[C@H]([C@@H]([C@H](O2)COP(=O)([O-])OP(=O)([O-])OC[C@@H]3[C@H]([C@H]([C@@H](O3)N4C=NC5=C(N=CN=C54)N)O)O)O)O)O)N' for input: 'C1=C(C(=O)NC(=O)N1)[C@@H]2[C@H]([C@@H]([C@H](O2)COP(=O)([O-])OP(=O)([O-])OC[C@@H]3[C@H]([C@H]([C@@H](O3)N4C=NC5=C(N=CN=C54)N)O)O)O)O)O)N'

Progress: 627/2000
Progress: 628/2000[22:18:42] SMILES Parse Error: extra close parentheses while parsing: C1=C(C(=O)NC(=O)N1)[C@@H]2[C@H]([C@@H]([C@H](O2)COP(=O)([O-])OP(=O)([O-])OC[C@@H]3[C@H]([C@H]([C@@H](O3)N4C=NC5=C(N=CN=C54)N)O)O)O)O)O
[22:18:42] SMILES Parse Error: Failed parsing SMILES 'C1=C(C(=O)NC(=O)N1)[C@@H]2[C@H]([C@@H]([C@H](O2)COP(=O)([O-])OP(=O)([O-])OC[C@@H]3[C@H]([C@H]([C@@H](O3)N4C=NC5=C(N=CN=C54)N)O)O)O)O)O' for input: 'C1=C(C(=O)NC(=O)N1)[C@@H]2[C@H]([C@@H]([C@H](O2)COP(=O)([O-])OP(=O)([O-])OC[C@@H]3[C@H]([C@H]([C@@H](O3)N4C=NC5=C(N=CN=C54)N)O)O)O)O)O'

Progress: 629/2000[22:18:44] SMILES Parse Error: extra close parentheses while parsing: C1=C(C(=O)NC(=O)N1)[C@H]2[C@@H]([C@@H]([C@H](O2)COP(=O)([O-])OP(=O)([O-])OC[C@@H]3[C@H]([C@H]([C@@H](O3)N4C=NC5=C(N=CN=C54)N)O)O)O)O)N
[22:18:44] SMILES Parse Error: Failed parsing SMILES 'C1=C(C(=O)NC(=O)N1)[C@H]2[C@@H]([C@@H]([C@H](O2)COP(=O)([O-])OP(=O)([O-])OC[C@@H]3[C@H]([C@H]([C@@H](O3)N4C=NC5=C(N=CN=C54)N)O)O)O)O)N' for input: 'C1=C(C(=O)NC(=O)N1)[C@H]2[C@@H]([C@@H]([C@H](O2)COP(=O)([O-])OP(=O)([O-])OC[C@@H]3[C@H]([C@H]([C@@H](O3)N4C=NC5=C(N=CN=C54)N)O)O)O)O)N'

Progress: 630/2000[22:18:46] SMILES Parse Error: extra close parentheses while parsing: C1=C(C(=O)NC(=O)N1)[C@@H]2[C@H]([C@@H]([C@H](O2)COP(=O)([O-])OP(=O)([O-])OC[C@@H]3[C@H]([C@H]([C@@H](O3)N4C=NC5=C4N=C(NC5=O)N)O)O)O)O)N
[22:18:46] SMILES Parse Error: Failed parsing SMILES 'C1=C(C(=O)NC(=O)N1)[C@@H]2[C@H]([C@@H]([C@H](O2)COP(=O)([O-])OP(=O)([O-])OC[C@@H]3[C@H]([C@H]([C@@H](O3)N4C=NC5=C4N=C(NC5=O)N)O)O)O)O)N' for input: 'C1=C(C(=O)NC(=O)N1)[C@@H]2[C@H]([C@@H]([C@H](O2)COP(=O)([O-])OP(=O)([O-])OC[C@@H]3[C@H]([C@H]([C@@H](O3)N4C=NC5=C4N=C(NC5=O)N)O)O)O)O)N'

Progress: 631/2000
Progress: 632/2000
Progress: 633/2000[22:18:50] SMILES Parse Error: extra close parentheses while parsing: C1=C(C(=O)NC(=O)N1)[C@H]2[C@@H]([C@@H]([C@H](O2)COP(=O)([O-])OP(=O)([O-])OC[C@@H]3[C@H]([C@H]([C@@H](O3)N4C=NC5=C4N=C(NC5=O)N)O)O)O)O)N
[22:18:50] SMILES Parse Error: Failed parsing SMILES 'C1=C(C(=O)NC(=O)N1)[C@H]2[C@@H]([C@@H]([C@H](O2)COP(=O)([O-])OP(=O)([O-])OC[C@@H]3[C@H]([C@H]([C@@H](O3)N4C=NC5=C4N=C(NC5=O)N)O)O)O)O)N' for input: 'C1=C(C(=O)NC(=O)N1)[C@H]2[C@@H]([C@@H]([C@H](O2)COP(=O)([O-])OP(=O)([O-])OC[C@@H]3[C@H]([C@H]([C@@H](O3)N4C=NC5=C4N=C(NC5=O)N)O)O)O)O)N'

Progress: 634/2000[22:18:52] SMILES Parse Error: extra close parentheses while parsing: C1=C(C(=O)NC(=O)N1[C@H]2[C@@H]([C@@H]([C@H](O2)COP(=O)([O-])OP(=O)([O-])OC[C@@H]3[C@H]([C@H]([C@@H](O3)N4C=NC5=C(N=CN=C54)N)O)O)O)O)O)N
[22:18:52] SMILES Parse Error: Failed parsing SMILES 'C1=C(C(=O)NC(=O)N1[C@H]2[C@@H]([C@@H]([C@H](O2)COP(=O)([O-])OP(=O)([O-])OC[C@@H]3[C@H]([C@H]([C@@H](O3)N4C=NC5=C(N=CN=C54)N)O)O)O)O)O)N' for input: 'C1=C(C(=O)NC(=O)N1[C@H]2[C@@H]([C@@H]([C@H](O2)COP(=O)([O-])OP(=O)([O-])OC[C@@H]3[C@H]([C@H]([C@@H](O3)N4C=NC5=C(N=CN=C54)N)O)O)O)O)O)N'

Progress: 635/2000[22:18:54] SMILES Parse Error: extra close parentheses while parsing: C1=C(C(=O)NC(=O)N1)[C@H]2[C@@H]([C@@H]([C@H](O2)COP(=O)([O-])OP(=O)([O-])OC[C@@H]3[C@H]([C@H]([C@@H](O3)N4C=NC5=C4N=C(NC5=O)N)O)O)O)O)N
[22:18:54] SMILES Parse Error: Failed parsing SMILES 'C1=C(C(=O)NC(=O)N1)[C@H]2[C@@H]([C@@H]([C@H](O2)COP(=O)([O-])OP(=O)([O-])OC[C@@H]3[C@H]([C@H]([C@@H](O3)N4C=NC5=C4N=C(NC5=O)N)O)O)O)O)N' for input: 'C1=C(C(=O)NC(=O)N1)[C@H]2[C@@H]([C@@H]([C@H](O2)COP(=O)([O-])OP(=O)([O-])OC[C@@H]3[C@H]([C@H]([C@@H](O3)N4C=NC5=C4N=C(NC5=O)N)O)O)O)O)N'

Progress: 636/2000
Progress: 637/2000[22:18:57] SMILES Parse Error: extra close parentheses while parsing: C1=C(C(=O)NC(=O)N1[C@H]2[C@@H]([C@@H]([C@H](O2)COP(=O)([O-])OP(=O)([O-])OC[C@@H]3[C@H]([C@H]([C@@H](O3)N4C=NC5=C(N=CN=C54)N)O)O)O)O)O)N
[22:18:57] SMILES Parse Error: Failed parsing SMILES 'C1=C(C(=O)NC(=O)N1[C@H]2[C@@H]([C@@H]([C@H](O2)COP(=O)([O-])OP(=O)([O-])OC[C@@H]3[C@H]([C@H]([C@@H](O3)N4C=NC5=C(N=CN=C54)N)O)O)O)O)O)N' for input: 'C1=C(C(=O)NC(=O)N1[C@H]2[C@@H]([C@@H]([C@H](O2)COP(=O)([O-])OP(=O)([O-])OC[C@@H]3[C@H]([C@H]([C@@H](O3)N4C=NC5=C(N=CN=C54)N)O)O)O)O)O)N'

Progress: 638/2000[22:18:59] SMILES Parse Error: extra close parentheses while parsing: C1C=CN(C=C1C(=O)N)[C@H]2[C@@H]([C@@H]([C@H](O2)COP(=O)([O-])OP(=O)([O-])OC[C@@H]3[C@H]([C@H]([C@@H](O3)N4C=NC5=C(N=CN=C54)N)O)O)O)O)O
[22:18:59] SMILES Parse Error: Failed parsing SMILES 'C1C=CN(C=C1C(=O)N)[C@H]2[C@@H]([C@@H]([C@H](O2)COP(=O)([O-])OP(=O)([O-])OC[C@@H]3[C@H]([C@H]([C@@H](O3)N4C=NC5=C(N=CN=C54)N)O)O)O)O)O' for input: 'C1C=CN(C=C1C(=O)N)[C@H]2[C@@H]([C@@H]([C@H](O2)COP(=O)([O-])OP(=O)([O-])OC[C@@H]3[C@H]([C@H]([C@@H](O3)N4C=NC5=C(N=CN=C54)N)O)O)O)O)O'

Progress: 639/2000[22:19:01] SMILES Parse Error: extra close parentheses while parsing: C1=C(C(=O)NC(=O)N1)[C@@H]2[C@H]([C@@H]([C@H](O2)COP(=O)([O-])OP(=O)([O-])OC[C@@H]3[C@H]([C@H]([C@@H](O3)N4C=NC5=C(N=CN=C54)N)O)O)O)O)O)N
[22:19:01] SMILES Parse Error: Failed parsing SMILES 'C1=C(C(=O)NC(=O)N1)[C@@H]2[C@H]([C@@H]([C@H](O2)COP(=O)([O-])OP(=O)([O-])OC[C@@H]3[C@H]([C@H]([C@@H](O3)N4C=NC5=C(N=CN=C54)N)O)O)O)O)O)N' for input: 'C1=C(C(=O)NC(=O)N1)[C@@H]2[C@H]([C@@H]([C@H](O2)COP(=O)([O-])OP(=O)([O-])OC[C@@H]3[C@H]([C@H]([C@@H](O3)N4C=NC5=C(N=CN=C54)N)O)O)O)O)O)N'

Progress: 640/2000
Progress: 641/2000
Progress: 642/2000
Progress: 643/2000[22:19:07] SMILES Parse Error: extra close parentheses while parsing: C[C@@H](C(=O)N[C@@H](CCC(=O)N[C@@H](CCC(=O)N[C@@H](CCC(=O)[O-])C(=O)[O-])C(=O)[O-])C(=O)[O-])OP(=O)([O-])OC[C@@H]1[C@H]([C@H]([C@@H](O1)N2C=NC3=C(N=CN=C32)N)O)O)O)O
[22:19:07] SMILES Parse Error: Failed parsing SMILES 'C[C@@H](C(=O)N[C@@H](CCC(=O)N[C@@H](CCC(=O)N[C@@H](CCC(=O)[O-])C(=O)[O-])C(=O)[O-])C(=O)[O-])OP(=O)([O-])OC[C@@H]1[C@H]([C@H]([C@@H](O1)N2C=NC3=C(N=CN=C32)N)O)O)O)O' for input: 'C[C@@H](C(=O)N[C@@H](CCC(=O)N[C@@H](CCC(=O)N[C@@H](CCC(=O)[O-])C(=O)[O-])C(=O)[O-])C(=O)[O-])OP(=O)([O-])OC[C@@H]1[C@H]([C@H]([C@@H](O1)N2C=NC3=C(N=CN=C32)N)O)O)O)O'

Progress: 644/2000
Progress: 645/2000
Progress: 646/2000[22:19:11] SMILES Parse Error: extra close parentheses while parsing: C1=C(C(=O)NC(=O)N1)[C@H]2[C@@H]([C@@H]([C@H](O2)COP(=O)([O-])OP(=O)([O-])OC[C@@H]3[C@H]([C@H]([C@@H](O3)N4C=NC5=C(N=CN=C54)N)O)O)O)O)N
[22:19:11] SMILES Parse Error: Failed parsing SMILES 'C1=C(C(=O)NC(=O)N1)[C@H]2[C@@H]([C@@H]([C@H](O2)COP(=O)([O-])OP(=O)([O-])OC[C@@H]3[C@H]([C@H]([C@@H](O3)N4C=NC5=C(N=CN=C54)N)O)O)O)O)N' for input: 'C1=C(C(=O)NC(=O)N1)[C@H]2[C@@H]([C@@H]([C@H](O2)COP(=O)([O-])OP(=O)([O-])OC[C@@H]3[C@H]([C@H]([C@@H](O3)N4C=NC5=C(N=CN=C54)N)O)O)O)O)N'

Progress: 647/2000[22:19:13] SMILES Parse Error: extra close parentheses while parsing: C1C=CN(C=C1C(=O)N)[C@H]2[C@@H]([C@@H]([C@H](O2)COP(=O)(O)OP(=O)(O)OC[C@@H]3[C@H]([C@H]([C@@H](O3)N4C=NC5=C(N=CN=C54)N)O)O)O)O)N
[22:19:13] SMILES Parse Error: Failed parsing SMILES 'C1C=CN(C=C1C(=O)N)[C@H]2[C@@H]([C@@H]([C@H](O2)COP(=O)(O)OP(=O)(O)OC[C@@H]3[C@H]([C@H]([C@@H](O3)N4C=NC5=C(N=CN=C54)N)O)O)O)O)N' for input: 'C1C=CN(C=C1C(=O)N)[C@H]2[C@@H]([C@@H]([C@H](O2)COP(=O)(O)OP(=O)(O)OC[C@@H]3[C@H]([C@H]([C@@H](O3)N4C=NC5=C(N=CN=C54)N)O)O)O)O)N'

Progress: 648/2000
Progress: 649/2000[22:19:16] SMILES Parse Error: extra close parentheses while parsing: C1=C(C(=O)NC(=O)N1)[C@H]2[C@@H]([C@@H]([C@H](O2)COP(=O)([O-])OP(=O)([O-])OC[C@@H]3[C@H]([C@H]([C@@H](O3)N4C=NC5=C(N=CN=C54)N)O)O)O)O)O.C1=NC2=C(C(=O)NC2=O)C3=CC=C(C=C3)O)O
[22:19:16] SMILES Parse Error: Failed parsing SMILES 'C1=C(C(=O)NC(=O)N1)[C@H]2[C@@H]([C@@H]([C@H](O2)COP(=O)([O-])OP(=O)([O-])OC[C@@H]3[C@H]([C@H]([C@@H](O3)N4C=NC5=C(N=CN=C54)N)O)O)O)O)O.C1=NC2=C(C(=O)NC2=O)C3=CC=C(C=C3)O)O' for input: 'C1=C(C(=O)NC(=O)N1)[C@H]2[C@@H]([C@@H]([C@H](O2)COP(=O)([O-])OP(=O)([O-])OC[C@@H]3[C@H]([C@H]([C@@H](O3)N4C=NC5=C(N=CN=C54)N)O)O)O)O)O.C1=NC2=C(C(=O)NC2=O)C3=CC=C(C=C3)O)O'

Progress: 650/2000[22:19:18] SMILES Parse Error: extra close parentheses while parsing: C1=C(C(=O)NC(=O)N1)[C@H]2[C@@H]([C@@H]([C@H](O2)COP(=O)([O-])OP(=O)([O-])OC[C@@H]3[C@H]([C@H]([C@@H](O3)N4C=NC5=C(N=CN=C54)N)O)O)O)O)C(=O)N
[22:19:18] SMILES Parse Error: Failed parsing SMILES 'C1=C(C(=O)NC(=O)N1)[C@H]2[C@@H]([C@@H]([C@H](O2)COP(=O)([O-])OP(=O)([O-])OC[C@@H]3[C@H]([C@H]([C@@H](O3)N4C=NC5=C(N=CN=C54)N)O)O)O)O)C(=O)N' for input: 'C1=C(C(=O)NC(=O)N1)[C@H]2[C@@H]([C@@H]([C@H](O2)COP(=O)([O-])OP(=O)([O-])OC[C@@H]3[C@H]([C@H]([C@@H](O3)N4C=NC5=C(N=CN=C54)N)O)O)O)O)C(=O)N'

Progress: 651/2000
Progress: 652/2000[22:19:22] SMILES Parse Error: extra close parentheses while parsing: C1=C(C(=O)NC(=O)N1)[C@H]2[C@@H]([C@@H]([C@H](O2)COP(=O)([O-])OP(=O)([O-])OC[C@@H]3[C@H]([C@H]([C@@H](O3)N4C=NC5=C(N=CN=C54)N)O)O)O)O)N
[22:19:22] SMILES Parse Error: Failed parsing SMILES 'C1=C(C(=O)NC(=O)N1)[C@H]2[C@@H]([C@@H]([C@H](O2)COP(=O)([O-])OP(=O)([O-])OC[C@@H]3[C@H]([C@H]([C@@H](O3)N4C=NC5=C(N=CN=C54)N)O)O)O)O)N' for input: 'C1=C(C(=O)NC(=O)N1)[C@H]2[C@@H]([C@@H]([C@H](O2)COP(=O)([O-])OP(=O)([O-])OC[C@@H]3[C@H]([C@H]([C@@H](O3)N4C=NC5=C(N=CN=C54)N)O)O)O)O)N'

Progress: 653/2000
Progress: 654/2000
Progress: 655/2000[22:19:27] SMILES Parse Error: extra close parentheses while parsing: C1[C@@H]([C@H](O[C@H]1N2C=NC3=C2N=C(NC3=O)N)COP(=O)(O)OP(=O)(O)OC[C@@H]4[C@H]([C@H]([C@@H](O4)N5C=NC6=C(N=CN=C65)N)O)O)O)O
[22:19:27] SMILES Parse Error: Failed parsing SMILES 'C1[C@@H]([C@H](O[C@H]1N2C=NC3=C2N=C(NC3=O)N)COP(=O)(O)OP(=O)(O)OC[C@@H]4[C@H]([C@H]([C@@H](O4)N5C=NC6=C(N=CN=C65)N)O)O)O)O' for input: 'C1[C@@H]([C@H](O[C@H]1N2C=NC3=C2N=C(NC3=O)N)COP(=O)(O)OP(=O)(O)OC[C@@H]4[C@H]([C@H]([C@@H](O4)N5C=NC6=C(N=CN=C65)N)O)O)O)O'

Progress: 656/2000
Progress: 657/2000
Progress: 658/2000[22:19:31] SMILES Parse Error: extra close parentheses while parsing: CCC1=C(C2=NC1=CC3=C(C4=C(N3)C(=C5[C@H]([C@@H](C(=CC6=NC(=C2)C(=C6C)C=C)N5)C)CCC(=O)O)C4=N3)O)C)C
[22:19:31] SMILES Parse Error: Failed parsing SMILES 'CCC1=C(C2=NC1=CC3=C(C4=C(N3)C(=C5[C@H]([C@@H](C(=CC6=NC(=C2)C(=C6C)C=C)N5)C)CCC(=O)O)C4=N3)O)C)C' for input: 'CCC1=C(C2=NC1=CC3=C(C4=C(N3)C(=C5[C@H]([C@@H](C(=CC6=NC(=C2)C(=C6C)C=C)N5)C)CCC(=O)O)C4=N3)O)C)C'

Progress: 659/2000[22:19:33] SMILES Parse Error: extra close parentheses while parsing: C1[C@@H]([C@H](O[C@H]1N2C=NC3=C2N=C(NC3=O)N)COP(=O)(O)OP(=O)(O)OC[C@@H]4[C@H]([C@H]([C@@H](O4)N5C=NC6=C5N=C(NC6=O)N)O)O)O)O
[22:19:33] SMILES Parse Error: Failed parsing SMILES 'C1[C@@H]([C@H](O[C@H]1N2C=NC3=C2N=C(NC3=O)N)COP(=O)(O)OP(=O)(O)OC[C@@H]4[C@H]([C@H]([C@@H](O4)N5C=NC6=C5N=C(NC6=O)N)O)O)O)O' for input: 'C1[C@@H]([C@H](O[C@H]1N2C=NC3=C2N=C(NC3=O)N)COP(=O)(O)OP(=O)(O)OC[C@@H]4[C@H]([C@H]([C@@H](O4)N5C=NC6=C5N=C(NC6=O)N)O)O)O)O'

Progress: 660/2000
Progress: 661/2000[22:19:37] SMILES Parse Error: extra close parentheses while parsing: C1C=CN(C=C1C(=O)N)[C@H]2[C@@H]([C@@H]([C@H](O2)COP(=O)(O)OP(=O)(O)OC[C@@H]3[C@H]([C@H]([C@@H](O3)N4C=NC5=C(N=CN=C54)N)O)O)O)O)N
[22:19:37] SMILES Parse Error: Failed parsing SMILES 'C1C=CN(C=C1C(=O)N)[C@H]2[C@@H]([C@@H]([C@H](O2)COP(=O)(O)OP(=O)(O)OC[C@@H]3[C@H]([C@H]([C@@H](O3)N4C=NC5=C(N=CN=C54)N)O)O)O)O)N' for input: 'C1C=CN(C=C1C(=O)N)[C@H]2[C@@H]([C@@H]([C@H](O2)COP(=O)(O)OP(=O)(O)OC[C@@H]3[C@H]([C@H]([C@@H](O3)N4C=NC5=C(N=CN=C54)N)O)O)O)O)N'

Progress: 662/2000
Progress: 663/2000
Progress: 664/2000
Progress: 665/2000[22:19:42] SMILES Parse Error: extra close parentheses while parsing: C1=C(C(=O)NC(=O)N1[C@H]2[C@@H]([C@@H]([C@H](O2)COP(=O)([O-])OP(=O)([O-])OC[C@@H]3[C@H]([C@H]([C@@H](O3)N4C=NC5=C(N=CN=C54)N)O)O)O)O)O)N
[22:19:42] SMILES Parse Error: Failed parsing SMILES 'C1=C(C(=O)NC(=O)N1[C@H]2[C@@H]([C@@H]([C@H](O2)COP(=O)([O-])OP(=O)([O-])OC[C@@H]3[C@H]([C@H]([C@@H](O3)N4C=NC5=C(N=CN=C54)N)O)O)O)O)O)N' for input: 'C1=C(C(=O)NC(=O)N1[C@H]2[C@@H]([C@@H]([C@H](O2)COP(=O)([O-])OP(=O)([O-])OC[C@@H]3[C@H]([C@H]([C@@H](O3)N4C=NC5=C(N=CN=C54)N)O)O)O)O)O)N'

Progress: 666/2000
Progress: 667/2000[22:19:46] SMILES Parse Error: extra close parentheses while parsing: C1C=CN(C=C1C(=O)N)[C@H]2[C@@H]([C@@H]([C@H](O2)COP(=O)([O-])OP(=O)([O-])OC[C@@H]3[C@H]([C@H]([C@@H](O3)N4C=NC5=C(N=CN=C54)N)O)O)O)O)O
[22:19:46] SMILES Parse Error: Failed parsing SMILES 'C1C=CN(C=C1C(=O)N)[C@H]2[C@@H]([C@@H]([C@H](O2)COP(=O)([O-])OP(=O)([O-])OC[C@@H]3[C@H]([C@H]([C@@H](O3)N4C=NC5=C(N=CN=C54)N)O)O)O)O)O' for input: 'C1C=CN(C=C1C(=O)N)[C@H]2[C@@H]([C@@H]([C@H](O2)COP(=O)([O-])OP(=O)([O-])OC[C@@H]3[C@H]([C@H]([C@@H](O3)N4C=NC5=C(N=CN=C54)N)O)O)O)O)O'

Progress: 668/2000[22:19:48] SMILES Parse Error: extra close parentheses while parsing: C1=C(C(=O)NC(=O)N1[C@H]2[C@@H]([C@@H]([C@H](O2)COP(=O)([O-])OP(=O)([O-])OC[C@@H]3[C@H]([C@H]([C@@H](O3)N4C=NC5=C(N=CN=C54)N)O)O)O)O)O)N
[22:19:48] SMILES Parse Error: Failed parsing SMILES 'C1=C(C(=O)NC(=O)N1[C@H]2[C@@H]([C@@H]([C@H](O2)COP(=O)([O-])OP(=O)([O-])OC[C@@H]3[C@H]([C@H]([C@@H](O3)N4C=NC5=C(N=CN=C54)N)O)O)O)O)O)N' for input: 'C1=C(C(=O)NC(=O)N1[C@H]2[C@@H]([C@@H]([C@H](O2)COP(=O)([O-])OP(=O)([O-])OC[C@@H]3[C@H]([C@H]([C@@H](O3)N4C=NC5=C(N=CN=C54)N)O)O)O)O)O)N'

Progress: 669/2000
Progress: 670/2000
Progress: 671/2000[22:19:52] SMILES Parse Error: extra close parentheses while parsing: C1=C(C(=O)NC(=O)N1)[C@H]2[C@@H]([C@@H]([C@H](O2)COP(=O)([O-])OP(=O)([O-])OC[C@@H]3[C@H]([C@H]([C@@H](O3)N4C=NC5=C(N=CN=C54)N)O)O)O)O)O
[22:19:52] SMILES Parse Error: Failed parsing SMILES 'C1=C(C(=O)NC(=O)N1)[C@H]2[C@@H]([C@@H]([C@H](O2)COP(=O)([O-])OP(=O)([O-])OC[C@@H]3[C@H]([C@H]([C@@H](O3)N4C=NC5=C(N=CN=C54)N)O)O)O)O)O' for input: 'C1=C(C(=O)NC(=O)N1)[C@H]2[C@@H]([C@@H]([C@H](O2)COP(=O)([O-])OP(=O)([O-])OC[C@@H]3[C@H]([C@H]([C@@H](O3)N4C=NC5=C(N=CN=C54)N)O)O)O)O)O'

Progress: 672/2000
Progress: 673/2000[22:19:55] SMILES Parse Error: extra close parentheses while parsing: C1=C(C(=O)NC(=O)N1)[C@@H]2[C@H]([C@@H]([C@H](O2)COP(=O)(O)OP(=O)(O)OC[C@@H]3[C@H]([C@H]([C@@H](O3)N4C=NC5=C(N=CN=C54)N)O)O)O)O)O
[22:19:55] SMILES Parse Error: Failed parsing SMILES 'C1=C(C(=O)NC(=O)N1)[C@@H]2[C@H]([C@@H]([C@H](O2)COP(=O)(O)OP(=O)(O)OC[C@@H]3[C@H]([C@H]([C@@H](O3)N4C=NC5=C(N=CN=C54)N)O)O)O)O)O' for input: 'C1=C(C(=O)NC(=O)N1)[C@@H]2[C@H]([C@@H]([C@H](O2)COP(=O)(O)OP(=O)(O)OC[C@@H]3[C@H]([C@H]([C@@H](O3)N4C=NC5=C(N=CN=C54)N)O)O)O)O)O'

Progress: 674/2000[22:19:57] SMILES Parse Error: extra close parentheses while parsing: C1=C(C(=O)NC(=O)N1)[C@H]2[C@@H]([C@@H]([C@H](O2)COP(=O)([O-])OP(=O)([O-])OC[C@@H]3[C@H]([C@H]([C@@H](O3)N4C=NC5=C(N=CN=C54)N)O)O)O)O)N
[22:19:57] SMILES Parse Error: Failed parsing SMILES 'C1=C(C(=O)NC(=O)N1)[C@H]2[C@@H]([C@@H]([C@H](O2)COP(=O)([O-])OP(=O)([O-])OC[C@@H]3[C@H]([C@H]([C@@H](O3)N4C=NC5=C(N=CN=C54)N)O)O)O)O)N' for input: 'C1=C(C(=O)NC(=O)N1)[C@H]2[C@@H]([C@@H]([C@H](O2)COP(=O)([O-])OP(=O)([O-])OC[C@@H]3[C@H]([C@H]([C@@H](O3)N4C=NC5=C(N=CN=C54)N)O)O)O)O)N'

Progress: 675/2000[22:19:59] SMILES Parse Error: extra close parentheses while parsing: C1C=CN(C=C1C(=O)N)[C@H]2[C@@H]([C@@H]([C@H](O2)COP(=O)([O-])OP(=O)([O-])OC[C@@H]3[C@H]([C@H]([C@@H](O3)N4C=NC5=C(N=CN=C54)N)O)O)O)O)O
[22:19:59] SMILES Parse Error: Failed parsing SMILES 'C1C=CN(C=C1C(=O)N)[C@H]2[C@@H]([C@@H]([C@H](O2)COP(=O)([O-])OP(=O)([O-])OC[C@@H]3[C@H]([C@H]([C@@H](O3)N4C=NC5=C(N=CN=C54)N)O)O)O)O)O' for input: 'C1C=CN(C=C1C(=O)N)[C@H]2[C@@H]([C@@H]([C@H](O2)COP(=O)([O-])OP(=O)([O-])OC[C@@H]3[C@H]([C@H]([C@@H](O3)N4C=NC5=C(N=CN=C54)N)O)O)O)O)O'

Progress: 676/2000[22:20:01] SMILES Parse Error: extra close parentheses while parsing: C1=C(C(=O)NC(=O)N1)[C@@H]2[C@H]([C@@H]([C@H](O2)COP(=O)([O-])OP(=O)([O-])OC[C@@H]3[C@H]([C@H]([C@@H](O3)N4C=NC5=C(N=CN=C54)N)O)O)O)O)N
[22:20:01] SMILES Parse Error: Failed parsing SMILES 'C1=C(C(=O)NC(=O)N1)[C@@H]2[C@H]([C@@H]([C@H](O2)COP(=O)([O-])OP(=O)([O-])OC[C@@H]3[C@H]([C@H]([C@@H](O3)N4C=NC5=C(N=CN=C54)N)O)O)O)O)N' for input: 'C1=C(C(=O)NC(=O)N1)[C@@H]2[C@H]([C@@H]([C@H](O2)COP(=O)([O-])OP(=O)([O-])OC[C@@H]3[C@H]([C@H]([C@@H](O3)N4C=NC5=C(N=CN=C54)N)O)O)O)O)N'

Progress: 677/2000[22:20:03] SMILES Parse Error: extra close parentheses while parsing: C1=C(C(=O)NC(=O)N1)[C@@H]2[C@H]([C@@H]([C@H](O2)COP(=O)([O-])OP(=O)([O-])OC[C@@H]3[C@H]([C@H]([C@@H](O3)N4C=NC5=C(N=CN=C54)N)O)O)O)O)N
[22:20:03] SMILES Parse Error: Failed parsing SMILES 'C1=C(C(=O)NC(=O)N1)[C@@H]2[C@H]([C@@H]([C@H](O2)COP(=O)([O-])OP(=O)([O-])OC[C@@H]3[C@H]([C@H]([C@@H](O3)N4C=NC5=C(N=CN=C54)N)O)O)O)O)N' for input: 'C1=C(C(=O)NC(=O)N1)[C@@H]2[C@H]([C@@H]([C@H](O2)COP(=O)([O-])OP(=O)([O-])OC[C@@H]3[C@H]([C@H]([C@@H](O3)N4C=NC5=C(N=CN=C54)N)O)O)O)O)N'

Progress: 678/2000[22:20:06] SMILES Parse Error: extra close parentheses while parsing: C[C@@H](C(=O)N[C@@H](CCC(=O)N[C@@H](CCC(=O)N[C@@H](CCC(=O)[O-])C(=O)[O-])C(=O)[O-])C(=O)[O-])OP(=O)([O-])OC[C@@H]1[C@H]([C@H]([C@@H](O1)N2C=NC3=C(N=CN=C32)N)O)O)O)O
[22:20:06] SMILES Parse Error: Failed parsing SMILES 'C[C@@H](C(=O)N[C@@H](CCC(=O)N[C@@H](CCC(=O)N[C@@H](CCC(=O)[O-])C(=O)[O-])C(=O)[O-])C(=O)[O-])OP(=O)([O-])OC[C@@H]1[C@H]([C@H]([C@@H](O1)N2C=NC3=C(N=CN=C32)N)O)O)O)O' for input: 'C[C@@H](C(=O)N[C@@H](CCC(=O)N[C@@H](CCC(=O)N[C@@H](CCC(=O)[O-])C(=O)[O-])C(=O)[O-])C(=O)[O-])OP(=O)([O-])OC[C@@H]1[C@H]([C@H]([C@@H](O1)N2C=NC3=C(N=CN=C32)N)O)O)O)O'

Progress: 679/2000
Progress: 680/2000
Progress: 681/2000[22:20:09] SMILES Parse Error: extra open parentheses for input: 'CCCCCCCCCCCCCCC(C(=O)OCC(COP(=O)(O)OCC(COP(=O)(O)OC[C@@H](COC(=O)CCCCCCCCCCCCCCC)OC(=O)CCCCCCCCCCCCCCC)O)OC(=O)CCCCCCCCCCCCCCC'

Progress: 682/2000[22:20:11] SMILES Parse Error: extra close parentheses while parsing: C1=C(C(=O)NC(=O)N1[C@H]2[C@@H]([C@@H]([C@H](O2)COP(=O)([O-])OP(=O)([O-])OC[C@@H]3[C@H]([C@H]([C@@H](O3)N4C=NC5=C(N=CN=C54)N)O)O)O)O)O)N
[22:20:11] SMILES Parse Error: Failed parsing SMILES 'C1=C(C(=O)NC(=O)N1[C@H]2[C@@H]([C@@H]([C@H](O2)COP(=O)([O-])OP(=O)([O-])OC[C@@H]3[C@H]([C@H]([C@@H](O3)N4C=NC5=C(N=CN=C54)N)O)O)O)O)O)N' for input: 'C1=C(C(=O)NC(=O)N1[C@H]2[C@@H]([C@@H]([C@H](O2)COP(=O)([O-])OP(=O)([O-])OC[C@@H]3[C@H]([C@H]([C@@H](O3)N4C=NC5=C(N=CN=C54)N)O)O)O)O)O)N'

Progress: 683/2000
Progress: 684/2000
Progress: 685/2000[22:20:16] SMILES Parse Error: extra close parentheses while parsing: C1[C@@H]([C@H](O[C@H]1N2C=NC3=C2N=C(NC3=O)N)COP(=O)(O)OP(=O)(O)OC[C@@H]4[C@H]([C@H]([C@@H](O4)N5C=NC6=C5N=C(NC6=O)N)O)O)O)O
[22:20:16] SMILES Parse Error: Failed parsing SMILES 'C1[C@@H]([C@H](O[C@H]1N2C=NC3=C2N=C(NC3=O)N)COP(=O)(O)OP(=O)(O)OC[C@@H]4[C@H]([C@H]([C@@H](O4)N5C=NC6=C5N=C(NC6=O)N)O)O)O)O' for input: 'C1[C@@H]([C@H](O[C@H]1N2C=NC3=C2N=C(NC3=O)N)COP(=O)(O)OP(=O)(O)OC[C@@H]4[C@H]([C@H]([C@@H](O4)N5C=NC6=C5N=C(NC6=O)N)O)O)O)O'

Progress: 686/2000[22:20:18] SMILES Parse Error: extra close parentheses while parsing: C1=C(C(=O)NC(=O)N1[C@H]2[C@@H]([C@@H]([C@H](O2)COP(=O)([O-])OP(=O)([O-])OC[C@@H]3[C@H]([C@H]([C@@H](O3)N4C=NC5=C(N=CN=C54)N)O)O)O)O)O)N
[22:20:18] SMILES Parse Error: Failed parsing SMILES 'C1=C(C(=O)NC(=O)N1[C@H]2[C@@H]([C@@H]([C@H](O2)COP(=O)([O-])OP(=O)([O-])OC[C@@H]3[C@H]([C@H]([C@@H](O3)N4C=NC5=C(N=CN=C54)N)O)O)O)O)O)N' for input: 'C1=C(C(=O)NC(=O)N1[C@H]2[C@@H]([C@@H]([C@H](O2)COP(=O)([O-])OP(=O)([O-])OC[C@@H]3[C@H]([C@H]([C@@H](O3)N4C=NC5=C(N=CN=C54)N)O)O)O)O)O)N'

Progress: 687/2000[22:20:20] SMILES Parse Error: extra open parentheses for input: 'CC1=C(C(=O)C2=NC3=C(N=C(NC3=O)[O-])N(C2=C1)C[C@@H]([C@@H]([C@@H](COP(=O)([O-])[O-])O)O)O'

Progress: 688/2000
Progress: 689/2000
Progress: 690/2000
Progress: 691/2000[22:20:25] SMILES Parse Error: extra close parentheses while parsing: C1C=CN(C(=O)N1)[C@H]2[C@@H]([C@@H]([C@H](O2)COP(=O)([O-])OP(=O)([O-])OC[C@@H]3[C@H]([C@H]([C@@H](O3)N4C=NC5=C(N=CN=C54)N)O)O)O)O)O
[22:20:25] SMILES Parse Error: Failed parsing SMILES 'C1C=CN(C(=O)N1)[C@H]2[C@@H]([C@@H]([C@H](O2)COP(=O)([O-])OP(=O)([O-])OC[C@@H]3[C@H]([C@H]([C@@H](O3)N4C=NC5=C(N=CN=C54)N)O)O)O)O)O' for input: 'C1C=CN(C(=O)N1)[C@H]2[C@@H]([C@@H]([C@H](O2)COP(=O)([O-])OP(=O)([O-])OC[C@@H]3[C@H]([C@H]([C@@H](O3)N4C=NC5=C(N=CN=C54)N)O)O)O)O)O'

Progress: 692/2000[22:20:27] SMILES Parse Error: extra close parentheses while parsing: C1[C@@H]([C@H](O[C@H]1N2C=NC3=C2N=C(NC3=O)N)COP(=O)(O)OP(=O)(O)OC[C@@H]4[C@H]([C@H]([C@@H](O4)N5C=NC6=C5N=C(NC6=O)N)O)O)O)O
[22:20:27] SMILES Parse Error: Failed parsing SMILES 'C1[C@@H]([C@H](O[C@H]1N2C=NC3=C2N=C(NC3=O)N)COP(=O)(O)OP(=O)(O)OC[C@@H]4[C@H]([C@H]([C@@H](O4)N5C=NC6=C5N=C(NC6=O)N)O)O)O)O' for input: 'C1[C@@H]([C@H](O[C@H]1N2C=NC3=C2N=C(NC3=O)N)COP(=O)(O)OP(=O)(O)OC[C@@H]4[C@H]([C@H]([C@@H](O4)N5C=NC6=C5N=C(NC6=O)N)O)O)O)O'

Progress: 693/2000[22:20:29] SMILES Parse Error: extra close parentheses while parsing: C1[C@@H]([C@H](O[C@H]1N2C=NC3=C2N=C(NC3=O)N)COP(=O)(O)OP(=O)(O)OC[C@@H]4[C@H]([C@H]([C@@H](O4)N5C=NC6=C5N=C(NC6=O)N)O)O)O)O
[22:20:29] SMILES Parse Error: Failed parsing SMILES 'C1[C@@H]([C@H](O[C@H]1N2C=NC3=C2N=C(NC3=O)N)COP(=O)(O)OP(=O)(O)OC[C@@H]4[C@H]([C@H]([C@@H](O4)N5C=NC6=C5N=C(NC6=O)N)O)O)O)O' for input: 'C1[C@@H]([C@H](O[C@H]1N2C=NC3=C2N=C(NC3=O)N)COP(=O)(O)OP(=O)(O)OC[C@@H]4[C@H]([C@H]([C@@H](O4)N5C=NC6=C5N=C(NC6=O)N)O)O)O)O'

Progress: 694/2000[22:20:31] SMILES Parse Error: extra close parentheses while parsing: C1[C@@H]([C@H](O[C@H]1N2C=NC3=C2N=C(NC3=O)N)COP(=O)(O)OP(=O)(O)OC[C@@H]4[C@H]([C@H]([C@@H](O4)N5C=NC6=C5N=C(NC6=O)N)O)O)O)O
[22:20:31] SMILES Parse Error: Failed parsing SMILES 'C1[C@@H]([C@H](O[C@H]1N2C=NC3=C2N=C(NC3=O)N)COP(=O)(O)OP(=O)(O)OC[C@@H]4[C@H]([C@H]([C@@H](O4)N5C=NC6=C5N=C(NC6=O)N)O)O)O)O' for input: 'C1[C@@H]([C@H](O[C@H]1N2C=NC3=C2N=C(NC3=O)N)COP(=O)(O)OP(=O)(O)OC[C@@H]4[C@H]([C@H]([C@@H](O4)N5C=NC6=C5N=C(NC6=O)N)O)O)O)O'

Progress: 695/2000[22:20:33] SMILES Parse Error: extra close parentheses while parsing: C1=C(C(=O)NC(=O)N1[C@H]2[C@@H]([C@@H]([C@H](O2)COP(=O)([O-])OP(=O)([O-])OC[C@@H]3[C@H]([C@H]([C@@H](O3)N4C=NC5=C(N=CN=C54)N)O)O)O)O)O)N
[22:20:33] SMILES Parse Error: Failed parsing SMILES 'C1=C(C(=O)NC(=O)N1[C@H]2[C@@H]([C@@H]([C@H](O2)COP(=O)([O-])OP(=O)([O-])OC[C@@H]3[C@H]([C@H]([C@@H](O3)N4C=NC5=C(N=CN=C54)N)O)O)O)O)O)N' for input: 'C1=C(C(=O)NC(=O)N1[C@H]2[C@@H]([C@@H]([C@H](O2)COP(=O)([O-])OP(=O)([O-])OC[C@@H]3[C@H]([C@H]([C@@H](O3)N4C=NC5=C(N=CN=C54)N)O)O)O)O)O)N'

Progress: 696/2000
Progress: 697/2000
Progress: 698/2000[22:20:40] SMILES Parse Error: extra close parentheses while parsing: C1=C(C(=O)NC(=O)N1)[C@H]2[C@@H]([C@@H]([C@H](O2)COP(=O)([O-])OP(=O)([O-])OC[C@@H]3[C@H]([C@H]([C@@H](O3)N4C=NC5=C(N=CN=C54)N)O)O)O)O)N
[22:20:40] SMILES Parse Error: Failed parsing SMILES 'C1=C(C(=O)NC(=O)N1)[C@H]2[C@@H]([C@@H]([C@H](O2)COP(=O)([O-])OP(=O)([O-])OC[C@@H]3[C@H]([C@H]([C@@H](O3)N4C=NC5=C(N=CN=C54)N)O)O)O)O)N' for input: 'C1=C(C(=O)NC(=O)N1)[C@H]2[C@@H]([C@@H]([C@H](O2)COP(=O)([O-])OP(=O)([O-])OC[C@@H]3[C@H]([C@H]([C@@H](O3)N4C=NC5=C(N=CN=C54)N)O)O)O)O)N'

Progress: 699/2000
Progress: 700/2000
Progress: 701/2000
Progress: 702/2000[22:20:45] SMILES Parse Error: extra close parentheses while parsing: C1C=CN(C=C1C(=O)N)[C@H]2[C@@H]([C@@H]([C@H](O2)COP(=O)(O)OP(=O)(O)OC[C@@H]3[C@H]([C@H]([C@@H](O3)N4C=NC5=C(N=CN=C54)N)O)O)O)O)N
[22:20:45] SMILES Parse Error: Failed parsing SMILES 'C1C=CN(C=C1C(=O)N)[C@H]2[C@@H]([C@@H]([C@H](O2)COP(=O)(O)OP(=O)(O)OC[C@@H]3[C@H]([C@H]([C@@H](O3)N4C=NC5=C(N=CN=C54)N)O)O)O)O)N' for input: 'C1C=CN(C=C1C(=O)N)[C@H]2[C@@H]([C@@H]([C@H](O2)COP(=O)(O)OP(=O)(O)OC[C@@H]3[C@H]([C@H]([C@@H](O3)N4C=NC5=C(N=CN=C54)N)O)O)O)O)N'

Progress: 703/2000[22:20:48] SMILES Parse Error: extra close parentheses while parsing: C1[C@@H]([C@H](O[C@H]1N2C=NC3=C2N=C(NC3=O)N)COP(=O)(O)OP(=O)(O)OC[C@@H]4[C@H]([C@H]([C@@H](O4)N5C=NC6=C5N=C(NC6=O)N)O)O)O)O
[22:20:48] SMILES Parse Error: Failed parsing SMILES 'C1[C@@H]([C@H](O[C@H]1N2C=NC3=C2N=C(NC3=O)N)COP(=O)(O)OP(=O)(O)OC[C@@H]4[C@H]([C@H]([C@@H](O4)N5C=NC6=C5N=C(NC6=O)N)O)O)O)O' for input: 'C1[C@@H]([C@H](O[C@H]1N2C=NC3=C2N=C(NC3=O)N)COP(=O)(O)OP(=O)(O)OC[C@@H]4[C@H]([C@H]([C@@H](O4)N5C=NC6=C5N=C(NC6=O)N)O)O)O)O'

Progress: 704/2000[22:20:50] SMILES Parse Error: extra close parentheses while parsing: C1=C(C(=O)NC(=O)N1)[C@@H]2[C@H]([C@@H]([C@H](O2)COP(=O)([O-])OP(=O)([O-])OC[C@@H]3[C@H]([C@H]([C@@H](O3)N4C=NC5=C(N=CN=C54)N)O)O)O)O)O)N
[22:20:50] SMILES Parse Error: Failed parsing SMILES 'C1=C(C(=O)NC(=O)N1)[C@@H]2[C@H]([C@@H]([C@H](O2)COP(=O)([O-])OP(=O)([O-])OC[C@@H]3[C@H]([C@H]([C@@H](O3)N4C=NC5=C(N=CN=C54)N)O)O)O)O)O)N' for input: 'C1=C(C(=O)NC(=O)N1)[C@@H]2[C@H]([C@@H]([C@H](O2)COP(=O)([O-])OP(=O)([O-])OC[C@@H]3[C@H]([C@H]([C@@H](O3)N4C=NC5=C(N=CN=C54)N)O)O)O)O)O)N'

Progress: 705/2000[22:20:52] SMILES Parse Error: extra open parentheses for input: 'C1C=CN(C=C1C(=O)N)[C@@H]2[C@@H]([C@H]([C@@H]([C@H](O2)COP(=O)([O-])OP(=O)([O-])OC[C@@H]3[C@H]([C@H]([C@@H](O3)N4C=NC5=C(N=CN=C54)N)O)O)O)O'

Progress: 706/2000[22:20:55] SMILES Parse Error: extra close parentheses while parsing: C[C@@H](C(=O)N[C@@H](CCC(=O)N[C@@H](CCC(=O)N[C@@H](CCC(=O)[O-])C(=O)[O-])C(=O)[O-])C(=O)[O-])OP(=O)([O-])OC[C@@H]1[C@H]([C@H]([C@@H](O1)N2C=NC3=C(N=CN=C32)N)O)OP(=O)([O-])[O-])O)O
[22:20:55] SMILES Parse Error: Failed parsing SMILES 'C[C@@H](C(=O)N[C@@H](CCC(=O)N[C@@H](CCC(=O)N[C@@H](CCC(=O)[O-])C(=O)[O-])C(=O)[O-])C(=O)[O-])OP(=O)([O-])OC[C@@H]1[C@H]([C@H]([C@@H](O1)N2C=NC3=C(N=CN=C32)N)O)OP(=O)([O-])[O-])O)O' for input: 'C[C@@H](C(=O)N[C@@H](CCC(=O)N[C@@H](CCC(=O)N[C@@H](CCC(=O)[O-])C(=O)[O-])C(=O)[O-])C(=O)[O-])OP(=O)([O-])OC[C@@H]1[C@H]([C@H]([C@@H](O1)N2C=NC3=C(N=CN=C32)N)O)OP(=O)([O-])[O-])O)O'

Progress: 707/2000[22:20:57] SMILES Parse Error: extra close parentheses while parsing: C1=C(C(=O)NC(=O)N1)[C@H]2[C@@H]([C@@H]([C@H](O2)COP(=O)([O-])OP(=O)([O-])OC[C@@H]3[C@H]([C@H]([C@@H](O3)N4C=NC5=C(N=CN=C54)N)O)O)O)O)N
[22:20:57] SMILES Parse Error: Failed parsing SMILES 'C1=C(C(=O)NC(=O)N1)[C@H]2[C@@H]([C@@H]([C@H](O2)COP(=O)([O-])OP(=O)([O-])OC[C@@H]3[C@H]([C@H]([C@@H](O3)N4C=NC5=C(N=CN=C54)N)O)O)O)O)N' for input: 'C1=C(C(=O)NC(=O)N1)[C@H]2[C@@H]([C@@H]([C@H](O2)COP(=O)([O-])OP(=O)([O-])OC[C@@H]3[C@H]([C@H]([C@@H](O3)N4C=NC5=C(N=CN=C54)N)O)O)O)O)N'

Progress: 708/2000[22:20:59] SMILES Parse Error: extra close parentheses while parsing: C1C=CN(C=C1C(=O)N)[C@H]2[C@@H]([C@@H]([C@H](O2)COP(=O)(O)OP(=O)(O)OC[C@@H]3[C@H]([C@H]([C@@H](O3)N4C=NC5=C(N=CN=C54)N)O)O)O)O)N
[22:20:59] SMILES Parse Error: Failed parsing SMILES 'C1C=CN(C=C1C(=O)N)[C@H]2[C@@H]([C@@H]([C@H](O2)COP(=O)(O)OP(=O)(O)OC[C@@H]3[C@H]([C@H]([C@@H](O3)N4C=NC5=C(N=CN=C54)N)O)O)O)O)N' for input: 'C1C=CN(C=C1C(=O)N)[C@H]2[C@@H]([C@@H]([C@H](O2)COP(=O)(O)OP(=O)(O)OC[C@@H]3[C@H]([C@H]([C@@H](O3)N4C=NC5=C(N=CN=C54)N)O)O)O)O)N'

Progress: 709/2000
Progress: 710/2000
Progress: 711/2000
Progress: 712/2000[22:21:04] SMILES Parse Error: extra close parentheses while parsing: C1[C@@H]([C@H](O[C@H]1N2C=NC3=C2N=C(NC3=O)N)COP(=O)(O)OP(=O)(O)OC[C@@H]4[C@H]([C@H]([C@@H](O4)N5C=NC6=C5N=C(NC6=O)N)O)O)O)O
[22:21:04] SMILES Parse Error: Failed parsing SMILES 'C1[C@@H]([C@H](O[C@H]1N2C=NC3=C2N=C(NC3=O)N)COP(=O)(O)OP(=O)(O)OC[C@@H]4[C@H]([C@H]([C@@H](O4)N5C=NC6=C5N=C(NC6=O)N)O)O)O)O' for input: 'C1[C@@H]([C@H](O[C@H]1N2C=NC3=C2N=C(NC3=O)N)COP(=O)(O)OP(=O)(O)OC[C@@H]4[C@H]([C@H]([C@@H](O4)N5C=NC6=C5N=C(NC6=O)N)O)O)O)O'

Progress: 713/2000[22:21:06] SMILES Parse Error: extra close parentheses while parsing: C1[C@@H]([C@H](O[C@H]1N2C=NC3=C2N=C(NC3=O)N)COP(=O)(O)OP(=O)(O)OC[C@@H]4[C@H]([C@H]([C@@H](O4)N5C=NC6=C5N=C(NC6=O)N)O)O)O)O
[22:21:06] SMILES Parse Error: Failed parsing SMILES 'C1[C@@H]([C@H](O[C@H]1N2C=NC3=C2N=C(NC3=O)N)COP(=O)(O)OP(=O)(O)OC[C@@H]4[C@H]([C@H]([C@@H](O4)N5C=NC6=C5N=C(NC6=O)N)O)O)O)O' for input: 'C1[C@@H]([C@H](O[C@H]1N2C=NC3=C2N=C(NC3=O)N)COP(=O)(O)OP(=O)(O)OC[C@@H]4[C@H]([C@H]([C@@H](O4)N5C=NC6=C5N=C(NC6=O)N)O)O)O)O'

Progress: 714/2000
Progress: 715/2000[22:21:10] SMILES Parse Error: extra close parentheses while parsing: C1=C(C(=O)NC(=O)N1)[C@H]2[C@@H]([C@@H]([C@H](O2)COP(=O)([O-])OP(=O)([O-])OC[C@@H]3[C@H]([C@H]([C@@H](O3)N4C=NC5=C(N=CN=C54)N)O)O)O)O)N
[22:21:10] SMILES Parse Error: Failed parsing SMILES 'C1=C(C(=O)NC(=O)N1)[C@H]2[C@@H]([C@@H]([C@H](O2)COP(=O)([O-])OP(=O)([O-])OC[C@@H]3[C@H]([C@H]([C@@H](O3)N4C=NC5=C(N=CN=C54)N)O)O)O)O)N' for input: 'C1=C(C(=O)NC(=O)N1)[C@H]2[C@@H]([C@@H]([C@H](O2)COP(=O)([O-])OP(=O)([O-])OC[C@@H]3[C@H]([C@H]([C@@H](O3)N4C=NC5=C(N=CN=C54)N)O)O)O)O)N'

Progress: 716/2000[22:21:12] SMILES Parse Error: extra close parentheses while parsing: C1[C@@H]([C@H](O[C@H]1N2C=NC3=C2N=C(NC3=O)N)COP(=O)(O)OP(=O)(O)OC[C@@H]4[C@H]([C@H]([C@@H](O4)N5C=NC6=C5N=C(NC6=O)N)O)O)O)O
[22:21:12] SMILES Parse Error: Failed parsing SMILES 'C1[C@@H]([C@H](O[C@H]1N2C=NC3=C2N=C(NC3=O)N)COP(=O)(O)OP(=O)(O)OC[C@@H]4[C@H]([C@H]([C@@H](O4)N5C=NC6=C5N=C(NC6=O)N)O)O)O)O' for input: 'C1[C@@H]([C@H](O[C@H]1N2C=NC3=C2N=C(NC3=O)N)COP(=O)(O)OP(=O)(O)OC[C@@H]4[C@H]([C@H]([C@@H](O4)N5C=NC6=C5N=C(NC6=O)N)O)O)O)O'

Progress: 717/2000
Progress: 718/2000[22:21:15] SMILES Parse Error: extra close parentheses while parsing: C1=C(C(=O)NC(=O)N1)[C@H]2[C@@H]([C@@H]([C@H](O2)COP(=O)([O-])OP(=O)([O-])OC[C@@H]3[C@H]([C@H]([C@@H](O3)N4C=NC5=C(N=CN=C54)N)O)O)O)O)N
[22:21:15] SMILES Parse Error: Failed parsing SMILES 'C1=C(C(=O)NC(=O)N1)[C@H]2[C@@H]([C@@H]([C@H](O2)COP(=O)([O-])OP(=O)([O-])OC[C@@H]3[C@H]([C@H]([C@@H](O3)N4C=NC5=C(N=CN=C54)N)O)O)O)O)N' for input: 'C1=C(C(=O)NC(=O)N1)[C@H]2[C@@H]([C@@H]([C@H](O2)COP(=O)([O-])OP(=O)([O-])OC[C@@H]3[C@H]([C@H]([C@@H](O3)N4C=NC5=C(N=CN=C54)N)O)O)O)O)N'

Progress: 719/2000[22:21:17] SMILES Parse Error: extra close parentheses while parsing: C1=C(C(=O)NC(=O)N1)[C@H]2[C@@H]([C@@H]([C@H](O2)COP(=O)([O-])OP(=O)([O-])OC[C@@H]3[C@H]([C@H]([C@@H](O3)N4C=NC5=C(N=CN=C54)N)O)O)O)O)O
[22:21:17] SMILES Parse Error: Failed parsing SMILES 'C1=C(C(=O)NC(=O)N1)[C@H]2[C@@H]([C@@H]([C@H](O2)COP(=O)([O-])OP(=O)([O-])OC[C@@H]3[C@H]([C@H]([C@@H](O3)N4C=NC5=C(N=CN=C54)N)O)O)O)O)O' for input: 'C1=C(C(=O)NC(=O)N1)[C@H]2[C@@H]([C@@H]([C@H](O2)COP(=O)([O-])OP(=O)([O-])OC[C@@H]3[C@H]([C@H]([C@@H](O3)N4C=NC5=C(N=CN=C54)N)O)O)O)O)O'

Progress: 720/2000
Progress: 721/2000[22:21:21] SMILES Parse Error: extra close parentheses while parsing: C1=C(C(=O)NC(=O)N1)[C@H]2[C@@H]([C@@H]([C@H](O2)COP(=O)([O-])OP(=O)([O-])OC[C@@H]3[C@H]([C@H]([C@@H](O3)N4C=NC5=C(N=CN=C54)N)O)O)O)O)O
[22:21:21] SMILES Parse Error: Failed parsing SMILES 'C1=C(C(=O)NC(=O)N1)[C@H]2[C@@H]([C@@H]([C@H](O2)COP(=O)([O-])OP(=O)([O-])OC[C@@H]3[C@H]([C@H]([C@@H](O3)N4C=NC5=C(N=CN=C54)N)O)O)O)O)O' for input: 'C1=C(C(=O)NC(=O)N1)[C@H]2[C@@H]([C@@H]([C@H](O2)COP(=O)([O-])OP(=O)([O-])OC[C@@H]3[C@H]([C@H]([C@@H](O3)N4C=NC5=C(N=CN=C54)N)O)O)O)O)O'

Progress: 722/2000
Progress: 723/2000
Progress: 724/2000[22:21:26] SMILES Parse Error: extra close parentheses while parsing: C1=C(C(=O)NC(=O)N1)[C@@H]2[C@H]([C@@H]([C@H](O2)COP(=O)([O-])OP(=O)([O-])OC[C@@H]3[C@H]([C@H]([C@@H](O3)N4C=NC5=C(N=CN=C54)N)O)O)O)O)O)N
[22:21:26] SMILES Parse Error: Failed parsing SMILES 'C1=C(C(=O)NC(=O)N1)[C@@H]2[C@H]([C@@H]([C@H](O2)COP(=O)([O-])OP(=O)([O-])OC[C@@H]3[C@H]([C@H]([C@@H](O3)N4C=NC5=C(N=CN=C54)N)O)O)O)O)O)N' for input: 'C1=C(C(=O)NC(=O)N1)[C@@H]2[C@H]([C@@H]([C@H](O2)COP(=O)([O-])OP(=O)([O-])OC[C@@H]3[C@H]([C@H]([C@@H](O3)N4C=NC5=C(N=CN=C54)N)O)O)O)O)O)N'

Progress: 725/2000
Progress: 726/2000
Progress: 727/2000
Progress: 728/2000[22:21:34] SMILES Parse Error: extra close parentheses while parsing: C1[C@@H]2[C@H]([C@H]([C@@H](O2)N3C=NC4=C3N=C(NC4=O)N)O)OP(=O)(OC[C@@H]5[C@H]([C@H]([C@@H](O5)N6C=NC7=C(N=CN=C76)N)O)OP(=O)(O1)O)O)O
[22:21:34] SMILES Parse Error: Failed parsing SMILES 'C1[C@@H]2[C@H]([C@H]([C@@H](O2)N3C=NC4=C3N=C(NC4=O)N)O)OP(=O)(OC[C@@H]5[C@H]([C@H]([C@@H](O5)N6C=NC7=C(N=CN=C76)N)O)OP(=O)(O1)O)O)O' for input: 'C1[C@@H]2[C@H]([C@H]([C@@H](O2)N3C=NC4=C3N=C(NC4=O)N)O)OP(=O)(OC[C@@H]5[C@H]([C@H]([C@@H](O5)N6C=NC7=C(N=CN=C76)N)O)OP(=O)(O1)O)O)O'

Progress: 729/2000[22:21:36] SMILES Parse Error: extra close parentheses while parsing: C1=C(C(=O)NC(=O)N1)[C@@H]2[C@H]([C@@H]([C@H](O2)COP(=O)([O-])OP(=O)([O-])OC[C@@H]3[C@H]([C@H]([C@@H](O3)N4C=NC5=C(N=CN=C54)N)O)O)O)O)O)N
[22:21:36] SMILES Parse Error: Failed parsing SMILES 'C1=C(C(=O)NC(=O)N1)[C@@H]2[C@H]([C@@H]([C@H](O2)COP(=O)([O-])OP(=O)([O-])OC[C@@H]3[C@H]([C@H]([C@@H](O3)N4C=NC5=C(N=CN=C54)N)O)O)O)O)O)N' for input: 'C1=C(C(=O)NC(=O)N1)[C@@H]2[C@H]([C@@H]([C@H](O2)COP(=O)([O-])OP(=O)([O-])OC[C@@H]3[C@H]([C@H]([C@@H](O3)N4C=NC5=C(N=CN=C54)N)O)O)O)O)O)N'

Progress: 730/2000[22:21:38] SMILES Parse Error: extra close parentheses while parsing: C1=C(C(=O)NC(=O)N1)[C@H]2[C@@H]([C@@H]([C@H](O2)COP(=O)([O-])OP(=O)([O-])OC[C@@H]3[C@H]([C@H]([C@@H](O3)N4C=NC5=C(N=CN=C54)N)O)O)O)O)N
[22:21:38] SMILES Parse Error: Failed parsing SMILES 'C1=C(C(=O)NC(=O)N1)[C@H]2[C@@H]([C@@H]([C@H](O2)COP(=O)([O-])OP(=O)([O-])OC[C@@H]3[C@H]([C@H]([C@@H](O3)N4C=NC5=C(N=CN=C54)N)O)O)O)O)N' for input: 'C1=C(C(=O)NC(=O)N1)[C@H]2[C@@H]([C@@H]([C@H](O2)COP(=O)([O-])OP(=O)([O-])OC[C@@H]3[C@H]([C@H]([C@@H](O3)N4C=NC5=C(N=CN=C54)N)O)O)O)O)N'

Progress: 731/2000
Progress: 732/2000
Progress: 733/2000
Progress: 734/2000[22:21:45] SMILES Parse Error: extra close parentheses while parsing: C1[C@@H]([C@H](O[C@H]1N2C=NC3=C2N=C(NC3=O)N)COP(=O)(O)OP(=O)(O)OC[C@@H]4[C@H]([C@H]([C@@H](O4)N5C=NC6=C5N=C(NC6=O)N)O)O)O)O
[22:21:45] SMILES Parse Error: Failed parsing SMILES 'C1[C@@H]([C@H](O[C@H]1N2C=NC3=C2N=C(NC3=O)N)COP(=O)(O)OP(=O)(O)OC[C@@H]4[C@H]([C@H]([C@@H](O4)N5C=NC6=C5N=C(NC6=O)N)O)O)O)O' for input: 'C1[C@@H]([C@H](O[C@H]1N2C=NC3=C2N=C(NC3=O)N)COP(=O)(O)OP(=O)(O)OC[C@@H]4[C@H]([C@H]([C@@H](O4)N5C=NC6=C5N=C(NC6=O)N)O)O)O)O'

Progress: 735/2000[22:21:47] SMILES Parse Error: extra close parentheses while parsing: C1=C(C(=O)NC(=O)N1)[C@H]2[C@@H]([C@@H]([C@H](O2)COP(=O)([O-])OP(=O)([O-])OC[C@@H]3[C@H]([C@H]([C@@H](O3)N4C=NC5=C(N=CN=C54)N)O)O)O)O)N
[22:21:47] SMILES Parse Error: Failed parsing SMILES 'C1=C(C(=O)NC(=O)N1)[C@H]2[C@@H]([C@@H]([C@H](O2)COP(=O)([O-])OP(=O)([O-])OC[C@@H]3[C@H]([C@H]([C@@H](O3)N4C=NC5=C(N=CN=C54)N)O)O)O)O)N' for input: 'C1=C(C(=O)NC(=O)N1)[C@H]2[C@@H]([C@@H]([C@H](O2)COP(=O)([O-])OP(=O)([O-])OC[C@@H]3[C@H]([C@H]([C@@H](O3)N4C=NC5=C(N=CN=C54)N)O)O)O)O)N'

Progress: 736/2000[22:21:52] SMILES Parse Error: extra close parentheses while parsing: CCC1=C(C2=NC1=CC3=C(C4=C(N3)C(=C5[C@H]([C@@H](C(=CC6=NC(=C2)C(=C6C)C=C)N5)C)CCC(=O)O)C4=N3)O)C)C
[22:21:52] SMILES Parse Error: Failed parsing SMILES 'CCC1=C(C2=NC1=CC3=C(C4=C(N3)C(=C5[C@H]([C@@H](C(=CC6=NC(=C2)C(=C6C)C=C)N5)C)CCC(=O)O)C4=N3)O)C)C' for input: 'CCC1=C(C2=NC1=CC3=C(C4=C(N3)C(=C5[C@H]([C@@H](C(=CC6=NC(=C2)C(=C6C)C=C)N5)C)CCC(=O)O)C4=N3)O)C)C'

Progress: 737/2000
Progress: 738/2000[22:21:56] SMILES Parse Error: extra close parentheses while parsing: C1C=CN(C=C1C(=O)N)[C@H]2[C@@H]([C@@H]([C@H](O2)COP(=O)([O-])OP(=O)([O-])OC[C@@H]3[C@H]([C@H]([C@@H](O3)N4C=NC5=C(N=CN=C54)N)O)O)O)O)O
[22:21:56] SMILES Parse Error: Failed parsing SMILES 'C1C=CN(C=C1C(=O)N)[C@H]2[C@@H]([C@@H]([C@H](O2)COP(=O)([O-])OP(=O)([O-])OC[C@@H]3[C@H]([C@H]([C@@H](O3)N4C=NC5=C(N=CN=C54)N)O)O)O)O)O' for input: 'C1C=CN(C=C1C(=O)N)[C@H]2[C@@H]([C@@H]([C@H](O2)COP(=O)([O-])OP(=O)([O-])OC[C@@H]3[C@H]([C@H]([C@@H](O3)N4C=NC5=C(N=CN=C54)N)O)O)O)O)O'

Progress: 739/2000[22:21:57] SMILES Parse Error: extra open parentheses for input: 'CC1=C(C(=O)C2=NC3=C(N=C(NC3=O)[O-])N(C2=C1)C[C@@H]([C@@H]([C@@H](COP(=O)([O-])[O-])O)O)O'

Progress: 740/2000
Progress: 741/2000[22:22:00] SMILES Parse Error: extra close parentheses while parsing: C1C=CN(C=C1C(=O)N)[C@H]2[C@@H]([C@@H]([C@H](O2)COP(=O)(O)OP(=O)(O)OC[C@@H]3[C@H]([C@H]([C@@H](O3)N4C=NC5=C(N=CN=C54)N)O)O)O)O)N
[22:22:00] SMILES Parse Error: Failed parsing SMILES 'C1C=CN(C=C1C(=O)N)[C@H]2[C@@H]([C@@H]([C@H](O2)COP(=O)(O)OP(=O)(O)OC[C@@H]3[C@H]([C@H]([C@@H](O3)N4C=NC5=C(N=CN=C54)N)O)O)O)O)N' for input: 'C1C=CN(C=C1C(=O)N)[C@H]2[C@@H]([C@@H]([C@H](O2)COP(=O)(O)OP(=O)(O)OC[C@@H]3[C@H]([C@H]([C@@H](O3)N4C=NC5=C(N=CN=C54)N)O)O)O)O)N'

Progress: 742/2000[22:22:02] SMILES Parse Error: extra close parentheses while parsing: C1=C(C(=O)NC(=O)N1)[C@H]2[C@@H]([C@@H]([C@H](O2)COP(=O)([O-])OP(=O)([O-])OC[C@@H]3[C@H]([C@H]([C@@H](O3)N4C=NC5=C(N=CN=C54)N)O)O)O)O)N
[22:22:02] SMILES Parse Error: Failed parsing SMILES 'C1=C(C(=O)NC(=O)N1)[C@H]2[C@@H]([C@@H]([C@H](O2)COP(=O)([O-])OP(=O)([O-])OC[C@@H]3[C@H]([C@H]([C@@H](O3)N4C=NC5=C(N=CN=C54)N)O)O)O)O)N' for input: 'C1=C(C(=O)NC(=O)N1)[C@H]2[C@@H]([C@@H]([C@H](O2)COP(=O)([O-])OP(=O)([O-])OC[C@@H]3[C@H]([C@H]([C@@H](O3)N4C=NC5=C(N=CN=C54)N)O)O)O)O)N'

Progress: 743/2000
Progress: 744/2000[22:22:05] SMILES Parse Error: extra close parentheses while parsing: C1=C(C(=O)NC(=O)N1)[C@H]2[C@@H]([C@@H]([C@H](O2)COP(=O)([O-])OP(=O)([O-])OC[C@@H]3[C@H]([C@H]([C@@H](O3)N4C=NC5=C(N=CN=C54)N)O)O)O)O)N
[22:22:05] SMILES Parse Error: Failed parsing SMILES 'C1=C(C(=O)NC(=O)N1)[C@H]2[C@@H]([C@@H]([C@H](O2)COP(=O)([O-])OP(=O)([O-])OC[C@@H]3[C@H]([C@H]([C@@H](O3)N4C=NC5=C(N=CN=C54)N)O)O)O)O)N' for input: 'C1=C(C(=O)NC(=O)N1)[C@H]2[C@@H]([C@@H]([C@H](O2)COP(=O)([O-])OP(=O)([O-])OC[C@@H]3[C@H]([C@H]([C@@H](O3)N4C=NC5=C(N=CN=C54)N)O)O)O)O)N'

Progress: 745/2000
Progress: 746/2000
Progress: 747/2000
Progress: 748/2000
Progress: 749/2000[22:22:12] SMILES Parse Error: extra close parentheses while parsing: CCC1=C(C2=NC1=CC3=C(C4=C(N3)C(=C5[C@H]([C@@H](C(=CC6=NC(=C2)C(=C6C)C=C)N5)C)CCC(=O)O)C4=N3)O)C)C
[22:22:12] SMILES Parse Error: Failed parsing SMILES 'CCC1=C(C2=NC1=CC3=C(C4=C(N3)C(=C5[C@H]([C@@H](C(=CC6=NC(=C2)C(=C6C)C=C)N5)C)CCC(=O)O)C4=N3)O)C)C' for input: 'CCC1=C(C2=NC1=CC3=C(C4=C(N3)C(=C5[C@H]([C@@H](C(=CC6=NC(=C2)C(=C6C)C=C)N5)C)CCC(=O)O)C4=N3)O)C)C'

Progress: 750/2000[22:22:14] SMILES Parse Error: extra close parentheses while parsing: C1=C(C(=O)NC(=O)N1)[C@@H]2[C@H]([C@@H]([C@H](O2)COP(=O)([O-])OP(=O)([O-])OC[C@@H]3[C@H]([C@H]([C@@H](O3)N4C=NC5=C(N=CN=C54)N)O)O)O)O)O
[22:22:14] SMILES Parse Error: Failed parsing SMILES 'C1=C(C(=O)NC(=O)N1)[C@@H]2[C@H]([C@@H]([C@H](O2)COP(=O)([O-])OP(=O)([O-])OC[C@@H]3[C@H]([C@H]([C@@H](O3)N4C=NC5=C(N=CN=C54)N)O)O)O)O)O' for input: 'C1=C(C(=O)NC(=O)N1)[C@@H]2[C@H]([C@@H]([C@H](O2)COP(=O)([O-])OP(=O)([O-])OC[C@@H]3[C@H]([C@H]([C@@H](O3)N4C=NC5=C(N=CN=C54)N)O)O)O)O)O'

Progress: 751/2000
Progress: 752/2000[22:22:18] SMILES Parse Error: extra close parentheses while parsing: C1=C(C(=O)NC(=O)N1[C@H]2[C@@H]([C@@H]([C@H](O2)COP(=O)([O-])OP(=O)([O-])OC[C@@H]3[C@H]([C@H]([C@@H](O3)N4C=NC5=C(N=CN=C54)N)O)O)O)O)O)N
[22:22:18] SMILES Parse Error: Failed parsing SMILES 'C1=C(C(=O)NC(=O)N1[C@H]2[C@@H]([C@@H]([C@H](O2)COP(=O)([O-])OP(=O)([O-])OC[C@@H]3[C@H]([C@H]([C@@H](O3)N4C=NC5=C(N=CN=C54)N)O)O)O)O)O)N' for input: 'C1=C(C(=O)NC(=O)N1[C@H]2[C@@H]([C@@H]([C@H](O2)COP(=O)([O-])OP(=O)([O-])OC[C@@H]3[C@H]([C@H]([C@@H](O3)N4C=NC5=C(N=CN=C54)N)O)O)O)O)O)N'

Progress: 753/2000
Progress: 754/2000
Progress: 755/2000[22:22:22] SMILES Parse Error: extra close parentheses while parsing: C1[C@@H]([C@H](O[C@H]1N2C=NC3=C2N=C(NC3=O)N)COP(=O)(O)OP(=O)(O)OC[C@@H]4[C@H]([C@H]([C@@H](O4)N5C=NC6=C(N=CN=C65)N)O)O)O)O
[22:22:22] SMILES Parse Error: Failed parsing SMILES 'C1[C@@H]([C@H](O[C@H]1N2C=NC3=C2N=C(NC3=O)N)COP(=O)(O)OP(=O)(O)OC[C@@H]4[C@H]([C@H]([C@@H](O4)N5C=NC6=C(N=CN=C65)N)O)O)O)O' for input: 'C1[C@@H]([C@H](O[C@H]1N2C=NC3=C2N=C(NC3=O)N)COP(=O)(O)OP(=O)(O)OC[C@@H]4[C@H]([C@H]([C@@H](O4)N5C=NC6=C(N=CN=C65)N)O)O)O)O'

Progress: 756/2000
Progress: 757/2000
Progress: 758/2000[22:22:27] SMILES Parse Error: extra open parentheses for input: 'C1C=CN(C=C1C(=O)N)[C@@H]2[C@@H]([C@H]([C@@H]([C@H](O2)COP(=O)([O-])OP(=O)([O-])OC[C@@H]3[C@H]([C@H]([C@@H](O3)N4C=NC5=C(N=CN=C54)N)O)O)O)O'

Progress: 759/2000[22:22:29] SMILES Parse Error: extra open parentheses for input: 'C1C=CN(C=C1C(=O)N)[C@@H]2[C@@H]([C@H]([C@@H]([C@H](O2)COP(=O)([O-])OP(=O)([O-])OC[C@@H]3[C@H]([C@H]([C@@H](O3)N4C=NC5=C(N=CN=C54)N)O)O)O)O'

Progress: 760/2000[22:22:31] SMILES Parse Error: extra close parentheses while parsing: C1=C(C(=O)NC(=O)N1)[C@@H]2[C@H]([C@@H]([C@H](O2)COP(=O)([O-])OP(=O)([O-])OC[C@@H]3[C@H]([C@H]([C@@H](O3)N4C=NC5=C(N=CN=C54)N)O)O)O)O)O
[22:22:31] SMILES Parse Error: Failed parsing SMILES 'C1=C(C(=O)NC(=O)N1)[C@@H]2[C@H]([C@@H]([C@H](O2)COP(=O)([O-])OP(=O)([O-])OC[C@@H]3[C@H]([C@H]([C@@H](O3)N4C=NC5=C(N=CN=C54)N)O)O)O)O)O' for input: 'C1=C(C(=O)NC(=O)N1)[C@@H]2[C@H]([C@@H]([C@H](O2)COP(=O)([O-])OP(=O)([O-])OC[C@@H]3[C@H]([C@H]([C@@H](O3)N4C=NC5=C(N=CN=C54)N)O)O)O)O)O'

Progress: 761/2000
Progress: 762/2000[22:22:35] SMILES Parse Error: extra close parentheses while parsing: C1C=CN(C=C1C(=O)N)[C@H]2[C@@H]([C@@H]([C@H](O2)COP(=O)(O)OP(=O)(O)OC[C@@H]3[C@H]([C@H]([C@@H](O3)N4C=NC5=C(N=CN=C54)N)O)O)O)O)N
[22:22:35] SMILES Parse Error: Failed parsing SMILES 'C1C=CN(C=C1C(=O)N)[C@H]2[C@@H]([C@@H]([C@H](O2)COP(=O)(O)OP(=O)(O)OC[C@@H]3[C@H]([C@H]([C@@H](O3)N4C=NC5=C(N=CN=C54)N)O)O)O)O)N' for input: 'C1C=CN(C=C1C(=O)N)[C@H]2[C@@H]([C@@H]([C@H](O2)COP(=O)(O)OP(=O)(O)OC[C@@H]3[C@H]([C@H]([C@@H](O3)N4C=NC5=C(N=CN=C54)N)O)O)O)O)N'

Progress: 763/2000
Progress: 764/2000[22:22:42] SMILES Parse Error: extra close parentheses while parsing: CCC1=C(C2=NC1=CC3=C(C4=C(N3)C(=C5[C@H]([C@@H](C(=CC6=NC(=C2)C(=C6C)C=C)N5)C)CCC(=O)O)C4=N3)O)C)C
[22:22:42] SMILES Parse Error: Failed parsing SMILES 'CCC1=C(C2=NC1=CC3=C(C4=C(N3)C(=C5[C@H]([C@@H](C(=CC6=NC(=C2)C(=C6C)C=C)N5)C)CCC(=O)O)C4=N3)O)C)C' for input: 'CCC1=C(C2=NC1=CC3=C(C4=C(N3)C(=C5[C@H]([C@@H](C(=CC6=NC(=C2)C(=C6C)C=C)N5)C)CCC(=O)O)C4=N3)O)C)C'

Progress: 765/2000[22:22:44] SMILES Parse Error: extra close parentheses while parsing: C1=C(C(=O)NC(=O)N1)[C@H]2[C@@H]([C@@H]([C@H](O2)COP(=O)(O)OP(=O)(O)OC[C@@H]3[C@H]([C@H]([C@@H](O3)N4C=NC5=C(N=CN=C54)N)O)O)O)O)O
[22:22:44] SMILES Parse Error: Failed parsing SMILES 'C1=C(C(=O)NC(=O)N1)[C@H]2[C@@H]([C@@H]([C@H](O2)COP(=O)(O)OP(=O)(O)OC[C@@H]3[C@H]([C@H]([C@@H](O3)N4C=NC5=C(N=CN=C54)N)O)O)O)O)O' for input: 'C1=C(C(=O)NC(=O)N1)[C@H]2[C@@H]([C@@H]([C@H](O2)COP(=O)(O)OP(=O)(O)OC[C@@H]3[C@H]([C@H]([C@@H](O3)N4C=NC5=C(N=CN=C54)N)O)O)O)O)O'

Progress: 766/2000[22:22:45] SMILES Parse Error: extra open parentheses for input: 'CC1=C(C(=O)C2=NC3=C(N=C(NC3=O)[O-])N(C2=C1)C[C@@H]([C@@H]([C@@H](COP(=O)([O-])[O-])O)O)O'

Progress: 767/2000[22:22:47] SMILES Parse Error: extra close parentheses while parsing: C1=C(C(=O)NC(=O)N1)[C@H]2[C@@H]([C@@H]([C@H](O2)COP(=O)([O-])OP(=O)([O-])OC[C@@H]3[C@H]([C@H]([C@@H](O3)N4C=NC5=C(N=CN=C54)N)O)O)O)O)C(=O)N
[22:22:47] SMILES Parse Error: Failed parsing SMILES 'C1=C(C(=O)NC(=O)N1)[C@H]2[C@@H]([C@@H]([C@H](O2)COP(=O)([O-])OP(=O)([O-])OC[C@@H]3[C@H]([C@H]([C@@H](O3)N4C=NC5=C(N=CN=C54)N)O)O)O)O)C(=O)N' for input: 'C1=C(C(=O)NC(=O)N1)[C@H]2[C@@H]([C@@H]([C@H](O2)COP(=O)([O-])OP(=O)([O-])OC[C@@H]3[C@H]([C@H]([C@@H](O3)N4C=NC5=C(N=CN=C54)N)O)O)O)O)C(=O)N'

Progress: 768/2000[22:22:48] SMILES Parse Error: extra open parentheses for input: 'CC1=C(C2=CC3=NC(=CC4=C(C(=C(N4)C=C5C(=C(C(=N5)C=C1N2)C)C=C)C)CCC(=O)O)CCC(=O)O'

Progress: 769/2000[22:22:50] SMILES Parse Error: extra close parentheses while parsing: C1[C@@H]([C@H](O[C@H]1N2C=NC3=C2N=C(NC3=O)N)COP(=O)(O)OP(=O)(O)OC[C@@H]4[C@H]([C@H]([C@@H](O4)N5C=NC6=C5N=C(NC6=O)N)O)O)O)O
[22:22:50] SMILES Parse Error: Failed parsing SMILES 'C1[C@@H]([C@H](O[C@H]1N2C=NC3=C2N=C(NC3=O)N)COP(=O)(O)OP(=O)(O)OC[C@@H]4[C@H]([C@H]([C@@H](O4)N5C=NC6=C5N=C(NC6=O)N)O)O)O)O' for input: 'C1[C@@H]([C@H](O[C@H]1N2C=NC3=C2N=C(NC3=O)N)COP(=O)(O)OP(=O)(O)OC[C@@H]4[C@H]([C@H]([C@@H](O4)N5C=NC6=C5N=C(NC6=O)N)O)O)O)O'

Progress: 770/2000[22:22:52] SMILES Parse Error: extra close parentheses while parsing: C1=C(C(=O)NC(=O)N1)[C@H]2[C@@H]([C@@H]([C@H](O2)COP(=O)([O-])OP(=O)([O-])OC[C@@H]3[C@H]([C@H]([C@@H](O3)N4C=NC5=C(N=CN=C54)N)O)O)O)O)O
[22:22:52] SMILES Parse Error: Failed parsing SMILES 'C1=C(C(=O)NC(=O)N1)[C@H]2[C@@H]([C@@H]([C@H](O2)COP(=O)([O-])OP(=O)([O-])OC[C@@H]3[C@H]([C@H]([C@@H](O3)N4C=NC5=C(N=CN=C54)N)O)O)O)O)O' for input: 'C1=C(C(=O)NC(=O)N1)[C@H]2[C@@H]([C@@H]([C@H](O2)COP(=O)([O-])OP(=O)([O-])OC[C@@H]3[C@H]([C@H]([C@@H](O3)N4C=NC5=C(N=CN=C54)N)O)O)O)O)O'

Progress: 771/2000[22:22:54] SMILES Parse Error: extra close parentheses while parsing: C1=C(C(=O)NC(=O)N1)[C@H]2[C@@H]([C@@H]([C@H](O2)COP(=O)([O-])OP(=O)([O-])OC[C@@H]3[C@H]([C@H]([C@@H](O3)N4C=NC5=C(N=CN=C54)N)O)O)O)O)O
[22:22:54] SMILES Parse Error: Failed parsing SMILES 'C1=C(C(=O)NC(=O)N1)[C@H]2[C@@H]([C@@H]([C@H](O2)COP(=O)([O-])OP(=O)([O-])OC[C@@H]3[C@H]([C@H]([C@@H](O3)N4C=NC5=C(N=CN=C54)N)O)O)O)O)O' for input: 'C1=C(C(=O)NC(=O)N1)[C@H]2[C@@H]([C@@H]([C@H](O2)COP(=O)([O-])OP(=O)([O-])OC[C@@H]3[C@H]([C@H]([C@@H](O3)N4C=NC5=C(N=CN=C54)N)O)O)O)O)O'

Progress: 772/2000
Progress: 773/2000
Progress: 774/2000[22:22:59] SMILES Parse Error: extra close parentheses while parsing: C1=C(C(=O)NC(=O)N1)[C@H]2[C@@H]([C@@H]([C@H](O2)COP(=O)([O-])OP(=O)([O-])OC[C@@H]3[C@H]([C@H]([C@@H](O3)N4C=NC5=C(N=CN=C54)N)O)O)O)O)N
[22:22:59] SMILES Parse Error: Failed parsing SMILES 'C1=C(C(=O)NC(=O)N1)[C@H]2[C@@H]([C@@H]([C@H](O2)COP(=O)([O-])OP(=O)([O-])OC[C@@H]3[C@H]([C@H]([C@@H](O3)N4C=NC5=C(N=CN=C54)N)O)O)O)O)N' for input: 'C1=C(C(=O)NC(=O)N1)[C@H]2[C@@H]([C@@H]([C@H](O2)COP(=O)([O-])OP(=O)([O-])OC[C@@H]3[C@H]([C@H]([C@@H](O3)N4C=NC5=C(N=CN=C54)N)O)O)O)O)N'

Progress: 775/2000[22:23:01] SMILES Parse Error: extra close parentheses while parsing: C1=C(C(=O)NC(=O)N1)[C@H]2[C@@H]([C@@H]([C@H](O2)COP(=O)([O-])OP(=O)([O-])OC[C@@H]3[C@H]([C@H]([C@@H](O3)N4C=NC5=C(N=CN=C54)N)O)O)O)O)N
[22:23:01] SMILES Parse Error: Failed parsing SMILES 'C1=C(C(=O)NC(=O)N1)[C@H]2[C@@H]([C@@H]([C@H](O2)COP(=O)([O-])OP(=O)([O-])OC[C@@H]3[C@H]([C@H]([C@@H](O3)N4C=NC5=C(N=CN=C54)N)O)O)O)O)N' for input: 'C1=C(C(=O)NC(=O)N1)[C@H]2[C@@H]([C@@H]([C@H](O2)COP(=O)([O-])OP(=O)([O-])OC[C@@H]3[C@H]([C@H]([C@@H](O3)N4C=NC5=C(N=CN=C54)N)O)O)O)O)N'

Progress: 776/2000[22:23:03] SMILES Parse Error: extra close parentheses while parsing: C1[C@@H]([C@H](O[C@H]1N2C=NC3=C2N=C(NC3=O)N)COP(=O)(O)OP(=O)(O)OC[C@@H]4[C@H]([C@H]([C@@H](O4)N5C=NC6=C5N=C(NC6=O)N)O)O)O)O
[22:23:03] SMILES Parse Error: Failed parsing SMILES 'C1[C@@H]([C@H](O[C@H]1N2C=NC3=C2N=C(NC3=O)N)COP(=O)(O)OP(=O)(O)OC[C@@H]4[C@H]([C@H]([C@@H](O4)N5C=NC6=C5N=C(NC6=O)N)O)O)O)O' for input: 'C1[C@@H]([C@H](O[C@H]1N2C=NC3=C2N=C(NC3=O)N)COP(=O)(O)OP(=O)(O)OC[C@@H]4[C@H]([C@H]([C@@H](O4)N5C=NC6=C5N=C(NC6=O)N)O)O)O)O'

Progress: 777/2000[22:23:05] SMILES Parse Error: extra close parentheses while parsing: C1=C(C(=O)NC(=O)N1)[C@H]2[C@@H]([C@@H]([C@H](O2)COP(=O)([O-])OP(=O)([O-])OC[C@@H]3[C@H]([C@H]([C@@H](O3)N4C=NC5=C(N=CN=C54)N)O)O)O)O)O
[22:23:05] SMILES Parse Error: Failed parsing SMILES 'C1=C(C(=O)NC(=O)N1)[C@H]2[C@@H]([C@@H]([C@H](O2)COP(=O)([O-])OP(=O)([O-])OC[C@@H]3[C@H]([C@H]([C@@H](O3)N4C=NC5=C(N=CN=C54)N)O)O)O)O)O' for input: 'C1=C(C(=O)NC(=O)N1)[C@H]2[C@@H]([C@@H]([C@H](O2)COP(=O)([O-])OP(=O)([O-])OC[C@@H]3[C@H]([C@H]([C@@H](O3)N4C=NC5=C(N=CN=C54)N)O)O)O)O)O'

Progress: 778/2000[22:23:07] SMILES Parse Error: extra close parentheses while parsing: C1=C(C(=O)NC(=O)N1)[C@H]2[C@@H]([C@@H]([C@H](O2)COP(=O)([O-])OP(=O)([O-])OC[C@@H]3[C@H]([C@H]([C@@H](O3)N4C=NC5=C(N=CN=C54)N)O)O)O)O)N
[22:23:07] SMILES Parse Error: Failed parsing SMILES 'C1=C(C(=O)NC(=O)N1)[C@H]2[C@@H]([C@@H]([C@H](O2)COP(=O)([O-])OP(=O)([O-])OC[C@@H]3[C@H]([C@H]([C@@H](O3)N4C=NC5=C(N=CN=C54)N)O)O)O)O)N' for input: 'C1=C(C(=O)NC(=O)N1)[C@H]2[C@@H]([C@@H]([C@H](O2)COP(=O)([O-])OP(=O)([O-])OC[C@@H]3[C@H]([C@H]([C@@H](O3)N4C=NC5=C(N=CN=C54)N)O)O)O)O)N'

Progress: 779/2000[22:23:08] SMILES Parse Error: extra close parentheses while parsing: C1C=CN(C=C1C(=O)N)[C@H]2[C@@H]([C@@H]([C@H](O2)COP(=O)(O)OP(=O)(O)OC[C@@H]3[C@H]([C@H]([C@@H](O3)N4C=NC5=C(N=CN=C54)N)O)O)O)O)N
[22:23:08] SMILES Parse Error: Failed parsing SMILES 'C1C=CN(C=C1C(=O)N)[C@H]2[C@@H]([C@@H]([C@H](O2)COP(=O)(O)OP(=O)(O)OC[C@@H]3[C@H]([C@H]([C@@H](O3)N4C=NC5=C(N=CN=C54)N)O)O)O)O)N' for input: 'C1C=CN(C=C1C(=O)N)[C@H]2[C@@H]([C@@H]([C@H](O2)COP(=O)(O)OP(=O)(O)OC[C@@H]3[C@H]([C@H]([C@@H](O3)N4C=NC5=C(N=CN=C54)N)O)O)O)O)N'

Progress: 780/2000
Progress: 781/2000[22:23:11] SMILES Parse Error: extra close parentheses while parsing: CCC1=C(C2=NC1=CC3=C(C4=C(N3)C(=C5[C@H]([C@@H](C(=CC6=NC(=C2)C(=C6C)C=C)N5)C)CCC(=O)O)C4=N3)O)C)C
[22:23:11] SMILES Parse Error: Failed parsing SMILES 'CCC1=C(C2=NC1=CC3=C(C4=C(N3)C(=C5[C@H]([C@@H](C(=CC6=NC(=C2)C(=C6C)C=C)N5)C)CCC(=O)O)C4=N3)O)C)C' for input: 'CCC1=C(C2=NC1=CC3=C(C4=C(N3)C(=C5[C@H]([C@@H](C(=CC6=NC(=C2)C(=C6C)C=C)N5)C)CCC(=O)O)C4=N3)O)C)C'

Progress: 782/2000[22:23:13] SMILES Parse Error: extra close parentheses while parsing: C1=C(C(=O)NC(=O)N1)[C@@H]2[C@H]([C@@H]([C@H](O2)COP(=O)([O-])OP(=O)([O-])OC[C@@H]3[C@H]([C@H]([C@@H](O3)N4C=NC5=C(N=CN=C54)N)O)O)O)O)O)N
[22:23:13] SMILES Parse Error: Failed parsing SMILES 'C1=C(C(=O)NC(=O)N1)[C@@H]2[C@H]([C@@H]([C@H](O2)COP(=O)([O-])OP(=O)([O-])OC[C@@H]3[C@H]([C@H]([C@@H](O3)N4C=NC5=C(N=CN=C54)N)O)O)O)O)O)N' for input: 'C1=C(C(=O)NC(=O)N1)[C@@H]2[C@H]([C@@H]([C@H](O2)COP(=O)([O-])OP(=O)([O-])OC[C@@H]3[C@H]([C@H]([C@@H](O3)N4C=NC5=C(N=CN=C54)N)O)O)O)O)O)N'

Progress: 783/2000
Progress: 784/2000
Progress: 785/2000
Progress: 786/2000
Progress: 787/2000
Progress: 788/2000
Progress: 789/2000[22:23:25] SMILES Parse Error: extra close parentheses while parsing: C1=C(C(=O)NC(=O)N1)[C@@H]2[C@H]([C@@H]([C@H](O2)COP(=O)([O-])OP(=O)([O-])OC[C@@H]3[C@H]([C@H]([C@@H](O3)N4C=NC5=C(N=CN=C54)N)O)O)O)O)O
[22:23:25] SMILES Parse Error: Failed parsing SMILES 'C1=C(C(=O)NC(=O)N1)[C@@H]2[C@H]([C@@H]([C@H](O2)COP(=O)([O-])OP(=O)([O-])OC[C@@H]3[C@H]([C@H]([C@@H](O3)N4C=NC5=C(N=CN=C54)N)O)O)O)O)O' for input: 'C1=C(C(=O)NC(=O)N1)[C@@H]2[C@H]([C@@H]([C@H](O2)COP(=O)([O-])OP(=O)([O-])OC[C@@H]3[C@H]([C@H]([C@@H](O3)N4C=NC5=C(N=CN=C54)N)O)O)O)O)O'

Progress: 790/2000[22:23:27] SMILES Parse Error: extra close parentheses while parsing: C1C=CN(C=C1C(=O)N)[C@H]2[C@@H]([C@@H]([C@H](O2)COP(=O)([O-])OP(=O)([O-])OC[C@@H]3[C@H]([C@H]([C@@H](O3)N4C=NC5=C(N=CN=C54)N)O)O)O)O)O
[22:23:27] SMILES Parse Error: Failed parsing SMILES 'C1C=CN(C=C1C(=O)N)[C@H]2[C@@H]([C@@H]([C@H](O2)COP(=O)([O-])OP(=O)([O-])OC[C@@H]3[C@H]([C@H]([C@@H](O3)N4C=NC5=C(N=CN=C54)N)O)O)O)O)O' for input: 'C1C=CN(C=C1C(=O)N)[C@H]2[C@@H]([C@@H]([C@H](O2)COP(=O)([O-])OP(=O)([O-])OC[C@@H]3[C@H]([C@H]([C@@H](O3)N4C=NC5=C(N=CN=C54)N)O)O)O)O)O'

Progress: 791/2000[22:23:29] SMILES Parse Error: extra close parentheses while parsing: C1=C(C(=O)NC(=O)N1)[C@@H]2[C@@H]([C@@H]([C@H](O2)COP(=O)(O)OP(=O)(O)OC[C@@H]3[C@H]([C@H]([C@@H](O3)N4C=NC5=C(N=CN=C54)N)O)O)O)O)N
[22:23:29] SMILES Parse Error: Failed parsing SMILES 'C1=C(C(=O)NC(=O)N1)[C@@H]2[C@@H]([C@@H]([C@H](O2)COP(=O)(O)OP(=O)(O)OC[C@@H]3[C@H]([C@H]([C@@H](O3)N4C=NC5=C(N=CN=C54)N)O)O)O)O)N' for input: 'C1=C(C(=O)NC(=O)N1)[C@@H]2[C@@H]([C@@H]([C@H](O2)COP(=O)(O)OP(=O)(O)OC[C@@H]3[C@H]([C@H]([C@@H](O3)N4C=NC5=C(N=CN=C54)N)O)O)O)O)N'

Progress: 792/2000
Progress: 793/2000
Progress: 794/2000[22:23:36] SMILES Parse Error: extra close parentheses while parsing: C1[C@@H]([C@H]([C@@H](O[C@@]1(C(=O)O)O)[C@@H](CO)O)O)OP(=O)(O)OP(=O)(O)OC[C@@H]2[C@H]([C@H]([C@@H](O2)N3C=NC4=C3N=C(NC4=O)N)O)O)O.C1[C@@H]([C@H]([C@@H](O1)N2C=NC3=C(N=CN=C32)N)O)OP(=O)(O)OC[C@@H]4[C@H]([C@H]([C@@H](O4)N5C=NC6=C5N=C(NC6=O)N)O
[22:23:36] SMILES Parse Error: Failed parsing SMILES 'C1[C@@H]([C@H]([C@@H](O[C@@]1(C(=O)O)O)[C@@H](CO)O)O)OP(=O)(O)OP(=O)(O)OC[C@@H]2[C@H]([C@H]([C@@H](O2)N3C=NC4=C3N=C(NC4=O)N)O)O)O.C1[C@@H]([C@H]([C@@H](O1)N2C=NC3=C(N=CN=C32)N)O)OP(=O)(O)OC[C@@H]4[C@H]([C@H]([C@@H](O4)N5C=NC6=C5N=C(NC6=O)N)O' for input: 'C1[C@@H]([C@H]([C@@H](O[C@@]1(C(=O)O)O)[C@@H](CO)O)O)OP(=O)(O)OP(=O)(O)OC[C@@H]2[C@H]([C@H]([C@@H](O2)N3C=NC4=C3N=C(NC4=O)N)O)O)O.C1[C@@H]([C@H]([C@@H](O1)N2C=NC3=C(N=CN=C32)N)O)OP(=O)(O)OC[C@@H]4[C@H]([C@H]([C@@H](O4)N5C=NC6=C5N=C(NC6=O)N)O'

Progress: 795/2000
Progress: 796/2000
Progress: 797/2000
Progress: 798/2000
Progress: 799/2000[22:23:42] SMILES Parse Error: extra close parentheses while parsing: C1[C@@H]([C@H](O[C@H]1N2C=NC3=C2N=C(NC3=O)N)COP(=O)(O)OP(=O)(O)OC[C@@H]4[C@H]([C@H]([C@@H](O4)N5C=NC6=C5N=C(NC6=O)N)O)O)O)O
[22:23:42] SMILES Parse Error: Failed parsing SMILES 'C1[C@@H]([C@H](O[C@H]1N2C=NC3=C2N=C(NC3=O)N)COP(=O)(O)OP(=O)(O)OC[C@@H]4[C@H]([C@H]([C@@H](O4)N5C=NC6=C5N=C(NC6=O)N)O)O)O)O' for input: 'C1[C@@H]([C@H](O[C@H]1N2C=NC3=C2N=C(NC3=O)N)COP(=O)(O)OP(=O)(O)OC[C@@H]4[C@H]([C@H]([C@@H](O4)N5C=NC6=C5N=C(NC6=O)N)O)O)O)O'

Progress: 800/2000
Progress: 801/2000
Progress: 802/2000[22:23:47] SMILES Parse Error: extra close parentheses while parsing: C1C=CN(C=C1C(=O)N)[C@H]2[C@@H]([C@@H]([C@H](O2)COP(=O)([O-])OP(=O)([O-])OC[C@@H]3[C@H]([C@H]([C@@H](O3)N4C=NC5=C(N=CN=C54)N)O)O)O)O)O
[22:23:47] SMILES Parse Error: Failed parsing SMILES 'C1C=CN(C=C1C(=O)N)[C@H]2[C@@H]([C@@H]([C@H](O2)COP(=O)([O-])OP(=O)([O-])OC[C@@H]3[C@H]([C@H]([C@@H](O3)N4C=NC5=C(N=CN=C54)N)O)O)O)O)O' for input: 'C1C=CN(C=C1C(=O)N)[C@H]2[C@@H]([C@@H]([C@H](O2)COP(=O)([O-])OP(=O)([O-])OC[C@@H]3[C@H]([C@H]([C@@H](O3)N4C=NC5=C(N=CN=C54)N)O)O)O)O)O'

Progress: 803/2000
Progress: 804/2000[22:23:51] SMILES Parse Error: extra close parentheses while parsing: C1C=CN(C=C1C(=O)N)[C@H]2[C@@H]([C@@H]([C@H](O2)COP(=O)([O-])OP(=O)([O-])OC[C@@H]3[C@H]([C@H]([C@@H](O3)N4C=NC5=C(N=CN=C54)N)O)O)O)O)O
[22:23:51] SMILES Parse Error: Failed parsing SMILES 'C1C=CN(C=C1C(=O)N)[C@H]2[C@@H]([C@@H]([C@H](O2)COP(=O)([O-])OP(=O)([O-])OC[C@@H]3[C@H]([C@H]([C@@H](O3)N4C=NC5=C(N=CN=C54)N)O)O)O)O)O' for input: 'C1C=CN(C=C1C(=O)N)[C@H]2[C@@H]([C@@H]([C@H](O2)COP(=O)([O-])OP(=O)([O-])OC[C@@H]3[C@H]([C@H]([C@@H](O3)N4C=NC5=C(N=CN=C54)N)O)O)O)O)O'

Progress: 805/2000[22:23:53] SMILES Parse Error: extra close parentheses while parsing: C1=C(C(=O)NC(=O)N1)[C@H]2[C@@H]([C@@H]([C@H](O2)COP(=O)(O)OP(=O)(O)OC[C@@H]3[C@H]([C@H]([C@@H](O3)N4C=NC5=C(N=CN=C54)N)O)O)O)O)N
[22:23:53] SMILES Parse Error: Failed parsing SMILES 'C1=C(C(=O)NC(=O)N1)[C@H]2[C@@H]([C@@H]([C@H](O2)COP(=O)(O)OP(=O)(O)OC[C@@H]3[C@H]([C@H]([C@@H](O3)N4C=NC5=C(N=CN=C54)N)O)O)O)O)N' for input: 'C1=C(C(=O)NC(=O)N1)[C@H]2[C@@H]([C@@H]([C@H](O2)COP(=O)(O)OP(=O)(O)OC[C@@H]3[C@H]([C@H]([C@@H](O3)N4C=NC5=C(N=CN=C54)N)O)O)O)O)N'

Progress: 806/2000[22:23:55] SMILES Parse Error: extra close parentheses while parsing: C1[C@@H]([C@H](O[C@H]1N2C=NC3=C2N=C(NC3=O)N)COP(=O)(O)OP(=O)(O)OC[C@@H]4[C@H]([C@H]([C@@H](O4)N5C=NC6=C5N=C(NC6=O)N)O)O)O)O
[22:23:55] SMILES Parse Error: Failed parsing SMILES 'C1[C@@H]([C@H](O[C@H]1N2C=NC3=C2N=C(NC3=O)N)COP(=O)(O)OP(=O)(O)OC[C@@H]4[C@H]([C@H]([C@@H](O4)N5C=NC6=C5N=C(NC6=O)N)O)O)O)O' for input: 'C1[C@@H]([C@H](O[C@H]1N2C=NC3=C2N=C(NC3=O)N)COP(=O)(O)OP(=O)(O)OC[C@@H]4[C@H]([C@H]([C@@H](O4)N5C=NC6=C5N=C(NC6=O)N)O)O)O)O'

Progress: 807/2000[22:23:57] SMILES Parse Error: extra close parentheses while parsing: C1=C(C(=O)NC(=O)N1)[C@@H]2[C@H]([C@@H]([C@H](O2)COP(=O)([O-])OP(=O)([O-])OC[C@@H]3[C@H]([C@H]([C@@H](O3)N4C=NC5=C(N=CN=C54)N)O)O)O)O)O)N
[22:23:57] SMILES Parse Error: Failed parsing SMILES 'C1=C(C(=O)NC(=O)N1)[C@@H]2[C@H]([C@@H]([C@H](O2)COP(=O)([O-])OP(=O)([O-])OC[C@@H]3[C@H]([C@H]([C@@H](O3)N4C=NC5=C(N=CN=C54)N)O)O)O)O)O)N' for input: 'C1=C(C(=O)NC(=O)N1)[C@@H]2[C@H]([C@@H]([C@H](O2)COP(=O)([O-])OP(=O)([O-])OC[C@@H]3[C@H]([C@H]([C@@H](O3)N4C=NC5=C(N=CN=C54)N)O)O)O)O)O)N'

Progress: 808/2000
Progress: 809/2000
Progress: 810/2000[22:24:01] SMILES Parse Error: extra close parentheses while parsing: C1=C(C(=O)NC(=O)N1)[C@H]2[C@@H]([C@@H]([C@H](O2)COP(=O)([O-])OP(=O)([O-])OC[C@@H]3[C@H]([C@H]([C@@H](O3)N4C=NC5=C(N=CN=C54)N)O)O)O)O)O
[22:24:01] SMILES Parse Error: Failed parsing SMILES 'C1=C(C(=O)NC(=O)N1)[C@H]2[C@@H]([C@@H]([C@H](O2)COP(=O)([O-])OP(=O)([O-])OC[C@@H]3[C@H]([C@H]([C@@H](O3)N4C=NC5=C(N=CN=C54)N)O)O)O)O)O' for input: 'C1=C(C(=O)NC(=O)N1)[C@H]2[C@@H]([C@@H]([C@H](O2)COP(=O)([O-])OP(=O)([O-])OC[C@@H]3[C@H]([C@H]([C@@H](O3)N4C=NC5=C(N=CN=C54)N)O)O)O)O)O'

Progress: 811/2000
Progress: 812/2000
Progress: 813/2000
Progress: 814/2000[22:24:08] SMILES Parse Error: extra close parentheses while parsing: CCC1=C(C2=NC1=CC3=C(C4=C(N3)C(=C5[C@H]([C@@H](C(=CC6=NC(=C2)C(=C6C)C=C)N5)C)CCC(=O)O)C4=N3)O)C)C
[22:24:08] SMILES Parse Error: Failed parsing SMILES 'CCC1=C(C2=NC1=CC3=C(C4=C(N3)C(=C5[C@H]([C@@H](C(=CC6=NC(=C2)C(=C6C)C=C)N5)C)CCC(=O)O)C4=N3)O)C)C' for input: 'CCC1=C(C2=NC1=CC3=C(C4=C(N3)C(=C5[C@H]([C@@H](C(=CC6=NC(=C2)C(=C6C)C=C)N5)C)CCC(=O)O)C4=N3)O)C)C'

Progress: 815/2000[22:24:10] SMILES Parse Error: extra close parentheses while parsing: C1[C@@H]([C@H](O[C@H]1N2C3=C(C(=O)NC(=N3)N)NC2=O)COP(=O)(O)OP(=O)(O)OC[C@@H]4[C@H]([C@H]([C@@H](O4)N5C=NC6=C5N=C(NC6=O)N)O)O)O)O
[22:24:10] SMILES Parse Error: Failed parsing SMILES 'C1[C@@H]([C@H](O[C@H]1N2C3=C(C(=O)NC(=N3)N)NC2=O)COP(=O)(O)OP(=O)(O)OC[C@@H]4[C@H]([C@H]([C@@H](O4)N5C=NC6=C5N=C(NC6=O)N)O)O)O)O' for input: 'C1[C@@H]([C@H](O[C@H]1N2C3=C(C(=O)NC(=N3)N)NC2=O)COP(=O)(O)OP(=O)(O)OC[C@@H]4[C@H]([C@H]([C@@H](O4)N5C=NC6=C5N=C(NC6=O)N)O)O)O)O'

Progress: 816/2000[22:24:12] SMILES Parse Error: extra close parentheses while parsing: C1=C(C(=O)NC(=O)N1)[C@H]2[C@@H]([C@@H]([C@H](O2)COP(=O)([O-])OP(=O)([O-])OC[C@@H]3[C@H]([C@H]([C@@H](O3)N4C=NC5=C(N=CN=C54)N)O)O)O)O)O
[22:24:12] SMILES Parse Error: Failed parsing SMILES 'C1=C(C(=O)NC(=O)N1)[C@H]2[C@@H]([C@@H]([C@H](O2)COP(=O)([O-])OP(=O)([O-])OC[C@@H]3[C@H]([C@H]([C@@H](O3)N4C=NC5=C(N=CN=C54)N)O)O)O)O)O' for input: 'C1=C(C(=O)NC(=O)N1)[C@H]2[C@@H]([C@@H]([C@H](O2)COP(=O)([O-])OP(=O)([O-])OC[C@@H]3[C@H]([C@H]([C@@H](O3)N4C=NC5=C(N=CN=C54)N)O)O)O)O)O'

Progress: 817/2000[22:24:14] SMILES Parse Error: extra close parentheses while parsing: C1[C@@H]2[C@H]([C@H]([C@@H](O2)N3C=NC4=C3N=C(NC4=O)N)O)OP(=O)(OC[C@@H]5[C@H]([C@H]([C@@H](O5)N6C=NC7=C(N=CN=C76)N)O)OP(=O)(O1)O)O)O
[22:24:14] SMILES Parse Error: Failed parsing SMILES 'C1[C@@H]2[C@H]([C@H]([C@@H](O2)N3C=NC4=C3N=C(NC4=O)N)O)OP(=O)(OC[C@@H]5[C@H]([C@H]([C@@H](O5)N6C=NC7=C(N=CN=C76)N)O)OP(=O)(O1)O)O)O' for input: 'C1[C@@H]2[C@H]([C@H]([C@@H](O2)N3C=NC4=C3N=C(NC4=O)N)O)OP(=O)(OC[C@@H]5[C@H]([C@H]([C@@H](O5)N6C=NC7=C(N=CN=C76)N)O)OP(=O)(O1)O)O)O'

Progress: 818/2000
Progress: 819/2000
Progress: 820/2000[22:24:18] SMILES Parse Error: extra close parentheses while parsing: C1=C(C(=O)NC(=O)N1)[C@H]2[C@@H]([C@@H]([C@H](O2)COP(=O)([O-])OP(=O)([O-])OC[C@@H]3[C@H]([C@H]([C@@H](O3)N4C=NC5=C(N=CN=C54)N)O)O)O)O)N
[22:24:18] SMILES Parse Error: Failed parsing SMILES 'C1=C(C(=O)NC(=O)N1)[C@H]2[C@@H]([C@@H]([C@H](O2)COP(=O)([O-])OP(=O)([O-])OC[C@@H]3[C@H]([C@H]([C@@H](O3)N4C=NC5=C(N=CN=C54)N)O)O)O)O)N' for input: 'C1=C(C(=O)NC(=O)N1)[C@H]2[C@@H]([C@@H]([C@H](O2)COP(=O)([O-])OP(=O)([O-])OC[C@@H]3[C@H]([C@H]([C@@H](O3)N4C=NC5=C(N=CN=C54)N)O)O)O)O)N'

Progress: 821/2000[22:24:20] SMILES Parse Error: extra close parentheses while parsing: C1=C(C(=O)NC(=O)N1)[C@@H]2[C@H]([C@@H]([C@H](O2)COP(=O)([O-])OP(=O)([O-])OC[C@@H]3[C@H]([C@H]([C@@H](O3)N4C=NC5=C(N=CN=C54)N)O)O)O)O)O)N
[22:24:20] SMILES Parse Error: Failed parsing SMILES 'C1=C(C(=O)NC(=O)N1)[C@@H]2[C@H]([C@@H]([C@H](O2)COP(=O)([O-])OP(=O)([O-])OC[C@@H]3[C@H]([C@H]([C@@H](O3)N4C=NC5=C(N=CN=C54)N)O)O)O)O)O)N' for input: 'C1=C(C(=O)NC(=O)N1)[C@@H]2[C@H]([C@@H]([C@H](O2)COP(=O)([O-])OP(=O)([O-])OC[C@@H]3[C@H]([C@H]([C@@H](O3)N4C=NC5=C(N=CN=C54)N)O)O)O)O)O)N'

Progress: 822/2000[22:24:22] SMILES Parse Error: extra close parentheses while parsing: C1C=CN(C(=O)N1)[C@H]2[C@@H]([C@@H]([C@H](O2)COP(=O)([O-])OP(=O)([O-])OC[C@@H]3[C@H]([C@H]([C@@H](O3)N4C=NC5=C(N=CN=C54)N)O)O)O)O)O
[22:24:22] SMILES Parse Error: Failed parsing SMILES 'C1C=CN(C(=O)N1)[C@H]2[C@@H]([C@@H]([C@H](O2)COP(=O)([O-])OP(=O)([O-])OC[C@@H]3[C@H]([C@H]([C@@H](O3)N4C=NC5=C(N=CN=C54)N)O)O)O)O)O' for input: 'C1C=CN(C(=O)N1)[C@H]2[C@@H]([C@@H]([C@H](O2)COP(=O)([O-])OP(=O)([O-])OC[C@@H]3[C@H]([C@H]([C@@H](O3)N4C=NC5=C(N=CN=C54)N)O)O)O)O)O'

Progress: 823/2000[22:24:24] SMILES Parse Error: extra close parentheses while parsing: C1=C(C(=O)NC(=O)N1)[C@@H]2[C@@H]([C@@H]([C@H](O2)COP(=O)(O)OP(=O)(O)OC[C@@H]3[C@H]([C@H]([C@@H](O3)N4C=NC5=C(N=CN=C54)N)O)O)O)O)N
[22:24:24] SMILES Parse Error: Failed parsing SMILES 'C1=C(C(=O)NC(=O)N1)[C@@H]2[C@@H]([C@@H]([C@H](O2)COP(=O)(O)OP(=O)(O)OC[C@@H]3[C@H]([C@H]([C@@H](O3)N4C=NC5=C(N=CN=C54)N)O)O)O)O)N' for input: 'C1=C(C(=O)NC(=O)N1)[C@@H]2[C@@H]([C@@H]([C@H](O2)COP(=O)(O)OP(=O)(O)OC[C@@H]3[C@H]([C@H]([C@@H](O3)N4C=NC5=C(N=CN=C54)N)O)O)O)O)N'

Progress: 824/2000
Progress: 825/2000
Progress: 826/2000
Progress: 827/2000
Progress: 828/2000
Progress: 829/2000
Progress: 830/2000[22:24:35] SMILES Parse Error: extra close parentheses while parsing: C1=C(C(=O)NC(=O)N1[C@H]2[C@@H]([C@@H]([C@H](O2)COP(=O)([O-])OP(=O)([O-])OC[C@@H]3[C@H]([C@H]([C@@H](O3)N4C=NC5=C(N=CN=C54)N)O)O)O)O)O)N
[22:24:35] SMILES Parse Error: Failed parsing SMILES 'C1=C(C(=O)NC(=O)N1[C@H]2[C@@H]([C@@H]([C@H](O2)COP(=O)([O-])OP(=O)([O-])OC[C@@H]3[C@H]([C@H]([C@@H](O3)N4C=NC5=C(N=CN=C54)N)O)O)O)O)O)N' for input: 'C1=C(C(=O)NC(=O)N1[C@H]2[C@@H]([C@@H]([C@H](O2)COP(=O)([O-])OP(=O)([O-])OC[C@@H]3[C@H]([C@H]([C@@H](O3)N4C=NC5=C(N=CN=C54)N)O)O)O)O)O)N'

Progress: 831/2000[22:24:36] SMILES Parse Error: extra open parentheses for input: 'CC1=C(C(=O)C2=NC3=C(N=C(NC3=O)[O-])N(C2=C1)C[C@@H]([C@@H]([C@@H](COP(=O)([O-])[O-])O)O)O'

Progress: 832/2000
Progress: 833/2000
Progress: 834/2000
Progress: 835/2000[22:24:43] SMILES Parse Error: extra close parentheses while parsing: C1=C(C(=O)NC(=O)N1)[C@@H]2[C@H]([C@@H]([C@H](O2)COP(=O)([O-])OP(=O)([O-])OC[C@@H]3[C@H]([C@H]([C@@H](O3)N4C=NC5=C(N=CN=C54)N)O)O)O)O)O.C1=NC2=C(C(=O)NC2=O)C3=CC=C(C=C3)O)O
[22:24:43] SMILES Parse Error: Failed parsing SMILES 'C1=C(C(=O)NC(=O)N1)[C@@H]2[C@H]([C@@H]([C@H](O2)COP(=O)([O-])OP(=O)([O-])OC[C@@H]3[C@H]([C@H]([C@@H](O3)N4C=NC5=C(N=CN=C54)N)O)O)O)O)O.C1=NC2=C(C(=O)NC2=O)C3=CC=C(C=C3)O)O' for input: 'C1=C(C(=O)NC(=O)N1)[C@@H]2[C@H]([C@@H]([C@H](O2)COP(=O)([O-])OP(=O)([O-])OC[C@@H]3[C@H]([C@H]([C@@H](O3)N4C=NC5=C(N=CN=C54)N)O)O)O)O)O.C1=NC2=C(C(=O)NC2=O)C3=CC=C(C=C3)O)O'

Progress: 836/2000
Progress: 837/2000
Progress: 838/2000[22:24:46] SMILES Parse Error: extra close parentheses while parsing: C1[C@@H]([C@H](O[C@H]1N2C=NC3=C2N=C(NC3=O)N)COP(=O)(O)OP(=O)(O)OC[C@@H]4[C@H]([C@H]([C@@H](O4)N5C=NC6=C5N=C(NC6=O)N)O)O)O)O
[22:24:46] SMILES Parse Error: Failed parsing SMILES 'C1[C@@H]([C@H](O[C@H]1N2C=NC3=C2N=C(NC3=O)N)COP(=O)(O)OP(=O)(O)OC[C@@H]4[C@H]([C@H]([C@@H](O4)N5C=NC6=C5N=C(NC6=O)N)O)O)O)O' for input: 'C1[C@@H]([C@H](O[C@H]1N2C=NC3=C2N=C(NC3=O)N)COP(=O)(O)OP(=O)(O)OC[C@@H]4[C@H]([C@H]([C@@H](O4)N5C=NC6=C5N=C(NC6=O)N)O)O)O)O'

Progress: 839/2000[22:24:48] SMILES Parse Error: extra close parentheses while parsing: C1=C(C(=O)NC(=O)N1)[C@@H]2[C@H]([C@@H]([C@H](O2)COP(=O)([O-])OP(=O)([O-])OC[C@@H]3[C@H]([C@H]([C@@H](O3)N4C=NC5=C(N=CN=C54)N)O)O)O)O)N
[22:24:48] SMILES Parse Error: Failed parsing SMILES 'C1=C(C(=O)NC(=O)N1)[C@@H]2[C@H]([C@@H]([C@H](O2)COP(=O)([O-])OP(=O)([O-])OC[C@@H]3[C@H]([C@H]([C@@H](O3)N4C=NC5=C(N=CN=C54)N)O)O)O)O)N' for input: 'C1=C(C(=O)NC(=O)N1)[C@@H]2[C@H]([C@@H]([C@H](O2)COP(=O)([O-])OP(=O)([O-])OC[C@@H]3[C@H]([C@H]([C@@H](O3)N4C=NC5=C(N=CN=C54)N)O)O)O)O)N'

Progress: 840/2000[22:24:51] SMILES Parse Error: extra close parentheses while parsing: C[C@@H](C(=O)N[C@@H](CCC(=O)N[C@@H](CCC(=O)N[C@@H](CCC(=O)[O-])C(=O)[O-])C(=O)[O-])C(=O)[O-])OP(=O)([O-])OC[C@@H]1[C@H]([C@H]([C@@H](O1)N2C=NC3=C(N=CN=C32)N)O)OP(=O)([O-])[O-])O)O
[22:24:51] SMILES Parse Error: Failed parsing SMILES 'C[C@@H](C(=O)N[C@@H](CCC(=O)N[C@@H](CCC(=O)N[C@@H](CCC(=O)[O-])C(=O)[O-])C(=O)[O-])C(=O)[O-])OP(=O)([O-])OC[C@@H]1[C@H]([C@H]([C@@H](O1)N2C=NC3=C(N=CN=C32)N)O)OP(=O)([O-])[O-])O)O' for input: 'C[C@@H](C(=O)N[C@@H](CCC(=O)N[C@@H](CCC(=O)N[C@@H](CCC(=O)[O-])C(=O)[O-])C(=O)[O-])C(=O)[O-])OP(=O)([O-])OC[C@@H]1[C@H]([C@H]([C@@H](O1)N2C=NC3=C(N=CN=C32)N)O)OP(=O)([O-])[O-])O)O'

Progress: 841/2000[22:24:53] SMILES Parse Error: extra close parentheses while parsing: C1=C(C(=O)NC(=O)N1)[C@H]2[C@@H]([C@@H]([C@H](O2)COP(=O)([O-])OP(=O)([O-])OC[C@@H]3[C@H]([C@H]([C@@H](O3)N4C=NC5=C(N=CN=C54)N)O)O)O)O)N
[22:24:53] SMILES Parse Error: Failed parsing SMILES 'C1=C(C(=O)NC(=O)N1)[C@H]2[C@@H]([C@@H]([C@H](O2)COP(=O)([O-])OP(=O)([O-])OC[C@@H]3[C@H]([C@H]([C@@H](O3)N4C=NC5=C(N=CN=C54)N)O)O)O)O)N' for input: 'C1=C(C(=O)NC(=O)N1)[C@H]2[C@@H]([C@@H]([C@H](O2)COP(=O)([O-])OP(=O)([O-])OC[C@@H]3[C@H]([C@H]([C@@H](O3)N4C=NC5=C(N=CN=C54)N)O)O)O)O)N'

Progress: 842/2000[22:24:54] SMILES Parse Error: unclosed ring for input: 'CC1=C(C(=O)C2=CC3=C(C(=C(N3)C=C4[C@H]([C@@H](C(=N4)C5=C6C(=C(C(=CC1=N2)N6)C)C(=O)[O-])C)CCC(=O)O)CCC(=O)O)C)CCC(=O)O'

Progress: 843/2000
Progress: 844/2000[22:24:57] SMILES Parse Error: extra open parentheses for input: 'CC1=C(C(=O)C2=NC3=C(N=C(NC3=O)[O-])N(C2=C1)C[C@@H]([C@@H]([C@@H](COP(=O)([O-])[O-])O)O)O'

Progress: 845/2000
Progress: 846/2000[22:25:02] SMILES Parse Error: extra open parentheses for input: 'C[C@@H]([C@H]1C(=O)NCC[C@H](C(=O)N[C@H](C(=O)N[C@@H](C(=O)N[C@H](C(=O)N[C@H](C(=O)N[C@H](C(=O)N1)CC2=CC=CC=C2)CC3=CC=CC=C3)CC4=CC=CC=C4)CC5=CNC6=CC=CC=C65)CC7=CC=CC=C7'

Progress: 847/2000[22:25:04] SMILES Parse Error: extra close parentheses while parsing: C1=C(C(=O)NC(=O)N1)[C@H]2[C@@H]([C@@H]([C@H](O2)COP(=O)([O-])OP(=O)([O-])OC[C@@H]3[C@H]([C@H]([C@@H](O3)N4C=NC5=C(N=CN=C54)N)O)O)O)O)N
[22:25:04] SMILES Parse Error: Failed parsing SMILES 'C1=C(C(=O)NC(=O)N1)[C@H]2[C@@H]([C@@H]([C@H](O2)COP(=O)([O-])OP(=O)([O-])OC[C@@H]3[C@H]([C@H]([C@@H](O3)N4C=NC5=C(N=CN=C54)N)O)O)O)O)N' for input: 'C1=C(C(=O)NC(=O)N1)[C@H]2[C@@H]([C@@H]([C@H](O2)COP(=O)([O-])OP(=O)([O-])OC[C@@H]3[C@H]([C@H]([C@@H](O3)N4C=NC5=C(N=CN=C54)N)O)O)O)O)N'

Progress: 848/2000
Progress: 849/2000[22:25:07] SMILES Parse Error: extra close parentheses while parsing: C1=C(C(=O)NC(=O)N1)[C@@H]2[C@H]([C@@H]([C@H](O2)COP(=O)([O-])OP(=O)([O-])OC[C@@H]3[C@H]([C@H]([C@@H](O3)N4C=NC5=C(N=CN=C54)N)O)O)O)O)O)N
[22:25:07] SMILES Parse Error: Failed parsing SMILES 'C1=C(C(=O)NC(=O)N1)[C@@H]2[C@H]([C@@H]([C@H](O2)COP(=O)([O-])OP(=O)([O-])OC[C@@H]3[C@H]([C@H]([C@@H](O3)N4C=NC5=C(N=CN=C54)N)O)O)O)O)O)N' for input: 'C1=C(C(=O)NC(=O)N1)[C@@H]2[C@H]([C@@H]([C@H](O2)COP(=O)([O-])OP(=O)([O-])OC[C@@H]3[C@H]([C@H]([C@@H](O3)N4C=NC5=C(N=CN=C54)N)O)O)O)O)O)N'

Progress: 850/2000[22:25:09] SMILES Parse Error: extra close parentheses while parsing: C1=C(C(=O)NC(=O)N1)[C@H]2[C@@H]([C@@H]([C@H](O2)COP(=O)([O-])OP(=O)([O-])OC[C@@H]3[C@H]([C@H]([C@@H](O3)N4C=NC5=C(N=CN=C54)N)O)O)O)O)N
[22:25:09] SMILES Parse Error: Failed parsing SMILES 'C1=C(C(=O)NC(=O)N1)[C@H]2[C@@H]([C@@H]([C@H](O2)COP(=O)([O-])OP(=O)([O-])OC[C@@H]3[C@H]([C@H]([C@@H](O3)N4C=NC5=C(N=CN=C54)N)O)O)O)O)N' for input: 'C1=C(C(=O)NC(=O)N1)[C@H]2[C@@H]([C@@H]([C@H](O2)COP(=O)([O-])OP(=O)([O-])OC[C@@H]3[C@H]([C@H]([C@@H](O3)N4C=NC5=C(N=CN=C54)N)O)O)O)O)N'

Progress: 851/2000
Progress: 852/2000
Progress: 853/2000
Progress: 854/2000
Progress: 855/2000[22:25:17] SMILES Parse Error: extra close parentheses while parsing: C1C=CN(C=C1C(=O)N)[C@H]2[C@@H]([C@@H]([C@H](O2)COP(=O)(O)OP(=O)(O)OC[C@@H]3[C@H]([C@H]([C@@H](O3)N4C=NC5=C(N=CN=C54)N)O)O)O)O)N
[22:25:17] SMILES Parse Error: Failed parsing SMILES 'C1C=CN(C=C1C(=O)N)[C@H]2[C@@H]([C@@H]([C@H](O2)COP(=O)(O)OP(=O)(O)OC[C@@H]3[C@H]([C@H]([C@@H](O3)N4C=NC5=C(N=CN=C54)N)O)O)O)O)N' for input: 'C1C=CN(C=C1C(=O)N)[C@H]2[C@@H]([C@@H]([C@H](O2)COP(=O)(O)OP(=O)(O)OC[C@@H]3[C@H]([C@H]([C@@H](O3)N4C=NC5=C(N=CN=C54)N)O)O)O)O)N'

Progress: 856/2000[22:25:19] SMILES Parse Error: extra open parentheses for input: 'C1C=CN(C=C1C(=O)N)[C@@H]2[C@@H]([C@H]([C@@H]([C@H](O2)COP(=O)([O-])OP(=O)([O-])OC[C@@H]3[C@H]([C@H]([C@@H](O3)N4C=NC5=C(N=CN=C54)N)O)O)O)O'

Progress: 857/2000
Progress: 858/2000[22:25:23] SMILES Parse Error: extra close parentheses while parsing: C1=C(C(=O)NC(=O)N1)[C@H]2[C@@H]([C@@H]([C@H](O2)COP(=O)([O-])OP(=O)([O-])OC[C@@H]3[C@H]([C@H]([C@@H](O3)N4C=NC5=C(N=CN=C54)N)O)O)O)O)C(=O)NCCC(=O)NCCCC6=CNC7=CC=CC=C76)C8=CC=CC=C8N=C(NC9=O)[O-])O
[22:25:23] SMILES Parse Error: Failed parsing SMILES 'C1=C(C(=O)NC(=O)N1)[C@H]2[C@@H]([C@@H]([C@H](O2)COP(=O)([O-])OP(=O)([O-])OC[C@@H]3[C@H]([C@H]([C@@H](O3)N4C=NC5=C(N=CN=C54)N)O)O)O)O)C(=O)NCCC(=O)NCCCC6=CNC7=CC=CC=C76)C8=CC=CC=C8N=C(NC9=O)[O-])O' for input: 'C1=C(C(=O)NC(=O)N1)[C@H]2[C@@H]([C@@H]([C@H](O2)COP(=O)([O-])OP(=O)([O-])OC[C@@H]3[C@H]([C@H]([C@@H](O3)N4C=NC5=C(N=CN=C54)N)O)O)O)O)C(=O)NCCC(=O)NCCCC6=CNC7=CC=CC=C76)C8=CC=CC=C8N=C(NC9=O)[O-])O'

Progress: 859/2000[22:25:25] SMILES Parse Error: extra close parentheses while parsing: C1C=CN(C=C1C(=O)N)[C@@H]2[C@@H]([C@H]([C@@H](O2)COP(=O)(O)OP(=O)(O)OC[C@@H]3[C@H]([C@H]([C@@H](O3)N4C=NC5=C(N=CN=C54)N)O)O)O)O)N
[22:25:25] SMILES Parse Error: Failed parsing SMILES 'C1C=CN(C=C1C(=O)N)[C@@H]2[C@@H]([C@H]([C@@H](O2)COP(=O)(O)OP(=O)(O)OC[C@@H]3[C@H]([C@H]([C@@H](O3)N4C=NC5=C(N=CN=C54)N)O)O)O)O)N' for input: 'C1C=CN(C=C1C(=O)N)[C@@H]2[C@@H]([C@H]([C@@H](O2)COP(=O)(O)OP(=O)(O)OC[C@@H]3[C@H]([C@H]([C@@H](O3)N4C=NC5=C(N=CN=C54)N)O)O)O)O)N'

Progress: 860/2000
Progress: 861/2000[22:25:28] SMILES Parse Error: extra open parentheses for input: 'CC1=C(C(=O)C2=NC3=C(N=C(NC3=O)[O-])N(C2=C1)C[C@@H]([C@@H]([C@@H](COP(=O)([O-])[O-])O)O)O'

Progress: 862/2000[22:25:30] SMILES Parse Error: extra close parentheses while parsing: C1C=CN(C=C1C(=O)N)[C@@H]2[C@@H]([C@H]([C@@H](O2)COP(=O)(O)OP(=O)(O)OC[C@@H]3[C@H]([C@H]([C@@H](O3)N4C=NC5=C(N=CN=C54)N)O)O)O)O)N
[22:25:30] SMILES Parse Error: Failed parsing SMILES 'C1C=CN(C=C1C(=O)N)[C@@H]2[C@@H]([C@H]([C@@H](O2)COP(=O)(O)OP(=O)(O)OC[C@@H]3[C@H]([C@H]([C@@H](O3)N4C=NC5=C(N=CN=C54)N)O)O)O)O)N' for input: 'C1C=CN(C=C1C(=O)N)[C@@H]2[C@@H]([C@H]([C@@H](O2)COP(=O)(O)OP(=O)(O)OC[C@@H]3[C@H]([C@H]([C@@H](O3)N4C=NC5=C(N=CN=C54)N)O)O)O)O)N'

Progress: 863/2000
Progress: 864/2000[22:25:34] SMILES Parse Error: extra close parentheses while parsing: C1[C@@H]([C@H](O[C@H]1N2C=NC3=C2N=C(NC3=O)N)COP(=O)(O)OP(=O)(O)OC[C@@H]4[C@H]([C@H]([C@@H](O4)N5C=NC6=C(N=CN=C65)N)O)O)O)O
[22:25:34] SMILES Parse Error: Failed parsing SMILES 'C1[C@@H]([C@H](O[C@H]1N2C=NC3=C2N=C(NC3=O)N)COP(=O)(O)OP(=O)(O)OC[C@@H]4[C@H]([C@H]([C@@H](O4)N5C=NC6=C(N=CN=C65)N)O)O)O)O' for input: 'C1[C@@H]([C@H](O[C@H]1N2C=NC3=C2N=C(NC3=O)N)COP(=O)(O)OP(=O)(O)OC[C@@H]4[C@H]([C@H]([C@@H](O4)N5C=NC6=C(N=CN=C65)N)O)O)O)O'

Progress: 865/2000[22:25:36] SMILES Parse Error: extra close parentheses while parsing: C1=C(C(=O)NC(=O)N1)[C@@H]2[C@H]([C@@H]([C@H](O2)COP(=O)([O-])OP(=O)([O-])OC[C@@H]3[C@H]([C@H]([C@@H](O3)N4C=NC5=C4N=C(NC5=O)N)O)O)O)O)N
[22:25:36] SMILES Parse Error: Failed parsing SMILES 'C1=C(C(=O)NC(=O)N1)[C@@H]2[C@H]([C@@H]([C@H](O2)COP(=O)([O-])OP(=O)([O-])OC[C@@H]3[C@H]([C@H]([C@@H](O3)N4C=NC5=C4N=C(NC5=O)N)O)O)O)O)N' for input: 'C1=C(C(=O)NC(=O)N1)[C@@H]2[C@H]([C@@H]([C@H](O2)COP(=O)([O-])OP(=O)([O-])OC[C@@H]3[C@H]([C@H]([C@@H](O3)N4C=NC5=C4N=C(NC5=O)N)O)O)O)O)N'

Progress: 866/2000[22:25:38] SMILES Parse Error: unclosed ring for input: 'CC1=C(C(=O)C2=CC3=C(C(=C(N3)C=C4[C@H]([C@@H](C(=N4)C5=C6C(=C(C(=CC1=N2)N6)C)C(=O)[O-])C)CCC(=O)O)CCC(=O)O)C)CCC(=O)O'

Progress: 867/2000
Progress: 868/2000
Progress: 869/2000[22:25:42] SMILES Parse Error: extra open parentheses for input: 'CC1=C(C(=O)C2=NC3=C(N=C(NC3=O)[O-])N(C2=C1)C[C@@H]([C@@H]([C@@H](COP(=O)([O-])[O-])O)O)O'

Progress: 870/2000[22:25:44] SMILES Parse Error: extra close parentheses while parsing: C1[C@@H]([C@H](O[C@H]1N2C=NC3=C2N=C(NC3=O)N)COP(=O)(O)OP(=O)(O)OC[C@@H]4[C@H]([C@H]([C@@H](O4)N5C=NC6=C5N=C(NC6=O)N)O)O)O)O
[22:25:44] SMILES Parse Error: Failed parsing SMILES 'C1[C@@H]([C@H](O[C@H]1N2C=NC3=C2N=C(NC3=O)N)COP(=O)(O)OP(=O)(O)OC[C@@H]4[C@H]([C@H]([C@@H](O4)N5C=NC6=C5N=C(NC6=O)N)O)O)O)O' for input: 'C1[C@@H]([C@H](O[C@H]1N2C=NC3=C2N=C(NC3=O)N)COP(=O)(O)OP(=O)(O)OC[C@@H]4[C@H]([C@H]([C@@H](O4)N5C=NC6=C5N=C(NC6=O)N)O)O)O)O'

Progress: 871/2000
Progress: 872/2000[22:25:48] SMILES Parse Error: extra close parentheses while parsing: C[C@@H](C(=O)N[C@@H](CCC(=O)N[C@@H](CCC(=O)N[C@@H](CCC(=O)[O-])C(=O)[O-])C(=O)[O-])C(=O)[O-])OP(=O)([O-])OC[C@@H]1[C@H]([C@H]([C@@H](O1)N2C=NC3=C(N=CN=C32)N)O)OP(=O)([O-])[O-])O)O
[22:25:48] SMILES Parse Error: Failed parsing SMILES 'C[C@@H](C(=O)N[C@@H](CCC(=O)N[C@@H](CCC(=O)N[C@@H](CCC(=O)[O-])C(=O)[O-])C(=O)[O-])C(=O)[O-])OP(=O)([O-])OC[C@@H]1[C@H]([C@H]([C@@H](O1)N2C=NC3=C(N=CN=C32)N)O)OP(=O)([O-])[O-])O)O' for input: 'C[C@@H](C(=O)N[C@@H](CCC(=O)N[C@@H](CCC(=O)N[C@@H](CCC(=O)[O-])C(=O)[O-])C(=O)[O-])C(=O)[O-])OP(=O)([O-])OC[C@@H]1[C@H]([C@H]([C@@H](O1)N2C=NC3=C(N=CN=C32)N)O)OP(=O)([O-])[O-])O)O'

Progress: 873/2000[22:25:50] SMILES Parse Error: extra close parentheses while parsing: C1=C(C(=O)NC(=O)N1)[C@H]2[C@@H]([C@@H]([C@H](O2)COP(=O)([O-])OP(=O)([O-])OC[C@@H]3[C@H]([C@H]([C@@H](O3)N4C=NC5=C(N=CN=C54)N)O)O)O)O)N
[22:25:50] SMILES Parse Error: Failed parsing SMILES 'C1=C(C(=O)NC(=O)N1)[C@H]2[C@@H]([C@@H]([C@H](O2)COP(=O)([O-])OP(=O)([O-])OC[C@@H]3[C@H]([C@H]([C@@H](O3)N4C=NC5=C(N=CN=C54)N)O)O)O)O)N' for input: 'C1=C(C(=O)NC(=O)N1)[C@H]2[C@@H]([C@@H]([C@H](O2)COP(=O)([O-])OP(=O)([O-])OC[C@@H]3[C@H]([C@H]([C@@H](O3)N4C=NC5=C(N=CN=C54)N)O)O)O)O)N'

Progress: 874/2000[22:25:52] SMILES Parse Error: extra close parentheses while parsing: C1C=CN(C=C1C(=O)N)[C@H]2[C@@H]([C@@H]([C@H](O2)COP(=O)(O)OP(=O)(O)OC[C@@H]3[C@H]([C@H]([C@@H](O3)N4C=NC5=C(N=CN=C54)N)O)O)O)O)N
[22:25:52] SMILES Parse Error: Failed parsing SMILES 'C1C=CN(C=C1C(=O)N)[C@H]2[C@@H]([C@@H]([C@H](O2)COP(=O)(O)OP(=O)(O)OC[C@@H]3[C@H]([C@H]([C@@H](O3)N4C=NC5=C(N=CN=C54)N)O)O)O)O)N' for input: 'C1C=CN(C=C1C(=O)N)[C@H]2[C@@H]([C@@H]([C@H](O2)COP(=O)(O)OP(=O)(O)OC[C@@H]3[C@H]([C@H]([C@@H](O3)N4C=NC5=C(N=CN=C54)N)O)O)O)O)N'

Progress: 875/2000[22:25:56] SMILES Parse Error: extra close parentheses while parsing: CCC1=C(C2=NC1=CC3=C(C4=C(N3)C(=C5[C@H]([C@@H](C(=CC6=NC(=C2)C(=C6C)C=C)N5)C)CCC(=O)O)C4=N3)O)C)C
[22:25:56] SMILES Parse Error: Failed parsing SMILES 'CCC1=C(C2=NC1=CC3=C(C4=C(N3)C(=C5[C@H]([C@@H](C(=CC6=NC(=C2)C(=C6C)C=C)N5)C)CCC(=O)O)C4=N3)O)C)C' for input: 'CCC1=C(C2=NC1=CC3=C(C4=C(N3)C(=C5[C@H]([C@@H](C(=CC6=NC(=C2)C(=C6C)C=C)N5)C)CCC(=O)O)C4=N3)O)C)C'

Progress: 876/2000[22:25:58] SMILES Parse Error: extra close parentheses while parsing: C1C=CN(C=C1C(=O)N)[C@H]2[C@@H]([C@@H]([C@H](O2)COP(=O)([O-])OP(=O)([O-])OC[C@@H]3[C@H]([C@H]([C@@H](O3)N4C=NC5=C(N=CN=C54)N)O)O)O)O)O
[22:25:58] SMILES Parse Error: Failed parsing SMILES 'C1C=CN(C=C1C(=O)N)[C@H]2[C@@H]([C@@H]([C@H](O2)COP(=O)([O-])OP(=O)([O-])OC[C@@H]3[C@H]([C@H]([C@@H](O3)N4C=NC5=C(N=CN=C54)N)O)O)O)O)O' for input: 'C1C=CN(C=C1C(=O)N)[C@H]2[C@@H]([C@@H]([C@H](O2)COP(=O)([O-])OP(=O)([O-])OC[C@@H]3[C@H]([C@H]([C@@H](O3)N4C=NC5=C(N=CN=C54)N)O)O)O)O)O'

Progress: 877/2000
Progress: 878/2000
Progress: 879/2000[22:26:03] SMILES Parse Error: extra close parentheses while parsing: C1C=CN(C=C1C(=O)N)[C@H]2[C@@H]([C@@H]([C@H](O2)COP(=O)(O)OP(=O)(O)OC[C@@H]3[C@H]([C@H]([C@@H](O3)N4C=NC5=C(N=CN=C54)N)O)O)O)O)N
[22:26:03] SMILES Parse Error: Failed parsing SMILES 'C1C=CN(C=C1C(=O)N)[C@H]2[C@@H]([C@@H]([C@H](O2)COP(=O)(O)OP(=O)(O)OC[C@@H]3[C@H]([C@H]([C@@H](O3)N4C=NC5=C(N=CN=C54)N)O)O)O)O)N' for input: 'C1C=CN(C=C1C(=O)N)[C@H]2[C@@H]([C@@H]([C@H](O2)COP(=O)(O)OP(=O)(O)OC[C@@H]3[C@H]([C@H]([C@@H](O3)N4C=NC5=C(N=CN=C54)N)O)O)O)O)N'

Progress: 880/2000
Progress: 881/2000
Progress: 882/2000
Progress: 883/2000[22:26:10] SMILES Parse Error: extra close parentheses while parsing: C1=C(C(=O)NC(=O)N1)[C@@H]2[C@H]([C@@H]([C@H](O2)COP(=O)(O)OP(=O)(O)OC[C@@H]3[C@H]([C@H]([C@@H](O3)N4C=NC5=C(N=CN=C54)N)O)O)O)O)O
[22:26:10] SMILES Parse Error: Failed parsing SMILES 'C1=C(C(=O)NC(=O)N1)[C@@H]2[C@H]([C@@H]([C@H](O2)COP(=O)(O)OP(=O)(O)OC[C@@H]3[C@H]([C@H]([C@@H](O3)N4C=NC5=C(N=CN=C54)N)O)O)O)O)O' for input: 'C1=C(C(=O)NC(=O)N1)[C@@H]2[C@H]([C@@H]([C@H](O2)COP(=O)(O)OP(=O)(O)OC[C@@H]3[C@H]([C@H]([C@@H](O3)N4C=NC5=C(N=CN=C54)N)O)O)O)O)O'

Progress: 884/2000
Progress: 885/2000[22:26:13] SMILES Parse Error: extra close parentheses while parsing: C1=C(C(=O)NC(=O)N1)[C@@H]2[C@H]([C@@H]([C@H](O2)COP(=O)([O-])OP(=O)([O-])OC[C@@H]3[C@H]([C@H]([C@@H](O3)N4C=NC5=C4N=C(NC5=O)N)O)O)O)O)N
[22:26:13] SMILES Parse Error: Failed parsing SMILES 'C1=C(C(=O)NC(=O)N1)[C@@H]2[C@H]([C@@H]([C@H](O2)COP(=O)([O-])OP(=O)([O-])OC[C@@H]3[C@H]([C@H]([C@@H](O3)N4C=NC5=C4N=C(NC5=O)N)O)O)O)O)N' for input: 'C1=C(C(=O)NC(=O)N1)[C@@H]2[C@H]([C@@H]([C@H](O2)COP(=O)([O-])OP(=O)([O-])OC[C@@H]3[C@H]([C@H]([C@@H](O3)N4C=NC5=C4N=C(NC5=O)N)O)O)O)O)N'

Progress: 886/2000
Progress: 887/2000
Progress: 888/2000
Progress: 889/2000
Progress: 890/2000[22:26:21] SMILES Parse Error: extra close parentheses while parsing: C1=C(C(=O)NC(=O)N1)[C@@H]2[C@H]([C@@H]([C@H](O2)COP(=O)([O-])OP(=O)([O-])OC[C@@H]3[C@H]([C@H]([C@@H](O3)N4C=NC5=C(N=CN=C54)N)O)O)O)O)O.C1=NC2=C(C(=O)NC2=O)C3=CC(=CC3=C(C=C3)O)O
[22:26:21] SMILES Parse Error: Failed parsing SMILES 'C1=C(C(=O)NC(=O)N1)[C@@H]2[C@H]([C@@H]([C@H](O2)COP(=O)([O-])OP(=O)([O-])OC[C@@H]3[C@H]([C@H]([C@@H](O3)N4C=NC5=C(N=CN=C54)N)O)O)O)O)O.C1=NC2=C(C(=O)NC2=O)C3=CC(=CC3=C(C=C3)O)O' for input: 'C1=C(C(=O)NC(=O)N1)[C@@H]2[C@H]([C@@H]([C@H](O2)COP(=O)([O-])OP(=O)([O-])OC[C@@H]3[C@H]([C@H]([C@@H](O3)N4C=NC5=C(N=CN=C54)N)O)O)O)O)O.C1=NC2=C(C(=O)NC2=O)C3=CC(=CC3=C(C=C3)O)O'

Progress: 891/2000
Progress: 892/2000
Progress: 893/2000[22:26:27] SMILES Parse Error: extra close parentheses while parsing: C1C=CN(C=C1C(=O)N)[C@H]2[C@@H]([C@@H]([C@H](O2)COP(=O)([O-])OP(=O)([O-])OC[C@@H]3[C@H]([C@H]([C@@H](O3)N4C=NC5=C(N=CN=C54)N)O)O)O)O)O
[22:26:27] SMILES Parse Error: Failed parsing SMILES 'C1C=CN(C=C1C(=O)N)[C@H]2[C@@H]([C@@H]([C@H](O2)COP(=O)([O-])OP(=O)([O-])OC[C@@H]3[C@H]([C@H]([C@@H](O3)N4C=NC5=C(N=CN=C54)N)O)O)O)O)O' for input: 'C1C=CN(C=C1C(=O)N)[C@H]2[C@@H]([C@@H]([C@H](O2)COP(=O)([O-])OP(=O)([O-])OC[C@@H]3[C@H]([C@H]([C@@H](O3)N4C=NC5=C(N=CN=C54)N)O)O)O)O)O'

Progress: 894/2000[22:26:28] SMILES Parse Error: extra close parentheses while parsing: CCC1=C(C2=NC1=CC3=C(C4=C(N3)C(=C5[C@H]([C@@H](C(=CC6=NC(=C2)C(=C6C)C=C)N5)C)CCC(=O)O)C4=N3)O)C)C
[22:26:28] SMILES Parse Error: Failed parsing SMILES 'CCC1=C(C2=NC1=CC3=C(C4=C(N3)C(=C5[C@H]([C@@H](C(=CC6=NC(=C2)C(=C6C)C=C)N5)C)CCC(=O)O)C4=N3)O)C)C' for input: 'CCC1=C(C2=NC1=CC3=C(C4=C(N3)C(=C5[C@H]([C@@H](C(=CC6=NC(=C2)C(=C6C)C=C)N5)C)CCC(=O)O)C4=N3)O)C)C'

Progress: 895/2000[22:26:30] SMILES Parse Error: extra close parentheses while parsing: C1=C(C(=O)NC(=O)N1)[C@@H]2[C@H]([C@@H]([C@H](O2)COP(=O)([O-])OP(=O)([O-])OC[C@@H]3[C@H]([C@H]([C@@H](O3)N4C=NC5=C(N=CN=C54)N)O)O)O)O)O
[22:26:30] SMILES Parse Error: Failed parsing SMILES 'C1=C(C(=O)NC(=O)N1)[C@@H]2[C@H]([C@@H]([C@H](O2)COP(=O)([O-])OP(=O)([O-])OC[C@@H]3[C@H]([C@H]([C@@H](O3)N4C=NC5=C(N=CN=C54)N)O)O)O)O)O' for input: 'C1=C(C(=O)NC(=O)N1)[C@@H]2[C@H]([C@@H]([C@H](O2)COP(=O)([O-])OP(=O)([O-])OC[C@@H]3[C@H]([C@H]([C@@H](O3)N4C=NC5=C(N=CN=C54)N)O)O)O)O)O'

Progress: 896/2000
Progress: 897/2000[22:26:33] SMILES Parse Error: extra close parentheses while parsing: C1=C(C(=O)NC(=O)N1)[C@H]2[C@@H]([C@@H]([C@H](O2)COP(=O)([O-])OP(=O)([O-])OC[C@@H]3[C@H]([C@H]([C@@H](O3)N4C=NC5=C(N=CN=C54)N)O)O)O)O)N
[22:26:33] SMILES Parse Error: Failed parsing SMILES 'C1=C(C(=O)NC(=O)N1)[C@H]2[C@@H]([C@@H]([C@H](O2)COP(=O)([O-])OP(=O)([O-])OC[C@@H]3[C@H]([C@H]([C@@H](O3)N4C=NC5=C(N=CN=C54)N)O)O)O)O)N' for input: 'C1=C(C(=O)NC(=O)N1)[C@H]2[C@@H]([C@@H]([C@H](O2)COP(=O)([O-])OP(=O)([O-])OC[C@@H]3[C@H]([C@H]([C@@H](O3)N4C=NC5=C(N=CN=C54)N)O)O)O)O)N'

Progress: 898/2000
Progress: 899/2000[22:26:36] SMILES Parse Error: extra close parentheses while parsing: C1[C@@H]([C@H](O[C@H]1N2C=NC3=C2N=C(NC3=O)N)COP(=O)(O)OP(=O)(O)OC[C@@H]4[C@H]([C@H]([C@@H](O4)N5C=NC6=C5N=C(NC6=O)N)O)O)O)O
[22:26:36] SMILES Parse Error: Failed parsing SMILES 'C1[C@@H]([C@H](O[C@H]1N2C=NC3=C2N=C(NC3=O)N)COP(=O)(O)OP(=O)(O)OC[C@@H]4[C@H]([C@H]([C@@H](O4)N5C=NC6=C5N=C(NC6=O)N)O)O)O)O' for input: 'C1[C@@H]([C@H](O[C@H]1N2C=NC3=C2N=C(NC3=O)N)COP(=O)(O)OP(=O)(O)OC[C@@H]4[C@H]([C@H]([C@@H](O4)N5C=NC6=C5N=C(NC6=O)N)O)O)O)O'

Progress: 900/2000
Progress: 901/2000
Progress: 902/2000
Progress: 903/2000[22:26:47] SMILES Parse Error: extra close parentheses while parsing: C1[C@@H]([C@H](O[C@H]1N2C=NC3=C2N=C(NC3=O)N)COP(=O)(O)OP(=O)(O)OC[C@@H]4[C@H]([C@H]([C@@H](O4)N5C=NC6=C(N=CN=C65)N)O)O)O)O
[22:26:47] SMILES Parse Error: Failed parsing SMILES 'C1[C@@H]([C@H](O[C@H]1N2C=NC3=C2N=C(NC3=O)N)COP(=O)(O)OP(=O)(O)OC[C@@H]4[C@H]([C@H]([C@@H](O4)N5C=NC6=C(N=CN=C65)N)O)O)O)O' for input: 'C1[C@@H]([C@H](O[C@H]1N2C=NC3=C2N=C(NC3=O)N)COP(=O)(O)OP(=O)(O)OC[C@@H]4[C@H]([C@H]([C@@H](O4)N5C=NC6=C(N=CN=C65)N)O)O)O)O'

Progress: 904/2000[22:26:52] SMILES Parse Error: extra close parentheses while parsing: C1[C@@H]([C@H]([C@@H](O[C@@]1(C(=O)O)O)[C@@H](CO)O)O)OP(=O)(O)OP(=O)(O)OC[C@@H]2[C@H]([C@H]([C@@H](O2)N3C=NC4=C3N=C(NC4=O)N)O)O)O.C1[C@@H]([C@H]([C@@H](O1)N2C=NC3=C(N=CN=C32)N)O)OP(=O)(O)OC[C@@H]4[C@H]([C@H]([C@@H](O4)N5C=NC6=C5N=C(NC6=O)N)O)OP(=O)(O)OC[C@@H]7[C@H]([C@H]([C@@H](O7)N8C=NC9=C(N=CN=C98)N)O)OP(=O)(O)OC[C@@H]1[C@H]([C@H]([C@@H](O1)N1C=NC2=C1N=C(NC2=O)N)O)O)O
[22:26:52] SMILES Parse Error: Failed parsing SMILES 'C1[C@@H]([C@H]([C@@H](O[C@@]1(C(=O)O)O)[C@@H](CO)O)O)OP(=O)(O)OP(=O)(O)OC[C@@H]2[C@H]([C@H]([C@@H](O2)N3C=NC4=C3N=C(NC4=O)N)O)O)O.C1[C@@H]([C@H]([C@@H](O1)N2C=NC3=C(N=CN=C32)N)O)OP(=O)(O)OC[C@@H]4[C@H]([C@H]([C@@H](O4)N5C=NC6=C5N=C(NC6=O)N)O)OP(=O)(O)OC[C@@H]7[C@H]([C@H]([C@@H](O7)N8C=NC9=C(N=CN=C98)N)O)OP(=O)(O)OC[C@@H]1[C@H]([C@H]([C@@H](O1)N1C=NC2=C1N=C(NC2=O)N)O)O)O' for input: 'C1[C@@H]([C@H]([C@@H](O[C@@]1(C(=O)O)O)[C@@H](CO)O)O)OP(=O)(O)OP(=O)(O)OC[C@@H]2[C@H]([C@H]([C@@H](O2)N3C=NC4=C3N=C(NC4=O)N)O)O)O.C1[C@@H]([C@H]([C@@H](O1)N2C=NC3=C(N=CN=C32)N)O)OP(=O)(O)OC[C@@H]4[C@H]([C@H]([C@@H](O4)N5C=NC6=C5N=C(NC6=O)N)O)OP(=O)(O)OC[C@@H]7[C@H]([C@H]([C@@H](O7)N8C=NC9=C(N=CN=C98)N)O)OP(=O)(O)OC[C@@H]1[C@H]([C@H]([C@@H](O1)N1C=NC2=C1N=C(NC2=O)N)O)O)O'

Progress: 905/2000
Progress: 906/2000
Progress: 907/2000[22:26:57] SMILES Parse Error: extra close parentheses while parsing: C1=C(C(=O)NC(=O)N1[C@H]2[C@@H]([C@@H]([C@H](O2)COP(=O)([O-])OP(=O)([O-])OC[C@@H]3[C@H]([C@H]([C@@H](O3)N4C=NC5=C(N=CN=C54)N)O)O)O)O)O)N
[22:26:57] SMILES Parse Error: Failed parsing SMILES 'C1=C(C(=O)NC(=O)N1[C@H]2[C@@H]([C@@H]([C@H](O2)COP(=O)([O-])OP(=O)([O-])OC[C@@H]3[C@H]([C@H]([C@@H](O3)N4C=NC5=C(N=CN=C54)N)O)O)O)O)O)N' for input: 'C1=C(C(=O)NC(=O)N1[C@H]2[C@@H]([C@@H]([C@H](O2)COP(=O)([O-])OP(=O)([O-])OC[C@@H]3[C@H]([C@H]([C@@H](O3)N4C=NC5=C(N=CN=C54)N)O)O)O)O)O)N'

Progress: 908/2000[22:26:59] SMILES Parse Error: extra close parentheses while parsing: C1C=CN(C(=O)N1)[C@H]2[C@@H]([C@@H]([C@H](O2)COP(=O)([O-])OP(=O)([O-])OC[C@@H]3[C@H]([C@H]([C@@H](O3)N4C=NC5=C(N=CN=C54)N)O)O)O)O)O
[22:26:59] SMILES Parse Error: Failed parsing SMILES 'C1C=CN(C(=O)N1)[C@H]2[C@@H]([C@@H]([C@H](O2)COP(=O)([O-])OP(=O)([O-])OC[C@@H]3[C@H]([C@H]([C@@H](O3)N4C=NC5=C(N=CN=C54)N)O)O)O)O)O' for input: 'C1C=CN(C(=O)N1)[C@H]2[C@@H]([C@@H]([C@H](O2)COP(=O)([O-])OP(=O)([O-])OC[C@@H]3[C@H]([C@H]([C@@H](O3)N4C=NC5=C(N=CN=C54)N)O)O)O)O)O'

Progress: 909/2000[22:27:00] SMILES Parse Error: extra close parentheses while parsing: C1C=CN(C=C1C(=O)N)[C@H]2[C@@H]([C@@H]([C@H](O2)COP(=O)([O-])OP(=O)([O-])OC[C@@H]3[C@H]([C@H]([C@@H](O3)N4C=NC5=C(N=CN=C54)N)O)O)O)O)O
[22:27:00] SMILES Parse Error: Failed parsing SMILES 'C1C=CN(C=C1C(=O)N)[C@H]2[C@@H]([C@@H]([C@H](O2)COP(=O)([O-])OP(=O)([O-])OC[C@@H]3[C@H]([C@H]([C@@H](O3)N4C=NC5=C(N=CN=C54)N)O)O)O)O)O' for input: 'C1C=CN(C=C1C(=O)N)[C@H]2[C@@H]([C@@H]([C@H](O2)COP(=O)([O-])OP(=O)([O-])OC[C@@H]3[C@H]([C@H]([C@@H](O3)N4C=NC5=C(N=CN=C54)N)O)O)O)O)O'

Progress: 910/2000
Progress: 911/2000[22:27:05] SMILES Parse Error: extra close parentheses while parsing: C1C=CN(C=C1C(=O)N)[C@H]2[C@@H]([C@@H]([C@H](O2)COP(=O)(O)OP(=O)(O)OC[C@@H]3[C@H]([C@H]([C@@H](O3)N4C=NC5=C(N=CN=C54)N)O)O)O)O)N
[22:27:05] SMILES Parse Error: Failed parsing SMILES 'C1C=CN(C=C1C(=O)N)[C@H]2[C@@H]([C@@H]([C@H](O2)COP(=O)(O)OP(=O)(O)OC[C@@H]3[C@H]([C@H]([C@@H](O3)N4C=NC5=C(N=CN=C54)N)O)O)O)O)N' for input: 'C1C=CN(C=C1C(=O)N)[C@H]2[C@@H]([C@@H]([C@H](O2)COP(=O)(O)OP(=O)(O)OC[C@@H]3[C@H]([C@H]([C@@H](O3)N4C=NC5=C(N=CN=C54)N)O)O)O)O)N'

Progress: 912/2000[22:27:07] SMILES Parse Error: extra close parentheses while parsing: C1=C(C(=O)NC(=O)N1)[C@H]2[C@@H]([C@@H]([C@H](O2)COP(=O)(O)OP(=O)(O)OC[C@@H]3[C@H]([C@H]([C@@H](O3)N4C=NC5=C(N=CN=C54)N)O)O)O)O)O
[22:27:07] SMILES Parse Error: Failed parsing SMILES 'C1=C(C(=O)NC(=O)N1)[C@H]2[C@@H]([C@@H]([C@H](O2)COP(=O)(O)OP(=O)(O)OC[C@@H]3[C@H]([C@H]([C@@H](O3)N4C=NC5=C(N=CN=C54)N)O)O)O)O)O' for input: 'C1=C(C(=O)NC(=O)N1)[C@H]2[C@@H]([C@@H]([C@H](O2)COP(=O)(O)OP(=O)(O)OC[C@@H]3[C@H]([C@H]([C@@H](O3)N4C=NC5=C(N=CN=C54)N)O)O)O)O)O'

Progress: 913/2000
Progress: 914/2000
Progress: 915/2000
Progress: 916/2000[22:27:14] SMILES Parse Error: extra close parentheses while parsing: C1[C@@H]([C@H](O[C@H]1N2C=NC3=C2N=C(NC3=O)N)COP(=O)(O)OP(=O)(O)OC[C@@H]4[C@H]([C@H]([C@@H](O4)N5C=NC6=C5N=C(NC6=O)N)O)O)O)O
[22:27:14] SMILES Parse Error: Failed parsing SMILES 'C1[C@@H]([C@H](O[C@H]1N2C=NC3=C2N=C(NC3=O)N)COP(=O)(O)OP(=O)(O)OC[C@@H]4[C@H]([C@H]([C@@H](O4)N5C=NC6=C5N=C(NC6=O)N)O)O)O)O' for input: 'C1[C@@H]([C@H](O[C@H]1N2C=NC3=C2N=C(NC3=O)N)COP(=O)(O)OP(=O)(O)OC[C@@H]4[C@H]([C@H]([C@@H](O4)N5C=NC6=C5N=C(NC6=O)N)O)O)O)O'

Progress: 917/2000[22:27:16] SMILES Parse Error: extra close parentheses while parsing: C1=C(C(=O)NC(=O)N1)[C@@H]2[C@H]([C@@H]([C@H](O2)COP(=O)([O-])OP(=O)([O-])OC[C@@H]3[C@H]([C@H]([C@@H](O3)N4C=NC5=C(N=CN=C54)N)O)O)O)O)O)N
[22:27:16] SMILES Parse Error: Failed parsing SMILES 'C1=C(C(=O)NC(=O)N1)[C@@H]2[C@H]([C@@H]([C@H](O2)COP(=O)([O-])OP(=O)([O-])OC[C@@H]3[C@H]([C@H]([C@@H](O3)N4C=NC5=C(N=CN=C54)N)O)O)O)O)O)N' for input: 'C1=C(C(=O)NC(=O)N1)[C@@H]2[C@H]([C@@H]([C@H](O2)COP(=O)([O-])OP(=O)([O-])OC[C@@H]3[C@H]([C@H]([C@@H](O3)N4C=NC5=C(N=CN=C54)N)O)O)O)O)O)N'

Progress: 918/2000
Progress: 919/2000[22:27:20] SMILES Parse Error: extra open parentheses for input: 'C1=C(C(=C(N1)[C@H]2[C@@H]([C@@H]([C@H](O2)COP(=O)([O-])OP(=O)([O-])OC[C@@H]3[C@H]([C@H]([C@@H](O3)N4C=NC5=C(N=CN=C54)N)O)O)O)O)N'

Progress: 920/2000
Progress: 921/2000
Progress: 922/2000
Progress: 923/2000
Progress: 924/2000[22:27:27] SMILES Parse Error: extra close parentheses while parsing: C1=C(C(=O)NC(=O)N1)[C@@H]2[C@H]([C@@H]([C@H](O2)COP(=O)(O)OP(=O)(O)OC[C@@H]3[C@H]([C@H]([C@@H](O3)N4C=NC5=C(N=CN=C54)N)O)O)O)O)O
[22:27:27] SMILES Parse Error: Failed parsing SMILES 'C1=C(C(=O)NC(=O)N1)[C@@H]2[C@H]([C@@H]([C@H](O2)COP(=O)(O)OP(=O)(O)OC[C@@H]3[C@H]([C@H]([C@@H](O3)N4C=NC5=C(N=CN=C54)N)O)O)O)O)O' for input: 'C1=C(C(=O)NC(=O)N1)[C@@H]2[C@H]([C@@H]([C@H](O2)COP(=O)(O)OP(=O)(O)OC[C@@H]3[C@H]([C@H]([C@@H](O3)N4C=NC5=C(N=CN=C54)N)O)O)O)O)O'

Progress: 925/2000
Progress: 926/2000[22:27:31] SMILES Parse Error: extra close parentheses while parsing: C1C=CN(C=C1C(=O)N)[C@H]2[C@@H]([C@@H]([C@H](O2)COP(=O)([O-])OP(=O)([O-])OC[C@@H]3[C@H]([C@H]([C@@H](O3)N4C=NC5=C(N=CN=C54)N)O)O)O)O)O
[22:27:31] SMILES Parse Error: Failed parsing SMILES 'C1C=CN(C=C1C(=O)N)[C@H]2[C@@H]([C@@H]([C@H](O2)COP(=O)([O-])OP(=O)([O-])OC[C@@H]3[C@H]([C@H]([C@@H](O3)N4C=NC5=C(N=CN=C54)N)O)O)O)O)O' for input: 'C1C=CN(C=C1C(=O)N)[C@H]2[C@@H]([C@@H]([C@H](O2)COP(=O)([O-])OP(=O)([O-])OC[C@@H]3[C@H]([C@H]([C@@H](O3)N4C=NC5=C(N=CN=C54)N)O)O)O)O)O'

Progress: 927/2000
Progress: 928/2000
Progress: 929/2000[22:27:35] SMILES Parse Error: extra close parentheses while parsing: C1=C(C(=O)NC(=O)N1)[C@@H]2[C@H]([C@@H]([C@H](O2)COP(=O)([O-])OP(=O)([O-])OC[C@@H]3[C@H]([C@H]([C@@H](O3)N4C=NC5=C(N=CN=C54)N)O)O)O)O)O)N
[22:27:35] SMILES Parse Error: Failed parsing SMILES 'C1=C(C(=O)NC(=O)N1)[C@@H]2[C@H]([C@@H]([C@H](O2)COP(=O)([O-])OP(=O)([O-])OC[C@@H]3[C@H]([C@H]([C@@H](O3)N4C=NC5=C(N=CN=C54)N)O)O)O)O)O)N' for input: 'C1=C(C(=O)NC(=O)N1)[C@@H]2[C@H]([C@@H]([C@H](O2)COP(=O)([O-])OP(=O)([O-])OC[C@@H]3[C@H]([C@H]([C@@H](O3)N4C=NC5=C(N=CN=C54)N)O)O)O)O)O)N'

Progress: 930/2000
Progress: 931/2000[22:27:39] SMILES Parse Error: extra close parentheses while parsing: C1C=CN(C=C1C(=O)N)[C@H]2[C@@H]([C@@H]([C@H](O2)COP(=O)([O-])OP(=O)([O-])OC[C@@H]3[C@H]([C@H]([C@@H](O3)N4C=NC5=C(N=CN=C54)N)O)O)O)O)O
[22:27:39] SMILES Parse Error: Failed parsing SMILES 'C1C=CN(C=C1C(=O)N)[C@H]2[C@@H]([C@@H]([C@H](O2)COP(=O)([O-])OP(=O)([O-])OC[C@@H]3[C@H]([C@H]([C@@H](O3)N4C=NC5=C(N=CN=C54)N)O)O)O)O)O' for input: 'C1C=CN(C=C1C(=O)N)[C@H]2[C@@H]([C@@H]([C@H](O2)COP(=O)([O-])OP(=O)([O-])OC[C@@H]3[C@H]([C@H]([C@@H](O3)N4C=NC5=C(N=CN=C54)N)O)O)O)O)O'

Progress: 932/2000
Progress: 933/2000[22:27:42] SMILES Parse Error: extra close parentheses while parsing: C1=C(C(=O)NC(=O)N1)[C@H]2[C@@H]([C@@H]([C@H](O2)COP(=O)([O-])OP(=O)([O-])OC[C@@H]3[C@H]([C@H]([C@@H](O3)N4C=NC5=C4N=C(NC5=O)N)O)O)O)O)N
[22:27:42] SMILES Parse Error: Failed parsing SMILES 'C1=C(C(=O)NC(=O)N1)[C@H]2[C@@H]([C@@H]([C@H](O2)COP(=O)([O-])OP(=O)([O-])OC[C@@H]3[C@H]([C@H]([C@@H](O3)N4C=NC5=C4N=C(NC5=O)N)O)O)O)O)N' for input: 'C1=C(C(=O)NC(=O)N1)[C@H]2[C@@H]([C@@H]([C@H](O2)COP(=O)([O-])OP(=O)([O-])OC[C@@H]3[C@H]([C@H]([C@@H](O3)N4C=NC5=C4N=C(NC5=O)N)O)O)O)O)N'

Progress: 934/2000
Progress: 935/2000[22:27:45] SMILES Parse Error: extra close parentheses while parsing: C1=C(C(=O)NC(=O)N1)[C@H]2[C@@H]([C@@H]([C@H](O2)COP(=O)([O-])OP(=O)([O-])OC[C@@H]3[C@H]([C@H]([C@@H](O3)N4C=NC5=C(N=CN=C54)N)O)O)O)O)N
[22:27:45] SMILES Parse Error: Failed parsing SMILES 'C1=C(C(=O)NC(=O)N1)[C@H]2[C@@H]([C@@H]([C@H](O2)COP(=O)([O-])OP(=O)([O-])OC[C@@H]3[C@H]([C@H]([C@@H](O3)N4C=NC5=C(N=CN=C54)N)O)O)O)O)N' for input: 'C1=C(C(=O)NC(=O)N1)[C@H]2[C@@H]([C@@H]([C@H](O2)COP(=O)([O-])OP(=O)([O-])OC[C@@H]3[C@H]([C@H]([C@@H](O3)N4C=NC5=C(N=CN=C54)N)O)O)O)O)N'

Progress: 936/2000
Progress: 937/2000
Progress: 938/2000[22:27:49] SMILES Parse Error: extra close parentheses while parsing: C1=C(C(=O)NC(=O)N1)[C@@H]2[C@H]([C@@H]([C@H](O2)COP(=O)([O-])OP(=O)([O-])OC[C@@H]3[C@H]([C@H]([C@@H](O3)N4C=NC5=C(N=CN=C54)N)O)O)O)O)O
[22:27:49] SMILES Parse Error: Failed parsing SMILES 'C1=C(C(=O)NC(=O)N1)[C@@H]2[C@H]([C@@H]([C@H](O2)COP(=O)([O-])OP(=O)([O-])OC[C@@H]3[C@H]([C@H]([C@@H](O3)N4C=NC5=C(N=CN=C54)N)O)O)O)O)O' for input: 'C1=C(C(=O)NC(=O)N1)[C@@H]2[C@H]([C@@H]([C@H](O2)COP(=O)([O-])OP(=O)([O-])OC[C@@H]3[C@H]([C@H]([C@@H](O3)N4C=NC5=C(N=CN=C54)N)O)O)O)O)O'

Progress: 939/2000[22:27:51] SMILES Parse Error: extra close parentheses while parsing: C1=C(C(=O)NC(=O)N1)[C@@H]2[C@H]([C@@H]([C@H](O2)COP(=O)([O-])OP(=O)([O-])OC[C@@H]3[C@H]([C@H]([C@@H](O3)N4C=NC5=C(N=CN=C54)N)O)O)O)O)O)N
[22:27:51] SMILES Parse Error: Failed parsing SMILES 'C1=C(C(=O)NC(=O)N1)[C@@H]2[C@H]([C@@H]([C@H](O2)COP(=O)([O-])OP(=O)([O-])OC[C@@H]3[C@H]([C@H]([C@@H](O3)N4C=NC5=C(N=CN=C54)N)O)O)O)O)O)N' for input: 'C1=C(C(=O)NC(=O)N1)[C@@H]2[C@H]([C@@H]([C@H](O2)COP(=O)([O-])OP(=O)([O-])OC[C@@H]3[C@H]([C@H]([C@@H](O3)N4C=NC5=C(N=CN=C54)N)O)O)O)O)O)N'

Progress: 940/2000[22:27:53] SMILES Parse Error: extra close parentheses while parsing: C1[C@@H]([C@H](O[C@H]1N2C=NC3=C2N=C(NC3=O)N)COP(=O)(O)OP(=O)(O)OC[C@@H]4[C@H]([C@H]([C@@H](O4)N5C=NC6=C(N=CN=C65)N)O)O)O)O
[22:27:53] SMILES Parse Error: Failed parsing SMILES 'C1[C@@H]([C@H](O[C@H]1N2C=NC3=C2N=C(NC3=O)N)COP(=O)(O)OP(=O)(O)OC[C@@H]4[C@H]([C@H]([C@@H](O4)N5C=NC6=C(N=CN=C65)N)O)O)O)O' for input: 'C1[C@@H]([C@H](O[C@H]1N2C=NC3=C2N=C(NC3=O)N)COP(=O)(O)OP(=O)(O)OC[C@@H]4[C@H]([C@H]([C@@H](O4)N5C=NC6=C(N=CN=C65)N)O)O)O)O'

Progress: 941/2000[22:27:55] SMILES Parse Error: extra close parentheses while parsing: C1=C(C(=O)NC(=O)N1)[C@H]2[C@@H]([C@@H]([C@H](O2)COP(=O)([O-])OP(=O)([O-])OC[C@@H]3[C@H]([C@H]([C@@H](O3)N4C=NC5=C(N=CN=C54)N)O)O)O)O)N
[22:27:55] SMILES Parse Error: Failed parsing SMILES 'C1=C(C(=O)NC(=O)N1)[C@H]2[C@@H]([C@@H]([C@H](O2)COP(=O)([O-])OP(=O)([O-])OC[C@@H]3[C@H]([C@H]([C@@H](O3)N4C=NC5=C(N=CN=C54)N)O)O)O)O)N' for input: 'C1=C(C(=O)NC(=O)N1)[C@H]2[C@@H]([C@@H]([C@H](O2)COP(=O)([O-])OP(=O)([O-])OC[C@@H]3[C@H]([C@H]([C@@H](O3)N4C=NC5=C(N=CN=C54)N)O)O)O)O)N'

Progress: 942/2000
Progress: 943/2000[22:27:58] SMILES Parse Error: extra close parentheses while parsing: C1=C(C(=O)NC(=O)N1)[C@H]2[C@@H]([C@@H]([C@H](O2)COP(=O)([O-])OP(=O)([O-])OC[C@@H]3[C@H]([C@H]([C@@H](O3)N4C=NC5=C(N=CN=C54)N)O)O)O)O)N
[22:27:58] SMILES Parse Error: Failed parsing SMILES 'C1=C(C(=O)NC(=O)N1)[C@H]2[C@@H]([C@@H]([C@H](O2)COP(=O)([O-])OP(=O)([O-])OC[C@@H]3[C@H]([C@H]([C@@H](O3)N4C=NC5=C(N=CN=C54)N)O)O)O)O)N' for input: 'C1=C(C(=O)NC(=O)N1)[C@H]2[C@@H]([C@@H]([C@H](O2)COP(=O)([O-])OP(=O)([O-])OC[C@@H]3[C@H]([C@H]([C@@H](O3)N4C=NC5=C(N=CN=C54)N)O)O)O)O)N'

Progress: 944/2000
Progress: 945/2000[22:28:01] SMILES Parse Error: extra close parentheses while parsing: C1[C@@H]([C@H]([C@@H](O[C@]1(C(=O)O)O)[C@@H](CO)O)O)OP(=O)(O)OP(=O)(O)OC[C@@H]2[C@H]([C@H]([C@@H](O2)N3C=NC4=C3N=C(NC4=O)N)O)O)O.O.O.O
[22:28:01] SMILES Parse Error: Failed parsing SMILES 'C1[C@@H]([C@H]([C@@H](O[C@]1(C(=O)O)O)[C@@H](CO)O)O)OP(=O)(O)OP(=O)(O)OC[C@@H]2[C@H]([C@H]([C@@H](O2)N3C=NC4=C3N=C(NC4=O)N)O)O)O.O.O.O' for input: 'C1[C@@H]([C@H]([C@@H](O[C@]1(C(=O)O)O)[C@@H](CO)O)O)OP(=O)(O)OP(=O)(O)OC[C@@H]2[C@H]([C@H]([C@@H](O2)N3C=NC4=C3N=C(NC4=O)N)O)O)O.O.O.O'

Progress: 946/2000
Progress: 947/2000
Progress: 948/2000
Progress: 949/2000[22:28:09] SMILES Parse Error: extra close parentheses while parsing: C1C=CN(C=C1C(=O)N)[C@H]2[C@@H]([C@@H]([C@H](O2)COP(=O)([O-])OP(=O)([O-])OC[C@@H]3[C@H]([C@H]([C@@H](O3)N4C=NC5=C(N=CN=C54)N)O)O)O)O)O
[22:28:09] SMILES Parse Error: Failed parsing SMILES 'C1C=CN(C=C1C(=O)N)[C@H]2[C@@H]([C@@H]([C@H](O2)COP(=O)([O-])OP(=O)([O-])OC[C@@H]3[C@H]([C@H]([C@@H](O3)N4C=NC5=C(N=CN=C54)N)O)O)O)O)O' for input: 'C1C=CN(C=C1C(=O)N)[C@H]2[C@@H]([C@@H]([C@H](O2)COP(=O)([O-])OP(=O)([O-])OC[C@@H]3[C@H]([C@H]([C@@H](O3)N4C=NC5=C(N=CN=C54)N)O)O)O)O)O'

Progress: 950/2000
Progress: 951/2000
Progress: 952/2000[22:28:14] SMILES Parse Error: extra open parentheses for input: 'C1C=CN(C=C1C(=O)N)[C@@H]2[C@@H]([C@H]([C@@H]([C@H](O2)COP(=O)([O-])OP(=O)([O-])OC[C@@H]3[C@H]([C@H]([C@@H](O3)N4C=NC5=C(N=CN=C54)N)O)O)O)O'

Progress: 953/2000[22:28:16] SMILES Parse Error: extra close parentheses while parsing: C1=C(C(=O)NC(=O)N1)[C@H]2[C@@H]([C@@H]([C@H](O2)COP(=O)([O-])OP(=O)([O-])OC[C@@H]3[C@H]([C@H]([C@@H](O3)N4C=NC5=C(N=CN=C54)N)O)O)O)O)O
[22:28:16] SMILES Parse Error: Failed parsing SMILES 'C1=C(C(=O)NC(=O)N1)[C@H]2[C@@H]([C@@H]([C@H](O2)COP(=O)([O-])OP(=O)([O-])OC[C@@H]3[C@H]([C@H]([C@@H](O3)N4C=NC5=C(N=CN=C54)N)O)O)O)O)O' for input: 'C1=C(C(=O)NC(=O)N1)[C@H]2[C@@H]([C@@H]([C@H](O2)COP(=O)([O-])OP(=O)([O-])OC[C@@H]3[C@H]([C@H]([C@@H](O3)N4C=NC5=C(N=CN=C54)N)O)O)O)O)O'

Progress: 954/2000
Progress: 955/2000
Progress: 956/2000
Progress: 957/2000
Progress: 958/2000[22:28:23] SMILES Parse Error: extra close parentheses while parsing: CCC1=C(C2=NC1=CC3=C(C4=C(N3)C(=C5[C@H]([C@@H](C(=CC6=NC(=C2)C(=C6C)C=C)N5)C)CCC(=O)O)C4=N3)O)C)C
[22:28:23] SMILES Parse Error: Failed parsing SMILES 'CCC1=C(C2=NC1=CC3=C(C4=C(N3)C(=C5[C@H]([C@@H](C(=CC6=NC(=C2)C(=C6C)C=C)N5)C)CCC(=O)O)C4=N3)O)C)C' for input: 'CCC1=C(C2=NC1=CC3=C(C4=C(N3)C(=C5[C@H]([C@@H](C(=CC6=NC(=C2)C(=C6C)C=C)N5)C)CCC(=O)O)C4=N3)O)C)C'

Progress: 959/2000[22:28:25] SMILES Parse Error: extra close parentheses while parsing: C1=C(C(=O)NC(=O)N1)[C@H]2[C@@H]([C@@H]([C@H](O2)COP(=O)([O-])OP(=O)([O-])OC[C@@H]3[C@H]([C@H]([C@@H](O3)N4C=NC5=C(N=CN=C54)N)O)O)O)O)O
[22:28:25] SMILES Parse Error: Failed parsing SMILES 'C1=C(C(=O)NC(=O)N1)[C@H]2[C@@H]([C@@H]([C@H](O2)COP(=O)([O-])OP(=O)([O-])OC[C@@H]3[C@H]([C@H]([C@@H](O3)N4C=NC5=C(N=CN=C54)N)O)O)O)O)O' for input: 'C1=C(C(=O)NC(=O)N1)[C@H]2[C@@H]([C@@H]([C@H](O2)COP(=O)([O-])OP(=O)([O-])OC[C@@H]3[C@H]([C@H]([C@@H](O3)N4C=NC5=C(N=CN=C54)N)O)O)O)O)O'

Progress: 960/2000
Progress: 961/2000
Progress: 962/2000
Progress: 963/2000
Progress: 964/2000
Progress: 965/2000[22:28:36] SMILES Parse Error: extra close parentheses while parsing: C1=C(C(=O)NC(=O)N1)[C@@H]2[C@H]([C@@H]([C@H](O2)COP(=O)([O-])OP(=O)([O-])OC[C@@H]3[C@H]([C@H]([C@@H](O3)N4C=NC5=C(N=CN=C54)N)O)O)O)O)O)N
[22:28:36] SMILES Parse Error: Failed parsing SMILES 'C1=C(C(=O)NC(=O)N1)[C@@H]2[C@H]([C@@H]([C@H](O2)COP(=O)([O-])OP(=O)([O-])OC[C@@H]3[C@H]([C@H]([C@@H](O3)N4C=NC5=C(N=CN=C54)N)O)O)O)O)O)N' for input: 'C1=C(C(=O)NC(=O)N1)[C@@H]2[C@H]([C@@H]([C@H](O2)COP(=O)([O-])OP(=O)([O-])OC[C@@H]3[C@H]([C@H]([C@@H](O3)N4C=NC5=C(N=CN=C54)N)O)O)O)O)O)N'

Progress: 966/2000[22:28:38] SMILES Parse Error: extra close parentheses while parsing: C1C=CN(C=C1C(=O)N)[C@H]2[C@@H]([C@@H]([C@H](O2)COP(=O)([O-])OP(=O)([O-])OC[C@@H]3[C@H]([C@H]([C@@H](O3)N4C=NC5=C(N=CN=C54)N)O)O)O)O)O
[22:28:38] SMILES Parse Error: Failed parsing SMILES 'C1C=CN(C=C1C(=O)N)[C@H]2[C@@H]([C@@H]([C@H](O2)COP(=O)([O-])OP(=O)([O-])OC[C@@H]3[C@H]([C@H]([C@@H](O3)N4C=NC5=C(N=CN=C54)N)O)O)O)O)O' for input: 'C1C=CN(C=C1C(=O)N)[C@H]2[C@@H]([C@@H]([C@H](O2)COP(=O)([O-])OP(=O)([O-])OC[C@@H]3[C@H]([C@H]([C@@H](O3)N4C=NC5=C(N=CN=C54)N)O)O)O)O)O'

Progress: 967/2000
Progress: 968/2000[22:28:41] SMILES Parse Error: extra close parentheses while parsing: C1=C(C(=O)NC(=O)N1)[C@H]2[C@@H]([C@@H]([C@H](O2)COP(=O)([O-])OP(=O)([O-])OC[C@@H]3[C@H]([C@H]([C@@H](O3)N4C=NC5=C(N=CN=C54)N)O)O)O)O)N
[22:28:41] SMILES Parse Error: Failed parsing SMILES 'C1=C(C(=O)NC(=O)N1)[C@H]2[C@@H]([C@@H]([C@H](O2)COP(=O)([O-])OP(=O)([O-])OC[C@@H]3[C@H]([C@H]([C@@H](O3)N4C=NC5=C(N=CN=C54)N)O)O)O)O)N' for input: 'C1=C(C(=O)NC(=O)N1)[C@H]2[C@@H]([C@@H]([C@H](O2)COP(=O)([O-])OP(=O)([O-])OC[C@@H]3[C@H]([C@H]([C@@H](O3)N4C=NC5=C(N=CN=C54)N)O)O)O)O)N'

Progress: 969/2000[22:28:43] SMILES Parse Error: extra close parentheses while parsing: C1=C(C(=O)NC(=O)N1)[C@H]2[C@@H]([C@@H]([C@H](O2)COP(=O)([O-])OP(=O)([O-])OC[C@@H]3[C@H]([C@H]([C@@H](O3)N4C=NC5=C(N=CN=C54)N)O)O)O)O)O
[22:28:43] SMILES Parse Error: Failed parsing SMILES 'C1=C(C(=O)NC(=O)N1)[C@H]2[C@@H]([C@@H]([C@H](O2)COP(=O)([O-])OP(=O)([O-])OC[C@@H]3[C@H]([C@H]([C@@H](O3)N4C=NC5=C(N=CN=C54)N)O)O)O)O)O' for input: 'C1=C(C(=O)NC(=O)N1)[C@H]2[C@@H]([C@@H]([C@H](O2)COP(=O)([O-])OP(=O)([O-])OC[C@@H]3[C@H]([C@H]([C@@H](O3)N4C=NC5=C(N=CN=C54)N)O)O)O)O)O'

Progress: 970/2000[22:28:45] SMILES Parse Error: extra close parentheses while parsing: C1[C@@H]([C@H](O[C@H]1N2C=NC3=C2N=C(NC3=O)N)COP(=O)(O)OP(=O)(O)OC[C@@H]4[C@H]([C@H]([C@@H](O4)N5C=NC6=C(N=CN=C65)N)O)O)O)O
[22:28:45] SMILES Parse Error: Failed parsing SMILES 'C1[C@@H]([C@H](O[C@H]1N2C=NC3=C2N=C(NC3=O)N)COP(=O)(O)OP(=O)(O)OC[C@@H]4[C@H]([C@H]([C@@H](O4)N5C=NC6=C(N=CN=C65)N)O)O)O)O' for input: 'C1[C@@H]([C@H](O[C@H]1N2C=NC3=C2N=C(NC3=O)N)COP(=O)(O)OP(=O)(O)OC[C@@H]4[C@H]([C@H]([C@@H](O4)N5C=NC6=C(N=CN=C65)N)O)O)O)O'

Progress: 971/2000[22:28:47] SMILES Parse Error: extra open parentheses for input: 'CC1=C(C(=O)C2=NC3=C(N=C(NC3=O)[O-])N(C2=C1)C[C@@H]([C@@H]([C@@H](COP(=O)([O-])[O-])O)O)O'

Progress: 972/2000[22:28:48] SMILES Parse Error: extra open parentheses for input: 'CC1=C(C(=O)C2=NC3=C(N=C(NC3=O)[O-])N(C2=C1)C[C@@H]([C@@H]([C@@H](COP(=O)([O-])[O-])O)O)O'

Progress: 973/2000[22:28:50] SMILES Parse Error: extra close parentheses while parsing: C1[C@@H]([C@H](O[C@H]1N2C=NC3=C2N=C(NC3=O)N)COP(=O)(O)OP(=O)(O)OC[C@@H]4[C@H]([C@H]([C@@H](O4)N5C=NC6=C5N=C(NC6=O)N)O)O)O)O
[22:28:50] SMILES Parse Error: Failed parsing SMILES 'C1[C@@H]([C@H](O[C@H]1N2C=NC3=C2N=C(NC3=O)N)COP(=O)(O)OP(=O)(O)OC[C@@H]4[C@H]([C@H]([C@@H](O4)N5C=NC6=C5N=C(NC6=O)N)O)O)O)O' for input: 'C1[C@@H]([C@H](O[C@H]1N2C=NC3=C2N=C(NC3=O)N)COP(=O)(O)OP(=O)(O)OC[C@@H]4[C@H]([C@H]([C@@H](O4)N5C=NC6=C5N=C(NC6=O)N)O)O)O)O'

Progress: 974/2000[22:28:52] SMILES Parse Error: extra close parentheses while parsing: C1[C@@H]([C@H](O[C@H]1N2C=NC3=C2N=C(NC3=O)N)COP(=O)(O)OP(=O)(O)OC[C@@H]4[C@H]([C@H]([C@@H](O4)N5C=NC6=C5N=C(NC6=O)N)O)O)O)O
[22:28:52] SMILES Parse Error: Failed parsing SMILES 'C1[C@@H]([C@H](O[C@H]1N2C=NC3=C2N=C(NC3=O)N)COP(=O)(O)OP(=O)(O)OC[C@@H]4[C@H]([C@H]([C@@H](O4)N5C=NC6=C5N=C(NC6=O)N)O)O)O)O' for input: 'C1[C@@H]([C@H](O[C@H]1N2C=NC3=C2N=C(NC3=O)N)COP(=O)(O)OP(=O)(O)OC[C@@H]4[C@H]([C@H]([C@@H](O4)N5C=NC6=C5N=C(NC6=O)N)O)O)O)O'

Progress: 975/2000[22:28:54] SMILES Parse Error: extra close parentheses while parsing: C1=C(C(=O)NC(=O)N1)[C@H]2[C@@H]([C@@H]([C@H](O2)COP(=O)([O-])OP(=O)([O-])OC[C@@H]3[C@H]([C@H]([C@@H](O3)N4C=NC5=C(N=CN=C54)N)O)O)O)O)N
[22:28:54] SMILES Parse Error: Failed parsing SMILES 'C1=C(C(=O)NC(=O)N1)[C@H]2[C@@H]([C@@H]([C@H](O2)COP(=O)([O-])OP(=O)([O-])OC[C@@H]3[C@H]([C@H]([C@@H](O3)N4C=NC5=C(N=CN=C54)N)O)O)O)O)N' for input: 'C1=C(C(=O)NC(=O)N1)[C@H]2[C@@H]([C@@H]([C@H](O2)COP(=O)([O-])OP(=O)([O-])OC[C@@H]3[C@H]([C@H]([C@@H](O3)N4C=NC5=C(N=CN=C54)N)O)O)O)O)N'

Progress: 976/2000
Progress: 977/2000[22:28:58] SMILES Parse Error: extra close parentheses while parsing: C[C@@H](C(=O)N[C@@H](CCC(=O)N[C@@H](CCC(=O)N[C@@H](CCC(=O)[O-])C(=O)[O-])C(=O)[O-])C(=O)[O-])OP(=O)([O-])OC[C@@H]1[C@H]([C@H]([C@@H](O1)N2C=NC3=C(N=CN=C32)N)O)OP(=O)([O-])[O-])O)O
[22:28:58] SMILES Parse Error: Failed parsing SMILES 'C[C@@H](C(=O)N[C@@H](CCC(=O)N[C@@H](CCC(=O)N[C@@H](CCC(=O)[O-])C(=O)[O-])C(=O)[O-])C(=O)[O-])OP(=O)([O-])OC[C@@H]1[C@H]([C@H]([C@@H](O1)N2C=NC3=C(N=CN=C32)N)O)OP(=O)([O-])[O-])O)O' for input: 'C[C@@H](C(=O)N[C@@H](CCC(=O)N[C@@H](CCC(=O)N[C@@H](CCC(=O)[O-])C(=O)[O-])C(=O)[O-])C(=O)[O-])OP(=O)([O-])OC[C@@H]1[C@H]([C@H]([C@@H](O1)N2C=NC3=C(N=CN=C32)N)O)OP(=O)([O-])[O-])O)O'

Progress: 978/2000[22:29:00] SMILES Parse Error: extra close parentheses while parsing: C1=C(C(=O)NC(=O)N1)[C@@H]2[C@H]([C@@H]([C@H](O2)COP(=O)(O)OP(=O)(O)OC[C@@H]3[C@H]([C@H]([C@@H](O3)N4C=NC5=C(N=CN=C54)N)O)O)O)O)O
[22:29:00] SMILES Parse Error: Failed parsing SMILES 'C1=C(C(=O)NC(=O)N1)[C@@H]2[C@H]([C@@H]([C@H](O2)COP(=O)(O)OP(=O)(O)OC[C@@H]3[C@H]([C@H]([C@@H](O3)N4C=NC5=C(N=CN=C54)N)O)O)O)O)O' for input: 'C1=C(C(=O)NC(=O)N1)[C@@H]2[C@H]([C@@H]([C@H](O2)COP(=O)(O)OP(=O)(O)OC[C@@H]3[C@H]([C@H]([C@@H](O3)N4C=NC5=C(N=CN=C54)N)O)O)O)O)O'

Progress: 979/2000[22:29:02] SMILES Parse Error: extra close parentheses while parsing: C1[C@@H]([C@H](O[C@H]1N2C=NC3=C2N=C(NC3=O)N)COP(=O)(O)OP(=O)(O)OC[C@@H]4[C@H]([C@H]([C@@H](O4)N5C=NC6=C(N=CN=C65)N)O)O)O)O
[22:29:02] SMILES Parse Error: Failed parsing SMILES 'C1[C@@H]([C@H](O[C@H]1N2C=NC3=C2N=C(NC3=O)N)COP(=O)(O)OP(=O)(O)OC[C@@H]4[C@H]([C@H]([C@@H](O4)N5C=NC6=C(N=CN=C65)N)O)O)O)O' for input: 'C1[C@@H]([C@H](O[C@H]1N2C=NC3=C2N=C(NC3=O)N)COP(=O)(O)OP(=O)(O)OC[C@@H]4[C@H]([C@H]([C@@H](O4)N5C=NC6=C(N=CN=C65)N)O)O)O)O'

Progress: 980/2000[22:29:04] SMILES Parse Error: extra close parentheses while parsing: C1=C(C(=O)NC(=O)N1)[C@H]2[C@@H]([C@@H]([C@H](O2)COP(=O)([O-])OP(=O)([O-])OC[C@@H]3[C@H]([C@H]([C@@H](O3)N4C=NC5=C(N=CN=C54)N)O)O)O)O)O
[22:29:04] SMILES Parse Error: Failed parsing SMILES 'C1=C(C(=O)NC(=O)N1)[C@H]2[C@@H]([C@@H]([C@H](O2)COP(=O)([O-])OP(=O)([O-])OC[C@@H]3[C@H]([C@H]([C@@H](O3)N4C=NC5=C(N=CN=C54)N)O)O)O)O)O' for input: 'C1=C(C(=O)NC(=O)N1)[C@H]2[C@@H]([C@@H]([C@H](O2)COP(=O)([O-])OP(=O)([O-])OC[C@@H]3[C@H]([C@H]([C@@H](O3)N4C=NC5=C(N=CN=C54)N)O)O)O)O)O'

Progress: 981/2000
Progress: 982/2000[22:29:07] SMILES Parse Error: extra close parentheses while parsing: C1[C@@H]([C@H](O[C@H]1N2C=NC3=C2N=C(NC3=O)N)COP(=O)(O)OP(=O)(O)OC[C@@H]4[C@H]([C@H]([C@@H](O4)N5C=NC6=C5N=C(NC6=O)N)O)O)O)O
[22:29:07] SMILES Parse Error: Failed parsing SMILES 'C1[C@@H]([C@H](O[C@H]1N2C=NC3=C2N=C(NC3=O)N)COP(=O)(O)OP(=O)(O)OC[C@@H]4[C@H]([C@H]([C@@H](O4)N5C=NC6=C5N=C(NC6=O)N)O)O)O)O' for input: 'C1[C@@H]([C@H](O[C@H]1N2C=NC3=C2N=C(NC3=O)N)COP(=O)(O)OP(=O)(O)OC[C@@H]4[C@H]([C@H]([C@@H](O4)N5C=NC6=C5N=C(NC6=O)N)O)O)O)O'

Progress: 983/2000
Progress: 984/2000
Progress: 985/2000[22:29:12] SMILES Parse Error: extra close parentheses while parsing: C1=C(C(=O)NC(=O)N1)[C@@H]2[C@H]([C@@H]([C@H](O2)COP(=O)([O-])OP(=O)([O-])OC[C@@H]3[C@H]([C@H]([C@@H](O3)N4C=NC5=C(N=CN=C54)N)O)O)O)O)O
[22:29:12] SMILES Parse Error: Failed parsing SMILES 'C1=C(C(=O)NC(=O)N1)[C@@H]2[C@H]([C@@H]([C@H](O2)COP(=O)([O-])OP(=O)([O-])OC[C@@H]3[C@H]([C@H]([C@@H](O3)N4C=NC5=C(N=CN=C54)N)O)O)O)O)O' for input: 'C1=C(C(=O)NC(=O)N1)[C@@H]2[C@H]([C@@H]([C@H](O2)COP(=O)([O-])OP(=O)([O-])OC[C@@H]3[C@H]([C@H]([C@@H](O3)N4C=NC5=C(N=CN=C54)N)O)O)O)O)O'

Progress: 986/2000[22:29:14] SMILES Parse Error: extra close parentheses while parsing: C1=C(C(=O)NC(=O)N1)[C@H]2[C@@H]([C@@H]([C@H](O2)COP(=O)([O-])OP(=O)([O-])OC[C@@H]3[C@H]([C@H]([C@@H](O3)N4C=NC5=C(N=CN=C54)N)O)O)O)O)N
[22:29:14] SMILES Parse Error: Failed parsing SMILES 'C1=C(C(=O)NC(=O)N1)[C@H]2[C@@H]([C@@H]([C@H](O2)COP(=O)([O-])OP(=O)([O-])OC[C@@H]3[C@H]([C@H]([C@@H](O3)N4C=NC5=C(N=CN=C54)N)O)O)O)O)N' for input: 'C1=C(C(=O)NC(=O)N1)[C@H]2[C@@H]([C@@H]([C@H](O2)COP(=O)([O-])OP(=O)([O-])OC[C@@H]3[C@H]([C@H]([C@@H](O3)N4C=NC5=C(N=CN=C54)N)O)O)O)O)N'

Progress: 987/2000
Progress: 988/2000[22:29:17] SMILES Parse Error: extra close parentheses while parsing: C1[C@@H]([C@H](O[C@H]1N2C=NC3=C2N=C(NC3=O)N)COP(=O)(O)OP(=O)(O)OC[C@@H]4[C@H]([C@H]([C@@H](O4)N5C=NC6=C5N=C(NC6=O)N)O)O)O)O
[22:29:17] SMILES Parse Error: Failed parsing SMILES 'C1[C@@H]([C@H](O[C@H]1N2C=NC3=C2N=C(NC3=O)N)COP(=O)(O)OP(=O)(O)OC[C@@H]4[C@H]([C@H]([C@@H](O4)N5C=NC6=C5N=C(NC6=O)N)O)O)O)O' for input: 'C1[C@@H]([C@H](O[C@H]1N2C=NC3=C2N=C(NC3=O)N)COP(=O)(O)OP(=O)(O)OC[C@@H]4[C@H]([C@H]([C@@H](O4)N5C=NC6=C5N=C(NC6=O)N)O)O)O)O'

Progress: 989/2000[22:29:19] SMILES Parse Error: extra close parentheses while parsing: C1C=CN(C=C1C(=O)N)[C@H]2[C@@H]([C@@H]([C@H](O2)COP(=O)(O)OP(=O)(O)OC[C@@H]3[C@H]([C@H]([C@@H](O3)N4C=NC5=C(N=CN=C54)N)O)O)O)O)N
[22:29:19] SMILES Parse Error: Failed parsing SMILES 'C1C=CN(C=C1C(=O)N)[C@H]2[C@@H]([C@@H]([C@H](O2)COP(=O)(O)OP(=O)(O)OC[C@@H]3[C@H]([C@H]([C@@H](O3)N4C=NC5=C(N=CN=C54)N)O)O)O)O)N' for input: 'C1C=CN(C=C1C(=O)N)[C@H]2[C@@H]([C@@H]([C@H](O2)COP(=O)(O)OP(=O)(O)OC[C@@H]3[C@H]([C@H]([C@@H](O3)N4C=NC5=C(N=CN=C54)N)O)O)O)O)N'

Progress: 990/2000
Progress: 991/2000
Progress: 992/2000[22:29:25] SMILES Parse Error: extra close parentheses while parsing: C1C=CN(C=C1C(=O)N)[C@H]2[C@@H]([C@@H]([C@H](O2)COP(=O)([O-])OP(=O)([O-])OC[C@@H]3[C@H]([C@H]([C@@H](O3)N4C=NC5=C(N=CN=C54)N)O)O)O)O)O
[22:29:25] SMILES Parse Error: Failed parsing SMILES 'C1C=CN(C=C1C(=O)N)[C@H]2[C@@H]([C@@H]([C@H](O2)COP(=O)([O-])OP(=O)([O-])OC[C@@H]3[C@H]([C@H]([C@@H](O3)N4C=NC5=C(N=CN=C54)N)O)O)O)O)O' for input: 'C1C=CN(C=C1C(=O)N)[C@H]2[C@@H]([C@@H]([C@H](O2)COP(=O)([O-])OP(=O)([O-])OC[C@@H]3[C@H]([C@H]([C@@H](O3)N4C=NC5=C(N=CN=C54)N)O)O)O)O)O'

Progress: 993/2000[22:29:27] SMILES Parse Error: extra close parentheses while parsing: C1=C(C(=O)NC(=O)N1)[C@@H]2[C@H]([C@@H]([C@H](O2)COP(=O)([O-])OP(=O)([O-])OC[C@@H]3[C@H]([C@H]([C@@H](O3)N4C=NC5=C(N=CN=C54)N)O)O)O)O)O)N
[22:29:27] SMILES Parse Error: Failed parsing SMILES 'C1=C(C(=O)NC(=O)N1)[C@@H]2[C@H]([C@@H]([C@H](O2)COP(=O)([O-])OP(=O)([O-])OC[C@@H]3[C@H]([C@H]([C@@H](O3)N4C=NC5=C(N=CN=C54)N)O)O)O)O)O)N' for input: 'C1=C(C(=O)NC(=O)N1)[C@@H]2[C@H]([C@@H]([C@H](O2)COP(=O)([O-])OP(=O)([O-])OC[C@@H]3[C@H]([C@H]([C@@H](O3)N4C=NC5=C(N=CN=C54)N)O)O)O)O)O)N'

Progress: 994/2000[22:29:29] SMILES Parse Error: extra close parentheses while parsing: C1=C(C(=O)NC(=O)N1)[C@H]2[C@@H]([C@@H]([C@H](O2)COP(=O)([O-])OP(=O)([O-])OC[C@@H]3[C@H]([C@H]([C@@H](O3)N4C=NC5=C(N=CN=C54)N)O)O)O)O)N
[22:29:29] SMILES Parse Error: Failed parsing SMILES 'C1=C(C(=O)NC(=O)N1)[C@H]2[C@@H]([C@@H]([C@H](O2)COP(=O)([O-])OP(=O)([O-])OC[C@@H]3[C@H]([C@H]([C@@H](O3)N4C=NC5=C(N=CN=C54)N)O)O)O)O)N' for input: 'C1=C(C(=O)NC(=O)N1)[C@H]2[C@@H]([C@@H]([C@H](O2)COP(=O)([O-])OP(=O)([O-])OC[C@@H]3[C@H]([C@H]([C@@H](O3)N4C=NC5=C(N=CN=C54)N)O)O)O)O)N'

Progress: 995/2000[22:29:31] SMILES Parse Error: extra close parentheses while parsing: C1=C(C(=O)NC(=O)N1)[C@H]2[C@@H]([C@@H]([C@H](O2)COP(=O)([O-])OP(=O)([O-])OC[C@@H]3[C@H]([C@H]([C@@H](O3)N4C=NC5=C(N=CN=C54)N)O)O)O)O)N
[22:29:31] SMILES Parse Error: Failed parsing SMILES 'C1=C(C(=O)NC(=O)N1)[C@H]2[C@@H]([C@@H]([C@H](O2)COP(=O)([O-])OP(=O)([O-])OC[C@@H]3[C@H]([C@H]([C@@H](O3)N4C=NC5=C(N=CN=C54)N)O)O)O)O)N' for input: 'C1=C(C(=O)NC(=O)N1)[C@H]2[C@@H]([C@@H]([C@H](O2)COP(=O)([O-])OP(=O)([O-])OC[C@@H]3[C@H]([C@H]([C@@H](O3)N4C=NC5=C(N=CN=C54)N)O)O)O)O)N'

Progress: 996/2000[22:29:33] SMILES Parse Error: extra close parentheses while parsing: C1=C(C(=O)NC(=O)N1)[C@@H]2[C@H]([C@@H]([C@H](O2)COP(=O)([O-])OP(=O)([O-])OC[C@@H]3[C@H]([C@H]([C@@H](O3)N4C=NC5=C(N=CN=C54)N)O)O)O)O)O)N
[22:29:33] SMILES Parse Error: Failed parsing SMILES 'C1=C(C(=O)NC(=O)N1)[C@@H]2[C@H]([C@@H]([C@H](O2)COP(=O)([O-])OP(=O)([O-])OC[C@@H]3[C@H]([C@H]([C@@H](O3)N4C=NC5=C(N=CN=C54)N)O)O)O)O)O)N' for input: 'C1=C(C(=O)NC(=O)N1)[C@@H]2[C@H]([C@@H]([C@H](O2)COP(=O)([O-])OP(=O)([O-])OC[C@@H]3[C@H]([C@H]([C@@H](O3)N4C=NC5=C(N=CN=C54)N)O)O)O)O)O)N'

Progress: 997/2000
Progress: 998/2000[22:29:36] SMILES Parse Error: extra close parentheses while parsing: C1=C(C(=O)NC(=O)N1)[C@H]2[C@@H]([C@@H]([C@H](O2)COP(=O)([O-])OP(=O)([O-])OC[C@@H]3[C@H]([C@H]([C@@H](O3)N4C=NC5=C(N=CN=C54)N)O)O)O)O)N
[22:29:36] SMILES Parse Error: Failed parsing SMILES 'C1=C(C(=O)NC(=O)N1)[C@H]2[C@@H]([C@@H]([C@H](O2)COP(=O)([O-])OP(=O)([O-])OC[C@@H]3[C@H]([C@H]([C@@H](O3)N4C=NC5=C(N=CN=C54)N)O)O)O)O)N' for input: 'C1=C(C(=O)NC(=O)N1)[C@H]2[C@@H]([C@@H]([C@H](O2)COP(=O)([O-])OP(=O)([O-])OC[C@@H]3[C@H]([C@H]([C@@H](O3)N4C=NC5=C(N=CN=C54)N)O)O)O)O)N'

Progress: 999/2000[22:29:39] SMILES Parse Error: extra close parentheses while parsing: C1=C(C(=O)NC(=O)N1)[C@@H]2[C@H]([C@@H]([C@H](O2)COP(=O)([O-])OP(=O)([O-])OC[C@@H]3[C@H]([C@H]([C@@H](O3)N4C=NC5=C(N=CN=C54)N)O)O)O)O)O)N
[22:29:39] SMILES Parse Error: Failed parsing SMILES 'C1=C(C(=O)NC(=O)N1)[C@@H]2[C@H]([C@@H]([C@H](O2)COP(=O)([O-])OP(=O)([O-])OC[C@@H]3[C@H]([C@H]([C@@H](O3)N4C=NC5=C(N=CN=C54)N)O)O)O)O)O)N' for input: 'C1=C(C(=O)NC(=O)N1)[C@@H]2[C@H]([C@@H]([C@H](O2)COP(=O)([O-])OP(=O)([O-])OC[C@@H]3[C@H]([C@H]([C@@H](O3)N4C=NC5=C(N=CN=C54)N)O)O)O)O)O)N'

Progress: 1000/2000[22:29:41] SMILES Parse Error: extra close parentheses while parsing: C1=C(C(=O)NC(=O)N1)[C@@H]2[C@H]([C@@H]([C@H](O2)COP(=O)([O-])OP(=O)([O-])OC[C@@H]3[C@H]([C@H]([C@@H](O3)N4C=NC5=C(N=CN=C54)N)O)O)O)O)C(=O)N
[22:29:41] SMILES Parse Error: Failed parsing SMILES 'C1=C(C(=O)NC(=O)N1)[C@@H]2[C@H]([C@@H]([C@H](O2)COP(=O)([O-])OP(=O)([O-])OC[C@@H]3[C@H]([C@H]([C@@H](O3)N4C=NC5=C(N=CN=C54)N)O)O)O)O)C(=O)N' for input: 'C1=C(C(=O)NC(=O)N1)[C@@H]2[C@H]([C@@H]([C@H](O2)COP(=O)([O-])OP(=O)([O-])OC[C@@H]3[C@H]([C@H]([C@@H](O3)N4C=NC5=C(N=CN=C54)N)O)O)O)O)C(=O)N'

Progress: 1001/2000
Progress: 1002/2000[22:29:44] SMILES Parse Error: extra close parentheses while parsing: C1=C(C(=O)NC(=O)N1)[C@H]2[C@@H]([C@@H]([C@H](O2)COP(=O)([O-])OP(=O)([O-])OC[C@@H]3[C@H]([C@H]([C@@H](O3)N4C=NC5=C(N=CN=C54)N)O)O)O)O)O
[22:29:44] SMILES Parse Error: Failed parsing SMILES 'C1=C(C(=O)NC(=O)N1)[C@H]2[C@@H]([C@@H]([C@H](O2)COP(=O)([O-])OP(=O)([O-])OC[C@@H]3[C@H]([C@H]([C@@H](O3)N4C=NC5=C(N=CN=C54)N)O)O)O)O)O' for input: 'C1=C(C(=O)NC(=O)N1)[C@H]2[C@@H]([C@@H]([C@H](O2)COP(=O)([O-])OP(=O)([O-])OC[C@@H]3[C@H]([C@H]([C@@H](O3)N4C=NC5=C(N=CN=C54)N)O)O)O)O)O'

Progress: 1003/2000[22:29:46] SMILES Parse Error: extra close parentheses while parsing: C1=C(C(=O)NC(=O)N1)[C@@H]2[C@H]([C@@H]([C@H](O2)COP(=O)([O-])OP(=O)([O-])OC[C@@H]3[C@H]([C@H]([C@@H](O3)N4C=NC5=C(N=CN=C54)N)O)O)O)O)O)N
[22:29:46] SMILES Parse Error: Failed parsing SMILES 'C1=C(C(=O)NC(=O)N1)[C@@H]2[C@H]([C@@H]([C@H](O2)COP(=O)([O-])OP(=O)([O-])OC[C@@H]3[C@H]([C@H]([C@@H](O3)N4C=NC5=C(N=CN=C54)N)O)O)O)O)O)N' for input: 'C1=C(C(=O)NC(=O)N1)[C@@H]2[C@H]([C@@H]([C@H](O2)COP(=O)([O-])OP(=O)([O-])OC[C@@H]3[C@H]([C@H]([C@@H](O3)N4C=NC5=C(N=CN=C54)N)O)O)O)O)O)N'

Progress: 1004/2000
Progress: 1005/2000[22:29:50] SMILES Parse Error: extra close parentheses while parsing: C1=C(C(=O)NC(=O)N1)[C@H]2[C@@H]([C@@H]([C@H](O2)COP(=O)([O-])OP(=O)([O-])OC[C@@H]3[C@H]([C@H]([C@@H](O3)N4C=NC5=C(N=CN=C54)N)O)O)O)O)N
[22:29:50] SMILES Parse Error: Failed parsing SMILES 'C1=C(C(=O)NC(=O)N1)[C@H]2[C@@H]([C@@H]([C@H](O2)COP(=O)([O-])OP(=O)([O-])OC[C@@H]3[C@H]([C@H]([C@@H](O3)N4C=NC5=C(N=CN=C54)N)O)O)O)O)N' for input: 'C1=C(C(=O)NC(=O)N1)[C@H]2[C@@H]([C@@H]([C@H](O2)COP(=O)([O-])OP(=O)([O-])OC[C@@H]3[C@H]([C@H]([C@@H](O3)N4C=NC5=C(N=CN=C54)N)O)O)O)O)N'

Progress: 1006/2000
Progress: 1007/2000[22:29:54] SMILES Parse Error: extra close parentheses while parsing: C1=C(C(=O)NC(=O)N1)[C@@H]2[C@H]([C@@H]([C@H](O2)COP(=O)([O-])OP(=O)([O-])OC[C@@H]3[C@H]([C@H]([C@@H](O3)N4C=NC5=C(N=CN=C54)N)O)O)O)O)O.C1=NC2=C(C(=O)NC2=O)C3=CC=CC=C3O
[22:29:54] SMILES Parse Error: Failed parsing SMILES 'C1=C(C(=O)NC(=O)N1)[C@@H]2[C@H]([C@@H]([C@H](O2)COP(=O)([O-])OP(=O)([O-])OC[C@@H]3[C@H]([C@H]([C@@H](O3)N4C=NC5=C(N=CN=C54)N)O)O)O)O)O.C1=NC2=C(C(=O)NC2=O)C3=CC=CC=C3O' for input: 'C1=C(C(=O)NC(=O)N1)[C@@H]2[C@H]([C@@H]([C@H](O2)COP(=O)([O-])OP(=O)([O-])OC[C@@H]3[C@H]([C@H]([C@@H](O3)N4C=NC5=C(N=CN=C54)N)O)O)O)O)O.C1=NC2=C(C(=O)NC2=O)C3=CC=CC=C3O'

Progress: 1008/2000
Progress: 1009/2000[22:29:58] SMILES Parse Error: extra close parentheses while parsing: C1=C(C(=O)NC(=O)N1)[C@@H]2[C@H]([C@@H]([C@H](O2)COP(=O)([O-])OP(=O)([O-])OC[C@@H]3[C@H]([C@H]([C@@H](O3)N4C=NC5=C(N=CN=C54)N)O)O)O)O)O)N
[22:29:58] SMILES Parse Error: Failed parsing SMILES 'C1=C(C(=O)NC(=O)N1)[C@@H]2[C@H]([C@@H]([C@H](O2)COP(=O)([O-])OP(=O)([O-])OC[C@@H]3[C@H]([C@H]([C@@H](O3)N4C=NC5=C(N=CN=C54)N)O)O)O)O)O)N' for input: 'C1=C(C(=O)NC(=O)N1)[C@@H]2[C@H]([C@@H]([C@H](O2)COP(=O)([O-])OP(=O)([O-])OC[C@@H]3[C@H]([C@H]([C@@H](O3)N4C=NC5=C(N=CN=C54)N)O)O)O)O)O)N'

Progress: 1010/2000[22:30:00] SMILES Parse Error: extra close parentheses while parsing: C1=C(C(=O)NC(=O)N1[C@H]2[C@@H]([C@@H]([C@H](O2)COP(=O)([O-])OP(=O)([O-])OC[C@@H]3[C@H]([C@H]([C@@H](O3)N4C=NC5=C(N=CN=C54)N)O)O)O)O)O)N
[22:30:00] SMILES Parse Error: Failed parsing SMILES 'C1=C(C(=O)NC(=O)N1[C@H]2[C@@H]([C@@H]([C@H](O2)COP(=O)([O-])OP(=O)([O-])OC[C@@H]3[C@H]([C@H]([C@@H](O3)N4C=NC5=C(N=CN=C54)N)O)O)O)O)O)N' for input: 'C1=C(C(=O)NC(=O)N1[C@H]2[C@@H]([C@@H]([C@H](O2)COP(=O)([O-])OP(=O)([O-])OC[C@@H]3[C@H]([C@H]([C@@H](O3)N4C=NC5=C(N=CN=C54)N)O)O)O)O)O)N'

Progress: 1011/2000
Progress: 1012/2000
Progress: 1013/2000[22:30:05] SMILES Parse Error: extra close parentheses while parsing: C1=C(C(=O)NC(=O)N1)[C@H]2[C@@H]([C@@H]([C@H](O2)COP(=O)([O-])OP(=O)([O-])OC[C@@H]3[C@H]([C@H]([C@@H](O3)N4C=NC5=C(N=CN=C54)N)O)O)O)O)N
[22:30:05] SMILES Parse Error: Failed parsing SMILES 'C1=C(C(=O)NC(=O)N1)[C@H]2[C@@H]([C@@H]([C@H](O2)COP(=O)([O-])OP(=O)([O-])OC[C@@H]3[C@H]([C@H]([C@@H](O3)N4C=NC5=C(N=CN=C54)N)O)O)O)O)N' for input: 'C1=C(C(=O)NC(=O)N1)[C@H]2[C@@H]([C@@H]([C@H](O2)COP(=O)([O-])OP(=O)([O-])OC[C@@H]3[C@H]([C@H]([C@@H](O3)N4C=NC5=C(N=CN=C54)N)O)O)O)O)N'

Progress: 1014/2000[22:30:07] SMILES Parse Error: extra close parentheses while parsing: C1=C(C(=O)NC(=O)N1)[C@@H]2[C@H]([C@@H]([C@H](O2)COP(=O)([O-])OP(=O)([O-])OC[C@@H]3[C@H]([C@H]([C@@H](O3)N4C=NC5=C(N=CN=C54)N)O)O)O)O)N
[22:30:07] SMILES Parse Error: Failed parsing SMILES 'C1=C(C(=O)NC(=O)N1)[C@@H]2[C@H]([C@@H]([C@H](O2)COP(=O)([O-])OP(=O)([O-])OC[C@@H]3[C@H]([C@H]([C@@H](O3)N4C=NC5=C(N=CN=C54)N)O)O)O)O)N' for input: 'C1=C(C(=O)NC(=O)N1)[C@@H]2[C@H]([C@@H]([C@H](O2)COP(=O)([O-])OP(=O)([O-])OC[C@@H]3[C@H]([C@H]([C@@H](O3)N4C=NC5=C(N=CN=C54)N)O)O)O)O)N'

Progress: 1015/2000
Progress: 1016/2000[22:30:10] SMILES Parse Error: extra close parentheses while parsing: C1=C(C(=O)NC(=O)N1)[C@@H]2[C@H]([C@@H]([C@H](O2)COP(=O)([O-])OP(=O)([O-])OC[C@@H]3[C@H]([C@H]([C@@H](O3)N4C=NC5=C(N=CN=C54)N)O)O)O)O)O
[22:30:10] SMILES Parse Error: Failed parsing SMILES 'C1=C(C(=O)NC(=O)N1)[C@@H]2[C@H]([C@@H]([C@H](O2)COP(=O)([O-])OP(=O)([O-])OC[C@@H]3[C@H]([C@H]([C@@H](O3)N4C=NC5=C(N=CN=C54)N)O)O)O)O)O' for input: 'C1=C(C(=O)NC(=O)N1)[C@@H]2[C@H]([C@@H]([C@H](O2)COP(=O)([O-])OP(=O)([O-])OC[C@@H]3[C@H]([C@H]([C@@H](O3)N4C=NC5=C(N=CN=C54)N)O)O)O)O)O'

Progress: 1017/2000[22:30:11] SMILES Parse Error: extra close parentheses while parsing: C1=C(C(=O)NC(=O)N1)[C@H]2[C@@H]([C@@H]([C@H](O2)COP(=O)([O-])OP(=O)([O-])OC[C@@H]3[C@H]([C@H]([C@@H](O3)N4C=NC5=C(N=CN=C54)N)O)O)O)O)N
[22:30:11] SMILES Parse Error: Failed parsing SMILES 'C1=C(C(=O)NC(=O)N1)[C@H]2[C@@H]([C@@H]([C@H](O2)COP(=O)([O-])OP(=O)([O-])OC[C@@H]3[C@H]([C@H]([C@@H](O3)N4C=NC5=C(N=CN=C54)N)O)O)O)O)N' for input: 'C1=C(C(=O)NC(=O)N1)[C@H]2[C@@H]([C@@H]([C@H](O2)COP(=O)([O-])OP(=O)([O-])OC[C@@H]3[C@H]([C@H]([C@@H](O3)N4C=NC5=C(N=CN=C54)N)O)O)O)O)N'

Progress: 1018/2000[22:30:13] SMILES Parse Error: extra close parentheses while parsing: C1=C(C(=O)NC(=O)N1)[C@H]2[C@@H]([C@@H]([C@H](O2)COP(=O)([O-])OP(=O)([O-])OC[C@@H]3[C@H]([C@H]([C@@H](O3)N4C=NC5=C(N=CN=C54)N)O)O)O)O)N
[22:30:13] SMILES Parse Error: Failed parsing SMILES 'C1=C(C(=O)NC(=O)N1)[C@H]2[C@@H]([C@@H]([C@H](O2)COP(=O)([O-])OP(=O)([O-])OC[C@@H]3[C@H]([C@H]([C@@H](O3)N4C=NC5=C(N=CN=C54)N)O)O)O)O)N' for input: 'C1=C(C(=O)NC(=O)N1)[C@H]2[C@@H]([C@@H]([C@H](O2)COP(=O)([O-])OP(=O)([O-])OC[C@@H]3[C@H]([C@H]([C@@H](O3)N4C=NC5=C(N=CN=C54)N)O)O)O)O)N'

Progress: 1019/2000
Progress: 1020/2000[22:30:17] SMILES Parse Error: extra close parentheses while parsing: C1C=CN(C=C1C(=O)N)[C@H]2[C@@H]([C@@H]([C@H](O2)COP(=O)(O)OP(=O)(O)OC[C@@H]3[C@H]([C@H]([C@@H](O3)N4C=NC5=C(N=CN=C54)N)O)O)O)O)N
[22:30:17] SMILES Parse Error: Failed parsing SMILES 'C1C=CN(C=C1C(=O)N)[C@H]2[C@@H]([C@@H]([C@H](O2)COP(=O)(O)OP(=O)(O)OC[C@@H]3[C@H]([C@H]([C@@H](O3)N4C=NC5=C(N=CN=C54)N)O)O)O)O)N' for input: 'C1C=CN(C=C1C(=O)N)[C@H]2[C@@H]([C@@H]([C@H](O2)COP(=O)(O)OP(=O)(O)OC[C@@H]3[C@H]([C@H]([C@@H](O3)N4C=NC5=C(N=CN=C54)N)O)O)O)O)N'

Progress: 1021/2000[22:30:19] SMILES Parse Error: extra open parentheses for input: 'C1C=CN(C=C1C(=O)N)[C@@H]2[C@@H]([C@H]([C@@H]([C@H](O2)COP(=O)([O-])OP(=O)([O-])OC[C@@H]3[C@H]([C@H]([C@@H](O3)N4C=NC5=C(N=CN=C54)N)O)O)O)O'

Progress: 1022/2000
Progress: 1023/2000
Progress: 1024/2000
Progress: 1025/2000
Progress: 1026/2000
Progress: 1027/2000
Progress: 1028/2000
Progress: 1029/2000
Progress: 1030/2000[22:30:34] SMILES Parse Error: extra close parentheses while parsing: C1=C(C(=O)NC(=O)N1)[C@@H]2[C@H]([C@@H]([C@H](O2)COP(=O)([O-])OP(=O)([O-])OC[C@@H]3[C@H]([C@H]([C@@H](O3)N4C=NC5=C(N=CN=C54)N)O)O)O)O)O)N
[22:30:34] SMILES Parse Error: Failed parsing SMILES 'C1=C(C(=O)NC(=O)N1)[C@@H]2[C@H]([C@@H]([C@H](O2)COP(=O)([O-])OP(=O)([O-])OC[C@@H]3[C@H]([C@H]([C@@H](O3)N4C=NC5=C(N=CN=C54)N)O)O)O)O)O)N' for input: 'C1=C(C(=O)NC(=O)N1)[C@@H]2[C@H]([C@@H]([C@H](O2)COP(=O)([O-])OP(=O)([O-])OC[C@@H]3[C@H]([C@H]([C@@H](O3)N4C=NC5=C(N=CN=C54)N)O)O)O)O)O)N'

Progress: 1031/2000
Progress: 1032/2000
Progress: 1033/2000
Progress: 1034/2000
Progress: 1035/2000
Progress: 1036/2000
Progress: 1037/2000[22:30:47] SMILES Parse Error: extra close parentheses while parsing: C1=C(C(=O)NC(=O)N1)[C@H]2[C@@H]([C@@H]([C@H](O2)COP(=O)([O-])OP(=O)([O-])OC[C@@H]3[C@H]([C@H]([C@@H](O3)N4C=NC5=C(N=CN=C54)N)O)O)O)O)O.C1=NC2=C(C(=O)NC2=O)C3=CC=CC=C3
[22:30:47] SMILES Parse Error: Failed parsing SMILES 'C1=C(C(=O)NC(=O)N1)[C@H]2[C@@H]([C@@H]([C@H](O2)COP(=O)([O-])OP(=O)([O-])OC[C@@H]3[C@H]([C@H]([C@@H](O3)N4C=NC5=C(N=CN=C54)N)O)O)O)O)O.C1=NC2=C(C(=O)NC2=O)C3=CC=CC=C3' for input: 'C1=C(C(=O)NC(=O)N1)[C@H]2[C@@H]([C@@H]([C@H](O2)COP(=O)([O-])OP(=O)([O-])OC[C@@H]3[C@H]([C@H]([C@@H](O3)N4C=NC5=C(N=CN=C54)N)O)O)O)O)O.C1=NC2=C(C(=O)NC2=O)C3=CC=CC=C3'

Progress: 1038/2000[22:30:49] SMILES Parse Error: extra close parentheses while parsing: C1=C(C(=O)NC(=O)N1)[C@@H]2[C@H]([C@@H]([C@H](O2)COP(=O)(O)OP(=O)(O)OC[C@@H]3[C@H]([C@H]([C@@H](O3)N4C=NC5=C(N=CN=C54)N)O)O)O)O)O
[22:30:49] SMILES Parse Error: Failed parsing SMILES 'C1=C(C(=O)NC(=O)N1)[C@@H]2[C@H]([C@@H]([C@H](O2)COP(=O)(O)OP(=O)(O)OC[C@@H]3[C@H]([C@H]([C@@H](O3)N4C=NC5=C(N=CN=C54)N)O)O)O)O)O' for input: 'C1=C(C(=O)NC(=O)N1)[C@@H]2[C@H]([C@@H]([C@H](O2)COP(=O)(O)OP(=O)(O)OC[C@@H]3[C@H]([C@H]([C@@H](O3)N4C=NC5=C(N=CN=C54)N)O)O)O)O)O'

Progress: 1039/2000[22:30:51] SMILES Parse Error: extra close parentheses while parsing: C1[C@@H]([C@H](O[C@H]1N2C=NC3=C2N=C(NC3=O)N)COP(=O)(O)OP(=O)(O)OC[C@@H]4[C@H]([C@H]([C@@H](O4)N5C=NC6=C5N=C(NC6=O)N)O)O)O)O
[22:30:51] SMILES Parse Error: Failed parsing SMILES 'C1[C@@H]([C@H](O[C@H]1N2C=NC3=C2N=C(NC3=O)N)COP(=O)(O)OP(=O)(O)OC[C@@H]4[C@H]([C@H]([C@@H](O4)N5C=NC6=C5N=C(NC6=O)N)O)O)O)O' for input: 'C1[C@@H]([C@H](O[C@H]1N2C=NC3=C2N=C(NC3=O)N)COP(=O)(O)OP(=O)(O)OC[C@@H]4[C@H]([C@H]([C@@H](O4)N5C=NC6=C5N=C(NC6=O)N)O)O)O)O'

Progress: 1040/2000
Progress: 1041/2000[22:30:54] SMILES Parse Error: extra close parentheses while parsing: C1[C@@H]([C@H](O[C@H]1N2C=NC3=C2N=C(NC3=O)N)COP(=O)(O)OP(=O)(O)OC[C@@H]4[C@H]([C@H]([C@@H](O4)N5C=NC6=C5N=C(NC6=O)N)O)O)O)O
[22:30:54] SMILES Parse Error: Failed parsing SMILES 'C1[C@@H]([C@H](O[C@H]1N2C=NC3=C2N=C(NC3=O)N)COP(=O)(O)OP(=O)(O)OC[C@@H]4[C@H]([C@H]([C@@H](O4)N5C=NC6=C5N=C(NC6=O)N)O)O)O)O' for input: 'C1[C@@H]([C@H](O[C@H]1N2C=NC3=C2N=C(NC3=O)N)COP(=O)(O)OP(=O)(O)OC[C@@H]4[C@H]([C@H]([C@@H](O4)N5C=NC6=C5N=C(NC6=O)N)O)O)O)O'

Progress: 1042/2000[22:30:56] SMILES Parse Error: extra close parentheses while parsing: C1=C(C(=O)NC(=O)N1)[C@H]2[C@@H]([C@@H]([C@H](O2)COP(=O)([O-])OP(=O)([O-])OC[C@@H]3[C@H]([C@H]([C@@H](O3)N4C=NC5=C(N=CN=C54)N)O)O)O)O)N
[22:30:56] SMILES Parse Error: Failed parsing SMILES 'C1=C(C(=O)NC(=O)N1)[C@H]2[C@@H]([C@@H]([C@H](O2)COP(=O)([O-])OP(=O)([O-])OC[C@@H]3[C@H]([C@H]([C@@H](O3)N4C=NC5=C(N=CN=C54)N)O)O)O)O)N' for input: 'C1=C(C(=O)NC(=O)N1)[C@H]2[C@@H]([C@@H]([C@H](O2)COP(=O)([O-])OP(=O)([O-])OC[C@@H]3[C@H]([C@H]([C@@H](O3)N4C=NC5=C(N=CN=C54)N)O)O)O)O)N'

Progress: 1043/2000[22:30:58] SMILES Parse Error: extra close parentheses while parsing: C1=C(C(=O)NC(=O)N1)[C@H]2[C@@H]([C@@H]([C@H](O2)COP(=O)([O-])OP(=O)([O-])OC[C@@H]3[C@H]([C@H]([C@@H](O3)N4C=NC5=C(N=CN=C54)N)O)O)O)O)N
[22:30:58] SMILES Parse Error: Failed parsing SMILES 'C1=C(C(=O)NC(=O)N1)[C@H]2[C@@H]([C@@H]([C@H](O2)COP(=O)([O-])OP(=O)([O-])OC[C@@H]3[C@H]([C@H]([C@@H](O3)N4C=NC5=C(N=CN=C54)N)O)O)O)O)N' for input: 'C1=C(C(=O)NC(=O)N1)[C@H]2[C@@H]([C@@H]([C@H](O2)COP(=O)([O-])OP(=O)([O-])OC[C@@H]3[C@H]([C@H]([C@@H](O3)N4C=NC5=C(N=CN=C54)N)O)O)O)O)N'

Progress: 1044/2000
Progress: 1045/2000
Progress: 1046/2000
Progress: 1047/2000
Progress: 1048/2000
Progress: 1049/2000
Progress: 1050/2000
Progress: 1051/2000[22:31:10] SMILES Parse Error: extra close parentheses while parsing: C1=C(C(=O)NC(=O)N1)[C@H]2[C@@H]([C@@H]([C@H](O2)COP(=O)([O-])OP(=O)([O-])OC[C@@H]3[C@H]([C@H]([C@@H](O3)N4C=NC5=C(N=CN=C54)N)O)O)O)O)N
[22:31:10] SMILES Parse Error: Failed parsing SMILES 'C1=C(C(=O)NC(=O)N1)[C@H]2[C@@H]([C@@H]([C@H](O2)COP(=O)([O-])OP(=O)([O-])OC[C@@H]3[C@H]([C@H]([C@@H](O3)N4C=NC5=C(N=CN=C54)N)O)O)O)O)N' for input: 'C1=C(C(=O)NC(=O)N1)[C@H]2[C@@H]([C@@H]([C@H](O2)COP(=O)([O-])OP(=O)([O-])OC[C@@H]3[C@H]([C@H]([C@@H](O3)N4C=NC5=C(N=CN=C54)N)O)O)O)O)N'

Progress: 1052/2000[22:31:12] SMILES Parse Error: extra close parentheses while parsing: C1=C(C(=O)NC(=O)N1[C@H]2[C@@H]([C@@H]([C@H](O2)COP(=O)([O-])OP(=O)([O-])OC[C@@H]3[C@H]([C@H]([C@@H](O3)N4C=NC5=C(N=CN=C54)N)O)O)O)O)O)N
[22:31:12] SMILES Parse Error: Failed parsing SMILES 'C1=C(C(=O)NC(=O)N1[C@H]2[C@@H]([C@@H]([C@H](O2)COP(=O)([O-])OP(=O)([O-])OC[C@@H]3[C@H]([C@H]([C@@H](O3)N4C=NC5=C(N=CN=C54)N)O)O)O)O)O)N' for input: 'C1=C(C(=O)NC(=O)N1[C@H]2[C@@H]([C@@H]([C@H](O2)COP(=O)([O-])OP(=O)([O-])OC[C@@H]3[C@H]([C@H]([C@@H](O3)N4C=NC5=C(N=CN=C54)N)O)O)O)O)O)N'

Progress: 1053/2000
Progress: 1054/2000
Progress: 1055/2000
Progress: 1056/2000[22:31:18] SMILES Parse Error: extra close parentheses while parsing: C1=C(C(=O)NC(=O)N1)[C@H]2[C@@H]([C@@H]([C@H](O2)COP(=O)([O-])OP(=O)([O-])OC[C@@H]3[C@H]([C@H]([C@@H](O3)N4C=NC5=C(N=CN=C54)N)O)O)O)O)O
[22:31:18] SMILES Parse Error: Failed parsing SMILES 'C1=C(C(=O)NC(=O)N1)[C@H]2[C@@H]([C@@H]([C@H](O2)COP(=O)([O-])OP(=O)([O-])OC[C@@H]3[C@H]([C@H]([C@@H](O3)N4C=NC5=C(N=CN=C54)N)O)O)O)O)O' for input: 'C1=C(C(=O)NC(=O)N1)[C@H]2[C@@H]([C@@H]([C@H](O2)COP(=O)([O-])OP(=O)([O-])OC[C@@H]3[C@H]([C@H]([C@@H](O3)N4C=NC5=C(N=CN=C54)N)O)O)O)O)O'

Progress: 1057/2000
Progress: 1058/2000[22:31:21] SMILES Parse Error: extra close parentheses while parsing: C1=C(C(=O)NC(=O)N1)[C@H]2[C@@H]([C@@H]([C@H](O2)COP(=O)([O-])OP(=O)([O-])OC[C@@H]3[C@H]([C@H]([C@@H](O3)N4C=NC5=C(N=CN=C54)N)O)O)O)O)N
[22:31:21] SMILES Parse Error: Failed parsing SMILES 'C1=C(C(=O)NC(=O)N1)[C@H]2[C@@H]([C@@H]([C@H](O2)COP(=O)([O-])OP(=O)([O-])OC[C@@H]3[C@H]([C@H]([C@@H](O3)N4C=NC5=C(N=CN=C54)N)O)O)O)O)N' for input: 'C1=C(C(=O)NC(=O)N1)[C@H]2[C@@H]([C@@H]([C@H](O2)COP(=O)([O-])OP(=O)([O-])OC[C@@H]3[C@H]([C@H]([C@@H](O3)N4C=NC5=C(N=CN=C54)N)O)O)O)O)N'

Progress: 1059/2000
Progress: 1060/2000[22:31:25] SMILES Parse Error: extra close parentheses while parsing: C1=C(C(=O)NC(=O)N1)[C@@H]2[C@H]([C@@H]([C@H](O2)COP(=O)([O-])OP(=O)([O-])OC[C@@H]3[C@H]([C@H]([C@@H](O3)N4C=NC5=C(N=CN=C54)N)O)O)O)O)N
[22:31:25] SMILES Parse Error: Failed parsing SMILES 'C1=C(C(=O)NC(=O)N1)[C@@H]2[C@H]([C@@H]([C@H](O2)COP(=O)([O-])OP(=O)([O-])OC[C@@H]3[C@H]([C@H]([C@@H](O3)N4C=NC5=C(N=CN=C54)N)O)O)O)O)N' for input: 'C1=C(C(=O)NC(=O)N1)[C@@H]2[C@H]([C@@H]([C@H](O2)COP(=O)([O-])OP(=O)([O-])OC[C@@H]3[C@H]([C@H]([C@@H](O3)N4C=NC5=C(N=CN=C54)N)O)O)O)O)N'

Progress: 1061/2000[22:31:26] SMILES Parse Error: extra close parentheses while parsing: C1[C@@H]([C@H](O[C@H]1N2C=NC3=C2N=C(NC3=O)N)COP(=O)(O)OP(=O)(O)OC[C@@H]4[C@H]([C@H]([C@@H](O4)N5C=NC6=C5N=C(NC6=O)N)O)O)O)O
[22:31:26] SMILES Parse Error: Failed parsing SMILES 'C1[C@@H]([C@H](O[C@H]1N2C=NC3=C2N=C(NC3=O)N)COP(=O)(O)OP(=O)(O)OC[C@@H]4[C@H]([C@H]([C@@H](O4)N5C=NC6=C5N=C(NC6=O)N)O)O)O)O' for input: 'C1[C@@H]([C@H](O[C@H]1N2C=NC3=C2N=C(NC3=O)N)COP(=O)(O)OP(=O)(O)OC[C@@H]4[C@H]([C@H]([C@@H](O4)N5C=NC6=C5N=C(NC6=O)N)O)O)O)O'

Progress: 1062/2000[22:31:28] SMILES Parse Error: extra close parentheses while parsing: C1[C@@H]([C@H](O[C@H]1N2C=NC3=C2N=C(NC3=O)N)COP(=O)(O)OP(=O)(O)OC[C@@H]4[C@H]([C@H]([C@@H](O4)N5C=NC6=C5N=C(NC6=O)N)O)O)O)O
[22:31:28] SMILES Parse Error: Failed parsing SMILES 'C1[C@@H]([C@H](O[C@H]1N2C=NC3=C2N=C(NC3=O)N)COP(=O)(O)OP(=O)(O)OC[C@@H]4[C@H]([C@H]([C@@H](O4)N5C=NC6=C5N=C(NC6=O)N)O)O)O)O' for input: 'C1[C@@H]([C@H](O[C@H]1N2C=NC3=C2N=C(NC3=O)N)COP(=O)(O)OP(=O)(O)OC[C@@H]4[C@H]([C@H]([C@@H](O4)N5C=NC6=C5N=C(NC6=O)N)O)O)O)O'

Progress: 1063/2000[22:31:30] SMILES Parse Error: extra close parentheses while parsing: C1C=CN(C=C1C(=O)N)[C@H]2[C@@H]([C@@H]([C@H](O2)COP(=O)(O)OP(=O)(O)OC[C@@H]3[C@H]([C@H]([C@@H](O3)N4C=NC5=C(N=CN=C54)N)O)O)O)O)N
[22:31:30] SMILES Parse Error: Failed parsing SMILES 'C1C=CN(C=C1C(=O)N)[C@H]2[C@@H]([C@@H]([C@H](O2)COP(=O)(O)OP(=O)(O)OC[C@@H]3[C@H]([C@H]([C@@H](O3)N4C=NC5=C(N=CN=C54)N)O)O)O)O)N' for input: 'C1C=CN(C=C1C(=O)N)[C@H]2[C@@H]([C@@H]([C@H](O2)COP(=O)(O)OP(=O)(O)OC[C@@H]3[C@H]([C@H]([C@@H](O3)N4C=NC5=C(N=CN=C54)N)O)O)O)O)N'

Progress: 1064/2000[22:31:32] SMILES Parse Error: extra close parentheses while parsing: C1=C(C(=O)NC(=O)N1)[C@H]2[C@@H]([C@@H]([C@H](O2)COP(=O)([O-])OP(=O)([O-])OC[C@@H]3[C@H]([C@H]([C@@H](O3)N4C=NC5=C(N=CN=C54)N)O)O)O)O)N
[22:31:32] SMILES Parse Error: Failed parsing SMILES 'C1=C(C(=O)NC(=O)N1)[C@H]2[C@@H]([C@@H]([C@H](O2)COP(=O)([O-])OP(=O)([O-])OC[C@@H]3[C@H]([C@H]([C@@H](O3)N4C=NC5=C(N=CN=C54)N)O)O)O)O)N' for input: 'C1=C(C(=O)NC(=O)N1)[C@H]2[C@@H]([C@@H]([C@H](O2)COP(=O)([O-])OP(=O)([O-])OC[C@@H]3[C@H]([C@H]([C@@H](O3)N4C=NC5=C(N=CN=C54)N)O)O)O)O)N'

Progress: 1065/2000[22:31:34] SMILES Parse Error: extra close parentheses while parsing: C1=C(C(=O)NC(=O)N1)[C@@H]2[C@H]([C@@H]([C@H](O2)COP(=O)([O-])OP(=O)([O-])OC[C@@H]3[C@H]([C@H]([C@@H](O3)N4C=NC5=C4N=C(NC5=O)N)O)O)O)O)N
[22:31:34] SMILES Parse Error: Failed parsing SMILES 'C1=C(C(=O)NC(=O)N1)[C@@H]2[C@H]([C@@H]([C@H](O2)COP(=O)([O-])OP(=O)([O-])OC[C@@H]3[C@H]([C@H]([C@@H](O3)N4C=NC5=C4N=C(NC5=O)N)O)O)O)O)N' for input: 'C1=C(C(=O)NC(=O)N1)[C@@H]2[C@H]([C@@H]([C@H](O2)COP(=O)([O-])OP(=O)([O-])OC[C@@H]3[C@H]([C@H]([C@@H](O3)N4C=NC5=C4N=C(NC5=O)N)O)O)O)O)N'

Progress: 1066/2000[22:31:36] SMILES Parse Error: extra close parentheses while parsing: C1=C(C(=O)NC(=O)N1)[C@@H]2[C@H]([C@@H]([C@H](O2)COP(=O)([O-])OP(=O)([O-])OC[C@@H]3[C@H]([C@H]([C@@H](O3)N4C=NC5=C(N=CN=C54)N)O)O)O)O)O)N
[22:31:36] SMILES Parse Error: Failed parsing SMILES 'C1=C(C(=O)NC(=O)N1)[C@@H]2[C@H]([C@@H]([C@H](O2)COP(=O)([O-])OP(=O)([O-])OC[C@@H]3[C@H]([C@H]([C@@H](O3)N4C=NC5=C(N=CN=C54)N)O)O)O)O)O)N' for input: 'C1=C(C(=O)NC(=O)N1)[C@@H]2[C@H]([C@@H]([C@H](O2)COP(=O)([O-])OP(=O)([O-])OC[C@@H]3[C@H]([C@H]([C@@H](O3)N4C=NC5=C(N=CN=C54)N)O)O)O)O)O)N'

Progress: 1067/2000
Progress: 1068/2000[22:31:40] SMILES Parse Error: extra close parentheses while parsing: C1[C@@H]([C@H](O[C@H]1N2C=NC3=C2N=C(NC3=O)N)COP(=O)(O)OP(=O)(O)OC[C@@H]4[C@H]([C@H]([C@@H](O4)N5C=NC6=C5N=C(NC6=O)N)O)O)O)O
[22:31:40] SMILES Parse Error: Failed parsing SMILES 'C1[C@@H]([C@H](O[C@H]1N2C=NC3=C2N=C(NC3=O)N)COP(=O)(O)OP(=O)(O)OC[C@@H]4[C@H]([C@H]([C@@H](O4)N5C=NC6=C5N=C(NC6=O)N)O)O)O)O' for input: 'C1[C@@H]([C@H](O[C@H]1N2C=NC3=C2N=C(NC3=O)N)COP(=O)(O)OP(=O)(O)OC[C@@H]4[C@H]([C@H]([C@@H](O4)N5C=NC6=C5N=C(NC6=O)N)O)O)O)O'

Progress: 1069/2000
Progress: 1070/2000
Progress: 1071/2000
Progress: 1072/2000[22:31:46] SMILES Parse Error: extra close parentheses while parsing: C1=C(C(=O)NC(=O)N1)[C@@H]2[C@H]([C@@H]([C@H](O2)COP(=O)([O-])OP(=O)([O-])OC[C@@H]3[C@H]([C@H]([C@@H](O3)N4C=NC5=C(N=CN=C54)N)O)O)O)O)O)N
[22:31:46] SMILES Parse Error: Failed parsing SMILES 'C1=C(C(=O)NC(=O)N1)[C@@H]2[C@H]([C@@H]([C@H](O2)COP(=O)([O-])OP(=O)([O-])OC[C@@H]3[C@H]([C@H]([C@@H](O3)N4C=NC5=C(N=CN=C54)N)O)O)O)O)O)N' for input: 'C1=C(C(=O)NC(=O)N1)[C@@H]2[C@H]([C@@H]([C@H](O2)COP(=O)([O-])OP(=O)([O-])OC[C@@H]3[C@H]([C@H]([C@@H](O3)N4C=NC5=C(N=CN=C54)N)O)O)O)O)O)N'

Progress: 1073/2000[22:31:48] SMILES Parse Error: extra close parentheses while parsing: C1=C(C(=O)NC(=O)N1)[C@H]2[C@@H]([C@@H]([C@H](O2)COP(=O)([O-])OP(=O)([O-])OC[C@@H]3[C@H]([C@H]([C@@H](O3)N4C=NC5=C(N=CN=C54)N)O)O)O)O)N
[22:31:48] SMILES Parse Error: Failed parsing SMILES 'C1=C(C(=O)NC(=O)N1)[C@H]2[C@@H]([C@@H]([C@H](O2)COP(=O)([O-])OP(=O)([O-])OC[C@@H]3[C@H]([C@H]([C@@H](O3)N4C=NC5=C(N=CN=C54)N)O)O)O)O)N' for input: 'C1=C(C(=O)NC(=O)N1)[C@H]2[C@@H]([C@@H]([C@H](O2)COP(=O)([O-])OP(=O)([O-])OC[C@@H]3[C@H]([C@H]([C@@H](O3)N4C=NC5=C(N=CN=C54)N)O)O)O)O)N'

Progress: 1074/2000
Progress: 1075/2000[22:31:52] SMILES Parse Error: extra close parentheses while parsing: C1=C(C(=O)NC(=O)N1[C@H]2[C@@H]([C@@H]([C@H](O2)COP(=O)([O-])OP(=O)([O-])OC[C@@H]3[C@H]([C@H]([C@@H](O3)N4C=NC5=C(N=CN=C54)N)O)O)O)O)O)N
[22:31:52] SMILES Parse Error: Failed parsing SMILES 'C1=C(C(=O)NC(=O)N1[C@H]2[C@@H]([C@@H]([C@H](O2)COP(=O)([O-])OP(=O)([O-])OC[C@@H]3[C@H]([C@H]([C@@H](O3)N4C=NC5=C(N=CN=C54)N)O)O)O)O)O)N' for input: 'C1=C(C(=O)NC(=O)N1[C@H]2[C@@H]([C@@H]([C@H](O2)COP(=O)([O-])OP(=O)([O-])OC[C@@H]3[C@H]([C@H]([C@@H](O3)N4C=NC5=C(N=CN=C54)N)O)O)O)O)O)N'

Progress: 1076/2000
Progress: 1077/2000
Progress: 1078/2000[22:31:57] SMILES Parse Error: extra close parentheses while parsing: C1C=CN(C=C1C(=O)N)[C@H]2[C@@H]([C@@H]([C@H](O2)COP(=O)([O-])OP(=O)([O-])OC[C@@H]3[C@H]([C@H]([C@@H](O3)N4C=NC5=C(N=CN=C54)N)O)O)O)O)O
[22:31:57] SMILES Parse Error: Failed parsing SMILES 'C1C=CN(C=C1C(=O)N)[C@H]2[C@@H]([C@@H]([C@H](O2)COP(=O)([O-])OP(=O)([O-])OC[C@@H]3[C@H]([C@H]([C@@H](O3)N4C=NC5=C(N=CN=C54)N)O)O)O)O)O' for input: 'C1C=CN(C=C1C(=O)N)[C@H]2[C@@H]([C@@H]([C@H](O2)COP(=O)([O-])OP(=O)([O-])OC[C@@H]3[C@H]([C@H]([C@@H](O3)N4C=NC5=C(N=CN=C54)N)O)O)O)O)O'

Progress: 1079/2000[22:31:59] SMILES Parse Error: extra close parentheses while parsing: C1C=CN(C=C1C(=O)N)[C@H]2[C@@H]([C@@H]([C@H](O2)COP(=O)([O-])OP(=O)([O-])OC[C@@H]3[C@H]([C@H]([C@@H](O3)N4C=NC5=C(N=CN=C54)N)O)O)O)O)O
[22:31:59] SMILES Parse Error: Failed parsing SMILES 'C1C=CN(C=C1C(=O)N)[C@H]2[C@@H]([C@@H]([C@H](O2)COP(=O)([O-])OP(=O)([O-])OC[C@@H]3[C@H]([C@H]([C@@H](O3)N4C=NC5=C(N=CN=C54)N)O)O)O)O)O' for input: 'C1C=CN(C=C1C(=O)N)[C@H]2[C@@H]([C@@H]([C@H](O2)COP(=O)([O-])OP(=O)([O-])OC[C@@H]3[C@H]([C@H]([C@@H](O3)N4C=NC5=C(N=CN=C54)N)O)O)O)O)O'

Progress: 1080/2000[22:32:01] SMILES Parse Error: extra close parentheses while parsing: C1[C@@H]([C@H](O[C@H]1N2C=NC3=C2N=C(NC3=O)N)COP(=O)(O)OP(=O)(O)OC[C@@H]4[C@H]([C@H]([C@@H](O4)N5C=NC6=C5N=C(NC6=O)N)O)O)O)O
[22:32:01] SMILES Parse Error: Failed parsing SMILES 'C1[C@@H]([C@H](O[C@H]1N2C=NC3=C2N=C(NC3=O)N)COP(=O)(O)OP(=O)(O)OC[C@@H]4[C@H]([C@H]([C@@H](O4)N5C=NC6=C5N=C(NC6=O)N)O)O)O)O' for input: 'C1[C@@H]([C@H](O[C@H]1N2C=NC3=C2N=C(NC3=O)N)COP(=O)(O)OP(=O)(O)OC[C@@H]4[C@H]([C@H]([C@@H](O4)N5C=NC6=C5N=C(NC6=O)N)O)O)O)O'

Progress: 1081/2000[22:32:04] SMILES Parse Error: extra close parentheses while parsing: C1C=CN(C=C1C(=O)N)[C@H]2[C@@H]([C@@H]([C@H](O2)COP(=O)([O-])OP(=O)([O-])OC[C@@H]3[C@H]([C@H]([C@@H](O3)N4C=NC5=C(N=CN=C54)N)O)O)O)O)O
[22:32:04] SMILES Parse Error: Failed parsing SMILES 'C1C=CN(C=C1C(=O)N)[C@H]2[C@@H]([C@@H]([C@H](O2)COP(=O)([O-])OP(=O)([O-])OC[C@@H]3[C@H]([C@H]([C@@H](O3)N4C=NC5=C(N=CN=C54)N)O)O)O)O)O' for input: 'C1C=CN(C=C1C(=O)N)[C@H]2[C@@H]([C@@H]([C@H](O2)COP(=O)([O-])OP(=O)([O-])OC[C@@H]3[C@H]([C@H]([C@@H](O3)N4C=NC5=C(N=CN=C54)N)O)O)O)O)O'

Progress: 1082/2000
Progress: 1083/2000[22:32:07] SMILES Parse Error: extra close parentheses while parsing: C1C=CN(C=C1C(=O)N)[C@H]2[C@@H]([C@@H]([C@H](O2)COP(=O)([O-])OP(=O)([O-])OC[C@@H]3[C@H]([C@H]([C@@H](O3)N4C=NC5=C(N=CN=C54)N)O)O)O)O)O
[22:32:07] SMILES Parse Error: Failed parsing SMILES 'C1C=CN(C=C1C(=O)N)[C@H]2[C@@H]([C@@H]([C@H](O2)COP(=O)([O-])OP(=O)([O-])OC[C@@H]3[C@H]([C@H]([C@@H](O3)N4C=NC5=C(N=CN=C54)N)O)O)O)O)O' for input: 'C1C=CN(C=C1C(=O)N)[C@H]2[C@@H]([C@@H]([C@H](O2)COP(=O)([O-])OP(=O)([O-])OC[C@@H]3[C@H]([C@H]([C@@H](O3)N4C=NC5=C(N=CN=C54)N)O)O)O)O)O'

Progress: 1084/2000
Progress: 1085/2000[22:32:11] SMILES Parse Error: extra open parentheses for input: 'CC1=C(C(=O)C2=NC3=C(N=C(NC3=O)[O-])N(C2=C1)C[C@@H]([C@@H]([C@@H](COP(=O)([O-])[O-])O)O)O'

Progress: 1086/2000
Progress: 1087/2000[22:32:13] SMILES Parse Error: extra open parentheses for input: 'CC1=C(C(=O)C2=NC3=C(N=C(NC3=O)[O-])N(C2=C1)C[C@@H]([C@@H]([C@@H](COP(=O)([O-])[O-])O)O)O'

Progress: 1088/2000[22:32:15] SMILES Parse Error: extra close parentheses while parsing: C1=C(C(=O)NC(=O)N1)[C@@H]2[C@H]([C@@H]([C@H](O2)COP(=O)([O-])OP(=O)([O-])OC[C@@H]3[C@H]([C@H]([C@@H](O3)N4C=NC5=C(N=CN=C54)N)O)O)O)O)O)N
[22:32:15] SMILES Parse Error: Failed parsing SMILES 'C1=C(C(=O)NC(=O)N1)[C@@H]2[C@H]([C@@H]([C@H](O2)COP(=O)([O-])OP(=O)([O-])OC[C@@H]3[C@H]([C@H]([C@@H](O3)N4C=NC5=C(N=CN=C54)N)O)O)O)O)O)N' for input: 'C1=C(C(=O)NC(=O)N1)[C@@H]2[C@H]([C@@H]([C@H](O2)COP(=O)([O-])OP(=O)([O-])OC[C@@H]3[C@H]([C@H]([C@@H](O3)N4C=NC5=C(N=CN=C54)N)O)O)O)O)O)N'

Progress: 1089/2000[22:32:17] SMILES Parse Error: extra close parentheses while parsing: C1C=CN(C=C1C(=O)N)[C@@H]2[C@@H]([C@H]([C@@H](O2)COP(=O)(O)OP(=O)(O)OC[C@@H]3[C@H]([C@H]([C@@H](O3)N4C=NC5=C(N=CN=C54)N)O)O)O)O)N
[22:32:17] SMILES Parse Error: Failed parsing SMILES 'C1C=CN(C=C1C(=O)N)[C@@H]2[C@@H]([C@H]([C@@H](O2)COP(=O)(O)OP(=O)(O)OC[C@@H]3[C@H]([C@H]([C@@H](O3)N4C=NC5=C(N=CN=C54)N)O)O)O)O)N' for input: 'C1C=CN(C=C1C(=O)N)[C@@H]2[C@@H]([C@H]([C@@H](O2)COP(=O)(O)OP(=O)(O)OC[C@@H]3[C@H]([C@H]([C@@H](O3)N4C=NC5=C(N=CN=C54)N)O)O)O)O)N'

Progress: 1090/2000[22:32:20] SMILES Parse Error: extra close parentheses while parsing: C1C=CN(C=C1C(=O)N)[C@H]2[C@@H]([C@@H]([C@H](O2)COP(=O)([O-])OP(=O)([O-])OC[C@@H]3[C@H]([C@H]([C@@H](O3)N4C=NC5=C(N=CN=C54)N)O)O)O)O)O
[22:32:20] SMILES Parse Error: Failed parsing SMILES 'C1C=CN(C=C1C(=O)N)[C@H]2[C@@H]([C@@H]([C@H](O2)COP(=O)([O-])OP(=O)([O-])OC[C@@H]3[C@H]([C@H]([C@@H](O3)N4C=NC5=C(N=CN=C54)N)O)O)O)O)O' for input: 'C1C=CN(C=C1C(=O)N)[C@H]2[C@@H]([C@@H]([C@H](O2)COP(=O)([O-])OP(=O)([O-])OC[C@@H]3[C@H]([C@H]([C@@H](O3)N4C=NC5=C(N=CN=C54)N)O)O)O)O)O'

Progress: 1091/2000[22:32:22] SMILES Parse Error: extra close parentheses while parsing: C1=C(C(=O)NC(=O)N1)[C@H]2[C@@H]([C@@H]([C@H](O2)COP(=O)([O-])OP(=O)([O-])OC[C@@H]3[C@H]([C@H]([C@@H](O3)N4C=NC5=C(N=CN=C54)N)O)O)O)O)O
[22:32:22] SMILES Parse Error: Failed parsing SMILES 'C1=C(C(=O)NC(=O)N1)[C@H]2[C@@H]([C@@H]([C@H](O2)COP(=O)([O-])OP(=O)([O-])OC[C@@H]3[C@H]([C@H]([C@@H](O3)N4C=NC5=C(N=CN=C54)N)O)O)O)O)O' for input: 'C1=C(C(=O)NC(=O)N1)[C@H]2[C@@H]([C@@H]([C@H](O2)COP(=O)([O-])OP(=O)([O-])OC[C@@H]3[C@H]([C@H]([C@@H](O3)N4C=NC5=C(N=CN=C54)N)O)O)O)O)O'

Progress: 1092/2000[22:32:24] SMILES Parse Error: extra close parentheses while parsing: C1=C(C(=O)NC(=O)N1)[C@H]2[C@@H]([C@@H]([C@H](O2)COP(=O)([O-])OP(=O)([O-])OC[C@@H]3[C@H]([C@H]([C@@H](O3)N4C=NC5=C(N=CN=C54)N)O)O)O)O)N
[22:32:24] SMILES Parse Error: Failed parsing SMILES 'C1=C(C(=O)NC(=O)N1)[C@H]2[C@@H]([C@@H]([C@H](O2)COP(=O)([O-])OP(=O)([O-])OC[C@@H]3[C@H]([C@H]([C@@H](O3)N4C=NC5=C(N=CN=C54)N)O)O)O)O)N' for input: 'C1=C(C(=O)NC(=O)N1)[C@H]2[C@@H]([C@@H]([C@H](O2)COP(=O)([O-])OP(=O)([O-])OC[C@@H]3[C@H]([C@H]([C@@H](O3)N4C=NC5=C(N=CN=C54)N)O)O)O)O)N'

Progress: 1093/2000[22:32:26] SMILES Parse Error: extra close parentheses while parsing: C1=C(C(=O)NC(=O)N1)[C@H]2[C@@H]([C@@H]([C@H](O2)COP(=O)([O-])OP(=O)([O-])OC[C@@H]3[C@H]([C@H]([C@@H](O3)N4C=NC5=C(N=CN=C54)N)O)O)O)O)O
[22:32:26] SMILES Parse Error: Failed parsing SMILES 'C1=C(C(=O)NC(=O)N1)[C@H]2[C@@H]([C@@H]([C@H](O2)COP(=O)([O-])OP(=O)([O-])OC[C@@H]3[C@H]([C@H]([C@@H](O3)N4C=NC5=C(N=CN=C54)N)O)O)O)O)O' for input: 'C1=C(C(=O)NC(=O)N1)[C@H]2[C@@H]([C@@H]([C@H](O2)COP(=O)([O-])OP(=O)([O-])OC[C@@H]3[C@H]([C@H]([C@@H](O3)N4C=NC5=C(N=CN=C54)N)O)O)O)O)O'

Progress: 1094/2000
Progress: 1095/2000
Progress: 1096/2000
Progress: 1097/2000
Progress: 1098/2000
Progress: 1099/2000[22:32:34] SMILES Parse Error: extra close parentheses while parsing: C1=C(C(=O)NC(=O)N1)[C@H]2[C@@H]([C@@H]([C@H](O2)COP(=O)([O-])OP(=O)([O-])OC[C@@H]3[C@H]([C@H]([C@@H](O3)N4C=NC5=C(N=CN=C54)N)O)O)O)O)N
[22:32:34] SMILES Parse Error: Failed parsing SMILES 'C1=C(C(=O)NC(=O)N1)[C@H]2[C@@H]([C@@H]([C@H](O2)COP(=O)([O-])OP(=O)([O-])OC[C@@H]3[C@H]([C@H]([C@@H](O3)N4C=NC5=C(N=CN=C54)N)O)O)O)O)N' for input: 'C1=C(C(=O)NC(=O)N1)[C@H]2[C@@H]([C@@H]([C@H](O2)COP(=O)([O-])OP(=O)([O-])OC[C@@H]3[C@H]([C@H]([C@@H](O3)N4C=NC5=C(N=CN=C54)N)O)O)O)O)N'

Progress: 1100/2000[22:32:36] SMILES Parse Error: extra close parentheses while parsing: C1=C(C(=O)NC(=O)N1[C@H]2[C@@H]([C@@H]([C@H](O2)COP(=O)([O-])OP(=O)([O-])OC[C@@H]3[C@H]([C@H]([C@@H](O3)N4C=NC5=C(N=CN=C54)N)O)O)O)O)O)N
[22:32:36] SMILES Parse Error: Failed parsing SMILES 'C1=C(C(=O)NC(=O)N1[C@H]2[C@@H]([C@@H]([C@H](O2)COP(=O)([O-])OP(=O)([O-])OC[C@@H]3[C@H]([C@H]([C@@H](O3)N4C=NC5=C(N=CN=C54)N)O)O)O)O)O)N' for input: 'C1=C(C(=O)NC(=O)N1[C@H]2[C@@H]([C@@H]([C@H](O2)COP(=O)([O-])OP(=O)([O-])OC[C@@H]3[C@H]([C@H]([C@@H](O3)N4C=NC5=C(N=CN=C54)N)O)O)O)O)O)N'

Progress: 1101/2000[22:32:38] SMILES Parse Error: extra open parentheses for input: 'CC1=C(C(=O)C2=NC3=C(N=C(NC3=O)[O-])N(C2=C1)C[C@@H]([C@@H]([C@@H](COP(=O)([O-])[O-])O)O)O'

Progress: 1102/2000
Progress: 1103/2000
Progress: 1104/2000
Progress: 1105/2000
Progress: 1106/2000[22:32:47] SMILES Parse Error: extra close parentheses while parsing: C1=C(C(=O)NC(=O)N1[C@H]2[C@@H]([C@@H]([C@H](O2)COP(=O)([O-])OP(=O)([O-])OC[C@@H]3[C@H]([C@H]([C@@H](O3)N4C=NC5=C(N=CN=C54)N)O)O)O)O)O)N
[22:32:47] SMILES Parse Error: Failed parsing SMILES 'C1=C(C(=O)NC(=O)N1[C@H]2[C@@H]([C@@H]([C@H](O2)COP(=O)([O-])OP(=O)([O-])OC[C@@H]3[C@H]([C@H]([C@@H](O3)N4C=NC5=C(N=CN=C54)N)O)O)O)O)O)N' for input: 'C1=C(C(=O)NC(=O)N1[C@H]2[C@@H]([C@@H]([C@H](O2)COP(=O)([O-])OP(=O)([O-])OC[C@@H]3[C@H]([C@H]([C@@H](O3)N4C=NC5=C(N=CN=C54)N)O)O)O)O)O)N'

Progress: 1107/2000
Progress: 1108/2000
Progress: 1109/2000[22:32:52] SMILES Parse Error: extra close parentheses while parsing: C1[C@@H]([C@H](O[C@H]1N2C=NC3=C2N=C(NC3=O)N)COP(=O)(O)OP(=O)(O)OC[C@@H]4[C@H]([C@H]([C@@H](O4)N5C=NC6=C5N=C(NC6=O)N)O)O)O)O
[22:32:52] SMILES Parse Error: Failed parsing SMILES 'C1[C@@H]([C@H](O[C@H]1N2C=NC3=C2N=C(NC3=O)N)COP(=O)(O)OP(=O)(O)OC[C@@H]4[C@H]([C@H]([C@@H](O4)N5C=NC6=C5N=C(NC6=O)N)O)O)O)O' for input: 'C1[C@@H]([C@H](O[C@H]1N2C=NC3=C2N=C(NC3=O)N)COP(=O)(O)OP(=O)(O)OC[C@@H]4[C@H]([C@H]([C@@H](O4)N5C=NC6=C5N=C(NC6=O)N)O)O)O)O'

Progress: 1110/2000[22:32:54] SMILES Parse Error: extra close parentheses while parsing: C1=C(C(=O)NC(=O)N1[C@H]2[C@@H]([C@@H]([C@H](O2)COP(=O)([O-])OP(=O)([O-])OC[C@@H]3[C@H]([C@H]([C@@H](O3)N4C=NC5=C(N=CN=C54)N)O)O)O)O)O)N
[22:32:54] SMILES Parse Error: Failed parsing SMILES 'C1=C(C(=O)NC(=O)N1[C@H]2[C@@H]([C@@H]([C@H](O2)COP(=O)([O-])OP(=O)([O-])OC[C@@H]3[C@H]([C@H]([C@@H](O3)N4C=NC5=C(N=CN=C54)N)O)O)O)O)O)N' for input: 'C1=C(C(=O)NC(=O)N1[C@H]2[C@@H]([C@@H]([C@H](O2)COP(=O)([O-])OP(=O)([O-])OC[C@@H]3[C@H]([C@H]([C@@H](O3)N4C=NC5=C(N=CN=C54)N)O)O)O)O)O)N'

Progress: 1111/2000[22:32:56] SMILES Parse Error: extra close parentheses while parsing: C1=C(C(=O)NC(=O)N1[C@H]2[C@@H]([C@@H]([C@H](O2)COP(=O)([O-])OP(=O)([O-])OC[C@@H]3[C@H]([C@H]([C@@H](O3)N4C=NC5=C(N=CN=C54)N)O)O)O)O)O)N
[22:32:56] SMILES Parse Error: Failed parsing SMILES 'C1=C(C(=O)NC(=O)N1[C@H]2[C@@H]([C@@H]([C@H](O2)COP(=O)([O-])OP(=O)([O-])OC[C@@H]3[C@H]([C@H]([C@@H](O3)N4C=NC5=C(N=CN=C54)N)O)O)O)O)O)N' for input: 'C1=C(C(=O)NC(=O)N1[C@H]2[C@@H]([C@@H]([C@H](O2)COP(=O)([O-])OP(=O)([O-])OC[C@@H]3[C@H]([C@H]([C@@H](O3)N4C=NC5=C(N=CN=C54)N)O)O)O)O)O)N'

Progress: 1112/2000[22:32:58] SMILES Parse Error: extra close parentheses while parsing: C1[C@@H]([C@H](O[C@H]1N2C=NC3=C2N=C(NC3=O)N)COP(=O)(O)OP(=O)(O)OC[C@@H]4[C@H]([C@H]([C@@H](O4)N5C=NC6=C(N=CN=C65)N)O)O)O)O
[22:32:58] SMILES Parse Error: Failed parsing SMILES 'C1[C@@H]([C@H](O[C@H]1N2C=NC3=C2N=C(NC3=O)N)COP(=O)(O)OP(=O)(O)OC[C@@H]4[C@H]([C@H]([C@@H](O4)N5C=NC6=C(N=CN=C65)N)O)O)O)O' for input: 'C1[C@@H]([C@H](O[C@H]1N2C=NC3=C2N=C(NC3=O)N)COP(=O)(O)OP(=O)(O)OC[C@@H]4[C@H]([C@H]([C@@H](O4)N5C=NC6=C(N=CN=C65)N)O)O)O)O'

Progress: 1113/2000[22:32:59] SMILES Parse Error: extra open parentheses for input: 'CC1=C(C(=O)C2=NC3=C(N=C(NC3=O)[O-])N(C2=C1)C[C@@H]([C@@H]([C@@H](COP(=O)([O-])[O-])O)O)O'

Progress: 1114/2000[22:33:01] SMILES Parse Error: extra close parentheses while parsing: C1[C@@H]([C@H](O[C@H]1N2C=NC3=C2N=C(NC3=O)N)COP(=O)(O)OP(=O)(O)OC[C@@H]4[C@H]([C@H]([C@@H](O4)N5C=NC6=C5N=C(NC6=O)N)O)O)O)O
[22:33:01] SMILES Parse Error: Failed parsing SMILES 'C1[C@@H]([C@H](O[C@H]1N2C=NC3=C2N=C(NC3=O)N)COP(=O)(O)OP(=O)(O)OC[C@@H]4[C@H]([C@H]([C@@H](O4)N5C=NC6=C5N=C(NC6=O)N)O)O)O)O' for input: 'C1[C@@H]([C@H](O[C@H]1N2C=NC3=C2N=C(NC3=O)N)COP(=O)(O)OP(=O)(O)OC[C@@H]4[C@H]([C@H]([C@@H](O4)N5C=NC6=C5N=C(NC6=O)N)O)O)O)O'

Progress: 1115/2000
Progress: 1116/2000[22:33:04] SMILES Parse Error: extra close parentheses while parsing: C1[C@@H]([C@H](O[C@H]1N2C=NC3=C2N=C(NC3=O)N)COP(=O)(O)OP(=O)(O)OC[C@@H]4[C@H]([C@H]([C@@H](O4)N5C=NC6=C5N=C(NC6=O)N)O)O)O)O
[22:33:04] SMILES Parse Error: Failed parsing SMILES 'C1[C@@H]([C@H](O[C@H]1N2C=NC3=C2N=C(NC3=O)N)COP(=O)(O)OP(=O)(O)OC[C@@H]4[C@H]([C@H]([C@@H](O4)N5C=NC6=C5N=C(NC6=O)N)O)O)O)O' for input: 'C1[C@@H]([C@H](O[C@H]1N2C=NC3=C2N=C(NC3=O)N)COP(=O)(O)OP(=O)(O)OC[C@@H]4[C@H]([C@H]([C@@H](O4)N5C=NC6=C5N=C(NC6=O)N)O)O)O)O'

Progress: 1117/2000
Progress: 1118/2000[22:33:07] SMILES Parse Error: extra close parentheses while parsing: C1=C(C(=O)NC(=O)N1)[C@H]2[C@@H]([C@@H]([C@H](O2)COP(=O)([O-])OP(=O)([O-])OC[C@@H]3[C@H]([C@H]([C@@H](O3)N4C=NC5=C(N=CN=C54)N)O)O)O)O)N
[22:33:07] SMILES Parse Error: Failed parsing SMILES 'C1=C(C(=O)NC(=O)N1)[C@H]2[C@@H]([C@@H]([C@H](O2)COP(=O)([O-])OP(=O)([O-])OC[C@@H]3[C@H]([C@H]([C@@H](O3)N4C=NC5=C(N=CN=C54)N)O)O)O)O)N' for input: 'C1=C(C(=O)NC(=O)N1)[C@H]2[C@@H]([C@@H]([C@H](O2)COP(=O)([O-])OP(=O)([O-])OC[C@@H]3[C@H]([C@H]([C@@H](O3)N4C=NC5=C(N=CN=C54)N)O)O)O)O)N'

Progress: 1119/2000
Progress: 1120/2000[22:33:09] SMILES Parse Error: unclosed ring for input: 'C1C=C(C(=O)[C@H]2[C@@H]([C@H]([C@@H](O2)N3C=NC4=C3N=C(NC4=O)N)O)O)OP(=O)(O)O'

Progress: 1121/2000[22:33:10] SMILES Parse Error: unclosed ring for input: 'C1C=C(C(=O)[C@H]2[C@@H]([C@H]([C@@H](O2)N3C=NC4=C3N=C(NC4=O)N)O)O)OP(=O)(O)O'

Progress: 1122/2000[22:33:12] SMILES Parse Error: extra close parentheses while parsing: C1[C@@H]([C@H](O[C@H]1N2C=NC3=C2N=C(NC3=O)N)COP(=O)(O)OP(=O)(O)OC[C@@H]4[C@H]([C@H]([C@@H](O4)N5C=NC6=C5N=C(NC6=O)N)O)O)O)O
[22:33:12] SMILES Parse Error: Failed parsing SMILES 'C1[C@@H]([C@H](O[C@H]1N2C=NC3=C2N=C(NC3=O)N)COP(=O)(O)OP(=O)(O)OC[C@@H]4[C@H]([C@H]([C@@H](O4)N5C=NC6=C5N=C(NC6=O)N)O)O)O)O' for input: 'C1[C@@H]([C@H](O[C@H]1N2C=NC3=C2N=C(NC3=O)N)COP(=O)(O)OP(=O)(O)OC[C@@H]4[C@H]([C@H]([C@@H](O4)N5C=NC6=C5N=C(NC6=O)N)O)O)O)O'

Progress: 1123/2000[22:33:14] SMILES Parse Error: extra close parentheses while parsing: C1[C@@H]([C@H]([C@@H](O[C@]1(C(=O)O)O)[C@@H](CO)O)O)OP(=O)(O)OP(=O)(O)OC[C@@H]2[C@H]([C@H]([C@@H](O2)N3C=NC4=C3N=C(NC4=O)N)O)O)O.O.O.O
[22:33:14] SMILES Parse Error: Failed parsing SMILES 'C1[C@@H]([C@H]([C@@H](O[C@]1(C(=O)O)O)[C@@H](CO)O)O)OP(=O)(O)OP(=O)(O)OC[C@@H]2[C@H]([C@H]([C@@H](O2)N3C=NC4=C3N=C(NC4=O)N)O)O)O.O.O.O' for input: 'C1[C@@H]([C@H]([C@@H](O[C@]1(C(=O)O)O)[C@@H](CO)O)O)OP(=O)(O)OP(=O)(O)OC[C@@H]2[C@H]([C@H]([C@@H](O2)N3C=NC4=C3N=C(NC4=O)N)O)O)O.O.O.O'

Progress: 1124/2000
Progress: 1125/2000[22:33:18] SMILES Parse Error: extra close parentheses while parsing: C1[C@@H]([C@H]([C@@H](O[C@]1(C(=O)O)O)[C@@H](CO)O)O)OP(=O)(O)OP(=O)(O)OC[C@@H]2[C@H]([C@H]([C@@H](O2)N3C=NC4=C3N=C(NC4=O)N)O)O)O.O.O.O
[22:33:18] SMILES Parse Error: Failed parsing SMILES 'C1[C@@H]([C@H]([C@@H](O[C@]1(C(=O)O)O)[C@@H](CO)O)O)OP(=O)(O)OP(=O)(O)OC[C@@H]2[C@H]([C@H]([C@@H](O2)N3C=NC4=C3N=C(NC4=O)N)O)O)O.O.O.O' for input: 'C1[C@@H]([C@H]([C@@H](O[C@]1(C(=O)O)O)[C@@H](CO)O)O)OP(=O)(O)OP(=O)(O)OC[C@@H]2[C@H]([C@H]([C@@H](O2)N3C=NC4=C3N=C(NC4=O)N)O)O)O.O.O.O'

Progress: 1126/2000[22:33:20] SMILES Parse Error: extra close parentheses while parsing: C1[C@@H]([C@H](O[C@H]1N2C=NC3=C2N=C(NC3=O)N)COP(=O)(O)OP(=O)(O)OC[C@@H]4[C@H]([C@H]([C@@H](O4)N5C=NC6=C5N=C(NC6=O)N)O)O)O)O
[22:33:20] SMILES Parse Error: Failed parsing SMILES 'C1[C@@H]([C@H](O[C@H]1N2C=NC3=C2N=C(NC3=O)N)COP(=O)(O)OP(=O)(O)OC[C@@H]4[C@H]([C@H]([C@@H](O4)N5C=NC6=C5N=C(NC6=O)N)O)O)O)O' for input: 'C1[C@@H]([C@H](O[C@H]1N2C=NC3=C2N=C(NC3=O)N)COP(=O)(O)OP(=O)(O)OC[C@@H]4[C@H]([C@H]([C@@H](O4)N5C=NC6=C5N=C(NC6=O)N)O)O)O)O'

Progress: 1127/2000[22:33:25] SMILES Parse Error: extra close parentheses while parsing: C1[C@@H]([C@H]([C@@H](O[C@]1(C(=O)O)O)[C@@H](CO)O)O)OP(=O)(O)OP(=O)(O)OC[C@@H]2[C@H]([C@H]([C@@H](O2)N3C=NC4=C3N=C(NC4=O)N)O)O)O.C1[C@@H]([C@H]([C@@H](O1)N2C=NC3=C(N=CN=C32)N)O)OP(=O)(O)OC[C@@H]4[C@H]([C@H]([C@@H](O4)N5C=NC6=C5N=C(NC6=O)N)O
[22:33:25] SMILES Parse Error: Failed parsing SMILES 'C1[C@@H]([C@H]([C@@H](O[C@]1(C(=O)O)O)[C@@H](CO)O)O)OP(=O)(O)OP(=O)(O)OC[C@@H]2[C@H]([C@H]([C@@H](O2)N3C=NC4=C3N=C(NC4=O)N)O)O)O.C1[C@@H]([C@H]([C@@H](O1)N2C=NC3=C(N=CN=C32)N)O)OP(=O)(O)OC[C@@H]4[C@H]([C@H]([C@@H](O4)N5C=NC6=C5N=C(NC6=O)N)O' for input: 'C1[C@@H]([C@H]([C@@H](O[C@]1(C(=O)O)O)[C@@H](CO)O)O)OP(=O)(O)OP(=O)(O)OC[C@@H]2[C@H]([C@H]([C@@H](O2)N3C=NC4=C3N=C(NC4=O)N)O)O)O.C1[C@@H]([C@H]([C@@H](O1)N2C=NC3=C(N=CN=C32)N)O)OP(=O)(O)OC[C@@H]4[C@H]([C@H]([C@@H](O4)N5C=NC6=C5N=C(NC6=O)N)O'

Progress: 1128/2000
Progress: 1129/2000[22:33:28] SMILES Parse Error: extra close parentheses while parsing: C1=C(C(=O)NC(=O)N1)[C@@H]2[C@H]([C@@H]([C@H](O2)COP(=O)([O-])OP(=O)([O-])OC[C@@H]3[C@H]([C@H]([C@@H](O3)N4C=NC5=C(N=CN=C54)N)O)O)O)O)O)N
[22:33:28] SMILES Parse Error: Failed parsing SMILES 'C1=C(C(=O)NC(=O)N1)[C@@H]2[C@H]([C@@H]([C@H](O2)COP(=O)([O-])OP(=O)([O-])OC[C@@H]3[C@H]([C@H]([C@@H](O3)N4C=NC5=C(N=CN=C54)N)O)O)O)O)O)N' for input: 'C1=C(C(=O)NC(=O)N1)[C@@H]2[C@H]([C@@H]([C@H](O2)COP(=O)([O-])OP(=O)([O-])OC[C@@H]3[C@H]([C@H]([C@@H](O3)N4C=NC5=C(N=CN=C54)N)O)O)O)O)O)N'

Progress: 1130/2000
Progress: 1131/2000[22:33:31] SMILES Parse Error: extra open parentheses for input: 'C[C@@H]([C@@H]([C@H]1[C@H]([C@H](C[C@](O1)(C(=O)O)OP(=O)(O)OC[C@@H]2[C@H]([C@H]([C@@H](O2)N3C=NC4=C3N=C(NC4=O)N)O)O)O)O)O'

Progress: 1132/2000[22:33:33] SMILES Parse Error: extra close parentheses while parsing: C1[C@@H]([C@H](O[C@H]1N2C=NC3=C2N=C(NC3=O)N)COP(=O)(O)OP(=O)(O)OC[C@@H]4[C@H]([C@H]([C@@H](O4)N5C=NC6=C5N=C(NC6=O)N)O)O)O)O
[22:33:33] SMILES Parse Error: Failed parsing SMILES 'C1[C@@H]([C@H](O[C@H]1N2C=NC3=C2N=C(NC3=O)N)COP(=O)(O)OP(=O)(O)OC[C@@H]4[C@H]([C@H]([C@@H](O4)N5C=NC6=C5N=C(NC6=O)N)O)O)O)O' for input: 'C1[C@@H]([C@H](O[C@H]1N2C=NC3=C2N=C(NC3=O)N)COP(=O)(O)OP(=O)(O)OC[C@@H]4[C@H]([C@H]([C@@H](O4)N5C=NC6=C5N=C(NC6=O)N)O)O)O)O'

Progress: 1133/2000
Progress: 1134/2000
Progress: 1135/2000[22:33:37] SMILES Parse Error: extra close parentheses while parsing: C1C=CN(C=C1C(=O)N)[C@H]2[C@@H]([C@@H]([C@H](O2)COP(=O)(O)OP(=O)(O)OC[C@@H]3[C@H]([C@H]([C@@H](O3)N4C=NC5=C(N=CN=C54)N)O)O)O)O)N
[22:33:37] SMILES Parse Error: Failed parsing SMILES 'C1C=CN(C=C1C(=O)N)[C@H]2[C@@H]([C@@H]([C@H](O2)COP(=O)(O)OP(=O)(O)OC[C@@H]3[C@H]([C@H]([C@@H](O3)N4C=NC5=C(N=CN=C54)N)O)O)O)O)N' for input: 'C1C=CN(C=C1C(=O)N)[C@H]2[C@@H]([C@@H]([C@H](O2)COP(=O)(O)OP(=O)(O)OC[C@@H]3[C@H]([C@H]([C@@H](O3)N4C=NC5=C(N=CN=C54)N)O)O)O)O)N'

Progress: 1136/2000
Progress: 1137/2000[22:33:40] SMILES Parse Error: extra close parentheses while parsing: C1=C(C(=O)NC(=O)N1[C@H]2[C@@H]([C@@H]([C@H](O2)COP(=O)([O-])OP(=O)([O-])OC[C@@H]3[C@H]([C@H]([C@@H](O3)N4C=NC5=C(N=CN=C54)N)O)O)O)O)O)N
[22:33:40] SMILES Parse Error: Failed parsing SMILES 'C1=C(C(=O)NC(=O)N1[C@H]2[C@@H]([C@@H]([C@H](O2)COP(=O)([O-])OP(=O)([O-])OC[C@@H]3[C@H]([C@H]([C@@H](O3)N4C=NC5=C(N=CN=C54)N)O)O)O)O)O)N' for input: 'C1=C(C(=O)NC(=O)N1[C@H]2[C@@H]([C@@H]([C@H](O2)COP(=O)([O-])OP(=O)([O-])OC[C@@H]3[C@H]([C@H]([C@@H](O3)N4C=NC5=C(N=CN=C54)N)O)O)O)O)O)N'

Progress: 1138/2000[22:33:42] SMILES Parse Error: extra close parentheses while parsing: C1C=CN(C=C1C(=O)N)[C@H]2[C@@H]([C@@H]([C@H](O2)COP(=O)([O-])OP(=O)([O-])OC[C@@H]3[C@H]([C@H]([C@@H](O3)N4C=NC5=C(N=CN=C54)N)O)O)O)O)O
[22:33:42] SMILES Parse Error: Failed parsing SMILES 'C1C=CN(C=C1C(=O)N)[C@H]2[C@@H]([C@@H]([C@H](O2)COP(=O)([O-])OP(=O)([O-])OC[C@@H]3[C@H]([C@H]([C@@H](O3)N4C=NC5=C(N=CN=C54)N)O)O)O)O)O' for input: 'C1C=CN(C=C1C(=O)N)[C@H]2[C@@H]([C@@H]([C@H](O2)COP(=O)([O-])OP(=O)([O-])OC[C@@H]3[C@H]([C@H]([C@@H](O3)N4C=NC5=C(N=CN=C54)N)O)O)O)O)O'

Progress: 1139/2000[22:33:44] SMILES Parse Error: extra close parentheses while parsing: C1=C(C(=O)NC(=O)N1)[C@H]2[C@@H]([C@@H]([C@H](O2)COP(=O)([O-])OP(=O)([O-])OC[C@@H]3[C@H]([C@H]([C@@H](O3)N4C=NC5=C(N=CN=C54)N)O)O)O)O)N
[22:33:44] SMILES Parse Error: Failed parsing SMILES 'C1=C(C(=O)NC(=O)N1)[C@H]2[C@@H]([C@@H]([C@H](O2)COP(=O)([O-])OP(=O)([O-])OC[C@@H]3[C@H]([C@H]([C@@H](O3)N4C=NC5=C(N=CN=C54)N)O)O)O)O)N' for input: 'C1=C(C(=O)NC(=O)N1)[C@H]2[C@@H]([C@@H]([C@H](O2)COP(=O)([O-])OP(=O)([O-])OC[C@@H]3[C@H]([C@H]([C@@H](O3)N4C=NC5=C(N=CN=C54)N)O)O)O)O)N'

Progress: 1140/2000
Progress: 1141/2000[22:33:48] SMILES Parse Error: extra close parentheses while parsing: C1=C(C(=O)NC(=O)N1)[C@@H]2[C@H]([C@@H]([C@H](O2)COP(=O)([O-])OP(=O)([O-])OC[C@@H]3[C@H]([C@H]([C@@H](O3)N4C=NC5=C4N=C(NC5=O)N)O)O)O)O)N
[22:33:48] SMILES Parse Error: Failed parsing SMILES 'C1=C(C(=O)NC(=O)N1)[C@@H]2[C@H]([C@@H]([C@H](O2)COP(=O)([O-])OP(=O)([O-])OC[C@@H]3[C@H]([C@H]([C@@H](O3)N4C=NC5=C4N=C(NC5=O)N)O)O)O)O)N' for input: 'C1=C(C(=O)NC(=O)N1)[C@@H]2[C@H]([C@@H]([C@H](O2)COP(=O)([O-])OP(=O)([O-])OC[C@@H]3[C@H]([C@H]([C@@H](O3)N4C=NC5=C4N=C(NC5=O)N)O)O)O)O)N'

Progress: 1142/2000[22:33:50] SMILES Parse Error: extra close parentheses while parsing: C1C=CN(C=C1C(=O)N)[C@H]2[C@@H]([C@@H]([C@H](O2)COP(=O)(O)OP(=O)(O)OC[C@@H]3[C@H]([C@H]([C@@H](O3)N4C=NC5=C(N=CN=C54)N)O)O)O)O)N
[22:33:50] SMILES Parse Error: Failed parsing SMILES 'C1C=CN(C=C1C(=O)N)[C@H]2[C@@H]([C@@H]([C@H](O2)COP(=O)(O)OP(=O)(O)OC[C@@H]3[C@H]([C@H]([C@@H](O3)N4C=NC5=C(N=CN=C54)N)O)O)O)O)N' for input: 'C1C=CN(C=C1C(=O)N)[C@H]2[C@@H]([C@@H]([C@H](O2)COP(=O)(O)OP(=O)(O)OC[C@@H]3[C@H]([C@H]([C@@H](O3)N4C=NC5=C(N=CN=C54)N)O)O)O)O)N'

Progress: 1143/2000[22:33:52] SMILES Parse Error: extra close parentheses while parsing: C1C=CN(C(=O)N1)[C@H]2[C@@H]([C@@H]([C@H](O2)COP(=O)([O-])OP(=O)([O-])OC[C@@H]3[C@H]([C@H]([C@@H](O3)N4C=NC5=C(N=CN=C54)N)O)O)O)O)O
[22:33:52] SMILES Parse Error: Failed parsing SMILES 'C1C=CN(C(=O)N1)[C@H]2[C@@H]([C@@H]([C@H](O2)COP(=O)([O-])OP(=O)([O-])OC[C@@H]3[C@H]([C@H]([C@@H](O3)N4C=NC5=C(N=CN=C54)N)O)O)O)O)O' for input: 'C1C=CN(C(=O)N1)[C@H]2[C@@H]([C@@H]([C@H](O2)COP(=O)([O-])OP(=O)([O-])OC[C@@H]3[C@H]([C@H]([C@@H](O3)N4C=NC5=C(N=CN=C54)N)O)O)O)O)O'

Progress: 1144/2000[22:33:54] SMILES Parse Error: unclosed ring for input: 'CC1=C(C(=O)C2=CC3=C(C(=C(N3)C=C4[C@H]([C@@H](C(=N4)C5=C6C(=C(C(=CC1=N2)N6)C)C(=O)[O-])C)CCC(=O)O)CCC(=O)O)C)CCC(=O)O'

Progress: 1145/2000
Progress: 1146/2000[22:33:56] SMILES Parse Error: extra close parentheses while parsing: C1=C(C(=O)NC(=O)N1)[C@H]2[C@@H]([C@@H]([C@H](O2)COP(=O)([O-])OP(=O)([O-])OC[C@@H]3[C@H]([C@H]([C@@H](O3)N4C=NC5=C(N=CN=C54)N)O)O)O)O)N
[22:33:56] SMILES Parse Error: Failed parsing SMILES 'C1=C(C(=O)NC(=O)N1)[C@H]2[C@@H]([C@@H]([C@H](O2)COP(=O)([O-])OP(=O)([O-])OC[C@@H]3[C@H]([C@H]([C@@H](O3)N4C=NC5=C(N=CN=C54)N)O)O)O)O)N' for input: 'C1=C(C(=O)NC(=O)N1)[C@H]2[C@@H]([C@@H]([C@H](O2)COP(=O)([O-])OP(=O)([O-])OC[C@@H]3[C@H]([C@H]([C@@H](O3)N4C=NC5=C(N=CN=C54)N)O)O)O)O)N'

Progress: 1147/2000
Progress: 1148/2000
Progress: 1149/2000
Progress: 1150/2000[22:34:03] SMILES Parse Error: extra close parentheses while parsing: C1=C(C(=O)NC(=O)N1)[C@@H]2[C@H]([C@@H]([C@H](O2)COP(=O)([O-])OP(=O)([O-])OC[C@@H]3[C@H]([C@H]([C@@H](O3)N4C=NC5=C4N=C(NC5=O)N)O)O)O)O)O
[22:34:03] SMILES Parse Error: Failed parsing SMILES 'C1=C(C(=O)NC(=O)N1)[C@@H]2[C@H]([C@@H]([C@H](O2)COP(=O)([O-])OP(=O)([O-])OC[C@@H]3[C@H]([C@H]([C@@H](O3)N4C=NC5=C4N=C(NC5=O)N)O)O)O)O)O' for input: 'C1=C(C(=O)NC(=O)N1)[C@@H]2[C@H]([C@@H]([C@H](O2)COP(=O)([O-])OP(=O)([O-])OC[C@@H]3[C@H]([C@H]([C@@H](O3)N4C=NC5=C4N=C(NC5=O)N)O)O)O)O)O'

Progress: 1151/2000[22:34:05] SMILES Parse Error: extra close parentheses while parsing: C1=C(C(=O)NC(=O)N1)[C@H]2[C@@H]([C@@H]([C@H](O2)COP(=O)([O-])OP(=O)([O-])OC[C@@H]3[C@H]([C@H]([C@@H](O3)N4C=NC5=C(N=CN=C54)N)O)O)O)O)N
[22:34:05] SMILES Parse Error: Failed parsing SMILES 'C1=C(C(=O)NC(=O)N1)[C@H]2[C@@H]([C@@H]([C@H](O2)COP(=O)([O-])OP(=O)([O-])OC[C@@H]3[C@H]([C@H]([C@@H](O3)N4C=NC5=C(N=CN=C54)N)O)O)O)O)N' for input: 'C1=C(C(=O)NC(=O)N1)[C@H]2[C@@H]([C@@H]([C@H](O2)COP(=O)([O-])OP(=O)([O-])OC[C@@H]3[C@H]([C@H]([C@@H](O3)N4C=NC5=C(N=CN=C54)N)O)O)O)O)N'

Progress: 1152/2000[22:34:07] SMILES Parse Error: extra close parentheses while parsing: C1=C(C(=O)NC(=O)N1)[C@H]2[C@@H]([C@@H]([C@H](O2)COP(=O)([O-])OP(=O)([O-])OC[C@@H]3[C@H]([C@H]([C@@H](O3)N4C=NC5=C(N=CN=C54)N)O)O)O)O)N
[22:34:07] SMILES Parse Error: Failed parsing SMILES 'C1=C(C(=O)NC(=O)N1)[C@H]2[C@@H]([C@@H]([C@H](O2)COP(=O)([O-])OP(=O)([O-])OC[C@@H]3[C@H]([C@H]([C@@H](O3)N4C=NC5=C(N=CN=C54)N)O)O)O)O)N' for input: 'C1=C(C(=O)NC(=O)N1)[C@H]2[C@@H]([C@@H]([C@H](O2)COP(=O)([O-])OP(=O)([O-])OC[C@@H]3[C@H]([C@H]([C@@H](O3)N4C=NC5=C(N=CN=C54)N)O)O)O)O)N'

Progress: 1153/2000[22:34:09] SMILES Parse Error: extra close parentheses while parsing: C1[C@@H]([C@H](O[C@H]1N2C=NC3=C2N=C(NC3=O)N)COP(=O)(O)OP(=O)(O)OC[C@@H]4[C@H]([C@H]([C@@H](O4)N5C=NC6=C5N=C(NC6=O)N)O)O)O)O
[22:34:09] SMILES Parse Error: Failed parsing SMILES 'C1[C@@H]([C@H](O[C@H]1N2C=NC3=C2N=C(NC3=O)N)COP(=O)(O)OP(=O)(O)OC[C@@H]4[C@H]([C@H]([C@@H](O4)N5C=NC6=C5N=C(NC6=O)N)O)O)O)O' for input: 'C1[C@@H]([C@H](O[C@H]1N2C=NC3=C2N=C(NC3=O)N)COP(=O)(O)OP(=O)(O)OC[C@@H]4[C@H]([C@H]([C@@H](O4)N5C=NC6=C5N=C(NC6=O)N)O)O)O)O'

Progress: 1154/2000[22:34:10] SMILES Parse Error: extra open parentheses for input: 'CC1=C(C(=O)C2=NC3=C(N=C(NC3=O)[O-])N(C2=C1)C[C@@H]([C@@H]([C@@H](COP(=O)([O-])[O-])O)O)O'

Progress: 1155/2000[22:34:12] SMILES Parse Error: extra close parentheses while parsing: C1[C@@H]([C@H](O[C@H]1N2C=NC3=C2N=C(NC3=O)N)COP(=O)(O)OP(=O)(O)OC[C@@H]4[C@H]([C@H]([C@@H](O4)N5C=NC6=C5N=C(NC6=O)N)O)O)O)O
[22:34:12] SMILES Parse Error: Failed parsing SMILES 'C1[C@@H]([C@H](O[C@H]1N2C=NC3=C2N=C(NC3=O)N)COP(=O)(O)OP(=O)(O)OC[C@@H]4[C@H]([C@H]([C@@H](O4)N5C=NC6=C5N=C(NC6=O)N)O)O)O)O' for input: 'C1[C@@H]([C@H](O[C@H]1N2C=NC3=C2N=C(NC3=O)N)COP(=O)(O)OP(=O)(O)OC[C@@H]4[C@H]([C@H]([C@@H](O4)N5C=NC6=C5N=C(NC6=O)N)O)O)O)O'

Progress: 1156/2000[22:34:14] SMILES Parse Error: extra close parentheses while parsing: C1[C@@H]([C@H](O[C@H]1N2C=NC3=C2N=C(NC3=O)N)COP(=O)(O)OP(=O)(O)OC[C@@H]4[C@H]([C@H]([C@@H](O4)N5C=NC6=C5N=C(NC6=O)N)O)O)O)O
[22:34:14] SMILES Parse Error: Failed parsing SMILES 'C1[C@@H]([C@H](O[C@H]1N2C=NC3=C2N=C(NC3=O)N)COP(=O)(O)OP(=O)(O)OC[C@@H]4[C@H]([C@H]([C@@H](O4)N5C=NC6=C5N=C(NC6=O)N)O)O)O)O' for input: 'C1[C@@H]([C@H](O[C@H]1N2C=NC3=C2N=C(NC3=O)N)COP(=O)(O)OP(=O)(O)OC[C@@H]4[C@H]([C@H]([C@@H](O4)N5C=NC6=C5N=C(NC6=O)N)O)O)O)O'

Progress: 1157/2000[22:34:15] SMILES Parse Error: extra close parentheses while parsing: C1C=CN(C=C1C(=O)N)[C@H]2[C@@H]([C@@H]([C@H](O2)COP(=O)(O)OP(=O)(O)OC[C@@H]3[C@H]([C@H]([C@@H](O3)N4C=NC5=C(N=CN=C54)N)O)O)O)O)N
[22:34:15] SMILES Parse Error: Failed parsing SMILES 'C1C=CN(C=C1C(=O)N)[C@H]2[C@@H]([C@@H]([C@H](O2)COP(=O)(O)OP(=O)(O)OC[C@@H]3[C@H]([C@H]([C@@H](O3)N4C=NC5=C(N=CN=C54)N)O)O)O)O)N' for input: 'C1C=CN(C=C1C(=O)N)[C@H]2[C@@H]([C@@H]([C@H](O2)COP(=O)(O)OP(=O)(O)OC[C@@H]3[C@H]([C@H]([C@@H](O3)N4C=NC5=C(N=CN=C54)N)O)O)O)O)N'

Progress: 1158/2000
Progress: 1159/2000[22:34:19] SMILES Parse Error: extra close parentheses while parsing: C1=C(C(=O)NC(=O)N1)[C@@H]2[C@H]([C@@H]([C@H](O2)COP(=O)([O-])OP(=O)([O-])OC[C@@H]3[C@H]([C@H]([C@@H](O3)N4C=NC5=C(N=CN=C54)N)O)O)O)O)O)N
[22:34:19] SMILES Parse Error: Failed parsing SMILES 'C1=C(C(=O)NC(=O)N1)[C@@H]2[C@H]([C@@H]([C@H](O2)COP(=O)([O-])OP(=O)([O-])OC[C@@H]3[C@H]([C@H]([C@@H](O3)N4C=NC5=C(N=CN=C54)N)O)O)O)O)O)N' for input: 'C1=C(C(=O)NC(=O)N1)[C@@H]2[C@H]([C@@H]([C@H](O2)COP(=O)([O-])OP(=O)([O-])OC[C@@H]3[C@H]([C@H]([C@@H](O3)N4C=NC5=C(N=CN=C54)N)O)O)O)O)O)N'

Progress: 1160/2000
Progress: 1161/2000
Progress: 1162/2000
Progress: 1163/2000[22:34:26] SMILES Parse Error: extra open parentheses for input: 'C[C@H]([C@H]1C(=O)NCC[C@@H](C(=O)N[C@H](C(=O)N[C@@H](C(=O)N[C@H](C(=O)N[C@H](C(=O)N[C@H](C(=O)N1)CC2=CC=CC=C2)CC(C)C)CC(C)C)CC(=O)N)NC(=O)[C@H](CC3=CC=CC=C3)NC(=O)[C@H](CC4=CC=CC=C4)NC(=O)[C@H](CC5=CNC6=CC=CC=C65)N'

Progress: 1164/2000
Progress: 1165/2000
Progress: 1166/2000
Progress: 1167/2000[22:34:34] SMILES Parse Error: extra close parentheses while parsing: C1=C(C(=O)NC(=O)N1)[C@H]2[C@@H]([C@@H]([C@H](O2)COP(=O)([O-])OP(=O)([O-])OC[C@@H]3[C@H]([C@H]([C@@H](O3)N4C=NC5=C(N=CN=C54)N)O)O)O)O)N
[22:34:34] SMILES Parse Error: Failed parsing SMILES 'C1=C(C(=O)NC(=O)N1)[C@H]2[C@@H]([C@@H]([C@H](O2)COP(=O)([O-])OP(=O)([O-])OC[C@@H]3[C@H]([C@H]([C@@H](O3)N4C=NC5=C(N=CN=C54)N)O)O)O)O)N' for input: 'C1=C(C(=O)NC(=O)N1)[C@H]2[C@@H]([C@@H]([C@H](O2)COP(=O)([O-])OP(=O)([O-])OC[C@@H]3[C@H]([C@H]([C@@H](O3)N4C=NC5=C(N=CN=C54)N)O)O)O)O)N'

Progress: 1168/2000[22:34:36] SMILES Parse Error: extra close parentheses while parsing: C1C=CN(C=C1C(=O)N)[C@H]2[C@@H]([C@@H]([C@H](O2)COP(=O)([O-])OP(=O)([O-])OC[C@@H]3[C@H]([C@H]([C@@H](O3)N4C=NC5=C(N=CN=C54)N)O)O)O)O)O
[22:34:36] SMILES Parse Error: Failed parsing SMILES 'C1C=CN(C=C1C(=O)N)[C@H]2[C@@H]([C@@H]([C@H](O2)COP(=O)([O-])OP(=O)([O-])OC[C@@H]3[C@H]([C@H]([C@@H](O3)N4C=NC5=C(N=CN=C54)N)O)O)O)O)O' for input: 'C1C=CN(C=C1C(=O)N)[C@H]2[C@@H]([C@@H]([C@H](O2)COP(=O)([O-])OP(=O)([O-])OC[C@@H]3[C@H]([C@H]([C@@H](O3)N4C=NC5=C(N=CN=C54)N)O)O)O)O)O'

Progress: 1169/2000
Progress: 1170/2000[22:34:39] SMILES Parse Error: extra close parentheses while parsing: C1[C@@H]([C@H](O[C@H]1N2C=NC3=C2N=C(NC3=O)N)COP(=O)(O)OP(=O)(O)OC[C@@H]4[C@H]([C@H]([C@@H](O4)N5C=NC6=C5N=C(NC6=O)N)O)O)O)O
[22:34:39] SMILES Parse Error: Failed parsing SMILES 'C1[C@@H]([C@H](O[C@H]1N2C=NC3=C2N=C(NC3=O)N)COP(=O)(O)OP(=O)(O)OC[C@@H]4[C@H]([C@H]([C@@H](O4)N5C=NC6=C5N=C(NC6=O)N)O)O)O)O' for input: 'C1[C@@H]([C@H](O[C@H]1N2C=NC3=C2N=C(NC3=O)N)COP(=O)(O)OP(=O)(O)OC[C@@H]4[C@H]([C@H]([C@@H](O4)N5C=NC6=C5N=C(NC6=O)N)O)O)O)O'

Progress: 1171/2000[22:34:41] SMILES Parse Error: extra close parentheses while parsing: C1=C(C(=O)NC(=O)N1)[C@@H]2[C@H]([C@@H]([C@H](O2)COP(=O)([O-])OP(=O)([O-])OC[C@@H]3[C@H]([C@H]([C@@H](O3)N4C=NC5=C(N=CN=C54)N)O)O)O)O)O.C1=NC2=C(C(=O)NC2=O)C3=CC=C(C=C3)O)O
[22:34:41] SMILES Parse Error: Failed parsing SMILES 'C1=C(C(=O)NC(=O)N1)[C@@H]2[C@H]([C@@H]([C@H](O2)COP(=O)([O-])OP(=O)([O-])OC[C@@H]3[C@H]([C@H]([C@@H](O3)N4C=NC5=C(N=CN=C54)N)O)O)O)O)O.C1=NC2=C(C(=O)NC2=O)C3=CC=C(C=C3)O)O' for input: 'C1=C(C(=O)NC(=O)N1)[C@@H]2[C@H]([C@@H]([C@H](O2)COP(=O)([O-])OP(=O)([O-])OC[C@@H]3[C@H]([C@H]([C@@H](O3)N4C=NC5=C(N=CN=C54)N)O)O)O)O)O.C1=NC2=C(C(=O)NC2=O)C3=CC=C(C=C3)O)O'

Progress: 1172/2000[22:34:43] SMILES Parse Error: extra close parentheses while parsing: C1C=CN(C=C1C(=O)N)[C@H]2[C@@H]([C@@H]([C@H](O2)COP(=O)(O)OP(=O)(O)OC[C@@H]3[C@H]([C@H]([C@@H](O3)N4C=NC5=C(N=CN=C54)N)O)O)O)O)N
[22:34:43] SMILES Parse Error: Failed parsing SMILES 'C1C=CN(C=C1C(=O)N)[C@H]2[C@@H]([C@@H]([C@H](O2)COP(=O)(O)OP(=O)(O)OC[C@@H]3[C@H]([C@H]([C@@H](O3)N4C=NC5=C(N=CN=C54)N)O)O)O)O)N' for input: 'C1C=CN(C=C1C(=O)N)[C@H]2[C@@H]([C@@H]([C@H](O2)COP(=O)(O)OP(=O)(O)OC[C@@H]3[C@H]([C@H]([C@@H](O3)N4C=NC5=C(N=CN=C54)N)O)O)O)O)N'

Progress: 1173/2000
Progress: 1174/2000[22:34:47] SMILES Parse Error: extra open parentheses for input: 'C1C=CN(C=C1C(=O)N)[C@@H]2[C@@H]([C@H]([C@@H]([C@H](O2)COP(=O)([O-])OP(=O)([O-])OC[C@@H]3[C@H]([C@H]([C@@H](O3)N4C=NC5=C(N=CN=C54)N)O)O)O)O'

Progress: 1175/2000
Progress: 1176/2000[22:34:50] SMILES Parse Error: extra close parentheses while parsing: C1=C(C(=O)NC(=O)N1)[C@H]2[C@@H]([C@@H]([C@H](O2)COP(=O)([O-])OP(=O)([O-])OC[C@@H]3[C@H]([C@H]([C@@H](O3)N4C=NC5=C(N=CN=C54)N)O)O)O)O)C(=O)N
[22:34:50] SMILES Parse Error: Failed parsing SMILES 'C1=C(C(=O)NC(=O)N1)[C@H]2[C@@H]([C@@H]([C@H](O2)COP(=O)([O-])OP(=O)([O-])OC[C@@H]3[C@H]([C@H]([C@@H](O3)N4C=NC5=C(N=CN=C54)N)O)O)O)O)C(=O)N' for input: 'C1=C(C(=O)NC(=O)N1)[C@H]2[C@@H]([C@@H]([C@H](O2)COP(=O)([O-])OP(=O)([O-])OC[C@@H]3[C@H]([C@H]([C@@H](O3)N4C=NC5=C(N=CN=C54)N)O)O)O)O)C(=O)N'

Progress: 1177/2000
Progress: 1178/2000[22:34:54] SMILES Parse Error: extra close parentheses while parsing: C1=C(C(=O)NC(=O)N1)[C@@H]2[C@H]([C@@H]([C@H](O2)COP(=O)([O-])OP(=O)([O-])OC[C@@H]3[C@H]([C@H]([C@@H](O3)N4C=NC5=C(N=CN=C54)N)O)O)O)O)O)N
[22:34:54] SMILES Parse Error: Failed parsing SMILES 'C1=C(C(=O)NC(=O)N1)[C@@H]2[C@H]([C@@H]([C@H](O2)COP(=O)([O-])OP(=O)([O-])OC[C@@H]3[C@H]([C@H]([C@@H](O3)N4C=NC5=C(N=CN=C54)N)O)O)O)O)O)N' for input: 'C1=C(C(=O)NC(=O)N1)[C@@H]2[C@H]([C@@H]([C@H](O2)COP(=O)([O-])OP(=O)([O-])OC[C@@H]3[C@H]([C@H]([C@@H](O3)N4C=NC5=C(N=CN=C54)N)O)O)O)O)O)N'

Progress: 1179/2000[22:34:56] SMILES Parse Error: extra close parentheses while parsing: C1=C(C(=O)NC(=O)N1)[C@H]2[C@@H]([C@@H]([C@H](O2)COP(=O)([O-])OP(=O)([O-])OC[C@@H]3[C@H]([C@H]([C@@H](O3)N4C=NC5=C(N=CN=C54)N)O)O)O)O)N
[22:34:56] SMILES Parse Error: Failed parsing SMILES 'C1=C(C(=O)NC(=O)N1)[C@H]2[C@@H]([C@@H]([C@H](O2)COP(=O)([O-])OP(=O)([O-])OC[C@@H]3[C@H]([C@H]([C@@H](O3)N4C=NC5=C(N=CN=C54)N)O)O)O)O)N' for input: 'C1=C(C(=O)NC(=O)N1)[C@H]2[C@@H]([C@@H]([C@H](O2)COP(=O)([O-])OP(=O)([O-])OC[C@@H]3[C@H]([C@H]([C@@H](O3)N4C=NC5=C(N=CN=C54)N)O)O)O)O)N'

Progress: 1180/2000[22:34:58] SMILES Parse Error: extra close parentheses while parsing: C1=C(C(=O)NC(=O)N1)[C@H]2[C@@H]([C@@H]([C@H](O2)COP(=O)([O-])OP(=O)([O-])OC[C@@H]3[C@H]([C@H]([C@@H](O3)N4C=NC5=C(N=CN=C54)N)O)O)O)O)O
[22:34:58] SMILES Parse Error: Failed parsing SMILES 'C1=C(C(=O)NC(=O)N1)[C@H]2[C@@H]([C@@H]([C@H](O2)COP(=O)([O-])OP(=O)([O-])OC[C@@H]3[C@H]([C@H]([C@@H](O3)N4C=NC5=C(N=CN=C54)N)O)O)O)O)O' for input: 'C1=C(C(=O)NC(=O)N1)[C@H]2[C@@H]([C@@H]([C@H](O2)COP(=O)([O-])OP(=O)([O-])OC[C@@H]3[C@H]([C@H]([C@@H](O3)N4C=NC5=C(N=CN=C54)N)O)O)O)O)O'

Progress: 1181/2000[22:35:00] SMILES Parse Error: extra close parentheses while parsing: C1=C(C(=O)NC(=O)N1)[C@@H]2[C@H]([C@@H]([C@H](O2)COP(=O)([O-])OP(=O)([O-])OC[C@@H]3[C@H]([C@H]([C@@H](O3)N4C=NC5=C(N=CN=C54)N)O)O)O)O)O
[22:35:00] SMILES Parse Error: Failed parsing SMILES 'C1=C(C(=O)NC(=O)N1)[C@@H]2[C@H]([C@@H]([C@H](O2)COP(=O)([O-])OP(=O)([O-])OC[C@@H]3[C@H]([C@H]([C@@H](O3)N4C=NC5=C(N=CN=C54)N)O)O)O)O)O' for input: 'C1=C(C(=O)NC(=O)N1)[C@@H]2[C@H]([C@@H]([C@H](O2)COP(=O)([O-])OP(=O)([O-])OC[C@@H]3[C@H]([C@H]([C@@H](O3)N4C=NC5=C(N=CN=C54)N)O)O)O)O)O'

Progress: 1182/2000
Progress: 1183/2000[22:35:04] SMILES Parse Error: extra close parentheses while parsing: C1=C(C(=O)NC(=O)N1)[C@H]2[C@@H]([C@@H]([C@H](O2)COP(=O)([O-])OP(=O)([O-])OC[C@@H]3[C@H]([C@H]([C@@H](O3)N4C=NC5=C(N=CN=C54)N)O)O)O)O)N
[22:35:04] SMILES Parse Error: Failed parsing SMILES 'C1=C(C(=O)NC(=O)N1)[C@H]2[C@@H]([C@@H]([C@H](O2)COP(=O)([O-])OP(=O)([O-])OC[C@@H]3[C@H]([C@H]([C@@H](O3)N4C=NC5=C(N=CN=C54)N)O)O)O)O)N' for input: 'C1=C(C(=O)NC(=O)N1)[C@H]2[C@@H]([C@@H]([C@H](O2)COP(=O)([O-])OP(=O)([O-])OC[C@@H]3[C@H]([C@H]([C@@H](O3)N4C=NC5=C(N=CN=C54)N)O)O)O)O)N'

Progress: 1184/2000
Progress: 1185/2000[22:35:07] SMILES Parse Error: extra close parentheses while parsing: C1=C(C(=O)NC(=O)N1)[C@H]2[C@@H]([C@@H]([C@H](O2)COP(=O)([O-])OP(=O)([O-])OC[C@@H]3[C@H]([C@H]([C@@H](O3)N4C=NC5=C(N=CN=C54)N)O)O)O)O)N
[22:35:07] SMILES Parse Error: Failed parsing SMILES 'C1=C(C(=O)NC(=O)N1)[C@H]2[C@@H]([C@@H]([C@H](O2)COP(=O)([O-])OP(=O)([O-])OC[C@@H]3[C@H]([C@H]([C@@H](O3)N4C=NC5=C(N=CN=C54)N)O)O)O)O)N' for input: 'C1=C(C(=O)NC(=O)N1)[C@H]2[C@@H]([C@@H]([C@H](O2)COP(=O)([O-])OP(=O)([O-])OC[C@@H]3[C@H]([C@H]([C@@H](O3)N4C=NC5=C(N=CN=C54)N)O)O)O)O)N'

Progress: 1186/2000
Progress: 1187/2000
Progress: 1188/2000[22:35:11] SMILES Parse Error: extra close parentheses while parsing: C1=C(C(=O)NC(=O)N1)[C@H]2[C@@H]([C@@H]([C@H](O2)COP(=O)([O-])OP(=O)([O-])OC[C@@H]3[C@H]([C@H]([C@@H](O3)N4C=NC5=C(N=CN=C54)N)O)O)O)O)O
[22:35:11] SMILES Parse Error: Failed parsing SMILES 'C1=C(C(=O)NC(=O)N1)[C@H]2[C@@H]([C@@H]([C@H](O2)COP(=O)([O-])OP(=O)([O-])OC[C@@H]3[C@H]([C@H]([C@@H](O3)N4C=NC5=C(N=CN=C54)N)O)O)O)O)O' for input: 'C1=C(C(=O)NC(=O)N1)[C@H]2[C@@H]([C@@H]([C@H](O2)COP(=O)([O-])OP(=O)([O-])OC[C@@H]3[C@H]([C@H]([C@@H](O3)N4C=NC5=C(N=CN=C54)N)O)O)O)O)O'

Progress: 1189/2000[22:35:13] SMILES Parse Error: extra close parentheses while parsing: C1C=CN(C=C1C(=O)N)[C@H]2[C@@H]([C@@H]([C@H](O2)COP(=O)([O-])OP(=O)([O-])OC[C@@H]3[C@H]([C@H]([C@@H](O3)N4C=NC5=C(N=CN=C54)N)O)O)O)O)O
[22:35:13] SMILES Parse Error: Failed parsing SMILES 'C1C=CN(C=C1C(=O)N)[C@H]2[C@@H]([C@@H]([C@H](O2)COP(=O)([O-])OP(=O)([O-])OC[C@@H]3[C@H]([C@H]([C@@H](O3)N4C=NC5=C(N=CN=C54)N)O)O)O)O)O' for input: 'C1C=CN(C=C1C(=O)N)[C@H]2[C@@H]([C@@H]([C@H](O2)COP(=O)([O-])OP(=O)([O-])OC[C@@H]3[C@H]([C@H]([C@@H](O3)N4C=NC5=C(N=CN=C54)N)O)O)O)O)O'

Progress: 1190/2000[22:35:15] SMILES Parse Error: extra close parentheses while parsing: C1[C@@H]([C@H](O[C@H]1N2C=NC3=C2N=C(NC3=O)N)COP(=O)(O)OP(=O)(O)OC[C@@H]4[C@H]([C@H]([C@@H](O4)N5C=NC6=C5N=C(NC6=O)N)O)O)O)O
[22:35:15] SMILES Parse Error: Failed parsing SMILES 'C1[C@@H]([C@H](O[C@H]1N2C=NC3=C2N=C(NC3=O)N)COP(=O)(O)OP(=O)(O)OC[C@@H]4[C@H]([C@H]([C@@H](O4)N5C=NC6=C5N=C(NC6=O)N)O)O)O)O' for input: 'C1[C@@H]([C@H](O[C@H]1N2C=NC3=C2N=C(NC3=O)N)COP(=O)(O)OP(=O)(O)OC[C@@H]4[C@H]([C@H]([C@@H](O4)N5C=NC6=C5N=C(NC6=O)N)O)O)O)O'

Progress: 1191/2000
Progress: 1192/2000[22:35:19] SMILES Parse Error: extra close parentheses while parsing: C1=C(C(=O)NC(=O)N1)[C@@H]2[C@H]([C@@H]([C@H](O2)COP(=O)([O-])OP(=O)([O-])OC[C@@H]3[C@H]([C@H]([C@@H](O3)N4C=NC5=C(N=CN=C54)N)O)O)O)O)O)N
[22:35:19] SMILES Parse Error: Failed parsing SMILES 'C1=C(C(=O)NC(=O)N1)[C@@H]2[C@H]([C@@H]([C@H](O2)COP(=O)([O-])OP(=O)([O-])OC[C@@H]3[C@H]([C@H]([C@@H](O3)N4C=NC5=C(N=CN=C54)N)O)O)O)O)O)N' for input: 'C1=C(C(=O)NC(=O)N1)[C@@H]2[C@H]([C@@H]([C@H](O2)COP(=O)([O-])OP(=O)([O-])OC[C@@H]3[C@H]([C@H]([C@@H](O3)N4C=NC5=C(N=CN=C54)N)O)O)O)O)O)N'

Progress: 1193/2000
Progress: 1194/2000
Progress: 1195/2000
Progress: 1196/2000
Progress: 1197/2000
Progress: 1198/2000
Progress: 1199/2000[22:35:30] SMILES Parse Error: extra close parentheses while parsing: C1=C(C(=O)NC(=O)N1)[C@H]2[C@@H]([C@@H]([C@H](O2)COP(=O)([O-])OP(=O)([O-])OC[C@@H]3[C@H]([C@H]([C@@H](O3)N4C=NC5=C(N=CN=C54)N)O)O)O)O)N
[22:35:30] SMILES Parse Error: Failed parsing SMILES 'C1=C(C(=O)NC(=O)N1)[C@H]2[C@@H]([C@@H]([C@H](O2)COP(=O)([O-])OP(=O)([O-])OC[C@@H]3[C@H]([C@H]([C@@H](O3)N4C=NC5=C(N=CN=C54)N)O)O)O)O)N' for input: 'C1=C(C(=O)NC(=O)N1)[C@H]2[C@@H]([C@@H]([C@H](O2)COP(=O)([O-])OP(=O)([O-])OC[C@@H]3[C@H]([C@H]([C@@H](O3)N4C=NC5=C(N=CN=C54)N)O)O)O)O)N'

Progress: 1200/2000
Progress: 1201/2000[22:35:32] SMILES Parse Error: extra close parentheses while parsing: C1[C@@H]([C@H](O[C@H]1N2C=NC3=C2N=C(NC3=O)N)COP(=O)(O)OP(=O)(O)OC[C@@H]4[C@H]([C@H]([C@@H](O4)N5C=NC6=C5N=C(NC6=O)N)O)O)O)O
[22:35:32] SMILES Parse Error: Failed parsing SMILES 'C1[C@@H]([C@H](O[C@H]1N2C=NC3=C2N=C(NC3=O)N)COP(=O)(O)OP(=O)(O)OC[C@@H]4[C@H]([C@H]([C@@H](O4)N5C=NC6=C5N=C(NC6=O)N)O)O)O)O' for input: 'C1[C@@H]([C@H](O[C@H]1N2C=NC3=C2N=C(NC3=O)N)COP(=O)(O)OP(=O)(O)OC[C@@H]4[C@H]([C@H]([C@@H](O4)N5C=NC6=C5N=C(NC6=O)N)O)O)O)O'

Progress: 1202/2000[22:35:34] SMILES Parse Error: extra close parentheses while parsing: C1[C@@H]([C@H](O[C@H]1N2C=NC3=C2N=C(NC3=O)N)COP(=O)(O)OP(=O)(O)OC[C@@H]4[C@H]([C@H]([C@@H](O4)N5C=NC6=C5N=C(NC6=O)N)O)O)O)O
[22:35:34] SMILES Parse Error: Failed parsing SMILES 'C1[C@@H]([C@H](O[C@H]1N2C=NC3=C2N=C(NC3=O)N)COP(=O)(O)OP(=O)(O)OC[C@@H]4[C@H]([C@H]([C@@H](O4)N5C=NC6=C5N=C(NC6=O)N)O)O)O)O' for input: 'C1[C@@H]([C@H](O[C@H]1N2C=NC3=C2N=C(NC3=O)N)COP(=O)(O)OP(=O)(O)OC[C@@H]4[C@H]([C@H]([C@@H](O4)N5C=NC6=C5N=C(NC6=O)N)O)O)O)O'

Progress: 1203/2000
Progress: 1204/2000
Progress: 1205/2000
Progress: 1206/2000
Progress: 1207/2000
Progress: 1208/2000
Progress: 1209/2000
Progress: 1210/2000
Progress: 1211/2000
Progress: 1212/2000[22:35:51] SMILES Parse Error: extra close parentheses while parsing: C1=C(C(=O)NC(=O)N1)[C@H]2[C@@H]([C@@H]([C@H](O2)COP(=O)(O)OP(=O)(O)OC[C@@H]3[C@H]([C@H]([C@@H](O3)N4C=NC5=C(N=CN=C54)N)O)O)O)O)O
[22:35:51] SMILES Parse Error: Failed parsing SMILES 'C1=C(C(=O)NC(=O)N1)[C@H]2[C@@H]([C@@H]([C@H](O2)COP(=O)(O)OP(=O)(O)OC[C@@H]3[C@H]([C@H]([C@@H](O3)N4C=NC5=C(N=CN=C54)N)O)O)O)O)O' for input: 'C1=C(C(=O)NC(=O)N1)[C@H]2[C@@H]([C@@H]([C@H](O2)COP(=O)(O)OP(=O)(O)OC[C@@H]3[C@H]([C@H]([C@@H](O3)N4C=NC5=C(N=CN=C54)N)O)O)O)O)O'

Progress: 1213/2000
Progress: 1214/2000[22:35:55] SMILES Parse Error: extra close parentheses while parsing: C1=C(C(=O)NC(=O)N1)[C@@H]2[C@H]([C@@H]([C@H](O2)COP(=O)([O-])OP(=O)([O-])OC[C@@H]3[C@H]([C@H]([C@@H](O3)N4C=NC5=C(N=CN=C54)N)O)O)O)O)N
[22:35:55] SMILES Parse Error: Failed parsing SMILES 'C1=C(C(=O)NC(=O)N1)[C@@H]2[C@H]([C@@H]([C@H](O2)COP(=O)([O-])OP(=O)([O-])OC[C@@H]3[C@H]([C@H]([C@@H](O3)N4C=NC5=C(N=CN=C54)N)O)O)O)O)N' for input: 'C1=C(C(=O)NC(=O)N1)[C@@H]2[C@H]([C@@H]([C@H](O2)COP(=O)([O-])OP(=O)([O-])OC[C@@H]3[C@H]([C@H]([C@@H](O3)N4C=NC5=C(N=CN=C54)N)O)O)O)O)N'

Progress: 1215/2000
Progress: 1216/2000
Progress: 1217/2000[22:35:59] SMILES Parse Error: extra close parentheses while parsing: C1=C(C(=O)NC(=O)N1)[C@@H]2[C@H]([C@@H]([C@H](O2)COP(=O)(O)OP(=O)(O)OC[C@@H]3[C@H]([C@H]([C@@H](O3)N4C=NC5=C(N=CN=C54)N)O)O)O)O)O
[22:35:59] SMILES Parse Error: Failed parsing SMILES 'C1=C(C(=O)NC(=O)N1)[C@@H]2[C@H]([C@@H]([C@H](O2)COP(=O)(O)OP(=O)(O)OC[C@@H]3[C@H]([C@H]([C@@H](O3)N4C=NC5=C(N=CN=C54)N)O)O)O)O)O' for input: 'C1=C(C(=O)NC(=O)N1)[C@@H]2[C@H]([C@@H]([C@H](O2)COP(=O)(O)OP(=O)(O)OC[C@@H]3[C@H]([C@H]([C@@H](O3)N4C=NC5=C(N=CN=C54)N)O)O)O)O)O'

Progress: 1218/2000
Progress: 1219/2000
Progress: 1220/2000[22:36:03] SMILES Parse Error: extra close parentheses while parsing: C1C=CN(C=C1C(=O)N)[C@H]2[C@@H]([C@@H]([C@H](O2)COP(=O)([O-])OP(=O)([O-])OC[C@@H]3[C@H]([C@H]([C@@H](O3)N4C=NC5=C(N=CN=C54)N)O)O)O)O)O
[22:36:03] SMILES Parse Error: Failed parsing SMILES 'C1C=CN(C=C1C(=O)N)[C@H]2[C@@H]([C@@H]([C@H](O2)COP(=O)([O-])OP(=O)([O-])OC[C@@H]3[C@H]([C@H]([C@@H](O3)N4C=NC5=C(N=CN=C54)N)O)O)O)O)O' for input: 'C1C=CN(C=C1C(=O)N)[C@H]2[C@@H]([C@@H]([C@H](O2)COP(=O)([O-])OP(=O)([O-])OC[C@@H]3[C@H]([C@H]([C@@H](O3)N4C=NC5=C(N=CN=C54)N)O)O)O)O)O'

Progress: 1221/2000
Progress: 1222/2000
Progress: 1223/2000[22:36:08] SMILES Parse Error: extra close parentheses while parsing: C1C=CN(C=C1C(=O)N)[C@@H]2[C@@H]([C@H]([C@@H](O2)COP(=O)(O)OP(=O)(O)OC[C@@H]3[C@H]([C@H]([C@@H](O3)N4C=NC5=C(N=CN=C54)N)O)O)O)O)N
[22:36:08] SMILES Parse Error: Failed parsing SMILES 'C1C=CN(C=C1C(=O)N)[C@@H]2[C@@H]([C@H]([C@@H](O2)COP(=O)(O)OP(=O)(O)OC[C@@H]3[C@H]([C@H]([C@@H](O3)N4C=NC5=C(N=CN=C54)N)O)O)O)O)N' for input: 'C1C=CN(C=C1C(=O)N)[C@@H]2[C@@H]([C@H]([C@@H](O2)COP(=O)(O)OP(=O)(O)OC[C@@H]3[C@H]([C@H]([C@@H](O3)N4C=NC5=C(N=CN=C54)N)O)O)O)O)N'

Progress: 1224/2000[22:36:10] SMILES Parse Error: extra close parentheses while parsing: C1=C(C(=O)NC(=O)N1[C@H]2[C@@H]([C@@H]([C@H](O2)COP(=O)([O-])OP(=O)([O-])OC[C@@H]3[C@H]([C@H]([C@@H](O3)N4C=NC5=C(N=CN=C54)N)O)O)O)O)O)N
[22:36:10] SMILES Parse Error: Failed parsing SMILES 'C1=C(C(=O)NC(=O)N1[C@H]2[C@@H]([C@@H]([C@H](O2)COP(=O)([O-])OP(=O)([O-])OC[C@@H]3[C@H]([C@H]([C@@H](O3)N4C=NC5=C(N=CN=C54)N)O)O)O)O)O)N' for input: 'C1=C(C(=O)NC(=O)N1[C@H]2[C@@H]([C@@H]([C@H](O2)COP(=O)([O-])OP(=O)([O-])OC[C@@H]3[C@H]([C@H]([C@@H](O3)N4C=NC5=C(N=CN=C54)N)O)O)O)O)O)N'

Progress: 1225/2000[22:36:12] SMILES Parse Error: extra close parentheses while parsing: C1=C(C(=O)NC(=O)N1)[C@H]2[C@@H]([C@@H]([C@H](O2)COP(=O)([O-])OP(=O)([O-])OC[C@@H]3[C@H]([C@H]([C@@H](O3)N4C=NC5=C(N=CN=C54)N)O)O)O)O)C(=O)N
[22:36:12] SMILES Parse Error: Failed parsing SMILES 'C1=C(C(=O)NC(=O)N1)[C@H]2[C@@H]([C@@H]([C@H](O2)COP(=O)([O-])OP(=O)([O-])OC[C@@H]3[C@H]([C@H]([C@@H](O3)N4C=NC5=C(N=CN=C54)N)O)O)O)O)C(=O)N' for input: 'C1=C(C(=O)NC(=O)N1)[C@H]2[C@@H]([C@@H]([C@H](O2)COP(=O)([O-])OP(=O)([O-])OC[C@@H]3[C@H]([C@H]([C@@H](O3)N4C=NC5=C(N=CN=C54)N)O)O)O)O)C(=O)N'

Progress: 1226/2000[22:36:14] SMILES Parse Error: extra open parentheses for input: 'CC1=C(C(=O)C2=NC3=C(N=C(NC3=O)[O-])N(C2=C1)C[C@@H]([C@@H]([C@@H](COP(=O)([O-])[O-])O)O)O'

Progress: 1227/2000[22:36:15] SMILES Parse Error: extra close parentheses while parsing: C1[C@@H]([C@H](O[C@H]1N2C=NC3=C2N=C(NC3=O)N)COP(=O)(O)OP(=O)(O)OC[C@@H]4[C@H]([C@H]([C@@H](O4)N5C=NC6=C5N=C(NC6=O)N)O)O)O)O
[22:36:15] SMILES Parse Error: Failed parsing SMILES 'C1[C@@H]([C@H](O[C@H]1N2C=NC3=C2N=C(NC3=O)N)COP(=O)(O)OP(=O)(O)OC[C@@H]4[C@H]([C@H]([C@@H](O4)N5C=NC6=C5N=C(NC6=O)N)O)O)O)O' for input: 'C1[C@@H]([C@H](O[C@H]1N2C=NC3=C2N=C(NC3=O)N)COP(=O)(O)OP(=O)(O)OC[C@@H]4[C@H]([C@H]([C@@H](O4)N5C=NC6=C5N=C(NC6=O)N)O)O)O)O'

Progress: 1228/2000
Progress: 1229/2000
Progress: 1230/2000
Progress: 1231/2000[22:36:21] SMILES Parse Error: extra close parentheses while parsing: C1=C(C(=O)NC(=O)N1)[C@@H]2[C@H]([C@@H]([C@H](O2)COP(=O)(O)OP(=O)(O)OC[C@@H]3[C@H]([C@H]([C@@H](O3)N4C=NC5=C(N=CN=C54)N)O)O)O)O)O
[22:36:21] SMILES Parse Error: Failed parsing SMILES 'C1=C(C(=O)NC(=O)N1)[C@@H]2[C@H]([C@@H]([C@H](O2)COP(=O)(O)OP(=O)(O)OC[C@@H]3[C@H]([C@H]([C@@H](O3)N4C=NC5=C(N=CN=C54)N)O)O)O)O)O' for input: 'C1=C(C(=O)NC(=O)N1)[C@@H]2[C@H]([C@@H]([C@H](O2)COP(=O)(O)OP(=O)(O)OC[C@@H]3[C@H]([C@H]([C@@H](O3)N4C=NC5=C(N=CN=C54)N)O)O)O)O)O'

Progress: 1232/2000
Progress: 1233/2000
Progress: 1234/2000
Progress: 1235/2000[22:36:27] SMILES Parse Error: extra close parentheses while parsing: C1[C@@H]([C@H](O[C@H]1N2C=NC3=C2N=C(NC3=O)N)COP(=O)(O)OP(=O)(O)OC[C@@H]4[C@H]([C@H]([C@@H](O4)N5C=NC6=C5N=C(NC6=O)N)O)O)O)O
[22:36:27] SMILES Parse Error: Failed parsing SMILES 'C1[C@@H]([C@H](O[C@H]1N2C=NC3=C2N=C(NC3=O)N)COP(=O)(O)OP(=O)(O)OC[C@@H]4[C@H]([C@H]([C@@H](O4)N5C=NC6=C5N=C(NC6=O)N)O)O)O)O' for input: 'C1[C@@H]([C@H](O[C@H]1N2C=NC3=C2N=C(NC3=O)N)COP(=O)(O)OP(=O)(O)OC[C@@H]4[C@H]([C@H]([C@@H](O4)N5C=NC6=C5N=C(NC6=O)N)O)O)O)O'

Progress: 1236/2000
Progress: 1237/2000[22:36:30] SMILES Parse Error: extra close parentheses while parsing: C1=C(C(=O)NC(=O)N1)[C@H]2[C@@H]([C@@H]([C@H](O2)COP(=O)([O-])OP(=O)([O-])OC[C@@H]3[C@H]([C@H]([C@@H](O3)N4C=NC5=C(N=CN=C54)N)O)O)O)O)N
[22:36:30] SMILES Parse Error: Failed parsing SMILES 'C1=C(C(=O)NC(=O)N1)[C@H]2[C@@H]([C@@H]([C@H](O2)COP(=O)([O-])OP(=O)([O-])OC[C@@H]3[C@H]([C@H]([C@@H](O3)N4C=NC5=C(N=CN=C54)N)O)O)O)O)N' for input: 'C1=C(C(=O)NC(=O)N1)[C@H]2[C@@H]([C@@H]([C@H](O2)COP(=O)([O-])OP(=O)([O-])OC[C@@H]3[C@H]([C@H]([C@@H](O3)N4C=NC5=C(N=CN=C54)N)O)O)O)O)N'

Progress: 1238/2000[22:36:32] SMILES Parse Error: extra close parentheses while parsing: C1=C(C(=O)NC(=O)N1)[C@H]2[C@@H]([C@@H]([C@H](O2)COP(=O)([O-])OP(=O)([O-])OC[C@@H]3[C@H]([C@H]([C@@H](O3)N4C=NC5=C4N=C(NC5=O)N)O)O)O)O)N
[22:36:32] SMILES Parse Error: Failed parsing SMILES 'C1=C(C(=O)NC(=O)N1)[C@H]2[C@@H]([C@@H]([C@H](O2)COP(=O)([O-])OP(=O)([O-])OC[C@@H]3[C@H]([C@H]([C@@H](O3)N4C=NC5=C4N=C(NC5=O)N)O)O)O)O)N' for input: 'C1=C(C(=O)NC(=O)N1)[C@H]2[C@@H]([C@@H]([C@H](O2)COP(=O)([O-])OP(=O)([O-])OC[C@@H]3[C@H]([C@H]([C@@H](O3)N4C=NC5=C4N=C(NC5=O)N)O)O)O)O)N'

Progress: 1239/2000[22:36:34] SMILES Parse Error: extra close parentheses while parsing: C1=C(C(=O)NC(=O)N1[C@H]2[C@@H]([C@@H]([C@H](O2)COP(=O)([O-])OP(=O)([O-])OC[C@@H]3[C@H]([C@H]([C@@H](O3)N4C=NC5=C(N=CN=C54)N)O)O)O)O)O)N
[22:36:34] SMILES Parse Error: Failed parsing SMILES 'C1=C(C(=O)NC(=O)N1[C@H]2[C@@H]([C@@H]([C@H](O2)COP(=O)([O-])OP(=O)([O-])OC[C@@H]3[C@H]([C@H]([C@@H](O3)N4C=NC5=C(N=CN=C54)N)O)O)O)O)O)N' for input: 'C1=C(C(=O)NC(=O)N1[C@H]2[C@@H]([C@@H]([C@H](O2)COP(=O)([O-])OP(=O)([O-])OC[C@@H]3[C@H]([C@H]([C@@H](O3)N4C=NC5=C(N=CN=C54)N)O)O)O)O)O)N'

Progress: 1240/2000[22:36:36] SMILES Parse Error: unclosed ring for input: 'CC1=C(C(=O)C2=CC3=C(C(=C(N3)C=C4[C@H]([C@@H](C(=N4)C5=C6C(=C(C(=CC1=N2)N6)C)C(=O)[O-])C)CCC(=O)O)CCC(=O)O)C)CCC(=O)O'

Progress: 1241/2000
Progress: 1242/2000[22:36:40] SMILES Parse Error: extra close parentheses while parsing: C1=C(C(=O)NC(=O)N1)[C@H]2[C@@H]([C@@H]([C@H](O2)COP(=O)([O-])OP(=O)([O-])OC[C@@H]3[C@H]([C@H]([C@@H](O3)N4C=NC5=C(N=CN=C54)N)O)O)O)O)N
[22:36:40] SMILES Parse Error: Failed parsing SMILES 'C1=C(C(=O)NC(=O)N1)[C@H]2[C@@H]([C@@H]([C@H](O2)COP(=O)([O-])OP(=O)([O-])OC[C@@H]3[C@H]([C@H]([C@@H](O3)N4C=NC5=C(N=CN=C54)N)O)O)O)O)N' for input: 'C1=C(C(=O)NC(=O)N1)[C@H]2[C@@H]([C@@H]([C@H](O2)COP(=O)([O-])OP(=O)([O-])OC[C@@H]3[C@H]([C@H]([C@@H](O3)N4C=NC5=C(N=CN=C54)N)O)O)O)O)N'

Progress: 1243/2000
Progress: 1244/2000[22:36:43] SMILES Parse Error: extra open parentheses for input: 'CC1=C(C(=O)C2=NC3=C(N=C(NC3=O)[O-])N(C2=C1)C[C@@H]([C@@H]([C@@H](COP(=O)([O-])[O-])O)O)O'

Progress: 1245/2000
Progress: 1246/2000
Progress: 1247/2000
Progress: 1248/2000[22:36:51] SMILES Parse Error: extra close parentheses while parsing: C1[C@@H]([C@H](O[C@H]1N2C=NC3=C2N=C(NC3=O)N)COP(=O)(O)OP(=O)(O)OC[C@@H]4[C@H]([C@H]([C@@H](O4)N5C=NC6=C5N=C(NC6=O)N)O)O)O)O
[22:36:51] SMILES Parse Error: Failed parsing SMILES 'C1[C@@H]([C@H](O[C@H]1N2C=NC3=C2N=C(NC3=O)N)COP(=O)(O)OP(=O)(O)OC[C@@H]4[C@H]([C@H]([C@@H](O4)N5C=NC6=C5N=C(NC6=O)N)O)O)O)O' for input: 'C1[C@@H]([C@H](O[C@H]1N2C=NC3=C2N=C(NC3=O)N)COP(=O)(O)OP(=O)(O)OC[C@@H]4[C@H]([C@H]([C@@H](O4)N5C=NC6=C5N=C(NC6=O)N)O)O)O)O'

Progress: 1249/2000
Progress: 1250/2000[22:36:56] SMILES Parse Error: extra close parentheses while parsing: CCC1=C(C2=NC1=CC3=C(C4=C(N3)C(=C5[C@H]([C@@H](C(=CC6=NC(=C2)C(=C6C)C=C)N5)C)CCC(=O)O)C4=N3)O)C)C
[22:36:56] SMILES Parse Error: Failed parsing SMILES 'CCC1=C(C2=NC1=CC3=C(C4=C(N3)C(=C5[C@H]([C@@H](C(=CC6=NC(=C2)C(=C6C)C=C)N5)C)CCC(=O)O)C4=N3)O)C)C' for input: 'CCC1=C(C2=NC1=CC3=C(C4=C(N3)C(=C5[C@H]([C@@H](C(=CC6=NC(=C2)C(=C6C)C=C)N5)C)CCC(=O)O)C4=N3)O)C)C'

Progress: 1251/2000[22:36:58] SMILES Parse Error: extra close parentheses while parsing: C1=C(C(=O)NC(=O)N1)[C@H]2[C@@H]([C@@H]([C@H](O2)COP(=O)([O-])OP(=O)([O-])OC[C@@H]3[C@H]([C@H]([C@@H](O3)N4C=NC5=C4N=C(NC5=O)N)O)O)O)O)N
[22:36:58] SMILES Parse Error: Failed parsing SMILES 'C1=C(C(=O)NC(=O)N1)[C@H]2[C@@H]([C@@H]([C@H](O2)COP(=O)([O-])OP(=O)([O-])OC[C@@H]3[C@H]([C@H]([C@@H](O3)N4C=NC5=C4N=C(NC5=O)N)O)O)O)O)N' for input: 'C1=C(C(=O)NC(=O)N1)[C@H]2[C@@H]([C@@H]([C@H](O2)COP(=O)([O-])OP(=O)([O-])OC[C@@H]3[C@H]([C@H]([C@@H](O3)N4C=NC5=C4N=C(NC5=O)N)O)O)O)O)N'

Progress: 1252/2000[22:37:00] SMILES Parse Error: extra close parentheses while parsing: C1[C@@H]([C@H](O[C@H]1N2C=NC3=C2N=C(NC3=O)N)COP(=O)(O)OP(=O)(O)OC[C@@H]4[C@H]([C@H]([C@@H](O4)N5C=NC6=C5N=C(NC6=O)N)O)O)O)O
[22:37:00] SMILES Parse Error: Failed parsing SMILES 'C1[C@@H]([C@H](O[C@H]1N2C=NC3=C2N=C(NC3=O)N)COP(=O)(O)OP(=O)(O)OC[C@@H]4[C@H]([C@H]([C@@H](O4)N5C=NC6=C5N=C(NC6=O)N)O)O)O)O' for input: 'C1[C@@H]([C@H](O[C@H]1N2C=NC3=C2N=C(NC3=O)N)COP(=O)(O)OP(=O)(O)OC[C@@H]4[C@H]([C@H]([C@@H](O4)N5C=NC6=C5N=C(NC6=O)N)O)O)O)O'

Progress: 1253/2000
Progress: 1254/2000
Progress: 1255/2000[22:37:05] SMILES Parse Error: extra close parentheses while parsing: C1=C(C(=O)NC(=O)N1)[C@@H]2[C@H]([C@@H]([C@H](O2)COP(=O)([O-])OP(=O)([O-])OC[C@@H]3[C@H]([C@H]([C@@H](O3)N4C=NC5=C(N=CN=C54)N)O)O)O)O)N
[22:37:05] SMILES Parse Error: Failed parsing SMILES 'C1=C(C(=O)NC(=O)N1)[C@@H]2[C@H]([C@@H]([C@H](O2)COP(=O)([O-])OP(=O)([O-])OC[C@@H]3[C@H]([C@H]([C@@H](O3)N4C=NC5=C(N=CN=C54)N)O)O)O)O)N' for input: 'C1=C(C(=O)NC(=O)N1)[C@@H]2[C@H]([C@@H]([C@H](O2)COP(=O)([O-])OP(=O)([O-])OC[C@@H]3[C@H]([C@H]([C@@H](O3)N4C=NC5=C(N=CN=C54)N)O)O)O)O)N'

Progress: 1256/2000
Progress: 1257/2000[22:37:08] SMILES Parse Error: extra close parentheses while parsing: C1C=CN(C(=O)N1)[C@H]2[C@@H]([C@@H]([C@H](O2)COP(=O)([O-])OP(=O)([O-])OC[C@@H]3[C@H]([C@H]([C@@H](O3)N4C=NC5=C(N=CN=C54)N)O)O)O)O)O
[22:37:08] SMILES Parse Error: Failed parsing SMILES 'C1C=CN(C(=O)N1)[C@H]2[C@@H]([C@@H]([C@H](O2)COP(=O)([O-])OP(=O)([O-])OC[C@@H]3[C@H]([C@H]([C@@H](O3)N4C=NC5=C(N=CN=C54)N)O)O)O)O)O' for input: 'C1C=CN(C(=O)N1)[C@H]2[C@@H]([C@@H]([C@H](O2)COP(=O)([O-])OP(=O)([O-])OC[C@@H]3[C@H]([C@H]([C@@H](O3)N4C=NC5=C(N=CN=C54)N)O)O)O)O)O'

Progress: 1258/2000[22:37:10] SMILES Parse Error: extra close parentheses while parsing: C1=C(C(=O)NC(=O)N1)[C@H]2[C@@H]([C@@H]([C@H](O2)COP(=O)([O-])OP(=O)([O-])OC[C@@H]3[C@H]([C@H]([C@@H](O3)N4C=NC5=C(N=CN=C54)N)O)O)O)O)N
[22:37:10] SMILES Parse Error: Failed parsing SMILES 'C1=C(C(=O)NC(=O)N1)[C@H]2[C@@H]([C@@H]([C@H](O2)COP(=O)([O-])OP(=O)([O-])OC[C@@H]3[C@H]([C@H]([C@@H](O3)N4C=NC5=C(N=CN=C54)N)O)O)O)O)N' for input: 'C1=C(C(=O)NC(=O)N1)[C@H]2[C@@H]([C@@H]([C@H](O2)COP(=O)([O-])OP(=O)([O-])OC[C@@H]3[C@H]([C@H]([C@@H](O3)N4C=NC5=C(N=CN=C54)N)O)O)O)O)N'

Progress: 1259/2000
Progress: 1260/2000
Progress: 1261/2000
Progress: 1262/2000
Progress: 1263/2000[22:37:18] SMILES Parse Error: extra close parentheses while parsing: C1=C(C(=O)NC(=O)N1)[C@@H]2[C@H]([C@@H]([C@H](O2)COP(=O)(O)OP(=O)(O)OC[C@@H]3[C@H]([C@H]([C@@H](O3)N4C=NC5=C(N=CN=C54)N)O)O)O)O)O
[22:37:18] SMILES Parse Error: Failed parsing SMILES 'C1=C(C(=O)NC(=O)N1)[C@@H]2[C@H]([C@@H]([C@H](O2)COP(=O)(O)OP(=O)(O)OC[C@@H]3[C@H]([C@H]([C@@H](O3)N4C=NC5=C(N=CN=C54)N)O)O)O)O)O' for input: 'C1=C(C(=O)NC(=O)N1)[C@@H]2[C@H]([C@@H]([C@H](O2)COP(=O)(O)OP(=O)(O)OC[C@@H]3[C@H]([C@H]([C@@H](O3)N4C=NC5=C(N=CN=C54)N)O)O)O)O)O'

Progress: 1264/2000
Progress: 1265/2000[22:37:22] SMILES Parse Error: extra close parentheses while parsing: C1[C@@H]([C@H](O[C@H]1N2C=NC3=C2N=C(NC3=O)N)COP(=O)(O)OP(=O)(O)OC[C@@H]4[C@H]([C@H]([C@@H](O4)N5C=NC6=C5N=C(NC6=O)N)O)O)O)O
[22:37:22] SMILES Parse Error: Failed parsing SMILES 'C1[C@@H]([C@H](O[C@H]1N2C=NC3=C2N=C(NC3=O)N)COP(=O)(O)OP(=O)(O)OC[C@@H]4[C@H]([C@H]([C@@H](O4)N5C=NC6=C5N=C(NC6=O)N)O)O)O)O' for input: 'C1[C@@H]([C@H](O[C@H]1N2C=NC3=C2N=C(NC3=O)N)COP(=O)(O)OP(=O)(O)OC[C@@H]4[C@H]([C@H]([C@@H](O4)N5C=NC6=C5N=C(NC6=O)N)O)O)O)O'

Progress: 1266/2000[22:37:23] SMILES Parse Error: extra close parentheses while parsing: C1=C(C(=O)NC(=O)N1)[C@H]2[C@@H]([C@@H]([C@H](O2)COP(=O)([O-])OP(=O)([O-])OC[C@@H]3[C@H]([C@H]([C@@H](O3)N4C=NC5=C(N=CN=C54)N)O)O)O)O)O
[22:37:23] SMILES Parse Error: Failed parsing SMILES 'C1=C(C(=O)NC(=O)N1)[C@H]2[C@@H]([C@@H]([C@H](O2)COP(=O)([O-])OP(=O)([O-])OC[C@@H]3[C@H]([C@H]([C@@H](O3)N4C=NC5=C(N=CN=C54)N)O)O)O)O)O' for input: 'C1=C(C(=O)NC(=O)N1)[C@H]2[C@@H]([C@@H]([C@H](O2)COP(=O)([O-])OP(=O)([O-])OC[C@@H]3[C@H]([C@H]([C@@H](O3)N4C=NC5=C(N=CN=C54)N)O)O)O)O)O'

Progress: 1267/2000[22:37:25] SMILES Parse Error: extra close parentheses while parsing: C1C=CN(C=C1C(=O)N)[C@H]2[C@@H]([C@@H]([C@H](O2)COP(=O)(O)OP(=O)(O)OC[C@@H]3[C@H]([C@H]([C@@H](O3)N4C=NC5=C(N=CN=C54)N)O)O)O)O)N
[22:37:25] SMILES Parse Error: Failed parsing SMILES 'C1C=CN(C=C1C(=O)N)[C@H]2[C@@H]([C@@H]([C@H](O2)COP(=O)(O)OP(=O)(O)OC[C@@H]3[C@H]([C@H]([C@@H](O3)N4C=NC5=C(N=CN=C54)N)O)O)O)O)N' for input: 'C1C=CN(C=C1C(=O)N)[C@H]2[C@@H]([C@@H]([C@H](O2)COP(=O)(O)OP(=O)(O)OC[C@@H]3[C@H]([C@H]([C@@H](O3)N4C=NC5=C(N=CN=C54)N)O)O)O)O)N'

Progress: 1268/2000[22:37:28] SMILES Parse Error: extra close parentheses while parsing: C1=C(C(=O)NC(=O)N1)[C@@H]2[C@H]([C@@H]([C@H](O2)COP(=O)([O-])OP(=O)([O-])OC[C@@H]3[C@H]([C@H]([C@@H](O3)N4C=NC5=C(N=CN=C54)N)O)O)O)O)O.C1=NC2=C(C(=O)NC2=O)C3=CC=C(C=C3)O)O
[22:37:28] SMILES Parse Error: Failed parsing SMILES 'C1=C(C(=O)NC(=O)N1)[C@@H]2[C@H]([C@@H]([C@H](O2)COP(=O)([O-])OP(=O)([O-])OC[C@@H]3[C@H]([C@H]([C@@H](O3)N4C=NC5=C(N=CN=C54)N)O)O)O)O)O.C1=NC2=C(C(=O)NC2=O)C3=CC=C(C=C3)O)O' for input: 'C1=C(C(=O)NC(=O)N1)[C@@H]2[C@H]([C@@H]([C@H](O2)COP(=O)([O-])OP(=O)([O-])OC[C@@H]3[C@H]([C@H]([C@@H](O3)N4C=NC5=C(N=CN=C54)N)O)O)O)O)O.C1=NC2=C(C(=O)NC2=O)C3=CC=C(C=C3)O)O'

Progress: 1269/2000
Progress: 1270/2000
Progress: 1271/2000[22:37:32] SMILES Parse Error: extra close parentheses while parsing: C1=C(C(=O)NC(=O)N1)[C@@H]2[C@H]([C@@H]([C@H](O2)COP(=O)([O-])OP(=O)([O-])OC[C@@H]3[C@H]([C@H]([C@@H](O3)N4C=NC5=C(N=CN=C54)N)O)O)O)O)O)N
[22:37:32] SMILES Parse Error: Failed parsing SMILES 'C1=C(C(=O)NC(=O)N1)[C@@H]2[C@H]([C@@H]([C@H](O2)COP(=O)([O-])OP(=O)([O-])OC[C@@H]3[C@H]([C@H]([C@@H](O3)N4C=NC5=C(N=CN=C54)N)O)O)O)O)O)N' for input: 'C1=C(C(=O)NC(=O)N1)[C@@H]2[C@H]([C@@H]([C@H](O2)COP(=O)([O-])OP(=O)([O-])OC[C@@H]3[C@H]([C@H]([C@@H](O3)N4C=NC5=C(N=CN=C54)N)O)O)O)O)O)N'

Progress: 1272/2000[22:37:37] SMILES Parse Error: extra open parentheses for input: 'C[C@H]([C@H]1C(=O)NCC[C@@H](C(=O)N[C@H](C(=O)N[C@@H](C(=O)N[C@H](C(=O)N[C@H](C(=O)N[C@H](C(=O)N1)CC2=CC=CC=C2)CC3=CC=CC=C3)CCC(=O)N)NC(=O)[C@H](CC4=CC=CC=C4)NC(=O)[C@H](CC5=CC=CC=C5)NC(=O)[C@H](CC6=CNC=N6)NC(=O)[C@@H]7CCCN7C(=O)[C@H](C(C)C)NC(=O)[C@H](C(C)C)NC(=O)[C@H](CCC(=O)N)NC(=O)[C@H](CCC(=O)N)N'

Progress: 1273/2000[22:37:39] SMILES Parse Error: extra close parentheses while parsing: C1=C(C(=O)NC(=O)N1)[C@H]2[C@@H]([C@@H]([C@H](O2)COP(=O)([O-])OP(=O)([O-])OC[C@@H]3[C@H]([C@H]([C@@H](O3)N4C=NC5=C(N=CN=C54)N)O)O)O)O)N
[22:37:39] SMILES Parse Error: Failed parsing SMILES 'C1=C(C(=O)NC(=O)N1)[C@H]2[C@@H]([C@@H]([C@H](O2)COP(=O)([O-])OP(=O)([O-])OC[C@@H]3[C@H]([C@H]([C@@H](O3)N4C=NC5=C(N=CN=C54)N)O)O)O)O)N' for input: 'C1=C(C(=O)NC(=O)N1)[C@H]2[C@@H]([C@@H]([C@H](O2)COP(=O)([O-])OP(=O)([O-])OC[C@@H]3[C@H]([C@H]([C@@H](O3)N4C=NC5=C(N=CN=C54)N)O)O)O)O)N'

Progress: 1274/2000
Progress: 1275/2000[22:37:42] SMILES Parse Error: extra close parentheses while parsing: C1[C@@H]([C@H](O[C@H]1N2C=NC3=C2N=C(NC3=O)N)COP(=O)(O)OP(=O)(O)OC[C@@H]4[C@H]([C@H]([C@@H](O4)N5C=NC6=C5N=C(NC6=O)N)O)O)O)O
[22:37:42] SMILES Parse Error: Failed parsing SMILES 'C1[C@@H]([C@H](O[C@H]1N2C=NC3=C2N=C(NC3=O)N)COP(=O)(O)OP(=O)(O)OC[C@@H]4[C@H]([C@H]([C@@H](O4)N5C=NC6=C5N=C(NC6=O)N)O)O)O)O' for input: 'C1[C@@H]([C@H](O[C@H]1N2C=NC3=C2N=C(NC3=O)N)COP(=O)(O)OP(=O)(O)OC[C@@H]4[C@H]([C@H]([C@@H](O4)N5C=NC6=C5N=C(NC6=O)N)O)O)O)O'

Progress: 1276/2000[22:37:44] SMILES Parse Error: extra close parentheses while parsing: C1=C(C(=O)NC(=O)N1)[C@H]2[C@@H]([C@@H]([C@H](O2)COP(=O)([O-])OP(=O)([O-])OC[C@@H]3[C@H]([C@H]([C@@H](O3)N4C=NC5=C(N=CN=C54)N)O)O)O)O)O
[22:37:44] SMILES Parse Error: Failed parsing SMILES 'C1=C(C(=O)NC(=O)N1)[C@H]2[C@@H]([C@@H]([C@H](O2)COP(=O)([O-])OP(=O)([O-])OC[C@@H]3[C@H]([C@H]([C@@H](O3)N4C=NC5=C(N=CN=C54)N)O)O)O)O)O' for input: 'C1=C(C(=O)NC(=O)N1)[C@H]2[C@@H]([C@@H]([C@H](O2)COP(=O)([O-])OP(=O)([O-])OC[C@@H]3[C@H]([C@H]([C@@H](O3)N4C=NC5=C(N=CN=C54)N)O)O)O)O)O'

Progress: 1277/2000[22:37:46] SMILES Parse Error: extra close parentheses while parsing: C1=C(C(=O)NC(=O)N1[C@H]2[C@@H]([C@@H]([C@H](O2)COP(=O)([O-])OP(=O)([O-])OC[C@@H]3[C@H]([C@H]([C@@H](O3)N4C=NC5=C(N=CN=C54)N)O)O)O)O)O)N
[22:37:46] SMILES Parse Error: Failed parsing SMILES 'C1=C(C(=O)NC(=O)N1[C@H]2[C@@H]([C@@H]([C@H](O2)COP(=O)([O-])OP(=O)([O-])OC[C@@H]3[C@H]([C@H]([C@@H](O3)N4C=NC5=C(N=CN=C54)N)O)O)O)O)O)N' for input: 'C1=C(C(=O)NC(=O)N1[C@H]2[C@@H]([C@@H]([C@H](O2)COP(=O)([O-])OP(=O)([O-])OC[C@@H]3[C@H]([C@H]([C@@H](O3)N4C=NC5=C(N=CN=C54)N)O)O)O)O)O)N'

Progress: 1278/2000[22:37:49] SMILES Parse Error: extra close parentheses while parsing: C[C@@H](C(=O)N[C@@H](CCC(=O)N[C@@H](CCC(=O)N[C@@H](CCC(=O)[O-])C(=O)[O-])C(=O)[O-])C(=O)[O-])OP(=O)([O-])OC[C@@H]1[C@H]([C@H]([C@@H](O1)N2C=NC3=C(N=CN=C32)N)O)O)O)O
[22:37:49] SMILES Parse Error: Failed parsing SMILES 'C[C@@H](C(=O)N[C@@H](CCC(=O)N[C@@H](CCC(=O)N[C@@H](CCC(=O)[O-])C(=O)[O-])C(=O)[O-])C(=O)[O-])OP(=O)([O-])OC[C@@H]1[C@H]([C@H]([C@@H](O1)N2C=NC3=C(N=CN=C32)N)O)O)O)O' for input: 'C[C@@H](C(=O)N[C@@H](CCC(=O)N[C@@H](CCC(=O)N[C@@H](CCC(=O)[O-])C(=O)[O-])C(=O)[O-])C(=O)[O-])OP(=O)([O-])OC[C@@H]1[C@H]([C@H]([C@@H](O1)N2C=NC3=C(N=CN=C32)N)O)O)O)O'

Progress: 1279/2000[22:37:51] SMILES Parse Error: extra close parentheses while parsing: C1=C(C(=O)NC(=O)N1)[C@H]2[C@@H]([C@@H]([C@H](O2)COP(=O)([O-])OP(=O)([O-])OC[C@@H]3[C@H]([C@H]([C@@H](O3)N4C=NC5=C(N=CN=C54)N)O)O)O)O)C(=O)N
[22:37:51] SMILES Parse Error: Failed parsing SMILES 'C1=C(C(=O)NC(=O)N1)[C@H]2[C@@H]([C@@H]([C@H](O2)COP(=O)([O-])OP(=O)([O-])OC[C@@H]3[C@H]([C@H]([C@@H](O3)N4C=NC5=C(N=CN=C54)N)O)O)O)O)C(=O)N' for input: 'C1=C(C(=O)NC(=O)N1)[C@H]2[C@@H]([C@@H]([C@H](O2)COP(=O)([O-])OP(=O)([O-])OC[C@@H]3[C@H]([C@H]([C@@H](O3)N4C=NC5=C(N=CN=C54)N)O)O)O)O)C(=O)N'

Progress: 1280/2000[22:37:52] SMILES Parse Error: extra close parentheses while parsing: C1=C(C(=O)NC(=O)N1)[C@H]2[C@@H]([C@@H]([C@H](O2)COP(=O)([O-])OP(=O)([O-])OC[C@@H]3[C@H]([C@H]([C@@H](O3)N4C=NC5=C(N=CN=C54)N)O)O)O)O)O
[22:37:52] SMILES Parse Error: Failed parsing SMILES 'C1=C(C(=O)NC(=O)N1)[C@H]2[C@@H]([C@@H]([C@H](O2)COP(=O)([O-])OP(=O)([O-])OC[C@@H]3[C@H]([C@H]([C@@H](O3)N4C=NC5=C(N=CN=C54)N)O)O)O)O)O' for input: 'C1=C(C(=O)NC(=O)N1)[C@H]2[C@@H]([C@@H]([C@H](O2)COP(=O)([O-])OP(=O)([O-])OC[C@@H]3[C@H]([C@H]([C@@H](O3)N4C=NC5=C(N=CN=C54)N)O)O)O)O)O'

Progress: 1281/2000[22:37:54] SMILES Parse Error: extra close parentheses while parsing: C1C=CN(C=C1C(=O)N)[C@H]2[C@@H]([C@@H]([C@H](O2)COP(=O)(O)OP(=O)(O)OC[C@@H]3[C@H]([C@H]([C@@H](O3)N4C=NC5=C(N=CN=C54)N)O)O)O)O)N
[22:37:54] SMILES Parse Error: Failed parsing SMILES 'C1C=CN(C=C1C(=O)N)[C@H]2[C@@H]([C@@H]([C@H](O2)COP(=O)(O)OP(=O)(O)OC[C@@H]3[C@H]([C@H]([C@@H](O3)N4C=NC5=C(N=CN=C54)N)O)O)O)O)N' for input: 'C1C=CN(C=C1C(=O)N)[C@H]2[C@@H]([C@@H]([C@H](O2)COP(=O)(O)OP(=O)(O)OC[C@@H]3[C@H]([C@H]([C@@H](O3)N4C=NC5=C(N=CN=C54)N)O)O)O)O)N'

Progress: 1282/2000
Progress: 1283/2000[22:37:57] SMILES Parse Error: extra close parentheses while parsing: C1C=CN(C=C1C(=O)N)[C@H]2[C@@H]([C@@H]([C@H](O2)COP(=O)(O)OP(=O)(O)OC[C@@H]3[C@H]([C@H]([C@@H](O3)N4C=NC5=C(N=CN=C54)N)O)O)O)O)N
[22:37:57] SMILES Parse Error: Failed parsing SMILES 'C1C=CN(C=C1C(=O)N)[C@H]2[C@@H]([C@@H]([C@H](O2)COP(=O)(O)OP(=O)(O)OC[C@@H]3[C@H]([C@H]([C@@H](O3)N4C=NC5=C(N=CN=C54)N)O)O)O)O)N' for input: 'C1C=CN(C=C1C(=O)N)[C@H]2[C@@H]([C@@H]([C@H](O2)COP(=O)(O)OP(=O)(O)OC[C@@H]3[C@H]([C@H]([C@@H](O3)N4C=NC5=C(N=CN=C54)N)O)O)O)O)N'

Progress: 1284/2000[22:37:59] SMILES Parse Error: extra close parentheses while parsing: CCC1=C(C2=NC1=CC3=C(C4=C(N3)C(=C5[C@H]([C@@H](C(=CC6=NC(=C2)C(=C6C)C=C)N5)C)CCC(=O)O)C4=N3)O)C)C
[22:37:59] SMILES Parse Error: Failed parsing SMILES 'CCC1=C(C2=NC1=CC3=C(C4=C(N3)C(=C5[C@H]([C@@H](C(=CC6=NC(=C2)C(=C6C)C=C)N5)C)CCC(=O)O)C4=N3)O)C)C' for input: 'CCC1=C(C2=NC1=CC3=C(C4=C(N3)C(=C5[C@H]([C@@H](C(=CC6=NC(=C2)C(=C6C)C=C)N5)C)CCC(=O)O)C4=N3)O)C)C'

Progress: 1285/2000
Progress: 1286/2000[22:38:03] SMILES Parse Error: extra close parentheses while parsing: C1[C@@H]([C@H](O[C@H]1N2C=NC3=C2N=C(NC3=O)N)COP(=O)(O)OP(=O)(O)OC[C@@H]4[C@H]([C@H]([C@@H](O4)N5C=NC6=C5N=C(NC6=O)N)O)O)O)O
[22:38:03] SMILES Parse Error: Failed parsing SMILES 'C1[C@@H]([C@H](O[C@H]1N2C=NC3=C2N=C(NC3=O)N)COP(=O)(O)OP(=O)(O)OC[C@@H]4[C@H]([C@H]([C@@H](O4)N5C=NC6=C5N=C(NC6=O)N)O)O)O)O' for input: 'C1[C@@H]([C@H](O[C@H]1N2C=NC3=C2N=C(NC3=O)N)COP(=O)(O)OP(=O)(O)OC[C@@H]4[C@H]([C@H]([C@@H](O4)N5C=NC6=C5N=C(NC6=O)N)O)O)O)O'

Progress: 1287/2000
Progress: 1288/2000
Progress: 1289/2000[22:38:07] SMILES Parse Error: extra open parentheses for input: 'CC1=C(C(=O)C2=NC3=C(N=C(NC3=O)[O-])N(C2=C1)C[C@@H]([C@@H]([C@@H](COP(=O)([O-])[O-])O)O)O'

Progress: 1290/2000[22:38:09] SMILES Parse Error: extra close parentheses while parsing: C1=C(C(=O)NC(=O)N1)[C@@H]2[C@H]([C@@H]([C@H](O2)COP(=O)([O-])OP(=O)([O-])OC[C@@H]3[C@H]([C@H]([C@@H](O3)N4C=NC5=C(N=CN=C54)N)O)O)O)O)O)N
[22:38:09] SMILES Parse Error: Failed parsing SMILES 'C1=C(C(=O)NC(=O)N1)[C@@H]2[C@H]([C@@H]([C@H](O2)COP(=O)([O-])OP(=O)([O-])OC[C@@H]3[C@H]([C@H]([C@@H](O3)N4C=NC5=C(N=CN=C54)N)O)O)O)O)O)N' for input: 'C1=C(C(=O)NC(=O)N1)[C@@H]2[C@H]([C@@H]([C@H](O2)COP(=O)([O-])OP(=O)([O-])OC[C@@H]3[C@H]([C@H]([C@@H](O3)N4C=NC5=C(N=CN=C54)N)O)O)O)O)O)N'

Progress: 1291/2000[22:38:11] SMILES Parse Error: extra close parentheses while parsing: C1[C@@H]([C@H](O[C@H]1N2C=NC3=C2N=C(NC3=O)N)COP(=O)(O)OP(=O)(O)OC[C@@H]4[C@H]([C@H]([C@@H](O4)N5C=NC6=C5N=C(NC6=O)N)O)O)O)O
[22:38:11] SMILES Parse Error: Failed parsing SMILES 'C1[C@@H]([C@H](O[C@H]1N2C=NC3=C2N=C(NC3=O)N)COP(=O)(O)OP(=O)(O)OC[C@@H]4[C@H]([C@H]([C@@H](O4)N5C=NC6=C5N=C(NC6=O)N)O)O)O)O' for input: 'C1[C@@H]([C@H](O[C@H]1N2C=NC3=C2N=C(NC3=O)N)COP(=O)(O)OP(=O)(O)OC[C@@H]4[C@H]([C@H]([C@@H](O4)N5C=NC6=C5N=C(NC6=O)N)O)O)O)O'

Progress: 1292/2000[22:38:12] SMILES Parse Error: extra open parentheses for input: 'CC1=C(C(=O)C2=NC3=C(N=C(NC3=O)[O-])N(C2=C1)C[C@@H]([C@@H]([C@@H](COP(=O)([O-])[O-])O)O)O'

Progress: 1293/2000[22:38:14] SMILES Parse Error: extra close parentheses while parsing: C1=C(C(=O)NC(=O)N1)[C@H]2[C@@H]([C@@H]([C@H](O2)COP(=O)([O-])OP(=O)([O-])OC[C@@H]3[C@H]([C@H]([C@@H](O3)N4C=NC5=C(N=CN=C54)N)O)O)O)O)N
[22:38:14] SMILES Parse Error: Failed parsing SMILES 'C1=C(C(=O)NC(=O)N1)[C@H]2[C@@H]([C@@H]([C@H](O2)COP(=O)([O-])OP(=O)([O-])OC[C@@H]3[C@H]([C@H]([C@@H](O3)N4C=NC5=C(N=CN=C54)N)O)O)O)O)N' for input: 'C1=C(C(=O)NC(=O)N1)[C@H]2[C@@H]([C@@H]([C@H](O2)COP(=O)([O-])OP(=O)([O-])OC[C@@H]3[C@H]([C@H]([C@@H](O3)N4C=NC5=C(N=CN=C54)N)O)O)O)O)N'

Progress: 1294/2000[22:38:16] SMILES Parse Error: extra close parentheses while parsing: C1=C(C(=O)NC(=O)N1)[C@H]2[C@@H]([C@@H]([C@H](O2)COP(=O)([O-])OP(=O)([O-])OC[C@@H]3[C@H]([C@H]([C@@H](O3)N4C=NC5=C(N=CN=C54)N)O)O)O)O)N
[22:38:16] SMILES Parse Error: Failed parsing SMILES 'C1=C(C(=O)NC(=O)N1)[C@H]2[C@@H]([C@@H]([C@H](O2)COP(=O)([O-])OP(=O)([O-])OC[C@@H]3[C@H]([C@H]([C@@H](O3)N4C=NC5=C(N=CN=C54)N)O)O)O)O)N' for input: 'C1=C(C(=O)NC(=O)N1)[C@H]2[C@@H]([C@@H]([C@H](O2)COP(=O)([O-])OP(=O)([O-])OC[C@@H]3[C@H]([C@H]([C@@H](O3)N4C=NC5=C(N=CN=C54)N)O)O)O)O)N'

Progress: 1295/2000
Progress: 1296/2000
Progress: 1297/2000[22:38:20] SMILES Parse Error: extra close parentheses while parsing: C1=C(C(=O)NC(=O)N1)[C@H]2[C@@H]([C@@H]([C@H](O2)COP(=O)([O-])OP(=O)([O-])OC[C@@H]3[C@H]([C@H]([C@@H](O3)N4C=NC5=C(N=CN=C54)N)O)O)O)O)N
[22:38:20] SMILES Parse Error: Failed parsing SMILES 'C1=C(C(=O)NC(=O)N1)[C@H]2[C@@H]([C@@H]([C@H](O2)COP(=O)([O-])OP(=O)([O-])OC[C@@H]3[C@H]([C@H]([C@@H](O3)N4C=NC5=C(N=CN=C54)N)O)O)O)O)N' for input: 'C1=C(C(=O)NC(=O)N1)[C@H]2[C@@H]([C@@H]([C@H](O2)COP(=O)([O-])OP(=O)([O-])OC[C@@H]3[C@H]([C@H]([C@@H](O3)N4C=NC5=C(N=CN=C54)N)O)O)O)O)N'

Progress: 1298/2000
Progress: 1299/2000[22:38:24] SMILES Parse Error: extra close parentheses while parsing: C1=C(C(=O)NC(=O)N1[C@H]2[C@@H]([C@@H]([C@H](O2)COP(=O)([O-])OP(=O)([O-])OC[C@@H]3[C@H]([C@H]([C@@H](O3)N4C=NC5=C(N=CN=C54)N)O)O)O)O)O)N
[22:38:24] SMILES Parse Error: Failed parsing SMILES 'C1=C(C(=O)NC(=O)N1[C@H]2[C@@H]([C@@H]([C@H](O2)COP(=O)([O-])OP(=O)([O-])OC[C@@H]3[C@H]([C@H]([C@@H](O3)N4C=NC5=C(N=CN=C54)N)O)O)O)O)O)N' for input: 'C1=C(C(=O)NC(=O)N1[C@H]2[C@@H]([C@@H]([C@H](O2)COP(=O)([O-])OP(=O)([O-])OC[C@@H]3[C@H]([C@H]([C@@H](O3)N4C=NC5=C(N=CN=C54)N)O)O)O)O)O)N'

Progress: 1300/2000[22:38:26] SMILES Parse Error: extra close parentheses while parsing: C1=C(C(=O)NC(=O)N1)[C@H]2[C@@H]([C@@H]([C@H](O2)COP(=O)([O-])OP(=O)([O-])OC[C@@H]3[C@H]([C@H]([C@@H](O3)N4C=NC5=C(N=CN=C54)N)O)O)O)O)N
[22:38:26] SMILES Parse Error: Failed parsing SMILES 'C1=C(C(=O)NC(=O)N1)[C@H]2[C@@H]([C@@H]([C@H](O2)COP(=O)([O-])OP(=O)([O-])OC[C@@H]3[C@H]([C@H]([C@@H](O3)N4C=NC5=C(N=CN=C54)N)O)O)O)O)N' for input: 'C1=C(C(=O)NC(=O)N1)[C@H]2[C@@H]([C@@H]([C@H](O2)COP(=O)([O-])OP(=O)([O-])OC[C@@H]3[C@H]([C@H]([C@@H](O3)N4C=NC5=C(N=CN=C54)N)O)O)O)O)N'

Progress: 1301/2000[22:38:27] SMILES Parse Error: extra open parentheses for input: 'CC1=C(C(=O)C2=NC3=C(N=C(NC3=O)[O-])N(C2=C1)C[C@@H]([C@@H]([C@@H](COP(=O)([O-])[O-])O)O)O'

Progress: 1302/2000[22:38:29] SMILES Parse Error: extra close parentheses while parsing: C1[C@@H]([C@H](O[C@H]1N2C=NC3=C2N=C(NC3=O)N)COP(=O)(O)OP(=O)(O)OC[C@@H]4[C@H]([C@H]([C@@H](O4)N5C=NC6=C5N=C(NC6=O)N)O)O)O)O
[22:38:29] SMILES Parse Error: Failed parsing SMILES 'C1[C@@H]([C@H](O[C@H]1N2C=NC3=C2N=C(NC3=O)N)COP(=O)(O)OP(=O)(O)OC[C@@H]4[C@H]([C@H]([C@@H](O4)N5C=NC6=C5N=C(NC6=O)N)O)O)O)O' for input: 'C1[C@@H]([C@H](O[C@H]1N2C=NC3=C2N=C(NC3=O)N)COP(=O)(O)OP(=O)(O)OC[C@@H]4[C@H]([C@H]([C@@H](O4)N5C=NC6=C5N=C(NC6=O)N)O)O)O)O'

Progress: 1303/2000
Progress: 1304/2000[22:38:33] SMILES Parse Error: extra close parentheses while parsing: C1=C(C(=O)NC(=O)N1)[C@H]2[C@@H]([C@@H]([C@H](O2)COP(=O)([O-])OP(=O)([O-])OC[C@@H]3[C@H]([C@H]([C@@H](O3)N4C=NC5=C(N=CN=C54)N)O)O)O)O)O
[22:38:33] SMILES Parse Error: Failed parsing SMILES 'C1=C(C(=O)NC(=O)N1)[C@H]2[C@@H]([C@@H]([C@H](O2)COP(=O)([O-])OP(=O)([O-])OC[C@@H]3[C@H]([C@H]([C@@H](O3)N4C=NC5=C(N=CN=C54)N)O)O)O)O)O' for input: 'C1=C(C(=O)NC(=O)N1)[C@H]2[C@@H]([C@@H]([C@H](O2)COP(=O)([O-])OP(=O)([O-])OC[C@@H]3[C@H]([C@H]([C@@H](O3)N4C=NC5=C(N=CN=C54)N)O)O)O)O)O'

Progress: 1305/2000
Progress: 1306/2000[22:38:36] SMILES Parse Error: extra close parentheses while parsing: CCC1=C(C2=NC1=CC3=C(C4=C(N3)C(=C5[C@H]([C@@H](C(=CC6=NC(=C2)C(=C6C)C=C)N5)C)CCC(=O)O)C4=N3)O)C)C
[22:38:36] SMILES Parse Error: Failed parsing SMILES 'CCC1=C(C2=NC1=CC3=C(C4=C(N3)C(=C5[C@H]([C@@H](C(=CC6=NC(=C2)C(=C6C)C=C)N5)C)CCC(=O)O)C4=N3)O)C)C' for input: 'CCC1=C(C2=NC1=CC3=C(C4=C(N3)C(=C5[C@H]([C@@H](C(=CC6=NC(=C2)C(=C6C)C=C)N5)C)CCC(=O)O)C4=N3)O)C)C'

Progress: 1307/2000[22:38:38] SMILES Parse Error: extra close parentheses while parsing: C1=C(C(=O)NC(=O)N1)[C@@H]2[C@H]([C@@H]([C@H](O2)COP(=O)([O-])OP(=O)([O-])OC[C@@H]3[C@H]([C@H]([C@@H](O3)N4C=NC5=C(N=CN=C54)N)O)O)O)O)N
[22:38:38] SMILES Parse Error: Failed parsing SMILES 'C1=C(C(=O)NC(=O)N1)[C@@H]2[C@H]([C@@H]([C@H](O2)COP(=O)([O-])OP(=O)([O-])OC[C@@H]3[C@H]([C@H]([C@@H](O3)N4C=NC5=C(N=CN=C54)N)O)O)O)O)N' for input: 'C1=C(C(=O)NC(=O)N1)[C@@H]2[C@H]([C@@H]([C@H](O2)COP(=O)([O-])OP(=O)([O-])OC[C@@H]3[C@H]([C@H]([C@@H](O3)N4C=NC5=C(N=CN=C54)N)O)O)O)O)N'

Progress: 1308/2000
Progress: 1309/2000
Progress: 1310/2000
Progress: 1311/2000[22:38:43] SMILES Parse Error: extra close parentheses while parsing: C1=C(C(=O)NC(=O)N1)[C@@H]2[C@H]([C@@H]([C@H](O2)COP(=O)([O-])OP(=O)([O-])OC[C@@H]3[C@H]([C@H]([C@@H](O3)N4C=NC5=C(N=CN=C54)N)O)O)O)O)N
[22:38:43] SMILES Parse Error: Failed parsing SMILES 'C1=C(C(=O)NC(=O)N1)[C@@H]2[C@H]([C@@H]([C@H](O2)COP(=O)([O-])OP(=O)([O-])OC[C@@H]3[C@H]([C@H]([C@@H](O3)N4C=NC5=C(N=CN=C54)N)O)O)O)O)N' for input: 'C1=C(C(=O)NC(=O)N1)[C@@H]2[C@H]([C@@H]([C@H](O2)COP(=O)([O-])OP(=O)([O-])OC[C@@H]3[C@H]([C@H]([C@@H](O3)N4C=NC5=C(N=CN=C54)N)O)O)O)O)N'

Progress: 1312/2000
Progress: 1313/2000[22:38:46] SMILES Parse Error: extra close parentheses while parsing: C1C=CN(C(=O)N1)[C@H]2[C@@H]([C@@H]([C@H](O2)COP(=O)([O-])OP(=O)([O-])OC[C@@H]3[C@H]([C@H]([C@@H](O3)N4C=NC5=C(N=CN=C54)N)O)O)O)O)O
[22:38:46] SMILES Parse Error: Failed parsing SMILES 'C1C=CN(C(=O)N1)[C@H]2[C@@H]([C@@H]([C@H](O2)COP(=O)([O-])OP(=O)([O-])OC[C@@H]3[C@H]([C@H]([C@@H](O3)N4C=NC5=C(N=CN=C54)N)O)O)O)O)O' for input: 'C1C=CN(C(=O)N1)[C@H]2[C@@H]([C@@H]([C@H](O2)COP(=O)([O-])OP(=O)([O-])OC[C@@H]3[C@H]([C@H]([C@@H](O3)N4C=NC5=C(N=CN=C54)N)O)O)O)O)O'

Progress: 1314/2000
Progress: 1315/2000
Progress: 1316/2000
Progress: 1317/2000
Progress: 1318/2000
Progress: 1319/2000[22:38:56] SMILES Parse Error: extra close parentheses while parsing: C1=C(C(=O)NC(=O)N1[C@H]2[C@@H]([C@@H]([C@H](O2)COP(=O)([O-])OP(=O)([O-])OC[C@@H]3[C@H]([C@H]([C@@H](O3)N4C=NC5=C(N=CN=C54)N)O)O)O)O)O)N
[22:38:56] SMILES Parse Error: Failed parsing SMILES 'C1=C(C(=O)NC(=O)N1[C@H]2[C@@H]([C@@H]([C@H](O2)COP(=O)([O-])OP(=O)([O-])OC[C@@H]3[C@H]([C@H]([C@@H](O3)N4C=NC5=C(N=CN=C54)N)O)O)O)O)O)N' for input: 'C1=C(C(=O)NC(=O)N1[C@H]2[C@@H]([C@@H]([C@H](O2)COP(=O)([O-])OP(=O)([O-])OC[C@@H]3[C@H]([C@H]([C@@H](O3)N4C=NC5=C(N=CN=C54)N)O)O)O)O)O)N'

Progress: 1320/2000[22:38:58] SMILES Parse Error: extra close parentheses while parsing: C1=C(C(=O)NC(=O)N1)[C@@H]2[C@H]([C@@H]([C@H](O2)COP(=O)([O-])OP(=O)([O-])OC[C@@H]3[C@H]([C@H]([C@@H](O3)N4C=NC5=C(N=CN=C54)N)O)O)O)O)O)N
[22:38:58] SMILES Parse Error: Failed parsing SMILES 'C1=C(C(=O)NC(=O)N1)[C@@H]2[C@H]([C@@H]([C@H](O2)COP(=O)([O-])OP(=O)([O-])OC[C@@H]3[C@H]([C@H]([C@@H](O3)N4C=NC5=C(N=CN=C54)N)O)O)O)O)O)N' for input: 'C1=C(C(=O)NC(=O)N1)[C@@H]2[C@H]([C@@H]([C@H](O2)COP(=O)([O-])OP(=O)([O-])OC[C@@H]3[C@H]([C@H]([C@@H](O3)N4C=NC5=C(N=CN=C54)N)O)O)O)O)O)N'

Progress: 1321/2000[22:38:59] SMILES Parse Error: extra close parentheses while parsing: C1=C(C(=O)NC(=O)N1)[C@H]2[C@@H]([C@@H]([C@H](O2)COP(=O)([O-])OP(=O)([O-])OC[C@@H]3[C@H]([C@H]([C@@H](O3)N4C=NC5=C(N=CN=C54)N)O)O)O)O)N
[22:38:59] SMILES Parse Error: Failed parsing SMILES 'C1=C(C(=O)NC(=O)N1)[C@H]2[C@@H]([C@@H]([C@H](O2)COP(=O)([O-])OP(=O)([O-])OC[C@@H]3[C@H]([C@H]([C@@H](O3)N4C=NC5=C(N=CN=C54)N)O)O)O)O)N' for input: 'C1=C(C(=O)NC(=O)N1)[C@H]2[C@@H]([C@@H]([C@H](O2)COP(=O)([O-])OP(=O)([O-])OC[C@@H]3[C@H]([C@H]([C@@H](O3)N4C=NC5=C(N=CN=C54)N)O)O)O)O)N'

Progress: 1322/2000[22:39:01] SMILES Parse Error: extra close parentheses while parsing: C1C=CN(C=C1C(=O)N)[C@H]2[C@@H]([C@@H]([C@H](O2)COP(=O)([O-])OP(=O)([O-])OC[C@@H]3[C@H]([C@H]([C@@H](O3)N4C=NC5=C(N=CN=C54)N)O)O)O)O)O
[22:39:01] SMILES Parse Error: Failed parsing SMILES 'C1C=CN(C=C1C(=O)N)[C@H]2[C@@H]([C@@H]([C@H](O2)COP(=O)([O-])OP(=O)([O-])OC[C@@H]3[C@H]([C@H]([C@@H](O3)N4C=NC5=C(N=CN=C54)N)O)O)O)O)O' for input: 'C1C=CN(C=C1C(=O)N)[C@H]2[C@@H]([C@@H]([C@H](O2)COP(=O)([O-])OP(=O)([O-])OC[C@@H]3[C@H]([C@H]([C@@H](O3)N4C=NC5=C(N=CN=C54)N)O)O)O)O)O'

Progress: 1323/2000
Progress: 1324/2000[22:39:05] SMILES Parse Error: extra close parentheses while parsing: C1=C(C(=O)NC(=O)N1)[C@@H]2[C@H]([C@@H]([C@H](O2)COP(=O)([O-])OP(=O)([O-])OC[C@@H]3[C@H]([C@H]([C@@H](O3)N4C=NC5=C4N=C(NC5=O)N)O)O)O)O)N
[22:39:05] SMILES Parse Error: Failed parsing SMILES 'C1=C(C(=O)NC(=O)N1)[C@@H]2[C@H]([C@@H]([C@H](O2)COP(=O)([O-])OP(=O)([O-])OC[C@@H]3[C@H]([C@H]([C@@H](O3)N4C=NC5=C4N=C(NC5=O)N)O)O)O)O)N' for input: 'C1=C(C(=O)NC(=O)N1)[C@@H]2[C@H]([C@@H]([C@H](O2)COP(=O)([O-])OP(=O)([O-])OC[C@@H]3[C@H]([C@H]([C@@H](O3)N4C=NC5=C4N=C(NC5=O)N)O)O)O)O)N'

Progress: 1325/2000
Progress: 1326/2000[22:39:08] SMILES Parse Error: extra close parentheses while parsing: C1=C(C(=O)NC(=O)N1)[C@H]2[C@@H]([C@@H]([C@H](O2)COP(=O)([O-])OP(=O)([O-])OC[C@@H]3[C@H]([C@H]([C@@H](O3)N4C=NC5=C4N=C(NC5=O)N)O)O)O)O)N
[22:39:08] SMILES Parse Error: Failed parsing SMILES 'C1=C(C(=O)NC(=O)N1)[C@H]2[C@@H]([C@@H]([C@H](O2)COP(=O)([O-])OP(=O)([O-])OC[C@@H]3[C@H]([C@H]([C@@H](O3)N4C=NC5=C4N=C(NC5=O)N)O)O)O)O)N' for input: 'C1=C(C(=O)NC(=O)N1)[C@H]2[C@@H]([C@@H]([C@H](O2)COP(=O)([O-])OP(=O)([O-])OC[C@@H]3[C@H]([C@H]([C@@H](O3)N4C=NC5=C4N=C(NC5=O)N)O)O)O)O)N'

Progress: 1327/2000
Progress: 1328/2000
Progress: 1329/2000
Progress: 1330/2000
Progress: 1331/2000[22:39:16] SMILES Parse Error: extra close parentheses while parsing: C1[C@@H]([C@H](O[C@H]1N2C=NC3=C2N=C(NC3=O)N)COP(=O)(O)OP(=O)(O)OC[C@@H]4[C@H]([C@H]([C@@H](O4)N5C=NC6=C5N=C(NC6=O)N)O)O)O)O
[22:39:16] SMILES Parse Error: Failed parsing SMILES 'C1[C@@H]([C@H](O[C@H]1N2C=NC3=C2N=C(NC3=O)N)COP(=O)(O)OP(=O)(O)OC[C@@H]4[C@H]([C@H]([C@@H](O4)N5C=NC6=C5N=C(NC6=O)N)O)O)O)O' for input: 'C1[C@@H]([C@H](O[C@H]1N2C=NC3=C2N=C(NC3=O)N)COP(=O)(O)OP(=O)(O)OC[C@@H]4[C@H]([C@H]([C@@H](O4)N5C=NC6=C5N=C(NC6=O)N)O)O)O)O'

Progress: 1332/2000[22:39:18] SMILES Parse Error: extra close parentheses while parsing: C1=C(C(=O)NC(=O)N1)[C@@H]2[C@H]([C@@H]([C@H](O2)COP(=O)([O-])OP(=O)([O-])OC[C@@H]3[C@H]([C@H]([C@@H](O3)N4C=NC5=C(N=CN=C54)N)O)O)O)O)N
[22:39:18] SMILES Parse Error: Failed parsing SMILES 'C1=C(C(=O)NC(=O)N1)[C@@H]2[C@H]([C@@H]([C@H](O2)COP(=O)([O-])OP(=O)([O-])OC[C@@H]3[C@H]([C@H]([C@@H](O3)N4C=NC5=C(N=CN=C54)N)O)O)O)O)N' for input: 'C1=C(C(=O)NC(=O)N1)[C@@H]2[C@H]([C@@H]([C@H](O2)COP(=O)([O-])OP(=O)([O-])OC[C@@H]3[C@H]([C@H]([C@@H](O3)N4C=NC5=C(N=CN=C54)N)O)O)O)O)N'

Progress: 1333/2000
Progress: 1334/2000[22:39:21] SMILES Parse Error: extra close parentheses while parsing: C1[C@@H]([C@H](O[C@H]1N2C=NC3=C2N=C(NC3=O)N)COP(=O)(O)OP(=O)(O)OC[C@@H]4[C@H]([C@H]([C@@H](O4)N5C=NC6=C5N=C(NC6=O)N)O)O)O)O
[22:39:21] SMILES Parse Error: Failed parsing SMILES 'C1[C@@H]([C@H](O[C@H]1N2C=NC3=C2N=C(NC3=O)N)COP(=O)(O)OP(=O)(O)OC[C@@H]4[C@H]([C@H]([C@@H](O4)N5C=NC6=C5N=C(NC6=O)N)O)O)O)O' for input: 'C1[C@@H]([C@H](O[C@H]1N2C=NC3=C2N=C(NC3=O)N)COP(=O)(O)OP(=O)(O)OC[C@@H]4[C@H]([C@H]([C@@H](O4)N5C=NC6=C5N=C(NC6=O)N)O)O)O)O'

Progress: 1335/2000[22:39:23] SMILES Parse Error: extra close parentheses while parsing: C1[C@@H]([C@H](O[C@H]1N2C=NC3=C2N=C(NC3=O)N)COP(=O)(O)OP(=O)(O)OC[C@@H]4[C@H]([C@H]([C@@H](O4)N5C=NC6=C5N=C(NC6=O)N)O)O)O)O
[22:39:23] SMILES Parse Error: Failed parsing SMILES 'C1[C@@H]([C@H](O[C@H]1N2C=NC3=C2N=C(NC3=O)N)COP(=O)(O)OP(=O)(O)OC[C@@H]4[C@H]([C@H]([C@@H](O4)N5C=NC6=C5N=C(NC6=O)N)O)O)O)O' for input: 'C1[C@@H]([C@H](O[C@H]1N2C=NC3=C2N=C(NC3=O)N)COP(=O)(O)OP(=O)(O)OC[C@@H]4[C@H]([C@H]([C@@H](O4)N5C=NC6=C5N=C(NC6=O)N)O)O)O)O'

Progress: 1336/2000
Progress: 1337/2000
Progress: 1338/2000
Progress: 1339/2000
Progress: 1340/2000[22:39:29] SMILES Parse Error: extra open parentheses for input: 'CC1=C(C(=O)C2=NC3=C(N=C(NC3=O)[O-])N(C2=C1)C[C@@H]([C@@H]([C@@H](COP(=O)([O-])[O-])O)O)O'

Progress: 1341/2000[22:39:31] SMILES Parse Error: extra close parentheses while parsing: C1=C(C(=O)NC(=O)N1)[C@@H]2[C@H]([C@@H]([C@H](O2)COP(=O)([O-])OP(=O)([O-])OC[C@@H]3[C@H]([C@H]([C@@H](O3)N4C=NC5=C(N=CN=C54)N)O)O)O)O)O)N
[22:39:31] SMILES Parse Error: Failed parsing SMILES 'C1=C(C(=O)NC(=O)N1)[C@@H]2[C@H]([C@@H]([C@H](O2)COP(=O)([O-])OP(=O)([O-])OC[C@@H]3[C@H]([C@H]([C@@H](O3)N4C=NC5=C(N=CN=C54)N)O)O)O)O)O)N' for input: 'C1=C(C(=O)NC(=O)N1)[C@@H]2[C@H]([C@@H]([C@H](O2)COP(=O)([O-])OP(=O)([O-])OC[C@@H]3[C@H]([C@H]([C@@H](O3)N4C=NC5=C(N=CN=C54)N)O)O)O)O)O)N'

Progress: 1342/2000
Progress: 1343/2000[22:39:34] SMILES Parse Error: extra close parentheses while parsing: C1=C(C(=O)NC(=O)N1)[C@@H]2[C@H]([C@@H]([C@H](O2)COP(=O)([O-])OP(=O)([O-])OC[C@@H]3[C@H]([C@H]([C@@H](O3)N4C=NC5=C(N=CN=C54)N)O)O)O)O)O
[22:39:34] SMILES Parse Error: Failed parsing SMILES 'C1=C(C(=O)NC(=O)N1)[C@@H]2[C@H]([C@@H]([C@H](O2)COP(=O)([O-])OP(=O)([O-])OC[C@@H]3[C@H]([C@H]([C@@H](O3)N4C=NC5=C(N=CN=C54)N)O)O)O)O)O' for input: 'C1=C(C(=O)NC(=O)N1)[C@@H]2[C@H]([C@@H]([C@H](O2)COP(=O)([O-])OP(=O)([O-])OC[C@@H]3[C@H]([C@H]([C@@H](O3)N4C=NC5=C(N=CN=C54)N)O)O)O)O)O'

Progress: 1344/2000
Progress: 1345/2000[22:39:38] SMILES Parse Error: extra close parentheses while parsing: C1=C(C(=O)NC(=O)N1)[C@H]2[C@@H]([C@@H]([C@H](O2)COP(=O)([O-])OP(=O)([O-])OC[C@@H]3[C@H]([C@H]([C@@H](O3)N4C=NC5=C(N=CN=C54)N)O)O)O)O)O
[22:39:38] SMILES Parse Error: Failed parsing SMILES 'C1=C(C(=O)NC(=O)N1)[C@H]2[C@@H]([C@@H]([C@H](O2)COP(=O)([O-])OP(=O)([O-])OC[C@@H]3[C@H]([C@H]([C@@H](O3)N4C=NC5=C(N=CN=C54)N)O)O)O)O)O' for input: 'C1=C(C(=O)NC(=O)N1)[C@H]2[C@@H]([C@@H]([C@H](O2)COP(=O)([O-])OP(=O)([O-])OC[C@@H]3[C@H]([C@H]([C@@H](O3)N4C=NC5=C(N=CN=C54)N)O)O)O)O)O'

Progress: 1346/2000
Progress: 1347/2000
Progress: 1348/2000[22:39:43] SMILES Parse Error: extra close parentheses while parsing: C1=C(C(=O)NC(=O)N1)[C@H]2[C@@H]([C@@H]([C@H](O2)COP(=O)([O-])OP(=O)([O-])OC[C@@H]3[C@H]([C@H]([C@@H](O3)N4C=NC5=C(N=CN=C54)N)O)O)O)O)O
[22:39:43] SMILES Parse Error: Failed parsing SMILES 'C1=C(C(=O)NC(=O)N1)[C@H]2[C@@H]([C@@H]([C@H](O2)COP(=O)([O-])OP(=O)([O-])OC[C@@H]3[C@H]([C@H]([C@@H](O3)N4C=NC5=C(N=CN=C54)N)O)O)O)O)O' for input: 'C1=C(C(=O)NC(=O)N1)[C@H]2[C@@H]([C@@H]([C@H](O2)COP(=O)([O-])OP(=O)([O-])OC[C@@H]3[C@H]([C@H]([C@@H](O3)N4C=NC5=C(N=CN=C54)N)O)O)O)O)O'

Progress: 1349/2000
Progress: 1350/2000
Progress: 1351/2000[22:39:48] SMILES Parse Error: extra close parentheses while parsing: C1[C@@H]([C@H](O[C@H]1N2C=NC3=C2N=C(NC3=O)N)COP(=O)(O)OP(=O)(O)OC[C@@H]4[C@H]([C@H]([C@@H](O4)N5C=NC6=C(N=CN=C65)N)O)O)O)O
[22:39:48] SMILES Parse Error: Failed parsing SMILES 'C1[C@@H]([C@H](O[C@H]1N2C=NC3=C2N=C(NC3=O)N)COP(=O)(O)OP(=O)(O)OC[C@@H]4[C@H]([C@H]([C@@H](O4)N5C=NC6=C(N=CN=C65)N)O)O)O)O' for input: 'C1[C@@H]([C@H](O[C@H]1N2C=NC3=C2N=C(NC3=O)N)COP(=O)(O)OP(=O)(O)OC[C@@H]4[C@H]([C@H]([C@@H](O4)N5C=NC6=C(N=CN=C65)N)O)O)O)O'

Progress: 1352/2000[22:39:50] SMILES Parse Error: extra close parentheses while parsing: C1C=CN(C=C1C(=O)N)[C@H]2[C@@H]([C@@H]([C@H](O2)COP(=O)([O-])OP(=O)([O-])OC[C@@H]3[C@H]([C@H]([C@@H](O3)N4C=NC5=C(N=CN=C54)N)O)O)O)O)O
[22:39:50] SMILES Parse Error: Failed parsing SMILES 'C1C=CN(C=C1C(=O)N)[C@H]2[C@@H]([C@@H]([C@H](O2)COP(=O)([O-])OP(=O)([O-])OC[C@@H]3[C@H]([C@H]([C@@H](O3)N4C=NC5=C(N=CN=C54)N)O)O)O)O)O' for input: 'C1C=CN(C=C1C(=O)N)[C@H]2[C@@H]([C@@H]([C@H](O2)COP(=O)([O-])OP(=O)([O-])OC[C@@H]3[C@H]([C@H]([C@@H](O3)N4C=NC5=C(N=CN=C54)N)O)O)O)O)O'

Progress: 1353/2000[22:39:51] SMILES Parse Error: extra close parentheses while parsing: C1=C(C(=O)NC(=O)N1)[C@@H]2[C@H]([C@@H]([C@H](O2)COP(=O)([O-])OP(=O)([O-])OC[C@@H]3[C@H]([C@H]([C@@H](O3)N4C=NC5=C(N=CN=C54)N)O)O)O)O)N
[22:39:51] SMILES Parse Error: Failed parsing SMILES 'C1=C(C(=O)NC(=O)N1)[C@@H]2[C@H]([C@@H]([C@H](O2)COP(=O)([O-])OP(=O)([O-])OC[C@@H]3[C@H]([C@H]([C@@H](O3)N4C=NC5=C(N=CN=C54)N)O)O)O)O)N' for input: 'C1=C(C(=O)NC(=O)N1)[C@@H]2[C@H]([C@@H]([C@H](O2)COP(=O)([O-])OP(=O)([O-])OC[C@@H]3[C@H]([C@H]([C@@H](O3)N4C=NC5=C(N=CN=C54)N)O)O)O)O)N'

Progress: 1354/2000[22:39:53] SMILES Parse Error: extra close parentheses while parsing: C1=C(C(=O)NC(=O)N1)[C@@H]2[C@H]([C@@H]([C@H](O2)COP(=O)([O-])OP(=O)([O-])OC[C@@H]3[C@H]([C@H]([C@@H](O3)N4C=NC5=C(N=CN=C54)N)O)O)O)O)O)N
[22:39:53] SMILES Parse Error: Failed parsing SMILES 'C1=C(C(=O)NC(=O)N1)[C@@H]2[C@H]([C@@H]([C@H](O2)COP(=O)([O-])OP(=O)([O-])OC[C@@H]3[C@H]([C@H]([C@@H](O3)N4C=NC5=C(N=CN=C54)N)O)O)O)O)O)N' for input: 'C1=C(C(=O)NC(=O)N1)[C@@H]2[C@H]([C@@H]([C@H](O2)COP(=O)([O-])OP(=O)([O-])OC[C@@H]3[C@H]([C@H]([C@@H](O3)N4C=NC5=C(N=CN=C54)N)O)O)O)O)O)N'

Progress: 1355/2000
Progress: 1356/2000[22:39:56] SMILES Parse Error: extra close parentheses while parsing: C1=C(C(=O)NC(=O)N1)[C@@H]2[C@H]([C@@H]([C@H](O2)COP(=O)([O-])OP(=O)([O-])OC[C@@H]3[C@H]([C@H]([C@@H](O3)N4C=NC5=C(N=CN=C54)N)O)O)O)O)O)N
[22:39:56] SMILES Parse Error: Failed parsing SMILES 'C1=C(C(=O)NC(=O)N1)[C@@H]2[C@H]([C@@H]([C@H](O2)COP(=O)([O-])OP(=O)([O-])OC[C@@H]3[C@H]([C@H]([C@@H](O3)N4C=NC5=C(N=CN=C54)N)O)O)O)O)O)N' for input: 'C1=C(C(=O)NC(=O)N1)[C@@H]2[C@H]([C@@H]([C@H](O2)COP(=O)([O-])OP(=O)([O-])OC[C@@H]3[C@H]([C@H]([C@@H](O3)N4C=NC5=C(N=CN=C54)N)O)O)O)O)O)N'

Progress: 1357/2000[22:39:59] SMILES Parse Error: extra close parentheses while parsing: C1=C(C(=O)NC(=O)N1)[C@H]2[C@@H]([C@@H]([C@H](O2)COP(=O)([O-])OP(=O)([O-])OC[C@@H]3[C@H]([C@H]([C@@H](O3)N4C=NC5=C(N=CN=C54)N)O)O)O)O)O.C1=NC2=C(C(=O)NC2=O)C(=O)[O-]
[22:39:59] SMILES Parse Error: Failed parsing SMILES 'C1=C(C(=O)NC(=O)N1)[C@H]2[C@@H]([C@@H]([C@H](O2)COP(=O)([O-])OP(=O)([O-])OC[C@@H]3[C@H]([C@H]([C@@H](O3)N4C=NC5=C(N=CN=C54)N)O)O)O)O)O.C1=NC2=C(C(=O)NC2=O)C(=O)[O-]' for input: 'C1=C(C(=O)NC(=O)N1)[C@H]2[C@@H]([C@@H]([C@H](O2)COP(=O)([O-])OP(=O)([O-])OC[C@@H]3[C@H]([C@H]([C@@H](O3)N4C=NC5=C(N=CN=C54)N)O)O)O)O)O.C1=NC2=C(C(=O)NC2=O)C(=O)[O-]'

Progress: 1358/2000[22:40:01] SMILES Parse Error: extra close parentheses while parsing: C1=C(C(=O)NC(=O)N1)[C@H]2[C@@H]([C@@H]([C@H](O2)COP(=O)([O-])OP(=O)([O-])OC[C@@H]3[C@H]([C@H]([C@@H](O3)N4C=NC5=C4N=C(NC5=O)N)O)O)O)O)N
[22:40:01] SMILES Parse Error: Failed parsing SMILES 'C1=C(C(=O)NC(=O)N1)[C@H]2[C@@H]([C@@H]([C@H](O2)COP(=O)([O-])OP(=O)([O-])OC[C@@H]3[C@H]([C@H]([C@@H](O3)N4C=NC5=C4N=C(NC5=O)N)O)O)O)O)N' for input: 'C1=C(C(=O)NC(=O)N1)[C@H]2[C@@H]([C@@H]([C@H](O2)COP(=O)([O-])OP(=O)([O-])OC[C@@H]3[C@H]([C@H]([C@@H](O3)N4C=NC5=C4N=C(NC5=O)N)O)O)O)O)N'

Progress: 1359/2000[22:40:03] SMILES Parse Error: extra close parentheses while parsing: C1=C(C(=O)NC(=O)N1)[C@H]2[C@@H]([C@@H]([C@H](O2)COP(=O)([O-])OP(=O)([O-])OC[C@@H]3[C@H]([C@H]([C@@H](O3)N4C=NC5=C(N=CN=C54)N)O)O)O)O)N
[22:40:03] SMILES Parse Error: Failed parsing SMILES 'C1=C(C(=O)NC(=O)N1)[C@H]2[C@@H]([C@@H]([C@H](O2)COP(=O)([O-])OP(=O)([O-])OC[C@@H]3[C@H]([C@H]([C@@H](O3)N4C=NC5=C(N=CN=C54)N)O)O)O)O)N' for input: 'C1=C(C(=O)NC(=O)N1)[C@H]2[C@@H]([C@@H]([C@H](O2)COP(=O)([O-])OP(=O)([O-])OC[C@@H]3[C@H]([C@H]([C@@H](O3)N4C=NC5=C(N=CN=C54)N)O)O)O)O)N'

Progress: 1360/2000[22:40:04] SMILES Parse Error: extra close parentheses while parsing: C1[C@@H]([C@H](O[C@H]1N2C=NC3=C2N=C(NC3=O)N)COP(=O)(O)OP(=O)(O)OC[C@@H]4[C@H]([C@H]([C@@H](O4)N5C=NC6=C5N=C(NC6=O)N)O)O)O)O
[22:40:04] SMILES Parse Error: Failed parsing SMILES 'C1[C@@H]([C@H](O[C@H]1N2C=NC3=C2N=C(NC3=O)N)COP(=O)(O)OP(=O)(O)OC[C@@H]4[C@H]([C@H]([C@@H](O4)N5C=NC6=C5N=C(NC6=O)N)O)O)O)O' for input: 'C1[C@@H]([C@H](O[C@H]1N2C=NC3=C2N=C(NC3=O)N)COP(=O)(O)OP(=O)(O)OC[C@@H]4[C@H]([C@H]([C@@H](O4)N5C=NC6=C5N=C(NC6=O)N)O)O)O)O'

Progress: 1361/2000[22:40:06] SMILES Parse Error: extra close parentheses while parsing: C1=C(C(=O)NC(=O)N1)[C@H]2[C@@H]([C@@H]([C@H](O2)COP(=O)([O-])OP(=O)([O-])OC[C@@H]3[C@H]([C@H]([C@@H](O3)N4C=NC5=C(N=CN=C54)N)O)O)O)O)N
[22:40:06] SMILES Parse Error: Failed parsing SMILES 'C1=C(C(=O)NC(=O)N1)[C@H]2[C@@H]([C@@H]([C@H](O2)COP(=O)([O-])OP(=O)([O-])OC[C@@H]3[C@H]([C@H]([C@@H](O3)N4C=NC5=C(N=CN=C54)N)O)O)O)O)N' for input: 'C1=C(C(=O)NC(=O)N1)[C@H]2[C@@H]([C@@H]([C@H](O2)COP(=O)([O-])OP(=O)([O-])OC[C@@H]3[C@H]([C@H]([C@@H](O3)N4C=NC5=C(N=CN=C54)N)O)O)O)O)N'

Progress: 1362/2000
Progress: 1363/2000[22:40:10] SMILES Parse Error: extra close parentheses while parsing: C1=C(C(=O)NC(=O)N1)[C@@H]2[C@H]([C@@H]([C@H](O2)COP(=O)([O-])OP(=O)([O-])OC[C@@H]3[C@H]([C@H]([C@@H](O3)N4C=NC5=C(N=CN=C54)N)O)O)O)O)O
[22:40:10] SMILES Parse Error: Failed parsing SMILES 'C1=C(C(=O)NC(=O)N1)[C@@H]2[C@H]([C@@H]([C@H](O2)COP(=O)([O-])OP(=O)([O-])OC[C@@H]3[C@H]([C@H]([C@@H](O3)N4C=NC5=C(N=CN=C54)N)O)O)O)O)O' for input: 'C1=C(C(=O)NC(=O)N1)[C@@H]2[C@H]([C@@H]([C@H](O2)COP(=O)([O-])OP(=O)([O-])OC[C@@H]3[C@H]([C@H]([C@@H](O3)N4C=NC5=C(N=CN=C54)N)O)O)O)O)O'

Progress: 1364/2000[22:40:12] SMILES Parse Error: extra close parentheses while parsing: C1=C(C(=O)NC(=O)N1)[C@@H]2[C@H]([C@@H]([C@H](O2)COP(=O)([O-])OP(=O)([O-])OC[C@@H]3[C@H]([C@H]([C@@H](O3)N4C=NC5=C(N=CN=C54)N)O)O)O)O)O
[22:40:12] SMILES Parse Error: Failed parsing SMILES 'C1=C(C(=O)NC(=O)N1)[C@@H]2[C@H]([C@@H]([C@H](O2)COP(=O)([O-])OP(=O)([O-])OC[C@@H]3[C@H]([C@H]([C@@H](O3)N4C=NC5=C(N=CN=C54)N)O)O)O)O)O' for input: 'C1=C(C(=O)NC(=O)N1)[C@@H]2[C@H]([C@@H]([C@H](O2)COP(=O)([O-])OP(=O)([O-])OC[C@@H]3[C@H]([C@H]([C@@H](O3)N4C=NC5=C(N=CN=C54)N)O)O)O)O)O'

Progress: 1365/2000
Progress: 1366/2000[22:40:16] SMILES Parse Error: extra close parentheses while parsing: C1[C@@H]([C@H](O[C@H]1N2C=NC3=C2N=C(NC3=O)N)COP(=O)([O-])OP(=O)([O-])OC[C@@H]4[C@H]([C@H]([C@@H](O4)N5C=NC6=C5N=C(NC6=O)N)O)O)O)O)O
[22:40:16] SMILES Parse Error: Failed parsing SMILES 'C1[C@@H]([C@H](O[C@H]1N2C=NC3=C2N=C(NC3=O)N)COP(=O)([O-])OP(=O)([O-])OC[C@@H]4[C@H]([C@H]([C@@H](O4)N5C=NC6=C5N=C(NC6=O)N)O)O)O)O)O' for input: 'C1[C@@H]([C@H](O[C@H]1N2C=NC3=C2N=C(NC3=O)N)COP(=O)([O-])OP(=O)([O-])OC[C@@H]4[C@H]([C@H]([C@@H](O4)N5C=NC6=C5N=C(NC6=O)N)O)O)O)O)O'

Progress: 1367/2000
Progress: 1368/2000[22:40:19] SMILES Parse Error: extra close parentheses while parsing: C1=C(C(=O)NC(=O)N1)[C@H]2[C@@H]([C@@H]([C@H](O2)COP(=O)([O-])OP(=O)([O-])OC[C@@H]3[C@H]([C@H]([C@@H](O3)N4C=NC5=C(N=CN=C54)N)O)O)O)O)N
[22:40:19] SMILES Parse Error: Failed parsing SMILES 'C1=C(C(=O)NC(=O)N1)[C@H]2[C@@H]([C@@H]([C@H](O2)COP(=O)([O-])OP(=O)([O-])OC[C@@H]3[C@H]([C@H]([C@@H](O3)N4C=NC5=C(N=CN=C54)N)O)O)O)O)N' for input: 'C1=C(C(=O)NC(=O)N1)[C@H]2[C@@H]([C@@H]([C@H](O2)COP(=O)([O-])OP(=O)([O-])OC[C@@H]3[C@H]([C@H]([C@@H](O3)N4C=NC5=C(N=CN=C54)N)O)O)O)O)N'

Progress: 1369/2000
Progress: 1370/2000
Progress: 1371/2000
Progress: 1372/2000[22:40:26] SMILES Parse Error: extra close parentheses while parsing: C1C=CN(C=C1C(=O)N)[C@H]2[C@@H]([C@@H]([C@H](O2)COP(=O)(O)OP(=O)(O)OC[C@@H]3[C@H]([C@H]([C@@H](O3)N4C=NC5=C(N=CN=C54)N)O)O)O)O)N
[22:40:26] SMILES Parse Error: Failed parsing SMILES 'C1C=CN(C=C1C(=O)N)[C@H]2[C@@H]([C@@H]([C@H](O2)COP(=O)(O)OP(=O)(O)OC[C@@H]3[C@H]([C@H]([C@@H](O3)N4C=NC5=C(N=CN=C54)N)O)O)O)O)N' for input: 'C1C=CN(C=C1C(=O)N)[C@H]2[C@@H]([C@@H]([C@H](O2)COP(=O)(O)OP(=O)(O)OC[C@@H]3[C@H]([C@H]([C@@H](O3)N4C=NC5=C(N=CN=C54)N)O)O)O)O)N'

Progress: 1373/2000
Progress: 1374/2000
Progress: 1375/2000
Progress: 1376/2000[22:40:33] SMILES Parse Error: extra close parentheses while parsing: C1=C(C(=O)NC(=O)N1)[C@@H]2[C@H]([C@@H]([C@H](O2)COP(=O)([O-])OP(=O)([O-])OC[C@@H]3[C@H]([C@H]([C@@H](O3)N4C=NC5=C(N=CN=C54)N)O)O)O)O)N
[22:40:33] SMILES Parse Error: Failed parsing SMILES 'C1=C(C(=O)NC(=O)N1)[C@@H]2[C@H]([C@@H]([C@H](O2)COP(=O)([O-])OP(=O)([O-])OC[C@@H]3[C@H]([C@H]([C@@H](O3)N4C=NC5=C(N=CN=C54)N)O)O)O)O)N' for input: 'C1=C(C(=O)NC(=O)N1)[C@@H]2[C@H]([C@@H]([C@H](O2)COP(=O)([O-])OP(=O)([O-])OC[C@@H]3[C@H]([C@H]([C@@H](O3)N4C=NC5=C(N=CN=C54)N)O)O)O)O)N'

Progress: 1377/2000
Progress: 1378/2000[22:40:36] SMILES Parse Error: extra close parentheses while parsing: C1=C(C(=O)NC(=O)N1)[C@H]2[C@@H]([C@@H]([C@H](O2)COP(=O)([O-])OP(=O)([O-])OC[C@@H]3[C@H]([C@H]([C@@H](O3)N4C=NC5=C(N=CN=C54)N)O)O)O)O)O
[22:40:36] SMILES Parse Error: Failed parsing SMILES 'C1=C(C(=O)NC(=O)N1)[C@H]2[C@@H]([C@@H]([C@H](O2)COP(=O)([O-])OP(=O)([O-])OC[C@@H]3[C@H]([C@H]([C@@H](O3)N4C=NC5=C(N=CN=C54)N)O)O)O)O)O' for input: 'C1=C(C(=O)NC(=O)N1)[C@H]2[C@@H]([C@@H]([C@H](O2)COP(=O)([O-])OP(=O)([O-])OC[C@@H]3[C@H]([C@H]([C@@H](O3)N4C=NC5=C(N=CN=C54)N)O)O)O)O)O'

Progress: 1379/2000[22:40:38] SMILES Parse Error: extra close parentheses while parsing: C1[C@@H]([C@H](O[C@H]1N2C=NC3=C2N=C(NC3=O)N)COP(=O)(O)OP(=O)(O)OC[C@@H]4[C@H]([C@H]([C@@H](O4)N5C=NC6=C5N=C(NC6=O)N)O)O)O)O
[22:40:38] SMILES Parse Error: Failed parsing SMILES 'C1[C@@H]([C@H](O[C@H]1N2C=NC3=C2N=C(NC3=O)N)COP(=O)(O)OP(=O)(O)OC[C@@H]4[C@H]([C@H]([C@@H](O4)N5C=NC6=C5N=C(NC6=O)N)O)O)O)O' for input: 'C1[C@@H]([C@H](O[C@H]1N2C=NC3=C2N=C(NC3=O)N)COP(=O)(O)OP(=O)(O)OC[C@@H]4[C@H]([C@H]([C@@H](O4)N5C=NC6=C5N=C(NC6=O)N)O)O)O)O'

Progress: 1380/2000
Progress: 1381/2000
Progress: 1382/2000[22:40:42] SMILES Parse Error: extra close parentheses while parsing: C1=C(C(=O)NC(=O)N1[C@H]2[C@@H]([C@@H]([C@H](O2)COP(=O)([O-])OP(=O)([O-])OC[C@@H]3[C@H]([C@H]([C@@H](O3)N4C=NC5=C(N=CN=C54)N)O)O)O)O)O)N
[22:40:42] SMILES Parse Error: Failed parsing SMILES 'C1=C(C(=O)NC(=O)N1[C@H]2[C@@H]([C@@H]([C@H](O2)COP(=O)([O-])OP(=O)([O-])OC[C@@H]3[C@H]([C@H]([C@@H](O3)N4C=NC5=C(N=CN=C54)N)O)O)O)O)O)N' for input: 'C1=C(C(=O)NC(=O)N1[C@H]2[C@@H]([C@@H]([C@H](O2)COP(=O)([O-])OP(=O)([O-])OC[C@@H]3[C@H]([C@H]([C@@H](O3)N4C=NC5=C(N=CN=C54)N)O)O)O)O)O)N'

Progress: 1383/2000
Progress: 1384/2000
Progress: 1385/2000[22:40:48] SMILES Parse Error: extra close parentheses while parsing: C1=C(C(=O)NC(=O)N1)[C@H]2[C@@H]([C@@H]([C@H](O2)COP(=O)([O-])OP(=O)([O-])OC[C@@H]3[C@H]([C@H]([C@@H](O3)N4C=NC5=C(N=CN=C54)N)O)O)O)O)O
[22:40:48] SMILES Parse Error: Failed parsing SMILES 'C1=C(C(=O)NC(=O)N1)[C@H]2[C@@H]([C@@H]([C@H](O2)COP(=O)([O-])OP(=O)([O-])OC[C@@H]3[C@H]([C@H]([C@@H](O3)N4C=NC5=C(N=CN=C54)N)O)O)O)O)O' for input: 'C1=C(C(=O)NC(=O)N1)[C@H]2[C@@H]([C@@H]([C@H](O2)COP(=O)([O-])OP(=O)([O-])OC[C@@H]3[C@H]([C@H]([C@@H](O3)N4C=NC5=C(N=CN=C54)N)O)O)O)O)O'

Progress: 1386/2000[22:40:50] SMILES Parse Error: extra close parentheses while parsing: C1[C@@H]([C@H](O[C@H]1N2C=NC3=C2N=C(NC3=O)N)COP(=O)(O)OP(=O)(O)OC[C@@H]4[C@H]([C@H]([C@@H](O4)N5C=NC6=C5N=C(NC6=O)N)O)O)O)O
[22:40:50] SMILES Parse Error: Failed parsing SMILES 'C1[C@@H]([C@H](O[C@H]1N2C=NC3=C2N=C(NC3=O)N)COP(=O)(O)OP(=O)(O)OC[C@@H]4[C@H]([C@H]([C@@H](O4)N5C=NC6=C5N=C(NC6=O)N)O)O)O)O' for input: 'C1[C@@H]([C@H](O[C@H]1N2C=NC3=C2N=C(NC3=O)N)COP(=O)(O)OP(=O)(O)OC[C@@H]4[C@H]([C@H]([C@@H](O4)N5C=NC6=C5N=C(NC6=O)N)O)O)O)O'

Progress: 1387/2000
Progress: 1388/2000[22:40:53] SMILES Parse Error: extra close parentheses while parsing: C1[C@@H]([C@H](O[C@H]1N2C=NC3=C2N=C(NC3=O)N)COP(=O)(O)OP(=O)(O)OC[C@@H]4[C@H]([C@H]([C@@H](O4)N5C=NC6=C5N=C(NC6=O)N)O)O)O)O
[22:40:53] SMILES Parse Error: Failed parsing SMILES 'C1[C@@H]([C@H](O[C@H]1N2C=NC3=C2N=C(NC3=O)N)COP(=O)(O)OP(=O)(O)OC[C@@H]4[C@H]([C@H]([C@@H](O4)N5C=NC6=C5N=C(NC6=O)N)O)O)O)O' for input: 'C1[C@@H]([C@H](O[C@H]1N2C=NC3=C2N=C(NC3=O)N)COP(=O)(O)OP(=O)(O)OC[C@@H]4[C@H]([C@H]([C@@H](O4)N5C=NC6=C5N=C(NC6=O)N)O)O)O)O'

Progress: 1389/2000
Progress: 1390/2000[22:40:56] SMILES Parse Error: extra close parentheses while parsing: C1C=CN(C=C1C(=O)N)[C@H]2[C@@H]([C@@H]([C@H](O2)COP(=O)([O-])OP(=O)([O-])OC[C@@H]3[C@H]([C@H]([C@@H](O3)N4C=NC5=C(N=CN=C54)N)O)O)O)O)O
[22:40:56] SMILES Parse Error: Failed parsing SMILES 'C1C=CN(C=C1C(=O)N)[C@H]2[C@@H]([C@@H]([C@H](O2)COP(=O)([O-])OP(=O)([O-])OC[C@@H]3[C@H]([C@H]([C@@H](O3)N4C=NC5=C(N=CN=C54)N)O)O)O)O)O' for input: 'C1C=CN(C=C1C(=O)N)[C@H]2[C@@H]([C@@H]([C@H](O2)COP(=O)([O-])OP(=O)([O-])OC[C@@H]3[C@H]([C@H]([C@@H](O3)N4C=NC5=C(N=CN=C54)N)O)O)O)O)O'

Progress: 1391/2000
Progress: 1392/2000[22:40:59] SMILES Parse Error: extra close parentheses while parsing: C1=C(C(=O)NC(=O)N1[C@H]2[C@@H]([C@@H]([C@H](O2)COP(=O)([O-])OP(=O)([O-])OC[C@@H]3[C@H]([C@H]([C@@H](O3)N4C=NC5=C(N=CN=C54)N)O)O)O)O)O)N
[22:40:59] SMILES Parse Error: Failed parsing SMILES 'C1=C(C(=O)NC(=O)N1[C@H]2[C@@H]([C@@H]([C@H](O2)COP(=O)([O-])OP(=O)([O-])OC[C@@H]3[C@H]([C@H]([C@@H](O3)N4C=NC5=C(N=CN=C54)N)O)O)O)O)O)N' for input: 'C1=C(C(=O)NC(=O)N1[C@H]2[C@@H]([C@@H]([C@H](O2)COP(=O)([O-])OP(=O)([O-])OC[C@@H]3[C@H]([C@H]([C@@H](O3)N4C=NC5=C(N=CN=C54)N)O)O)O)O)O)N'

Progress: 1393/2000[22:41:01] SMILES Parse Error: extra close parentheses while parsing: C1=C(C(=O)NC(=O)N1)[C@@H]2[C@H]([C@@H]([C@H](O2)COP(=O)([O-])OP(=O)([O-])OC[C@@H]3[C@H]([C@H]([C@@H](O3)N4C=NC5=C(N=CN=C54)N)O)O)O)O)O
[22:41:01] SMILES Parse Error: Failed parsing SMILES 'C1=C(C(=O)NC(=O)N1)[C@@H]2[C@H]([C@@H]([C@H](O2)COP(=O)([O-])OP(=O)([O-])OC[C@@H]3[C@H]([C@H]([C@@H](O3)N4C=NC5=C(N=CN=C54)N)O)O)O)O)O' for input: 'C1=C(C(=O)NC(=O)N1)[C@@H]2[C@H]([C@@H]([C@H](O2)COP(=O)([O-])OP(=O)([O-])OC[C@@H]3[C@H]([C@H]([C@@H](O3)N4C=NC5=C(N=CN=C54)N)O)O)O)O)O'

Progress: 1394/2000
Progress: 1395/2000
Progress: 1396/2000[22:41:05] SMILES Parse Error: extra close parentheses while parsing: C1=C(C(=O)NC(=O)N1)[C@H]2[C@@H]([C@@H]([C@H](O2)COP(=O)([O-])OP(=O)([O-])OC[C@@H]3[C@H]([C@H]([C@@H](O3)N4C=NC5=C(N=CN=C54)N)O)O)O)O)N
[22:41:05] SMILES Parse Error: Failed parsing SMILES 'C1=C(C(=O)NC(=O)N1)[C@H]2[C@@H]([C@@H]([C@H](O2)COP(=O)([O-])OP(=O)([O-])OC[C@@H]3[C@H]([C@H]([C@@H](O3)N4C=NC5=C(N=CN=C54)N)O)O)O)O)N' for input: 'C1=C(C(=O)NC(=O)N1)[C@H]2[C@@H]([C@@H]([C@H](O2)COP(=O)([O-])OP(=O)([O-])OC[C@@H]3[C@H]([C@H]([C@@H](O3)N4C=NC5=C(N=CN=C54)N)O)O)O)O)N'

Progress: 1397/2000[22:41:07] SMILES Parse Error: extra close parentheses while parsing: CCC1=C(C2=NC1=CC3=C(C4=C(N3)C(=C5[C@H]([C@@H](C(=CC6=NC(=C2)C(=C6C)C=C)N5)C)CCC(=O)O)C4=N3)O)C)C
[22:41:07] SMILES Parse Error: Failed parsing SMILES 'CCC1=C(C2=NC1=CC3=C(C4=C(N3)C(=C5[C@H]([C@@H](C(=CC6=NC(=C2)C(=C6C)C=C)N5)C)CCC(=O)O)C4=N3)O)C)C' for input: 'CCC1=C(C2=NC1=CC3=C(C4=C(N3)C(=C5[C@H]([C@@H](C(=CC6=NC(=C2)C(=C6C)C=C)N5)C)CCC(=O)O)C4=N3)O)C)C'

Progress: 1398/2000
Progress: 1399/2000
Progress: 1400/2000
Progress: 1401/2000
Progress: 1402/2000
Progress: 1403/2000[22:41:17] SMILES Parse Error: extra close parentheses while parsing: C1=C(C(=O)NC(=O)N1)[C@H]2[C@@H]([C@@H]([C@H](O2)COP(=O)([O-])OP(=O)([O-])OC[C@@H]3[C@H]([C@H]([C@@H](O3)N4C=NC5=C(N=CN=C54)N)O)O)O)O)N
[22:41:17] SMILES Parse Error: Failed parsing SMILES 'C1=C(C(=O)NC(=O)N1)[C@H]2[C@@H]([C@@H]([C@H](O2)COP(=O)([O-])OP(=O)([O-])OC[C@@H]3[C@H]([C@H]([C@@H](O3)N4C=NC5=C(N=CN=C54)N)O)O)O)O)N' for input: 'C1=C(C(=O)NC(=O)N1)[C@H]2[C@@H]([C@@H]([C@H](O2)COP(=O)([O-])OP(=O)([O-])OC[C@@H]3[C@H]([C@H]([C@@H](O3)N4C=NC5=C(N=CN=C54)N)O)O)O)O)N'

Progress: 1404/2000
Progress: 1405/2000[22:41:19] SMILES Parse Error: extra close parentheses while parsing: C1=C(C(=O)NC(=O)N1)[C@H]2[C@@H]([C@@H]([C@H](O2)COP(=O)([O-])OP(=O)([O-])OC[C@@H]3[C@H]([C@H]([C@@H](O3)N4C=NC5=C(N=CN=C54)N)O)O)O)O)C(=O)N
[22:41:19] SMILES Parse Error: Failed parsing SMILES 'C1=C(C(=O)NC(=O)N1)[C@H]2[C@@H]([C@@H]([C@H](O2)COP(=O)([O-])OP(=O)([O-])OC[C@@H]3[C@H]([C@H]([C@@H](O3)N4C=NC5=C(N=CN=C54)N)O)O)O)O)C(=O)N' for input: 'C1=C(C(=O)NC(=O)N1)[C@H]2[C@@H]([C@@H]([C@H](O2)COP(=O)([O-])OP(=O)([O-])OC[C@@H]3[C@H]([C@H]([C@@H](O3)N4C=NC5=C(N=CN=C54)N)O)O)O)O)C(=O)N'

Progress: 1406/2000[22:41:21] SMILES Parse Error: extra close parentheses while parsing: C1=C(C(=O)NC(=O)N1[C@H]2[C@@H]([C@@H]([C@H](O2)COP(=O)([O-])OP(=O)([O-])OC[C@@H]3[C@H]([C@H]([C@@H](O3)N4C=NC5=C(N=CN=C54)N)O)O)O)O)O)N
[22:41:21] SMILES Parse Error: Failed parsing SMILES 'C1=C(C(=O)NC(=O)N1[C@H]2[C@@H]([C@@H]([C@H](O2)COP(=O)([O-])OP(=O)([O-])OC[C@@H]3[C@H]([C@H]([C@@H](O3)N4C=NC5=C(N=CN=C54)N)O)O)O)O)O)N' for input: 'C1=C(C(=O)NC(=O)N1[C@H]2[C@@H]([C@@H]([C@H](O2)COP(=O)([O-])OP(=O)([O-])OC[C@@H]3[C@H]([C@H]([C@@H](O3)N4C=NC5=C(N=CN=C54)N)O)O)O)O)O)N'

Progress: 1407/2000
Progress: 1408/2000
Progress: 1409/2000[22:41:26] SMILES Parse Error: extra close parentheses while parsing: C1=C(C(=O)NC(=O)N1)[C@@H]2[C@H]([C@@H]([C@H](O2)COP(=O)([O-])OP(=O)([O-])OC[C@@H]3[C@H]([C@H]([C@@H](O3)N4C=NC5=C(N=CN=C54)N)O)O)O)O)O)N
[22:41:26] SMILES Parse Error: Failed parsing SMILES 'C1=C(C(=O)NC(=O)N1)[C@@H]2[C@H]([C@@H]([C@H](O2)COP(=O)([O-])OP(=O)([O-])OC[C@@H]3[C@H]([C@H]([C@@H](O3)N4C=NC5=C(N=CN=C54)N)O)O)O)O)O)N' for input: 'C1=C(C(=O)NC(=O)N1)[C@@H]2[C@H]([C@@H]([C@H](O2)COP(=O)([O-])OP(=O)([O-])OC[C@@H]3[C@H]([C@H]([C@@H](O3)N4C=NC5=C(N=CN=C54)N)O)O)O)O)O)N'

Progress: 1410/2000
Progress: 1411/2000[22:41:29] SMILES Parse Error: extra close parentheses while parsing: C1=C(C(=O)NC(=O)N1)[C@@H]2[C@H]([C@@H]([C@H](O2)COP(=O)([O-])OP(=O)([O-])OC[C@@H]3[C@H]([C@H]([C@@H](O3)N4C=NC5=C(N=CN=C54)N)O)O)O)O)O)N
[22:41:29] SMILES Parse Error: Failed parsing SMILES 'C1=C(C(=O)NC(=O)N1)[C@@H]2[C@H]([C@@H]([C@H](O2)COP(=O)([O-])OP(=O)([O-])OC[C@@H]3[C@H]([C@H]([C@@H](O3)N4C=NC5=C(N=CN=C54)N)O)O)O)O)O)N' for input: 'C1=C(C(=O)NC(=O)N1)[C@@H]2[C@H]([C@@H]([C@H](O2)COP(=O)([O-])OP(=O)([O-])OC[C@@H]3[C@H]([C@H]([C@@H](O3)N4C=NC5=C(N=CN=C54)N)O)O)O)O)O)N'

Progress: 1412/2000[22:41:31] SMILES Parse Error: extra close parentheses while parsing: C1=C(C(=O)NC(=O)N1)[C@@H]2[C@H]([C@@H]([C@H](O2)COP(=O)([O-])OP(=O)([O-])OC[C@@H]3[C@H]([C@H]([C@@H](O3)N4C=NC5=C(N=CN=C54)N)O)O)O)O)O
[22:41:31] SMILES Parse Error: Failed parsing SMILES 'C1=C(C(=O)NC(=O)N1)[C@@H]2[C@H]([C@@H]([C@H](O2)COP(=O)([O-])OP(=O)([O-])OC[C@@H]3[C@H]([C@H]([C@@H](O3)N4C=NC5=C(N=CN=C54)N)O)O)O)O)O' for input: 'C1=C(C(=O)NC(=O)N1)[C@@H]2[C@H]([C@@H]([C@H](O2)COP(=O)([O-])OP(=O)([O-])OC[C@@H]3[C@H]([C@H]([C@@H](O3)N4C=NC5=C(N=CN=C54)N)O)O)O)O)O'

Progress: 1413/2000[22:41:33] SMILES Parse Error: extra close parentheses while parsing: CCC1=C(C2=NC1=CC3=C(C4=C(N3)C(=C5[C@H]([C@@H](C(=CC6=NC(=C2)C(=C6C)C=C)N5)C)CCC(=O)O)C4=N3)O)C)C
[22:41:33] SMILES Parse Error: Failed parsing SMILES 'CCC1=C(C2=NC1=CC3=C(C4=C(N3)C(=C5[C@H]([C@@H](C(=CC6=NC(=C2)C(=C6C)C=C)N5)C)CCC(=O)O)C4=N3)O)C)C' for input: 'CCC1=C(C2=NC1=CC3=C(C4=C(N3)C(=C5[C@H]([C@@H](C(=CC6=NC(=C2)C(=C6C)C=C)N5)C)CCC(=O)O)C4=N3)O)C)C'

Progress: 1414/2000[22:41:35] SMILES Parse Error: extra close parentheses while parsing: C1C=CN(C(=O)N1)[C@H]2[C@@H]([C@@H]([C@H](O2)COP(=O)([O-])OP(=O)([O-])OC[C@@H]3[C@H]([C@H]([C@@H](O3)N4C=NC5=C(N=CN=C54)N)O)O)O)O)O
[22:41:35] SMILES Parse Error: Failed parsing SMILES 'C1C=CN(C(=O)N1)[C@H]2[C@@H]([C@@H]([C@H](O2)COP(=O)([O-])OP(=O)([O-])OC[C@@H]3[C@H]([C@H]([C@@H](O3)N4C=NC5=C(N=CN=C54)N)O)O)O)O)O' for input: 'C1C=CN(C(=O)N1)[C@H]2[C@@H]([C@@H]([C@H](O2)COP(=O)([O-])OP(=O)([O-])OC[C@@H]3[C@H]([C@H]([C@@H](O3)N4C=NC5=C(N=CN=C54)N)O)O)O)O)O'

Progress: 1415/2000
Progress: 1416/2000
Progress: 1417/2000[22:41:39] SMILES Parse Error: extra close parentheses while parsing: C1C=CN(C=C1C(=O)N)[C@H]2[C@@H]([C@@H]([C@H](O2)COP(=O)(O)OP(=O)(O)OC[C@@H]3[C@H]([C@H]([C@@H](O3)N4C=NC5=C(N=CN=C54)N)O)O)O)O)N
[22:41:39] SMILES Parse Error: Failed parsing SMILES 'C1C=CN(C=C1C(=O)N)[C@H]2[C@@H]([C@@H]([C@H](O2)COP(=O)(O)OP(=O)(O)OC[C@@H]3[C@H]([C@H]([C@@H](O3)N4C=NC5=C(N=CN=C54)N)O)O)O)O)N' for input: 'C1C=CN(C=C1C(=O)N)[C@H]2[C@@H]([C@@H]([C@H](O2)COP(=O)(O)OP(=O)(O)OC[C@@H]3[C@H]([C@H]([C@@H](O3)N4C=NC5=C(N=CN=C54)N)O)O)O)O)N'

Progress: 1418/2000
Progress: 1419/2000[22:41:42] SMILES Parse Error: extra close parentheses while parsing: C1[C@@H]([C@H](O[C@H]1N2C=NC3=C2N=C(NC3=O)N)COP(=O)(O)OP(=O)(O)OC[C@@H]4[C@H]([C@H]([C@@H](O4)N5C=NC6=C5N=C(NC6=O)N)O)O)O)O
[22:41:42] SMILES Parse Error: Failed parsing SMILES 'C1[C@@H]([C@H](O[C@H]1N2C=NC3=C2N=C(NC3=O)N)COP(=O)(O)OP(=O)(O)OC[C@@H]4[C@H]([C@H]([C@@H](O4)N5C=NC6=C5N=C(NC6=O)N)O)O)O)O' for input: 'C1[C@@H]([C@H](O[C@H]1N2C=NC3=C2N=C(NC3=O)N)COP(=O)(O)OP(=O)(O)OC[C@@H]4[C@H]([C@H]([C@@H](O4)N5C=NC6=C5N=C(NC6=O)N)O)O)O)O'

Progress: 1420/2000
Progress: 1421/2000
Progress: 1422/2000
Progress: 1423/2000
Progress: 1424/2000[22:41:49] SMILES Parse Error: extra close parentheses while parsing: C1=C(C(=O)NC(=O)N1)[C@H]2[C@@H]([C@@H]([C@H](O2)COP(=O)([O-])OP(=O)([O-])OC[C@@H]3[C@H]([C@H]([C@@H](O3)N4C=NC5=C(N=CN=C54)N)O)O)O)O)O
[22:41:49] SMILES Parse Error: Failed parsing SMILES 'C1=C(C(=O)NC(=O)N1)[C@H]2[C@@H]([C@@H]([C@H](O2)COP(=O)([O-])OP(=O)([O-])OC[C@@H]3[C@H]([C@H]([C@@H](O3)N4C=NC5=C(N=CN=C54)N)O)O)O)O)O' for input: 'C1=C(C(=O)NC(=O)N1)[C@H]2[C@@H]([C@@H]([C@H](O2)COP(=O)([O-])OP(=O)([O-])OC[C@@H]3[C@H]([C@H]([C@@H](O3)N4C=NC5=C(N=CN=C54)N)O)O)O)O)O'

Progress: 1425/2000
Progress: 1426/2000[22:41:53] SMILES Parse Error: extra close parentheses while parsing: C1=C(C(=O)NC(=O)N1)[C@H]2[C@@H]([C@@H]([C@H](O2)COP(=O)([O-])OP(=O)([O-])OC[C@@H]3[C@H]([C@H]([C@@H](O3)N4C=NC5=C(N=CN=C54)N)O)O)O)O)O.C1=NC2=C(C(=O)NC2=O)C3=CC=CC=C3O
[22:41:53] SMILES Parse Error: Failed parsing SMILES 'C1=C(C(=O)NC(=O)N1)[C@H]2[C@@H]([C@@H]([C@H](O2)COP(=O)([O-])OP(=O)([O-])OC[C@@H]3[C@H]([C@H]([C@@H](O3)N4C=NC5=C(N=CN=C54)N)O)O)O)O)O.C1=NC2=C(C(=O)NC2=O)C3=CC=CC=C3O' for input: 'C1=C(C(=O)NC(=O)N1)[C@H]2[C@@H]([C@@H]([C@H](O2)COP(=O)([O-])OP(=O)([O-])OC[C@@H]3[C@H]([C@H]([C@@H](O3)N4C=NC5=C(N=CN=C54)N)O)O)O)O)O.C1=NC2=C(C(=O)NC2=O)C3=CC=CC=C3O'

Progress: 1427/2000
Progress: 1428/2000[22:41:57] SMILES Parse Error: extra close parentheses while parsing: C1=C(C(=O)NC(=O)N1)[C@@H]2[C@H]([C@@H]([C@H](O2)COP(=O)([O-])OP(=O)([O-])OC[C@@H]3[C@H]([C@H]([C@@H](O3)N4C=NC5=C4N=C(NC5=O)N)O)O)O)O)N
[22:41:57] SMILES Parse Error: Failed parsing SMILES 'C1=C(C(=O)NC(=O)N1)[C@@H]2[C@H]([C@@H]([C@H](O2)COP(=O)([O-])OP(=O)([O-])OC[C@@H]3[C@H]([C@H]([C@@H](O3)N4C=NC5=C4N=C(NC5=O)N)O)O)O)O)N' for input: 'C1=C(C(=O)NC(=O)N1)[C@@H]2[C@H]([C@@H]([C@H](O2)COP(=O)([O-])OP(=O)([O-])OC[C@@H]3[C@H]([C@H]([C@@H](O3)N4C=NC5=C4N=C(NC5=O)N)O)O)O)O)N'

Progress: 1429/2000[22:41:59] SMILES Parse Error: extra close parentheses while parsing: C1=C(C(=O)NC(=O)N1)[C@H]2[C@@H]([C@@H]([C@H](O2)COP(=O)([O-])OP(=O)([O-])OC[C@@H]3[C@H]([C@H]([C@@H](O3)N4C=NC5=C(N=CN=C54)N)O)O)O)O)N
[22:41:59] SMILES Parse Error: Failed parsing SMILES 'C1=C(C(=O)NC(=O)N1)[C@H]2[C@@H]([C@@H]([C@H](O2)COP(=O)([O-])OP(=O)([O-])OC[C@@H]3[C@H]([C@H]([C@@H](O3)N4C=NC5=C(N=CN=C54)N)O)O)O)O)N' for input: 'C1=C(C(=O)NC(=O)N1)[C@H]2[C@@H]([C@@H]([C@H](O2)COP(=O)([O-])OP(=O)([O-])OC[C@@H]3[C@H]([C@H]([C@@H](O3)N4C=NC5=C(N=CN=C54)N)O)O)O)O)N'

Progress: 1430/2000
Progress: 1431/2000[22:42:02] SMILES Parse Error: extra close parentheses while parsing: C1[C@@H]([C@H](O[C@H]1N2C=NC3=C2N=C(NC3=O)N)COP(=O)(O)OP(=O)(O)OC[C@@H]4[C@H]([C@H]([C@@H](O4)N5C=NC6=C5N=C(NC6=O)N)O)O)O)O
[22:42:02] SMILES Parse Error: Failed parsing SMILES 'C1[C@@H]([C@H](O[C@H]1N2C=NC3=C2N=C(NC3=O)N)COP(=O)(O)OP(=O)(O)OC[C@@H]4[C@H]([C@H]([C@@H](O4)N5C=NC6=C5N=C(NC6=O)N)O)O)O)O' for input: 'C1[C@@H]([C@H](O[C@H]1N2C=NC3=C2N=C(NC3=O)N)COP(=O)(O)OP(=O)(O)OC[C@@H]4[C@H]([C@H]([C@@H](O4)N5C=NC6=C5N=C(NC6=O)N)O)O)O)O'

Progress: 1432/2000[22:42:04] SMILES Parse Error: extra close parentheses while parsing: C1[C@@H]([C@H](O[C@H]1N2C=NC3=C2N=C(NC3=O)N)COP(=O)(O)OP(=O)(O)OC[C@@H]4[C@H]([C@H]([C@@H](O4)N5C=NC6=C5N=C(NC6=O)N)O)O)O)O
[22:42:04] SMILES Parse Error: Failed parsing SMILES 'C1[C@@H]([C@H](O[C@H]1N2C=NC3=C2N=C(NC3=O)N)COP(=O)(O)OP(=O)(O)OC[C@@H]4[C@H]([C@H]([C@@H](O4)N5C=NC6=C5N=C(NC6=O)N)O)O)O)O' for input: 'C1[C@@H]([C@H](O[C@H]1N2C=NC3=C2N=C(NC3=O)N)COP(=O)(O)OP(=O)(O)OC[C@@H]4[C@H]([C@H]([C@@H](O4)N5C=NC6=C5N=C(NC6=O)N)O)O)O)O'

Progress: 1433/2000
Progress: 1434/2000
Progress: 1435/2000
Progress: 1436/2000
Progress: 1437/2000[22:42:11] SMILES Parse Error: extra close parentheses while parsing: C1[C@@H]([C@H](O[C@H]1N2C=NC3=C2N=C(NC3=O)N)COP(=O)(O)OP(=O)(O)OC[C@@H]4[C@H]([C@H]([C@@H](O4)N5C=NC6=C5N=C(NC6=O)N)O)O)O)O
[22:42:11] SMILES Parse Error: Failed parsing SMILES 'C1[C@@H]([C@H](O[C@H]1N2C=NC3=C2N=C(NC3=O)N)COP(=O)(O)OP(=O)(O)OC[C@@H]4[C@H]([C@H]([C@@H](O4)N5C=NC6=C5N=C(NC6=O)N)O)O)O)O' for input: 'C1[C@@H]([C@H](O[C@H]1N2C=NC3=C2N=C(NC3=O)N)COP(=O)(O)OP(=O)(O)OC[C@@H]4[C@H]([C@H]([C@@H](O4)N5C=NC6=C5N=C(NC6=O)N)O)O)O)O'

Progress: 1438/2000[22:42:13] SMILES Parse Error: extra close parentheses while parsing: C1=C(C(=O)NC(=O)N1)[C@H]2[C@@H]([C@@H]([C@H](O2)COP(=O)([O-])OP(=O)([O-])OC[C@@H]3[C@H]([C@H]([C@@H](O3)N4C=NC5=C(N=CN=C54)N)O)O)O)O)N
[22:42:13] SMILES Parse Error: Failed parsing SMILES 'C1=C(C(=O)NC(=O)N1)[C@H]2[C@@H]([C@@H]([C@H](O2)COP(=O)([O-])OP(=O)([O-])OC[C@@H]3[C@H]([C@H]([C@@H](O3)N4C=NC5=C(N=CN=C54)N)O)O)O)O)N' for input: 'C1=C(C(=O)NC(=O)N1)[C@H]2[C@@H]([C@@H]([C@H](O2)COP(=O)([O-])OP(=O)([O-])OC[C@@H]3[C@H]([C@H]([C@@H](O3)N4C=NC5=C(N=CN=C54)N)O)O)O)O)N'

Progress: 1439/2000
Progress: 1440/2000[22:42:16] SMILES Parse Error: extra close parentheses while parsing: C1=C(C(=O)NC(=O)N1)[C@H]2[C@@H]([C@@H]([C@H](O2)COP(=O)([O-])OP(=O)([O-])OC[C@@H]3[C@H]([C@H]([C@@H](O3)N4C=NC5=C(N=CN=C54)N)O)O)O)O)N
[22:42:16] SMILES Parse Error: Failed parsing SMILES 'C1=C(C(=O)NC(=O)N1)[C@H]2[C@@H]([C@@H]([C@H](O2)COP(=O)([O-])OP(=O)([O-])OC[C@@H]3[C@H]([C@H]([C@@H](O3)N4C=NC5=C(N=CN=C54)N)O)O)O)O)N' for input: 'C1=C(C(=O)NC(=O)N1)[C@H]2[C@@H]([C@@H]([C@H](O2)COP(=O)([O-])OP(=O)([O-])OC[C@@H]3[C@H]([C@H]([C@@H](O3)N4C=NC5=C(N=CN=C54)N)O)O)O)O)N'

Progress: 1441/2000
Progress: 1442/2000[22:42:19] SMILES Parse Error: extra close parentheses while parsing: C1[C@@H]([C@H](O[C@H]1N2C=NC3=C2N=C(NC3=O)N)COP(=O)(O)OP(=O)(O)OC[C@@H]4[C@H]([C@H]([C@@H](O4)N5C=NC6=C5N=C(NC6=O)N)O)O)O)O
[22:42:19] SMILES Parse Error: Failed parsing SMILES 'C1[C@@H]([C@H](O[C@H]1N2C=NC3=C2N=C(NC3=O)N)COP(=O)(O)OP(=O)(O)OC[C@@H]4[C@H]([C@H]([C@@H](O4)N5C=NC6=C5N=C(NC6=O)N)O)O)O)O' for input: 'C1[C@@H]([C@H](O[C@H]1N2C=NC3=C2N=C(NC3=O)N)COP(=O)(O)OP(=O)(O)OC[C@@H]4[C@H]([C@H]([C@@H](O4)N5C=NC6=C5N=C(NC6=O)N)O)O)O)O'

Progress: 1443/2000
Progress: 1444/2000
Progress: 1445/2000
Progress: 1446/2000[22:42:26] SMILES Parse Error: extra close parentheses while parsing: C1=C(C(=O)NC(=O)N1)[C@H]2[C@@H]([C@@H]([C@H](O2)COP(=O)([O-])OP(=O)([O-])OC[C@@H]3[C@H]([C@H]([C@@H](O3)N4C=NC5=C(N=CN=C54)N)O)O)O)O)N
[22:42:26] SMILES Parse Error: Failed parsing SMILES 'C1=C(C(=O)NC(=O)N1)[C@H]2[C@@H]([C@@H]([C@H](O2)COP(=O)([O-])OP(=O)([O-])OC[C@@H]3[C@H]([C@H]([C@@H](O3)N4C=NC5=C(N=CN=C54)N)O)O)O)O)N' for input: 'C1=C(C(=O)NC(=O)N1)[C@H]2[C@@H]([C@@H]([C@H](O2)COP(=O)([O-])OP(=O)([O-])OC[C@@H]3[C@H]([C@H]([C@@H](O3)N4C=NC5=C(N=CN=C54)N)O)O)O)O)N'

Progress: 1447/2000
Progress: 1448/2000[22:42:30] SMILES Parse Error: extra close parentheses while parsing: C1[C@@H]([C@H](O[C@H]1N2C=NC3=C2N=C(NC3=O)N)COP(=O)(O)OP(=O)(O)OC[C@@H]4[C@H]([C@H]([C@@H](O4)N5C=NC6=C5N=C(NC6=O)N)O)O)O)O
[22:42:30] SMILES Parse Error: Failed parsing SMILES 'C1[C@@H]([C@H](O[C@H]1N2C=NC3=C2N=C(NC3=O)N)COP(=O)(O)OP(=O)(O)OC[C@@H]4[C@H]([C@H]([C@@H](O4)N5C=NC6=C5N=C(NC6=O)N)O)O)O)O' for input: 'C1[C@@H]([C@H](O[C@H]1N2C=NC3=C2N=C(NC3=O)N)COP(=O)(O)OP(=O)(O)OC[C@@H]4[C@H]([C@H]([C@@H](O4)N5C=NC6=C5N=C(NC6=O)N)O)O)O)O'

Progress: 1449/2000[22:42:32] SMILES Parse Error: extra close parentheses while parsing: C1C=CN(C=C1C(=O)N)[C@H]2[C@@H]([C@@H]([C@H](O2)COP(=O)([O-])OP(=O)([O-])OC[C@@H]3[C@H]([C@H]([C@@H](O3)N4C=NC5=C(N=CN=C54)N)O)O)O)O)O
[22:42:32] SMILES Parse Error: Failed parsing SMILES 'C1C=CN(C=C1C(=O)N)[C@H]2[C@@H]([C@@H]([C@H](O2)COP(=O)([O-])OP(=O)([O-])OC[C@@H]3[C@H]([C@H]([C@@H](O3)N4C=NC5=C(N=CN=C54)N)O)O)O)O)O' for input: 'C1C=CN(C=C1C(=O)N)[C@H]2[C@@H]([C@@H]([C@H](O2)COP(=O)([O-])OP(=O)([O-])OC[C@@H]3[C@H]([C@H]([C@@H](O3)N4C=NC5=C(N=CN=C54)N)O)O)O)O)O'

Progress: 1450/2000[22:42:34] SMILES Parse Error: extra close parentheses while parsing: C1=C(C(=O)NC(=O)N1)[C@@H]2[C@H]([C@@H]([C@H](O2)COP(=O)([O-])OP(=O)([O-])OC[C@@H]3[C@H]([C@H]([C@@H](O3)N4C=NC5=C(N=CN=C54)N)O)O)O)O)O)N
[22:42:34] SMILES Parse Error: Failed parsing SMILES 'C1=C(C(=O)NC(=O)N1)[C@@H]2[C@H]([C@@H]([C@H](O2)COP(=O)([O-])OP(=O)([O-])OC[C@@H]3[C@H]([C@H]([C@@H](O3)N4C=NC5=C(N=CN=C54)N)O)O)O)O)O)N' for input: 'C1=C(C(=O)NC(=O)N1)[C@@H]2[C@H]([C@@H]([C@H](O2)COP(=O)([O-])OP(=O)([O-])OC[C@@H]3[C@H]([C@H]([C@@H](O3)N4C=NC5=C(N=CN=C54)N)O)O)O)O)O)N'

Progress: 1451/2000
Progress: 1452/2000
Progress: 1453/2000
Progress: 1454/2000[22:42:40] SMILES Parse Error: extra close parentheses while parsing: C1=C(C(=O)NC(=O)N1)[C@H]2[C@@H]([C@@H]([C@H](O2)COP(=O)([O-])OP(=O)([O-])OC[C@@H]3[C@H]([C@H]([C@@H](O3)N4C=NC5=C(N=CN=C54)N)O)O)O)O)N
[22:42:40] SMILES Parse Error: Failed parsing SMILES 'C1=C(C(=O)NC(=O)N1)[C@H]2[C@@H]([C@@H]([C@H](O2)COP(=O)([O-])OP(=O)([O-])OC[C@@H]3[C@H]([C@H]([C@@H](O3)N4C=NC5=C(N=CN=C54)N)O)O)O)O)N' for input: 'C1=C(C(=O)NC(=O)N1)[C@H]2[C@@H]([C@@H]([C@H](O2)COP(=O)([O-])OP(=O)([O-])OC[C@@H]3[C@H]([C@H]([C@@H](O3)N4C=NC5=C(N=CN=C54)N)O)O)O)O)N'

Progress: 1455/2000[22:42:43] SMILES Parse Error: extra open parentheses for input: 'C[C@@H]([C@@H]([C@H]1[C@H]([C@H](C[C@](O1)(C(=O)O)OP(=O)(O)OC[C@@H]2[C@H]([C@H]([C@@H](O2)N3C=NC4=C3N=C(NC4=O)N)O)O)O)O)O'

Progress: 1456/2000[22:42:45] SMILES Parse Error: extra close parentheses while parsing: C1[C@@H]([C@H](O[C@H]1N2C=NC3=C2N=C(NC3=O)N)COP(=O)(O)OP(=O)(O)OC[C@@H]4[C@H]([C@H]([C@@H](O4)N5C=NC6=C5N=C(NC6=O)N)O)O)O)O
[22:42:45] SMILES Parse Error: Failed parsing SMILES 'C1[C@@H]([C@H](O[C@H]1N2C=NC3=C2N=C(NC3=O)N)COP(=O)(O)OP(=O)(O)OC[C@@H]4[C@H]([C@H]([C@@H](O4)N5C=NC6=C5N=C(NC6=O)N)O)O)O)O' for input: 'C1[C@@H]([C@H](O[C@H]1N2C=NC3=C2N=C(NC3=O)N)COP(=O)(O)OP(=O)(O)OC[C@@H]4[C@H]([C@H]([C@@H](O4)N5C=NC6=C5N=C(NC6=O)N)O)O)O)O'

Progress: 1457/2000
Progress: 1458/2000[22:42:48] SMILES Parse Error: extra close parentheses while parsing: C1=C(C(=O)NC(=O)N1)[C@H]2[C@@H]([C@@H]([C@H](O2)COP(=O)([O-])OP(=O)([O-])OC[C@@H]3[C@H]([C@H]([C@@H](O3)N4C=NC5=C(N=CN=C54)N)O)O)O)O)N
[22:42:48] SMILES Parse Error: Failed parsing SMILES 'C1=C(C(=O)NC(=O)N1)[C@H]2[C@@H]([C@@H]([C@H](O2)COP(=O)([O-])OP(=O)([O-])OC[C@@H]3[C@H]([C@H]([C@@H](O3)N4C=NC5=C(N=CN=C54)N)O)O)O)O)N' for input: 'C1=C(C(=O)NC(=O)N1)[C@H]2[C@@H]([C@@H]([C@H](O2)COP(=O)([O-])OP(=O)([O-])OC[C@@H]3[C@H]([C@H]([C@@H](O3)N4C=NC5=C(N=CN=C54)N)O)O)O)O)N'

Progress: 1459/2000
Progress: 1460/2000[22:42:51] SMILES Parse Error: extra close parentheses while parsing: C1C=CN(C=C1C(=O)N)[C@H]2[C@@H]([C@@H]([C@H](O2)COP(=O)([O-])OP(=O)([O-])OC[C@@H]3[C@H]([C@H]([C@@H](O3)N4C=NC5=C(N=CN=C54)N)O)O)O)O)O
[22:42:51] SMILES Parse Error: Failed parsing SMILES 'C1C=CN(C=C1C(=O)N)[C@H]2[C@@H]([C@@H]([C@H](O2)COP(=O)([O-])OP(=O)([O-])OC[C@@H]3[C@H]([C@H]([C@@H](O3)N4C=NC5=C(N=CN=C54)N)O)O)O)O)O' for input: 'C1C=CN(C=C1C(=O)N)[C@H]2[C@@H]([C@@H]([C@H](O2)COP(=O)([O-])OP(=O)([O-])OC[C@@H]3[C@H]([C@H]([C@@H](O3)N4C=NC5=C(N=CN=C54)N)O)O)O)O)O'

Progress: 1461/2000[22:42:53] SMILES Parse Error: extra close parentheses while parsing: C1[C@@H]([C@H](O[C@H]1N2C=NC3=C2N=C(NC3=O)N)COP(=O)(O)OP(=O)(O)OC[C@@H]4[C@H]([C@H]([C@@H](O4)N5C=NC6=C5N=C(NC6=O)N)O)O)O)O
[22:42:53] SMILES Parse Error: Failed parsing SMILES 'C1[C@@H]([C@H](O[C@H]1N2C=NC3=C2N=C(NC3=O)N)COP(=O)(O)OP(=O)(O)OC[C@@H]4[C@H]([C@H]([C@@H](O4)N5C=NC6=C5N=C(NC6=O)N)O)O)O)O' for input: 'C1[C@@H]([C@H](O[C@H]1N2C=NC3=C2N=C(NC3=O)N)COP(=O)(O)OP(=O)(O)OC[C@@H]4[C@H]([C@H]([C@@H](O4)N5C=NC6=C5N=C(NC6=O)N)O)O)O)O'

Progress: 1462/2000[22:42:55] SMILES Parse Error: extra close parentheses while parsing: C1=C(C(=O)NC(=O)N1)[C@H]2[C@@H]([C@@H]([C@H](O2)COP(=O)([O-])OP(=O)([O-])OC[C@@H]3[C@H]([C@H]([C@@H](O3)N4C=NC5=C(N=CN=C54)N)O)O)O)O)O
[22:42:55] SMILES Parse Error: Failed parsing SMILES 'C1=C(C(=O)NC(=O)N1)[C@H]2[C@@H]([C@@H]([C@H](O2)COP(=O)([O-])OP(=O)([O-])OC[C@@H]3[C@H]([C@H]([C@@H](O3)N4C=NC5=C(N=CN=C54)N)O)O)O)O)O' for input: 'C1=C(C(=O)NC(=O)N1)[C@H]2[C@@H]([C@@H]([C@H](O2)COP(=O)([O-])OP(=O)([O-])OC[C@@H]3[C@H]([C@H]([C@@H](O3)N4C=NC5=C(N=CN=C54)N)O)O)O)O)O'

Progress: 1463/2000
Progress: 1464/2000
Progress: 1465/2000
Progress: 1466/2000[22:43:02] SMILES Parse Error: extra close parentheses while parsing: C1=C(C(=O)NC(=O)N1)[C@H]2[C@@H]([C@@H]([C@H](O2)COP(=O)([O-])OP(=O)([O-])OC[C@@H]3[C@H]([C@H]([C@@H](O3)N4C=NC5=C(N=CN=C54)N)O)O)O)O)O
[22:43:02] SMILES Parse Error: Failed parsing SMILES 'C1=C(C(=O)NC(=O)N1)[C@H]2[C@@H]([C@@H]([C@H](O2)COP(=O)([O-])OP(=O)([O-])OC[C@@H]3[C@H]([C@H]([C@@H](O3)N4C=NC5=C(N=CN=C54)N)O)O)O)O)O' for input: 'C1=C(C(=O)NC(=O)N1)[C@H]2[C@@H]([C@@H]([C@H](O2)COP(=O)([O-])OP(=O)([O-])OC[C@@H]3[C@H]([C@H]([C@@H](O3)N4C=NC5=C(N=CN=C54)N)O)O)O)O)O'

Progress: 1467/2000[22:43:04] SMILES Parse Error: extra close parentheses while parsing: C1=C(C(=O)NC(=O)N1)[C@@H]2[C@H]([C@@H]([C@H](O2)COP(=O)(O)OP(=O)(O)OC[C@@H]3[C@H]([C@H]([C@@H](O3)N4C=NC5=C(N=CN=C54)N)O)O)O)O)O
[22:43:04] SMILES Parse Error: Failed parsing SMILES 'C1=C(C(=O)NC(=O)N1)[C@@H]2[C@H]([C@@H]([C@H](O2)COP(=O)(O)OP(=O)(O)OC[C@@H]3[C@H]([C@H]([C@@H](O3)N4C=NC5=C(N=CN=C54)N)O)O)O)O)O' for input: 'C1=C(C(=O)NC(=O)N1)[C@@H]2[C@H]([C@@H]([C@H](O2)COP(=O)(O)OP(=O)(O)OC[C@@H]3[C@H]([C@H]([C@@H](O3)N4C=NC5=C(N=CN=C54)N)O)O)O)O)O'

Progress: 1468/2000
Progress: 1469/2000[22:43:07] SMILES Parse Error: extra close parentheses while parsing: CCC1=C(C2=NC1=CC3=C(C4=C(N3)C(=C5[C@H]([C@@H](C(=CC6=NC(=C2)C(=C6C)C=C)N5)C)CCC(=O)O)C4=N3)O)C)C
[22:43:07] SMILES Parse Error: Failed parsing SMILES 'CCC1=C(C2=NC1=CC3=C(C4=C(N3)C(=C5[C@H]([C@@H](C(=CC6=NC(=C2)C(=C6C)C=C)N5)C)CCC(=O)O)C4=N3)O)C)C' for input: 'CCC1=C(C2=NC1=CC3=C(C4=C(N3)C(=C5[C@H]([C@@H](C(=CC6=NC(=C2)C(=C6C)C=C)N5)C)CCC(=O)O)C4=N3)O)C)C'

Progress: 1470/2000
Progress: 1471/2000
Progress: 1472/2000[22:43:12] SMILES Parse Error: extra close parentheses while parsing: CCCCCCC[C@@H](C)CCC[C@@H](C)CCC[C@@H](C)CCC[C@@H](C)CCC[C@@H](C)CCCOP(=O)([O-])OP(=O)([O-])OC[C@@H]1[C@H]([C@H]([C@@H](O1)N2C=NC3=C(N=CN=C32)N)O)OP(=O)([O-])[O-])O)O
[22:43:12] SMILES Parse Error: Failed parsing SMILES 'CCCCCCC[C@@H](C)CCC[C@@H](C)CCC[C@@H](C)CCC[C@@H](C)CCC[C@@H](C)CCCOP(=O)([O-])OP(=O)([O-])OC[C@@H]1[C@H]([C@H]([C@@H](O1)N2C=NC3=C(N=CN=C32)N)O)OP(=O)([O-])[O-])O)O' for input: 'CCCCCCC[C@@H](C)CCC[C@@H](C)CCC[C@@H](C)CCC[C@@H](C)CCC[C@@H](C)CCCOP(=O)([O-])OP(=O)([O-])OC[C@@H]1[C@H]([C@H]([C@@H](O1)N2C=NC3=C(N=CN=C32)N)O)OP(=O)([O-])[O-])O)O'

Progress: 1473/2000
Progress: 1474/2000[22:43:16] SMILES Parse Error: extra close parentheses while parsing: C[C@@H](C(=O)N[C@@H](CCC(=O)N[C@@H](CCC(=O)N[C@@H](CCC(=O)[O-])C(=O)[O-])C(=O)[O-])C(=O)[O-])OP(=O)([O-])OC[C@@H]1[C@H]([C@H]([C@@H](O1)N2C=NC3=C(N=CN=C32)N)O)O)O)O
[22:43:16] SMILES Parse Error: Failed parsing SMILES 'C[C@@H](C(=O)N[C@@H](CCC(=O)N[C@@H](CCC(=O)N[C@@H](CCC(=O)[O-])C(=O)[O-])C(=O)[O-])C(=O)[O-])OP(=O)([O-])OC[C@@H]1[C@H]([C@H]([C@@H](O1)N2C=NC3=C(N=CN=C32)N)O)O)O)O' for input: 'C[C@@H](C(=O)N[C@@H](CCC(=O)N[C@@H](CCC(=O)N[C@@H](CCC(=O)[O-])C(=O)[O-])C(=O)[O-])C(=O)[O-])OP(=O)([O-])OC[C@@H]1[C@H]([C@H]([C@@H](O1)N2C=NC3=C(N=CN=C32)N)O)O)O)O'

Progress: 1475/2000
Progress: 1476/2000
Progress: 1477/2000[22:43:21] SMILES Parse Error: extra close parentheses while parsing: C1[C@@H]([C@H](O[C@H]1N2C=NC3=C2N=C(NC3=O)N)COP(=O)(O)OP(=O)(O)OC[C@@H]4[C@H]([C@H]([C@@H](O4)N5C=NC6=C5N=C(NC6=O)N)O)O)O)O
[22:43:21] SMILES Parse Error: Failed parsing SMILES 'C1[C@@H]([C@H](O[C@H]1N2C=NC3=C2N=C(NC3=O)N)COP(=O)(O)OP(=O)(O)OC[C@@H]4[C@H]([C@H]([C@@H](O4)N5C=NC6=C5N=C(NC6=O)N)O)O)O)O' for input: 'C1[C@@H]([C@H](O[C@H]1N2C=NC3=C2N=C(NC3=O)N)COP(=O)(O)OP(=O)(O)OC[C@@H]4[C@H]([C@H]([C@@H](O4)N5C=NC6=C5N=C(NC6=O)N)O)O)O)O'

Progress: 1478/2000[22:43:22] SMILES Parse Error: extra close parentheses while parsing: CCC1=C(C2=NC1=CC3=C(C4=C(N3)C(=C5[C@H]([C@@H](C(=CC6=NC(=C2)C(=C6C)C=C)N5)C)CCC(=O)O)C4=N3)O)C)C
[22:43:22] SMILES Parse Error: Failed parsing SMILES 'CCC1=C(C2=NC1=CC3=C(C4=C(N3)C(=C5[C@H]([C@@H](C(=CC6=NC(=C2)C(=C6C)C=C)N5)C)CCC(=O)O)C4=N3)O)C)C' for input: 'CCC1=C(C2=NC1=CC3=C(C4=C(N3)C(=C5[C@H]([C@@H](C(=CC6=NC(=C2)C(=C6C)C=C)N5)C)CCC(=O)O)C4=N3)O)C)C'

Progress: 1479/2000[22:43:24] SMILES Parse Error: extra close parentheses while parsing: C1=C(C(=O)NC(=O)N1)[C@@H]2[C@H]([C@@H]([C@H](O2)COP(=O)(O)OP(=O)(O)OC[C@@H]3[C@H]([C@H]([C@@H](O3)N4C=NC5=C(N=CN=C54)N)O)O)O)O)O
[22:43:24] SMILES Parse Error: Failed parsing SMILES 'C1=C(C(=O)NC(=O)N1)[C@@H]2[C@H]([C@@H]([C@H](O2)COP(=O)(O)OP(=O)(O)OC[C@@H]3[C@H]([C@H]([C@@H](O3)N4C=NC5=C(N=CN=C54)N)O)O)O)O)O' for input: 'C1=C(C(=O)NC(=O)N1)[C@@H]2[C@H]([C@@H]([C@H](O2)COP(=O)(O)OP(=O)(O)OC[C@@H]3[C@H]([C@H]([C@@H](O3)N4C=NC5=C(N=CN=C54)N)O)O)O)O)O'

Progress: 1480/2000[22:43:26] SMILES Parse Error: extra close parentheses while parsing: C1=C(C(=O)NC(=O)N1)[C@H]2[C@@H]([C@@H]([C@H](O2)COP(=O)([O-])OP(=O)([O-])OC[C@@H]3[C@H]([C@H]([C@@H](O3)N4C=NC5=C(N=CN=C54)N)O)O)O)O)N
[22:43:26] SMILES Parse Error: Failed parsing SMILES 'C1=C(C(=O)NC(=O)N1)[C@H]2[C@@H]([C@@H]([C@H](O2)COP(=O)([O-])OP(=O)([O-])OC[C@@H]3[C@H]([C@H]([C@@H](O3)N4C=NC5=C(N=CN=C54)N)O)O)O)O)N' for input: 'C1=C(C(=O)NC(=O)N1)[C@H]2[C@@H]([C@@H]([C@H](O2)COP(=O)([O-])OP(=O)([O-])OC[C@@H]3[C@H]([C@H]([C@@H](O3)N4C=NC5=C(N=CN=C54)N)O)O)O)O)N'

Progress: 1481/2000
Progress: 1482/2000[22:43:29] SMILES Parse Error: extra close parentheses while parsing: C1=C(C(=O)NC(=O)N1)[C@H]2[C@@H]([C@@H]([C@H](O2)COP(=O)([O-])OP(=O)([O-])OC[C@@H]3[C@H]([C@H]([C@@H](O3)N4C=NC5=C(N=CN=C54)N)O)O)O)O)N
[22:43:29] SMILES Parse Error: Failed parsing SMILES 'C1=C(C(=O)NC(=O)N1)[C@H]2[C@@H]([C@@H]([C@H](O2)COP(=O)([O-])OP(=O)([O-])OC[C@@H]3[C@H]([C@H]([C@@H](O3)N4C=NC5=C(N=CN=C54)N)O)O)O)O)N' for input: 'C1=C(C(=O)NC(=O)N1)[C@H]2[C@@H]([C@@H]([C@H](O2)COP(=O)([O-])OP(=O)([O-])OC[C@@H]3[C@H]([C@H]([C@@H](O3)N4C=NC5=C(N=CN=C54)N)O)O)O)O)N'

Progress: 1483/2000[22:43:32] SMILES Parse Error: extra close parentheses while parsing: C[C@@H]([C@H]1C(=O)NCC[C@H](C(=O)N[C@H](C(=O)N[C@@H](C(=O)N[C@H](C(=O)N[C@H](C(=O)N[C@H](C(=O)N1)CC2=CC=CC=C2)CC(C)C)CC(C)C)CC(C)C)CC(C)C)CCC(=O)O)CC(C)C)CC(C)C)CCC(=O)O
[22:43:32] SMILES Parse Error: Failed parsing SMILES 'C[C@@H]([C@H]1C(=O)NCC[C@H](C(=O)N[C@H](C(=O)N[C@@H](C(=O)N[C@H](C(=O)N[C@H](C(=O)N[C@H](C(=O)N1)CC2=CC=CC=C2)CC(C)C)CC(C)C)CC(C)C)CC(C)C)CCC(=O)O)CC(C)C)CC(C)C)CCC(=O)O' for input: 'C[C@@H]([C@H]1C(=O)NCC[C@H](C(=O)N[C@H](C(=O)N[C@@H](C(=O)N[C@H](C(=O)N[C@H](C(=O)N[C@H](C(=O)N1)CC2=CC=CC=C2)CC(C)C)CC(C)C)CC(C)C)CC(C)C)CCC(=O)O)CC(C)C)CC(C)C)CCC(=O)O'

Progress: 1484/2000
Progress: 1485/2000
Progress: 1486/2000
Progress: 1487/2000
Progress: 1488/2000
Progress: 1489/2000
Progress: 1490/2000[22:43:43] SMILES Parse Error: extra close parentheses while parsing: C1=C(C(=O)NC(=O)N1[C@H]2[C@@H]([C@@H]([C@H](O2)COP(=O)([O-])OP(=O)([O-])OC[C@@H]3[C@H]([C@H]([C@@H](O3)N4C=NC5=C(N=CN=C54)N)O)O)O)O)O)N
[22:43:43] SMILES Parse Error: Failed parsing SMILES 'C1=C(C(=O)NC(=O)N1[C@H]2[C@@H]([C@@H]([C@H](O2)COP(=O)([O-])OP(=O)([O-])OC[C@@H]3[C@H]([C@H]([C@@H](O3)N4C=NC5=C(N=CN=C54)N)O)O)O)O)O)N' for input: 'C1=C(C(=O)NC(=O)N1[C@H]2[C@@H]([C@@H]([C@H](O2)COP(=O)([O-])OP(=O)([O-])OC[C@@H]3[C@H]([C@H]([C@@H](O3)N4C=NC5=C(N=CN=C54)N)O)O)O)O)O)N'

Progress: 1491/2000[22:43:45] SMILES Parse Error: extra close parentheses while parsing: C1C=CN(C=C1C(=O)N)[C@H]2[C@@H]([C@@H]([C@H](O2)COP(=O)([O-])OP(=O)([O-])OC[C@@H]3[C@H]([C@H]([C@@H](O3)N4C=NC5=C(N=CN=C54)N)O)O)O)O)O
[22:43:45] SMILES Parse Error: Failed parsing SMILES 'C1C=CN(C=C1C(=O)N)[C@H]2[C@@H]([C@@H]([C@H](O2)COP(=O)([O-])OP(=O)([O-])OC[C@@H]3[C@H]([C@H]([C@@H](O3)N4C=NC5=C(N=CN=C54)N)O)O)O)O)O' for input: 'C1C=CN(C=C1C(=O)N)[C@H]2[C@@H]([C@@H]([C@H](O2)COP(=O)([O-])OP(=O)([O-])OC[C@@H]3[C@H]([C@H]([C@@H](O3)N4C=NC5=C(N=CN=C54)N)O)O)O)O)O'

Progress: 1492/2000
Progress: 1493/2000[22:43:48] SMILES Parse Error: extra close parentheses while parsing: C1C=CN(C=C1C(=O)N)[C@H]2[C@@H]([C@@H]([C@H](O2)COP(=O)(O)OP(=O)(O)OC[C@@H]3[C@H]([C@H]([C@@H](O3)N4C=NC5=C(N=CN=C54)N)O)O)O)O)N
[22:43:48] SMILES Parse Error: Failed parsing SMILES 'C1C=CN(C=C1C(=O)N)[C@H]2[C@@H]([C@@H]([C@H](O2)COP(=O)(O)OP(=O)(O)OC[C@@H]3[C@H]([C@H]([C@@H](O3)N4C=NC5=C(N=CN=C54)N)O)O)O)O)N' for input: 'C1C=CN(C=C1C(=O)N)[C@H]2[C@@H]([C@@H]([C@H](O2)COP(=O)(O)OP(=O)(O)OC[C@@H]3[C@H]([C@H]([C@@H](O3)N4C=NC5=C(N=CN=C54)N)O)O)O)O)N'

Progress: 1494/2000
Progress: 1495/2000[22:43:51] SMILES Parse Error: extra close parentheses while parsing: C1=C(C(=O)NC(=O)N1)[C@@H]2[C@H]([C@@H]([C@H](O2)COP(=O)([O-])OP(=O)([O-])OC[C@@H]3[C@H]([C@H]([C@@H](O3)N4C=NC5=C(N=CN=C54)N)O)O)O)O)O.C1=NC2=C(C(=O)NC2=O)C(=O)O
[22:43:51] SMILES Parse Error: Failed parsing SMILES 'C1=C(C(=O)NC(=O)N1)[C@@H]2[C@H]([C@@H]([C@H](O2)COP(=O)([O-])OP(=O)([O-])OC[C@@H]3[C@H]([C@H]([C@@H](O3)N4C=NC5=C(N=CN=C54)N)O)O)O)O)O.C1=NC2=C(C(=O)NC2=O)C(=O)O' for input: 'C1=C(C(=O)NC(=O)N1)[C@@H]2[C@H]([C@@H]([C@H](O2)COP(=O)([O-])OP(=O)([O-])OC[C@@H]3[C@H]([C@H]([C@@H](O3)N4C=NC5=C(N=CN=C54)N)O)O)O)O)O.C1=NC2=C(C(=O)NC2=O)C(=O)O'

Progress: 1496/2000[22:43:53] SMILES Parse Error: extra close parentheses while parsing: CCC1=C(C2=NC1=CC3=C(C4=C(N3)C(=C5[C@H]([C@@H](C(=CC6=NC(=C2)C(=C6C)C=C)N5)C)CCC(=O)O)C4=N3)O)C)C
[22:43:53] SMILES Parse Error: Failed parsing SMILES 'CCC1=C(C2=NC1=CC3=C(C4=C(N3)C(=C5[C@H]([C@@H](C(=CC6=NC(=C2)C(=C6C)C=C)N5)C)CCC(=O)O)C4=N3)O)C)C' for input: 'CCC1=C(C2=NC1=CC3=C(C4=C(N3)C(=C5[C@H]([C@@H](C(=CC6=NC(=C2)C(=C6C)C=C)N5)C)CCC(=O)O)C4=N3)O)C)C'

Progress: 1497/2000[22:43:55] SMILES Parse Error: extra close parentheses while parsing: C1=C(C(=O)NC(=O)N1)[C@H]2[C@@H]([C@@H]([C@H](O2)COP(=O)([O-])OP(=O)([O-])OC[C@@H]3[C@H]([C@H]([C@@H](O3)N4C=NC5=C(N=CN=C54)N)O)O)O)O)N
[22:43:55] SMILES Parse Error: Failed parsing SMILES 'C1=C(C(=O)NC(=O)N1)[C@H]2[C@@H]([C@@H]([C@H](O2)COP(=O)([O-])OP(=O)([O-])OC[C@@H]3[C@H]([C@H]([C@@H](O3)N4C=NC5=C(N=CN=C54)N)O)O)O)O)N' for input: 'C1=C(C(=O)NC(=O)N1)[C@H]2[C@@H]([C@@H]([C@H](O2)COP(=O)([O-])OP(=O)([O-])OC[C@@H]3[C@H]([C@H]([C@@H](O3)N4C=NC5=C(N=CN=C54)N)O)O)O)O)N'

Progress: 1498/2000
Progress: 1499/2000
Progress: 1500/2000[22:44:00] SMILES Parse Error: extra close parentheses while parsing: C1=C(C(=O)NC(=O)N1)[C@H]2[C@@H]([C@@H]([C@H](O2)COP(=O)([O-])OP(=O)([O-])OC[C@@H]3[C@H]([C@H]([C@@H](O3)N4C=NC5=C(N=CN=C54)N)O)O)O)O)C(=O)NCCC(=O)N
[22:44:00] SMILES Parse Error: Failed parsing SMILES 'C1=C(C(=O)NC(=O)N1)[C@H]2[C@@H]([C@@H]([C@H](O2)COP(=O)([O-])OP(=O)([O-])OC[C@@H]3[C@H]([C@H]([C@@H](O3)N4C=NC5=C(N=CN=C54)N)O)O)O)O)C(=O)NCCC(=O)N' for input: 'C1=C(C(=O)NC(=O)N1)[C@H]2[C@@H]([C@@H]([C@H](O2)COP(=O)([O-])OP(=O)([O-])OC[C@@H]3[C@H]([C@H]([C@@H](O3)N4C=NC5=C(N=CN=C54)N)O)O)O)O)C(=O)NCCC(=O)N'

Progress: 1501/2000[22:44:02] SMILES Parse Error: extra close parentheses while parsing: C1[C@@H]([C@H](O[C@H]1N2C=NC3=C2N=C(NC3=O)N)COP(=O)(O)OP(=O)(O)OC[C@@H]4[C@H]([C@H]([C@@H](O4)N5C=NC6=C5N=C(NC6=O)N)O)O)O)O
[22:44:02] SMILES Parse Error: Failed parsing SMILES 'C1[C@@H]([C@H](O[C@H]1N2C=NC3=C2N=C(NC3=O)N)COP(=O)(O)OP(=O)(O)OC[C@@H]4[C@H]([C@H]([C@@H](O4)N5C=NC6=C5N=C(NC6=O)N)O)O)O)O' for input: 'C1[C@@H]([C@H](O[C@H]1N2C=NC3=C2N=C(NC3=O)N)COP(=O)(O)OP(=O)(O)OC[C@@H]4[C@H]([C@H]([C@@H](O4)N5C=NC6=C5N=C(NC6=O)N)O)O)O)O'

Progress: 1502/2000[22:44:04] SMILES Parse Error: extra close parentheses while parsing: C1[C@@H]([C@H](O[C@H]1N2C=NC3=C2N=C(NC3=O)N)COP(=O)(O)OP(=O)(O)OC[C@@H]4[C@H]([C@H]([C@@H](O4)N5C=NC6=C5N=C(NC6=O)N)O)O)O)O
[22:44:04] SMILES Parse Error: Failed parsing SMILES 'C1[C@@H]([C@H](O[C@H]1N2C=NC3=C2N=C(NC3=O)N)COP(=O)(O)OP(=O)(O)OC[C@@H]4[C@H]([C@H]([C@@H](O4)N5C=NC6=C5N=C(NC6=O)N)O)O)O)O' for input: 'C1[C@@H]([C@H](O[C@H]1N2C=NC3=C2N=C(NC3=O)N)COP(=O)(O)OP(=O)(O)OC[C@@H]4[C@H]([C@H]([C@@H](O4)N5C=NC6=C5N=C(NC6=O)N)O)O)O)O'

Progress: 1503/2000[22:44:06] SMILES Parse Error: extra close parentheses while parsing: CCC1=C(C2=NC1=CC3=C(C4=C(N3)C(=C5[C@H]([C@@H](C(=CC6=NC(=C2)C(=C6C)C=C)N5)C)CCC(=O)O)C4=N3)O)C)C
[22:44:06] SMILES Parse Error: Failed parsing SMILES 'CCC1=C(C2=NC1=CC3=C(C4=C(N3)C(=C5[C@H]([C@@H](C(=CC6=NC(=C2)C(=C6C)C=C)N5)C)CCC(=O)O)C4=N3)O)C)C' for input: 'CCC1=C(C2=NC1=CC3=C(C4=C(N3)C(=C5[C@H]([C@@H](C(=CC6=NC(=C2)C(=C6C)C=C)N5)C)CCC(=O)O)C4=N3)O)C)C'

Progress: 1504/2000[22:44:08] SMILES Parse Error: extra close parentheses while parsing: C1[C@@H]([C@H](O[C@H]1N2C=NC3=C2N=C(NC3=O)N)COP(=O)(O)OP(=O)(O)OC[C@@H]4[C@H]([C@H]([C@@H](O4)N5C=NC6=C5N=C(NC6=O)N)O)O)O)O
[22:44:08] SMILES Parse Error: Failed parsing SMILES 'C1[C@@H]([C@H](O[C@H]1N2C=NC3=C2N=C(NC3=O)N)COP(=O)(O)OP(=O)(O)OC[C@@H]4[C@H]([C@H]([C@@H](O4)N5C=NC6=C5N=C(NC6=O)N)O)O)O)O' for input: 'C1[C@@H]([C@H](O[C@H]1N2C=NC3=C2N=C(NC3=O)N)COP(=O)(O)OP(=O)(O)OC[C@@H]4[C@H]([C@H]([C@@H](O4)N5C=NC6=C5N=C(NC6=O)N)O)O)O)O'

Progress: 1505/2000[22:44:11] SMILES Parse Error: extra close parentheses while parsing: C1=C(C(=O)NC(=O)N1)[C@@H]2[C@H]([C@@H]([C@H](O2)COP(=O)([O-])OP(=O)([O-])OC[C@@H]3[C@H]([C@H]([C@@H](O3)N4C=NC5=C(N=CN=C54)N)O)O)O)O)O.C1=NC2=C(C(=O)NC2=O)C3=CC=C(C=C3)O)O
[22:44:11] SMILES Parse Error: Failed parsing SMILES 'C1=C(C(=O)NC(=O)N1)[C@@H]2[C@H]([C@@H]([C@H](O2)COP(=O)([O-])OP(=O)([O-])OC[C@@H]3[C@H]([C@H]([C@@H](O3)N4C=NC5=C(N=CN=C54)N)O)O)O)O)O.C1=NC2=C(C(=O)NC2=O)C3=CC=C(C=C3)O)O' for input: 'C1=C(C(=O)NC(=O)N1)[C@@H]2[C@H]([C@@H]([C@H](O2)COP(=O)([O-])OP(=O)([O-])OC[C@@H]3[C@H]([C@H]([C@@H](O3)N4C=NC5=C(N=CN=C54)N)O)O)O)O)O.C1=NC2=C(C(=O)NC2=O)C3=CC=C(C=C3)O)O'

Progress: 1506/2000
Progress: 1507/2000
Progress: 1508/2000[22:44:16] SMILES Parse Error: extra close parentheses while parsing: C1=C(C(=O)NC(=O)N1)[C@H]2[C@@H]([C@@H]([C@H](O2)COP(=O)([O-])OP(=O)([O-])OC[C@@H]3[C@H]([C@H]([C@@H](O3)N4C=NC5=C(N=CN=C54)N)O)O)O)O)N
[22:44:16] SMILES Parse Error: Failed parsing SMILES 'C1=C(C(=O)NC(=O)N1)[C@H]2[C@@H]([C@@H]([C@H](O2)COP(=O)([O-])OP(=O)([O-])OC[C@@H]3[C@H]([C@H]([C@@H](O3)N4C=NC5=C(N=CN=C54)N)O)O)O)O)N' for input: 'C1=C(C(=O)NC(=O)N1)[C@H]2[C@@H]([C@@H]([C@H](O2)COP(=O)([O-])OP(=O)([O-])OC[C@@H]3[C@H]([C@H]([C@@H](O3)N4C=NC5=C(N=CN=C54)N)O)O)O)O)N'

Progress: 1509/2000
Progress: 1510/2000
Progress: 1511/2000[22:44:21] SMILES Parse Error: extra close parentheses while parsing: C1=C(C(=O)NC(=O)N1)[C@@H]2[C@H]([C@@H]([C@H](O2)COP(=O)([O-])OP(=O)([O-])OC[C@@H]3[C@H]([C@H]([C@@H](O3)N4C=NC5=C(N=CN=C54)N)O)O)O)O)O)N
[22:44:21] SMILES Parse Error: Failed parsing SMILES 'C1=C(C(=O)NC(=O)N1)[C@@H]2[C@H]([C@@H]([C@H](O2)COP(=O)([O-])OP(=O)([O-])OC[C@@H]3[C@H]([C@H]([C@@H](O3)N4C=NC5=C(N=CN=C54)N)O)O)O)O)O)N' for input: 'C1=C(C(=O)NC(=O)N1)[C@@H]2[C@H]([C@@H]([C@H](O2)COP(=O)([O-])OP(=O)([O-])OC[C@@H]3[C@H]([C@H]([C@@H](O3)N4C=NC5=C(N=CN=C54)N)O)O)O)O)O)N'

Progress: 1512/2000[22:44:23] SMILES Parse Error: extra close parentheses while parsing: C1=C(C(=O)NC(=O)N1)[C@H]2[C@@H]([C@@H]([C@H](O2)COP(=O)([O-])OP(=O)([O-])OC[C@@H]3[C@H]([C@H]([C@@H](O3)N4C=NC5=C(N=CN=C54)N)O)O)O)O)N
[22:44:23] SMILES Parse Error: Failed parsing SMILES 'C1=C(C(=O)NC(=O)N1)[C@H]2[C@@H]([C@@H]([C@H](O2)COP(=O)([O-])OP(=O)([O-])OC[C@@H]3[C@H]([C@H]([C@@H](O3)N4C=NC5=C(N=CN=C54)N)O)O)O)O)N' for input: 'C1=C(C(=O)NC(=O)N1)[C@H]2[C@@H]([C@@H]([C@H](O2)COP(=O)([O-])OP(=O)([O-])OC[C@@H]3[C@H]([C@H]([C@@H](O3)N4C=NC5=C(N=CN=C54)N)O)O)O)O)N'

Progress: 1513/2000[22:44:25] SMILES Parse Error: extra close parentheses while parsing: C1=C(C(=O)NC(=O)N1)[C@H]2[C@@H]([C@@H]([C@H](O2)COP(=O)([O-])OP(=O)([O-])OC[C@@H]3[C@H]([C@H]([C@@H](O3)N4C=NC5=C(N=CN=C54)N)O)O)O)O)N
[22:44:25] SMILES Parse Error: Failed parsing SMILES 'C1=C(C(=O)NC(=O)N1)[C@H]2[C@@H]([C@@H]([C@H](O2)COP(=O)([O-])OP(=O)([O-])OC[C@@H]3[C@H]([C@H]([C@@H](O3)N4C=NC5=C(N=CN=C54)N)O)O)O)O)N' for input: 'C1=C(C(=O)NC(=O)N1)[C@H]2[C@@H]([C@@H]([C@H](O2)COP(=O)([O-])OP(=O)([O-])OC[C@@H]3[C@H]([C@H]([C@@H](O3)N4C=NC5=C(N=CN=C54)N)O)O)O)O)N'

Progress: 1514/2000
Progress: 1515/2000[22:44:28] SMILES Parse Error: extra close parentheses while parsing: C1=C(C(=O)NC(=O)N1)[C@@H]2[C@H]([C@@H]([C@H](O2)COP(=O)(O)OP(=O)(O)OC[C@@H]3[C@H]([C@H]([C@@H](O3)N4C=NC5=C(N=CN=C54)N)O)O)O)O)O
[22:44:28] SMILES Parse Error: Failed parsing SMILES 'C1=C(C(=O)NC(=O)N1)[C@@H]2[C@H]([C@@H]([C@H](O2)COP(=O)(O)OP(=O)(O)OC[C@@H]3[C@H]([C@H]([C@@H](O3)N4C=NC5=C(N=CN=C54)N)O)O)O)O)O' for input: 'C1=C(C(=O)NC(=O)N1)[C@@H]2[C@H]([C@@H]([C@H](O2)COP(=O)(O)OP(=O)(O)OC[C@@H]3[C@H]([C@H]([C@@H](O3)N4C=NC5=C(N=CN=C54)N)O)O)O)O)O'

Progress: 1516/2000[22:44:30] SMILES Parse Error: extra close parentheses while parsing: C1=C(C(=O)NC(=O)N1[C@H]2[C@@H]([C@@H]([C@H](O2)COP(=O)([O-])OP(=O)([O-])OC[C@@H]3[C@H]([C@H]([C@@H](O3)N4C=NC5=C(N=CN=C54)N)O)O)O)O)O)N
[22:44:30] SMILES Parse Error: Failed parsing SMILES 'C1=C(C(=O)NC(=O)N1[C@H]2[C@@H]([C@@H]([C@H](O2)COP(=O)([O-])OP(=O)([O-])OC[C@@H]3[C@H]([C@H]([C@@H](O3)N4C=NC5=C(N=CN=C54)N)O)O)O)O)O)N' for input: 'C1=C(C(=O)NC(=O)N1[C@H]2[C@@H]([C@@H]([C@H](O2)COP(=O)([O-])OP(=O)([O-])OC[C@@H]3[C@H]([C@H]([C@@H](O3)N4C=NC5=C(N=CN=C54)N)O)O)O)O)O)N'

Progress: 1517/2000[22:44:32] SMILES Parse Error: extra open parentheses for input: 'CCC1=C(C2=NC1=CC3=C(C4=C(N3)C(=C5[C@H]([C@@H](C(=CC6=NC(=C2)C(=C6C)C=C)N5)C)CCC(=O)OC/C=C(C)/CCC[C@H](C)CCC[C@H](C)CCCC(C)C)C(=C4O)N(C)C'

Progress: 1518/2000
Progress: 1519/2000[22:44:35] SMILES Parse Error: extra close parentheses while parsing: C1=C(C(=O)NC(=O)N1)[C@H]2[C@@H]([C@@H]([C@H](O2)COP(=O)([O-])OP(=O)([O-])OC[C@@H]3[C@H]([C@H]([C@@H](O3)N4C=NC5=C(N=CN=C54)N)O)O)O)O)O
[22:44:35] SMILES Parse Error: Failed parsing SMILES 'C1=C(C(=O)NC(=O)N1)[C@H]2[C@@H]([C@@H]([C@H](O2)COP(=O)([O-])OP(=O)([O-])OC[C@@H]3[C@H]([C@H]([C@@H](O3)N4C=NC5=C(N=CN=C54)N)O)O)O)O)O' for input: 'C1=C(C(=O)NC(=O)N1)[C@H]2[C@@H]([C@@H]([C@H](O2)COP(=O)([O-])OP(=O)([O-])OC[C@@H]3[C@H]([C@H]([C@@H](O3)N4C=NC5=C(N=CN=C54)N)O)O)O)O)O'

Progress: 1520/2000
Progress: 1521/2000
Progress: 1522/2000
Progress: 1523/2000
Progress: 1524/2000
Progress: 1525/2000[22:44:45] SMILES Parse Error: extra close parentheses while parsing: C1C=CN(C=C1C(=O)N)[C@H]2[C@@H]([C@@H]([C@H](O2)COP(=O)([O-])OP(=O)([O-])OC[C@@H]3[C@H]([C@H]([C@@H](O3)N4C=NC5=C(N=CN=C54)N)O)O)O)O)O
[22:44:45] SMILES Parse Error: Failed parsing SMILES 'C1C=CN(C=C1C(=O)N)[C@H]2[C@@H]([C@@H]([C@H](O2)COP(=O)([O-])OP(=O)([O-])OC[C@@H]3[C@H]([C@H]([C@@H](O3)N4C=NC5=C(N=CN=C54)N)O)O)O)O)O' for input: 'C1C=CN(C=C1C(=O)N)[C@H]2[C@@H]([C@@H]([C@H](O2)COP(=O)([O-])OP(=O)([O-])OC[C@@H]3[C@H]([C@H]([C@@H](O3)N4C=NC5=C(N=CN=C54)N)O)O)O)O)O'

Progress: 1526/2000[22:44:47] SMILES Parse Error: unclosed ring for input: 'CC1=C(C(=O)C2=CC3=C(C(=C(N3)C=C4[C@H]([C@@H](C(=N4)C5=C6C(=C(C(=CC1=N2)N6)C)C(=O)[O-])C)CCC(=O)O)CCC(=O)O)C)CCC(=O)O'

Progress: 1527/2000
Progress: 1528/2000
Progress: 1529/2000
Progress: 1530/2000
Progress: 1531/2000[22:44:54] SMILES Parse Error: extra close parentheses while parsing: C1=C(C(=O)NC(=O)N1)[C@@H]2[C@H]([C@@H]([C@H](O2)COP(=O)([O-])OP(=O)([O-])OC[C@@H]3[C@H]([C@H]([C@@H](O3)N4C=NC5=C(N=CN=C54)N)O)O)O)O)N
[22:44:54] SMILES Parse Error: Failed parsing SMILES 'C1=C(C(=O)NC(=O)N1)[C@@H]2[C@H]([C@@H]([C@H](O2)COP(=O)([O-])OP(=O)([O-])OC[C@@H]3[C@H]([C@H]([C@@H](O3)N4C=NC5=C(N=CN=C54)N)O)O)O)O)N' for input: 'C1=C(C(=O)NC(=O)N1)[C@@H]2[C@H]([C@@H]([C@H](O2)COP(=O)([O-])OP(=O)([O-])OC[C@@H]3[C@H]([C@H]([C@@H](O3)N4C=NC5=C(N=CN=C54)N)O)O)O)O)N'

Progress: 1532/2000
Progress: 1533/2000[22:44:57] SMILES Parse Error: extra close parentheses while parsing: C1[C@@H]([C@H](O[C@H]1N2C=NC3=C2N=C(NC3=O)N)COP(=O)(O)OP(=O)(O)OC[C@@H]4[C@H]([C@H]([C@@H](O4)N5C=NC6=C(N=CN=C65)N)O)O)O)O
[22:44:57] SMILES Parse Error: Failed parsing SMILES 'C1[C@@H]([C@H](O[C@H]1N2C=NC3=C2N=C(NC3=O)N)COP(=O)(O)OP(=O)(O)OC[C@@H]4[C@H]([C@H]([C@@H](O4)N5C=NC6=C(N=CN=C65)N)O)O)O)O' for input: 'C1[C@@H]([C@H](O[C@H]1N2C=NC3=C2N=C(NC3=O)N)COP(=O)(O)OP(=O)(O)OC[C@@H]4[C@H]([C@H]([C@@H](O4)N5C=NC6=C(N=CN=C65)N)O)O)O)O'

Progress: 1534/2000
Progress: 1535/2000
Progress: 1536/2000[22:45:01] SMILES Parse Error: extra close parentheses while parsing: C1=C(C(=O)NC(=O)N1)[C@@H]2[C@H]([C@@H]([C@H](O2)COP(=O)([O-])OP(=O)([O-])OC[C@@H]3[C@H]([C@H]([C@@H](O3)N4C=NC5=C(N=CN=C54)N)O)O)O)O)O)N
[22:45:01] SMILES Parse Error: Failed parsing SMILES 'C1=C(C(=O)NC(=O)N1)[C@@H]2[C@H]([C@@H]([C@H](O2)COP(=O)([O-])OP(=O)([O-])OC[C@@H]3[C@H]([C@H]([C@@H](O3)N4C=NC5=C(N=CN=C54)N)O)O)O)O)O)N' for input: 'C1=C(C(=O)NC(=O)N1)[C@@H]2[C@H]([C@@H]([C@H](O2)COP(=O)([O-])OP(=O)([O-])OC[C@@H]3[C@H]([C@H]([C@@H](O3)N4C=NC5=C(N=CN=C54)N)O)O)O)O)O)N'

Progress: 1537/2000[22:45:03] SMILES Parse Error: extra close parentheses while parsing: C1C=CN(C=C1C(=O)N)[C@H]2[C@@H]([C@@H]([C@H](O2)COP(=O)([O-])OP(=O)([O-])OC[C@@H]3[C@H]([C@H]([C@@H](O3)N4C=NC5=C(N=CN=C54)N)O)O)O)O)O
[22:45:03] SMILES Parse Error: Failed parsing SMILES 'C1C=CN(C=C1C(=O)N)[C@H]2[C@@H]([C@@H]([C@H](O2)COP(=O)([O-])OP(=O)([O-])OC[C@@H]3[C@H]([C@H]([C@@H](O3)N4C=NC5=C(N=CN=C54)N)O)O)O)O)O' for input: 'C1C=CN(C=C1C(=O)N)[C@H]2[C@@H]([C@@H]([C@H](O2)COP(=O)([O-])OP(=O)([O-])OC[C@@H]3[C@H]([C@H]([C@@H](O3)N4C=NC5=C(N=CN=C54)N)O)O)O)O)O'

Progress: 1538/2000[22:45:05] SMILES Parse Error: extra close parentheses while parsing: C1=C(C(=O)NC(=O)N1)[C@@H]2[C@H]([C@@H]([C@H](O2)COP(=O)([O-])OP(=O)([O-])OC[C@@H]3[C@H]([C@H]([C@@H](O3)N4C=NC5=C(N=CN=C54)N)O)O)O)O)O)N
[22:45:05] SMILES Parse Error: Failed parsing SMILES 'C1=C(C(=O)NC(=O)N1)[C@@H]2[C@H]([C@@H]([C@H](O2)COP(=O)([O-])OP(=O)([O-])OC[C@@H]3[C@H]([C@H]([C@@H](O3)N4C=NC5=C(N=CN=C54)N)O)O)O)O)O)N' for input: 'C1=C(C(=O)NC(=O)N1)[C@@H]2[C@H]([C@@H]([C@H](O2)COP(=O)([O-])OP(=O)([O-])OC[C@@H]3[C@H]([C@H]([C@@H](O3)N4C=NC5=C(N=CN=C54)N)O)O)O)O)O)N'

Progress: 1539/2000[22:45:07] SMILES Parse Error: extra close parentheses while parsing: C1=C(C(=O)NC(=O)N1)[C@@H]2[C@H]([C@@H]([C@H](O2)COP(=O)(O)OP(=O)(O)OC[C@@H]3[C@H]([C@H]([C@@H](O3)N4C=NC5=C(N=CN=C54)N)O)O)O)O)O
[22:45:07] SMILES Parse Error: Failed parsing SMILES 'C1=C(C(=O)NC(=O)N1)[C@@H]2[C@H]([C@@H]([C@H](O2)COP(=O)(O)OP(=O)(O)OC[C@@H]3[C@H]([C@H]([C@@H](O3)N4C=NC5=C(N=CN=C54)N)O)O)O)O)O' for input: 'C1=C(C(=O)NC(=O)N1)[C@@H]2[C@H]([C@@H]([C@H](O2)COP(=O)(O)OP(=O)(O)OC[C@@H]3[C@H]([C@H]([C@@H](O3)N4C=NC5=C(N=CN=C54)N)O)O)O)O)O'

Progress: 1540/2000
Progress: 1541/2000
Progress: 1542/2000
Progress: 1543/2000
Progress: 1544/2000[22:45:15] SMILES Parse Error: extra close parentheses while parsing: C1=C(C(=O)NC(=O)N1)[C@H]2[C@@H]([C@@H]([C@H](O2)COP(=O)([O-])OP(=O)([O-])OC[C@@H]3[C@H]([C@H]([C@@H](O3)N4C=NC5=C(N=CN=C54)N)O)O)O)O)O
[22:45:15] SMILES Parse Error: Failed parsing SMILES 'C1=C(C(=O)NC(=O)N1)[C@H]2[C@@H]([C@@H]([C@H](O2)COP(=O)([O-])OP(=O)([O-])OC[C@@H]3[C@H]([C@H]([C@@H](O3)N4C=NC5=C(N=CN=C54)N)O)O)O)O)O' for input: 'C1=C(C(=O)NC(=O)N1)[C@H]2[C@@H]([C@@H]([C@H](O2)COP(=O)([O-])OP(=O)([O-])OC[C@@H]3[C@H]([C@H]([C@@H](O3)N4C=NC5=C(N=CN=C54)N)O)O)O)O)O'

Progress: 1545/2000
Progress: 1546/2000[22:45:18] SMILES Parse Error: extra close parentheses while parsing: C1=C(C(=O)NC(=O)N1[C@H]2[C@@H]([C@@H]([C@H](O2)COP(=O)([O-])OP(=O)([O-])OC[C@@H]3[C@H]([C@H]([C@@H](O3)N4C=NC5=C(N=CN=C54)N)O)O)O)O)O)N
[22:45:18] SMILES Parse Error: Failed parsing SMILES 'C1=C(C(=O)NC(=O)N1[C@H]2[C@@H]([C@@H]([C@H](O2)COP(=O)([O-])OP(=O)([O-])OC[C@@H]3[C@H]([C@H]([C@@H](O3)N4C=NC5=C(N=CN=C54)N)O)O)O)O)O)N' for input: 'C1=C(C(=O)NC(=O)N1[C@H]2[C@@H]([C@@H]([C@H](O2)COP(=O)([O-])OP(=O)([O-])OC[C@@H]3[C@H]([C@H]([C@@H](O3)N4C=NC5=C(N=CN=C54)N)O)O)O)O)O)N'

Progress: 1547/2000[22:45:19] SMILES Parse Error: extra close parentheses while parsing: C1C=CN(C=C1C(=O)N)[C@H]2[C@@H]([C@@H]([C@H](O2)COP(=O)([O-])OP(=O)([O-])OC[C@@H]3[C@H]([C@H]([C@@H](O3)N4C=NC5=C(N=CN=C54)N)O)O)O)O)O
[22:45:19] SMILES Parse Error: Failed parsing SMILES 'C1C=CN(C=C1C(=O)N)[C@H]2[C@@H]([C@@H]([C@H](O2)COP(=O)([O-])OP(=O)([O-])OC[C@@H]3[C@H]([C@H]([C@@H](O3)N4C=NC5=C(N=CN=C54)N)O)O)O)O)O' for input: 'C1C=CN(C=C1C(=O)N)[C@H]2[C@@H]([C@@H]([C@H](O2)COP(=O)([O-])OP(=O)([O-])OC[C@@H]3[C@H]([C@H]([C@@H](O3)N4C=NC5=C(N=CN=C54)N)O)O)O)O)O'

Progress: 1548/2000
Progress: 1549/2000
Progress: 1550/2000
Progress: 1551/2000[22:45:25] SMILES Parse Error: extra close parentheses while parsing: C1[C@@H]([C@H](O[C@H]1N2C=NC3=C2N=C(NC3=O)N)COP(=O)(O)OP(=O)(O)OC[C@@H]4[C@H]([C@H]([C@@H](O4)N5C=NC6=C5N=C(NC6=O)N)O)O)O)O
[22:45:25] SMILES Parse Error: Failed parsing SMILES 'C1[C@@H]([C@H](O[C@H]1N2C=NC3=C2N=C(NC3=O)N)COP(=O)(O)OP(=O)(O)OC[C@@H]4[C@H]([C@H]([C@@H](O4)N5C=NC6=C5N=C(NC6=O)N)O)O)O)O' for input: 'C1[C@@H]([C@H](O[C@H]1N2C=NC3=C2N=C(NC3=O)N)COP(=O)(O)OP(=O)(O)OC[C@@H]4[C@H]([C@H]([C@@H](O4)N5C=NC6=C5N=C(NC6=O)N)O)O)O)O'

Progress: 1552/2000
Progress: 1553/2000
Progress: 1554/2000[22:45:31] SMILES Parse Error: extra close parentheses while parsing: C1=C(C(=O)NC(=O)N1)[C@@H]2[C@H]([C@@H]([C@H](O2)COP(=O)(O)OP(=O)(O)OC[C@@H]3[C@H]([C@H]([C@@H](O3)N4C=NC5=C(N=CN=C54)N)O)O)O)O)O
[22:45:31] SMILES Parse Error: Failed parsing SMILES 'C1=C(C(=O)NC(=O)N1)[C@@H]2[C@H]([C@@H]([C@H](O2)COP(=O)(O)OP(=O)(O)OC[C@@H]3[C@H]([C@H]([C@@H](O3)N4C=NC5=C(N=CN=C54)N)O)O)O)O)O' for input: 'C1=C(C(=O)NC(=O)N1)[C@@H]2[C@H]([C@@H]([C@H](O2)COP(=O)(O)OP(=O)(O)OC[C@@H]3[C@H]([C@H]([C@@H](O3)N4C=NC5=C(N=CN=C54)N)O)O)O)O)O'

Progress: 1555/2000
Progress: 1556/2000[22:45:35] SMILES Parse Error: extra close parentheses while parsing: C1=C(C(=O)NC(=O)N1)[C@@H]2[C@H]([C@@H]([C@H](O2)COP(=O)([O-])OP(=O)([O-])OC[C@@H]3[C@H]([C@H]([C@@H](O3)N4C=NC5=C(N=CN=C54)N)O)O)O)O)O)N
[22:45:35] SMILES Parse Error: Failed parsing SMILES 'C1=C(C(=O)NC(=O)N1)[C@@H]2[C@H]([C@@H]([C@H](O2)COP(=O)([O-])OP(=O)([O-])OC[C@@H]3[C@H]([C@H]([C@@H](O3)N4C=NC5=C(N=CN=C54)N)O)O)O)O)O)N' for input: 'C1=C(C(=O)NC(=O)N1)[C@@H]2[C@H]([C@@H]([C@H](O2)COP(=O)([O-])OP(=O)([O-])OC[C@@H]3[C@H]([C@H]([C@@H](O3)N4C=NC5=C(N=CN=C54)N)O)O)O)O)O)N'

Progress: 1557/2000[22:45:37] SMILES Parse Error: extra close parentheses while parsing: C1[C@@H]([C@H](O[C@H]1N2C=NC3=C2N=C(NC3=O)N)COP(=O)(O)OP(=O)(O)OC[C@@H]4[C@H]([C@H]([C@@H](O4)N5C=NC6=C5N=C(NC6=O)N)O)O)O)O
[22:45:37] SMILES Parse Error: Failed parsing SMILES 'C1[C@@H]([C@H](O[C@H]1N2C=NC3=C2N=C(NC3=O)N)COP(=O)(O)OP(=O)(O)OC[C@@H]4[C@H]([C@H]([C@@H](O4)N5C=NC6=C5N=C(NC6=O)N)O)O)O)O' for input: 'C1[C@@H]([C@H](O[C@H]1N2C=NC3=C2N=C(NC3=O)N)COP(=O)(O)OP(=O)(O)OC[C@@H]4[C@H]([C@H]([C@@H](O4)N5C=NC6=C5N=C(NC6=O)N)O)O)O)O'

Progress: 1558/2000
Progress: 1559/2000
Progress: 1560/2000[22:45:41] SMILES Parse Error: extra close parentheses while parsing: C1C=CN(C=C1C(=O)N)[C@H]2[C@@H]([C@@H]([C@H](O2)COP(=O)([O-])OP(=O)([O-])OC[C@@H]3[C@H]([C@H]([C@@H](O3)N4C=NC5=C(N=CN=C54)N)O)O)O)O)O
[22:45:41] SMILES Parse Error: Failed parsing SMILES 'C1C=CN(C=C1C(=O)N)[C@H]2[C@@H]([C@@H]([C@H](O2)COP(=O)([O-])OP(=O)([O-])OC[C@@H]3[C@H]([C@H]([C@@H](O3)N4C=NC5=C(N=CN=C54)N)O)O)O)O)O' for input: 'C1C=CN(C=C1C(=O)N)[C@H]2[C@@H]([C@@H]([C@H](O2)COP(=O)([O-])OP(=O)([O-])OC[C@@H]3[C@H]([C@H]([C@@H](O3)N4C=NC5=C(N=CN=C54)N)O)O)O)O)O'

Progress: 1561/2000[22:45:43] SMILES Parse Error: extra close parentheses while parsing: C1=C(C(=O)NC(=O)N1)[C@@H]2[C@H]([C@@H]([C@H](O2)COP(=O)([O-])OP(=O)([O-])OC[C@@H]3[C@H]([C@H]([C@@H](O3)N4C=NC5=C(N=CN=C54)N)O)O)O)O)O)N
[22:45:43] SMILES Parse Error: Failed parsing SMILES 'C1=C(C(=O)NC(=O)N1)[C@@H]2[C@H]([C@@H]([C@H](O2)COP(=O)([O-])OP(=O)([O-])OC[C@@H]3[C@H]([C@H]([C@@H](O3)N4C=NC5=C(N=CN=C54)N)O)O)O)O)O)N' for input: 'C1=C(C(=O)NC(=O)N1)[C@@H]2[C@H]([C@@H]([C@H](O2)COP(=O)([O-])OP(=O)([O-])OC[C@@H]3[C@H]([C@H]([C@@H](O3)N4C=NC5=C(N=CN=C54)N)O)O)O)O)O)N'

Progress: 1562/2000[22:45:45] SMILES Parse Error: extra close parentheses while parsing: C1=C(C(=O)NC(=O)N1)[C@H]2[C@@H]([C@@H]([C@H](O2)COP(=O)([O-])OP(=O)([O-])OC[C@@H]3[C@H]([C@H]([C@@H](O3)N4C=NC5=C(N=CN=C54)N)O)O)O)O)O.[Fe]
[22:45:45] SMILES Parse Error: Failed parsing SMILES 'C1=C(C(=O)NC(=O)N1)[C@H]2[C@@H]([C@@H]([C@H](O2)COP(=O)([O-])OP(=O)([O-])OC[C@@H]3[C@H]([C@H]([C@@H](O3)N4C=NC5=C(N=CN=C54)N)O)O)O)O)O.[Fe]' for input: 'C1=C(C(=O)NC(=O)N1)[C@H]2[C@@H]([C@@H]([C@H](O2)COP(=O)([O-])OP(=O)([O-])OC[C@@H]3[C@H]([C@H]([C@@H](O3)N4C=NC5=C(N=CN=C54)N)O)O)O)O)O.[Fe]'

Progress: 1563/2000[22:45:47] SMILES Parse Error: extra close parentheses while parsing: C1=C(C(=O)NC(=O)N1)[C@H]2[C@@H]([C@@H]([C@H](O2)COP(=O)([O-])OP(=O)([O-])OC[C@@H]3[C@H]([C@H]([C@@H](O3)N4C=NC5=C4N=C(NC5=O)N)O)O)O)O)N
[22:45:47] SMILES Parse Error: Failed parsing SMILES 'C1=C(C(=O)NC(=O)N1)[C@H]2[C@@H]([C@@H]([C@H](O2)COP(=O)([O-])OP(=O)([O-])OC[C@@H]3[C@H]([C@H]([C@@H](O3)N4C=NC5=C4N=C(NC5=O)N)O)O)O)O)N' for input: 'C1=C(C(=O)NC(=O)N1)[C@H]2[C@@H]([C@@H]([C@H](O2)COP(=O)([O-])OP(=O)([O-])OC[C@@H]3[C@H]([C@H]([C@@H](O3)N4C=NC5=C4N=C(NC5=O)N)O)O)O)O)N'

Progress: 1564/2000[22:45:49] SMILES Parse Error: extra close parentheses while parsing: C1=C(C(=O)NC(=O)N1)[C@H]2[C@@H]([C@@H]([C@H](O2)COP(=O)([O-])OP(=O)([O-])OC[C@@H]3[C@H]([C@H]([C@@H](O3)N4C=NC5=C(N=CN=C54)N)O)O)O)O)N
[22:45:49] SMILES Parse Error: Failed parsing SMILES 'C1=C(C(=O)NC(=O)N1)[C@H]2[C@@H]([C@@H]([C@H](O2)COP(=O)([O-])OP(=O)([O-])OC[C@@H]3[C@H]([C@H]([C@@H](O3)N4C=NC5=C(N=CN=C54)N)O)O)O)O)N' for input: 'C1=C(C(=O)NC(=O)N1)[C@H]2[C@@H]([C@@H]([C@H](O2)COP(=O)([O-])OP(=O)([O-])OC[C@@H]3[C@H]([C@H]([C@@H](O3)N4C=NC5=C(N=CN=C54)N)O)O)O)O)N'

Progress: 1565/2000[22:45:51] SMILES Parse Error: extra close parentheses while parsing: CCC1=C(C2=NC1=CC3=C(C4=C(N3)C(=C5[C@H]([C@@H](C(=CC6=NC(=C2)C(=C6C)C=C)N5)C)CCC(=O)O)C4=N3)O)C)C
[22:45:51] SMILES Parse Error: Failed parsing SMILES 'CCC1=C(C2=NC1=CC3=C(C4=C(N3)C(=C5[C@H]([C@@H](C(=CC6=NC(=C2)C(=C6C)C=C)N5)C)CCC(=O)O)C4=N3)O)C)C' for input: 'CCC1=C(C2=NC1=CC3=C(C4=C(N3)C(=C5[C@H]([C@@H](C(=CC6=NC(=C2)C(=C6C)C=C)N5)C)CCC(=O)O)C4=N3)O)C)C'

Progress: 1566/2000
Progress: 1567/2000
Progress: 1568/2000[22:45:55] SMILES Parse Error: extra close parentheses while parsing: C1=C(C(=O)NC(=O)N1)[C@@H]2[C@H]([C@@H]([C@H](O2)COP(=O)([O-])OP(=O)([O-])OC[C@@H]3[C@H]([C@H]([C@@H](O3)N4C=NC5=C(N=CN=C54)N)O)O)O)O)O
[22:45:55] SMILES Parse Error: Failed parsing SMILES 'C1=C(C(=O)NC(=O)N1)[C@@H]2[C@H]([C@@H]([C@H](O2)COP(=O)([O-])OP(=O)([O-])OC[C@@H]3[C@H]([C@H]([C@@H](O3)N4C=NC5=C(N=CN=C54)N)O)O)O)O)O' for input: 'C1=C(C(=O)NC(=O)N1)[C@@H]2[C@H]([C@@H]([C@H](O2)COP(=O)([O-])OP(=O)([O-])OC[C@@H]3[C@H]([C@H]([C@@H](O3)N4C=NC5=C(N=CN=C54)N)O)O)O)O)O'

Progress: 1569/2000
Progress: 1570/2000[22:45:59] SMILES Parse Error: extra close parentheses while parsing: C1=C(C(=O)NC(=O)N1[C@H]2[C@@H]([C@@H]([C@H](O2)COP(=O)([O-])OP(=O)([O-])OC[C@@H]3[C@H]([C@H]([C@@H](O3)N4C=NC5=C(N=CN=C54)N)O)O)O)O)O)N
[22:45:59] SMILES Parse Error: Failed parsing SMILES 'C1=C(C(=O)NC(=O)N1[C@H]2[C@@H]([C@@H]([C@H](O2)COP(=O)([O-])OP(=O)([O-])OC[C@@H]3[C@H]([C@H]([C@@H](O3)N4C=NC5=C(N=CN=C54)N)O)O)O)O)O)N' for input: 'C1=C(C(=O)NC(=O)N1[C@H]2[C@@H]([C@@H]([C@H](O2)COP(=O)([O-])OP(=O)([O-])OC[C@@H]3[C@H]([C@H]([C@@H](O3)N4C=NC5=C(N=CN=C54)N)O)O)O)O)O)N'

Progress: 1571/2000[22:46:01] SMILES Parse Error: extra close parentheses while parsing: C1=C(C(=O)NC(=O)N1)[C@H]2[C@@H]([C@@H]([C@H](O2)COP(=O)([O-])OP(=O)([O-])OC[C@@H]3[C@H]([C@H]([C@@H](O3)N4C=NC5=C(N=CN=C54)N)O)O)O)O)N
[22:46:01] SMILES Parse Error: Failed parsing SMILES 'C1=C(C(=O)NC(=O)N1)[C@H]2[C@@H]([C@@H]([C@H](O2)COP(=O)([O-])OP(=O)([O-])OC[C@@H]3[C@H]([C@H]([C@@H](O3)N4C=NC5=C(N=CN=C54)N)O)O)O)O)N' for input: 'C1=C(C(=O)NC(=O)N1)[C@H]2[C@@H]([C@@H]([C@H](O2)COP(=O)([O-])OP(=O)([O-])OC[C@@H]3[C@H]([C@H]([C@@H](O3)N4C=NC5=C(N=CN=C54)N)O)O)O)O)N'

Progress: 1572/2000[22:46:02] SMILES Parse Error: extra close parentheses while parsing: C1[C@@H]([C@H](O[C@H]1N2C=NC3=C2N=C(NC3=O)N)COP(=O)(O)OP(=O)(O)OC[C@@H]4[C@H]([C@H]([C@@H](O4)N5C=NC6=C(N=CN=C65)N)O)O)O)O
[22:46:02] SMILES Parse Error: Failed parsing SMILES 'C1[C@@H]([C@H](O[C@H]1N2C=NC3=C2N=C(NC3=O)N)COP(=O)(O)OP(=O)(O)OC[C@@H]4[C@H]([C@H]([C@@H](O4)N5C=NC6=C(N=CN=C65)N)O)O)O)O' for input: 'C1[C@@H]([C@H](O[C@H]1N2C=NC3=C2N=C(NC3=O)N)COP(=O)(O)OP(=O)(O)OC[C@@H]4[C@H]([C@H]([C@@H](O4)N5C=NC6=C(N=CN=C65)N)O)O)O)O'

Progress: 1573/2000
Progress: 1574/2000
Progress: 1575/2000
Progress: 1576/2000[22:46:09] SMILES Parse Error: extra close parentheses while parsing: C1=C(C(=O)NC(=O)N1)[C@H]2[C@@H]([C@@H]([C@H](O2)COP(=O)(O)OP(=O)(O)OC[C@@H]3[C@H]([C@H]([C@@H](O3)N4C=NC5=C(N=CN=C54)N)O)O)O)O)N
[22:46:09] SMILES Parse Error: Failed parsing SMILES 'C1=C(C(=O)NC(=O)N1)[C@H]2[C@@H]([C@@H]([C@H](O2)COP(=O)(O)OP(=O)(O)OC[C@@H]3[C@H]([C@H]([C@@H](O3)N4C=NC5=C(N=CN=C54)N)O)O)O)O)N' for input: 'C1=C(C(=O)NC(=O)N1)[C@H]2[C@@H]([C@@H]([C@H](O2)COP(=O)(O)OP(=O)(O)OC[C@@H]3[C@H]([C@H]([C@@H](O3)N4C=NC5=C(N=CN=C54)N)O)O)O)O)N'

Progress: 1577/2000[22:46:11] SMILES Parse Error: extra close parentheses while parsing: C1=C(C(=O)NC(=O)N1)[C@H]2[C@@H]([C@@H]([C@H](O2)COP(=O)([O-])OP(=O)([O-])OC[C@@H]3[C@H]([C@H]([C@@H](O3)N4C=NC5=C(N=CN=C54)N)O)O)O)O)O
[22:46:11] SMILES Parse Error: Failed parsing SMILES 'C1=C(C(=O)NC(=O)N1)[C@H]2[C@@H]([C@@H]([C@H](O2)COP(=O)([O-])OP(=O)([O-])OC[C@@H]3[C@H]([C@H]([C@@H](O3)N4C=NC5=C(N=CN=C54)N)O)O)O)O)O' for input: 'C1=C(C(=O)NC(=O)N1)[C@H]2[C@@H]([C@@H]([C@H](O2)COP(=O)([O-])OP(=O)([O-])OC[C@@H]3[C@H]([C@H]([C@@H](O3)N4C=NC5=C(N=CN=C54)N)O)O)O)O)O'

Progress: 1578/2000
Progress: 1579/2000
Progress: 1580/2000
Progress: 1581/2000
Progress: 1582/2000
Progress: 1583/2000
Progress: 1584/2000[22:46:20] SMILES Parse Error: extra open parentheses for input: 'C1C=CN(C=C1C(=O)N)[C@@H]2[C@@H]([C@H]([C@@H]([C@H](O2)COP(=O)([O-])OP(=O)([O-])OC[C@@H]3[C@H]([C@H]([C@@H](O3)N4C=NC5=C(N=CN=C54)N)O)O)O)O'

Progress: 1585/2000[22:46:22] SMILES Parse Error: extra close parentheses while parsing: C1=C(C(=O)NC(=O)N1)[C@H]2[C@@H]([C@@H]([C@H](O2)COP(=O)([O-])OP(=O)([O-])OC[C@@H]3[C@H]([C@H]([C@@H](O3)N4C=NC5=C(N=CN=C54)N)O)O)O)O)O
[22:46:22] SMILES Parse Error: Failed parsing SMILES 'C1=C(C(=O)NC(=O)N1)[C@H]2[C@@H]([C@@H]([C@H](O2)COP(=O)([O-])OP(=O)([O-])OC[C@@H]3[C@H]([C@H]([C@@H](O3)N4C=NC5=C(N=CN=C54)N)O)O)O)O)O' for input: 'C1=C(C(=O)NC(=O)N1)[C@H]2[C@@H]([C@@H]([C@H](O2)COP(=O)([O-])OP(=O)([O-])OC[C@@H]3[C@H]([C@H]([C@@H](O3)N4C=NC5=C(N=CN=C54)N)O)O)O)O)O'

Progress: 1586/2000[22:46:24] SMILES Parse Error: extra close parentheses while parsing: CCC1=C(C2=NC1=CC3=C(C4=C(N3)C(=C5[C@H]([C@@H](C(=CC6=NC(=C2)C(=C6C)C=C)N5)C)CCC(=O)O)C4=N3)O)C)C
[22:46:24] SMILES Parse Error: Failed parsing SMILES 'CCC1=C(C2=NC1=CC3=C(C4=C(N3)C(=C5[C@H]([C@@H](C(=CC6=NC(=C2)C(=C6C)C=C)N5)C)CCC(=O)O)C4=N3)O)C)C' for input: 'CCC1=C(C2=NC1=CC3=C(C4=C(N3)C(=C5[C@H]([C@@H](C(=CC6=NC(=C2)C(=C6C)C=C)N5)C)CCC(=O)O)C4=N3)O)C)C'

Progress: 1587/2000
Progress: 1588/2000
Progress: 1589/2000
Progress: 1590/2000
Progress: 1591/2000
Progress: 1592/2000[22:46:34] SMILES Parse Error: extra close parentheses while parsing: C1[C@@H]([C@H](O[C@H]1N2C=NC3=C2N=C(NC3=O)N)COP(=O)(O)OP(=O)(O)OC[C@@H]4[C@H]([C@H]([C@@H](O4)N5C=NC6=C5N=C(NC6=O)N)O)O)O)O
[22:46:34] SMILES Parse Error: Failed parsing SMILES 'C1[C@@H]([C@H](O[C@H]1N2C=NC3=C2N=C(NC3=O)N)COP(=O)(O)OP(=O)(O)OC[C@@H]4[C@H]([C@H]([C@@H](O4)N5C=NC6=C5N=C(NC6=O)N)O)O)O)O' for input: 'C1[C@@H]([C@H](O[C@H]1N2C=NC3=C2N=C(NC3=O)N)COP(=O)(O)OP(=O)(O)OC[C@@H]4[C@H]([C@H]([C@@H](O4)N5C=NC6=C5N=C(NC6=O)N)O)O)O)O'

Progress: 1593/2000
Progress: 1594/2000
Progress: 1595/2000[22:46:39] SMILES Parse Error: extra close parentheses while parsing: C1=C(C(=O)NC(=O)N1)[C@H]2[C@@H]([C@@H]([C@H](O2)COP(=O)([O-])OP(=O)([O-])OC[C@@H]3[C@H]([C@H]([C@@H](O3)N4C=NC5=C4N=C(NC5=O)N)O)O)O)O)N
[22:46:39] SMILES Parse Error: Failed parsing SMILES 'C1=C(C(=O)NC(=O)N1)[C@H]2[C@@H]([C@@H]([C@H](O2)COP(=O)([O-])OP(=O)([O-])OC[C@@H]3[C@H]([C@H]([C@@H](O3)N4C=NC5=C4N=C(NC5=O)N)O)O)O)O)N' for input: 'C1=C(C(=O)NC(=O)N1)[C@H]2[C@@H]([C@@H]([C@H](O2)COP(=O)([O-])OP(=O)([O-])OC[C@@H]3[C@H]([C@H]([C@@H](O3)N4C=NC5=C4N=C(NC5=O)N)O)O)O)O)N'

Progress: 1596/2000[22:46:41] SMILES Parse Error: extra close parentheses while parsing: C1C=CN(C=C1C(=O)N)[C@H]2[C@@H]([C@@H]([C@H](O2)COP(=O)(O)OP(=O)(O)OC[C@@H]3[C@H]([C@H]([C@@H](O3)N4C=NC5=C(N=CN=C54)N)O)O)O)O)N
[22:46:41] SMILES Parse Error: Failed parsing SMILES 'C1C=CN(C=C1C(=O)N)[C@H]2[C@@H]([C@@H]([C@H](O2)COP(=O)(O)OP(=O)(O)OC[C@@H]3[C@H]([C@H]([C@@H](O3)N4C=NC5=C(N=CN=C54)N)O)O)O)O)N' for input: 'C1C=CN(C=C1C(=O)N)[C@H]2[C@@H]([C@@H]([C@H](O2)COP(=O)(O)OP(=O)(O)OC[C@@H]3[C@H]([C@H]([C@@H](O3)N4C=NC5=C(N=CN=C54)N)O)O)O)O)N'

Progress: 1597/2000
Progress: 1598/2000[22:46:44] SMILES Parse Error: extra close parentheses while parsing: CCC1=C(C2=NC1=CC3=C(C4=C(N3)C(=C5[C@H]([C@@H](C(=CC6=NC(=C2)C(=C6C)C=C)N5)C)CCC(=O)O)C4=N3)O)C)C
[22:46:44] SMILES Parse Error: Failed parsing SMILES 'CCC1=C(C2=NC1=CC3=C(C4=C(N3)C(=C5[C@H]([C@@H](C(=CC6=NC(=C2)C(=C6C)C=C)N5)C)CCC(=O)O)C4=N3)O)C)C' for input: 'CCC1=C(C2=NC1=CC3=C(C4=C(N3)C(=C5[C@H]([C@@H](C(=CC6=NC(=C2)C(=C6C)C=C)N5)C)CCC(=O)O)C4=N3)O)C)C'

Progress: 1599/2000[22:46:46] SMILES Parse Error: extra close parentheses while parsing: C1=C(C(=O)NC(=O)N1)[C@H]2[C@@H]([C@@H]([C@H](O2)COP(=O)([O-])OP(=O)([O-])OC[C@@H]3[C@H]([C@H]([C@@H](O3)N4C=NC5=C(N=CN=C54)N)O)O)O)O)O
[22:46:46] SMILES Parse Error: Failed parsing SMILES 'C1=C(C(=O)NC(=O)N1)[C@H]2[C@@H]([C@@H]([C@H](O2)COP(=O)([O-])OP(=O)([O-])OC[C@@H]3[C@H]([C@H]([C@@H](O3)N4C=NC5=C(N=CN=C54)N)O)O)O)O)O' for input: 'C1=C(C(=O)NC(=O)N1)[C@H]2[C@@H]([C@@H]([C@H](O2)COP(=O)([O-])OP(=O)([O-])OC[C@@H]3[C@H]([C@H]([C@@H](O3)N4C=NC5=C(N=CN=C54)N)O)O)O)O)O'

Progress: 1600/2000
Progress: 1601/2000[22:46:49] SMILES Parse Error: extra close parentheses while parsing: C1C=CN(C=C1C(=O)N)[C@H]2[C@@H]([C@@H]([C@H](O2)COP(=O)([O-])OP(=O)([O-])OC[C@@H]3[C@H]([C@H]([C@@H](O3)N4C=NC5=C(N=CN=C54)N)O)O)O)O)O
[22:46:49] SMILES Parse Error: Failed parsing SMILES 'C1C=CN(C=C1C(=O)N)[C@H]2[C@@H]([C@@H]([C@H](O2)COP(=O)([O-])OP(=O)([O-])OC[C@@H]3[C@H]([C@H]([C@@H](O3)N4C=NC5=C(N=CN=C54)N)O)O)O)O)O' for input: 'C1C=CN(C=C1C(=O)N)[C@H]2[C@@H]([C@@H]([C@H](O2)COP(=O)([O-])OP(=O)([O-])OC[C@@H]3[C@H]([C@H]([C@@H](O3)N4C=NC5=C(N=CN=C54)N)O)O)O)O)O'

Progress: 1602/2000[22:46:51] SMILES Parse Error: extra close parentheses while parsing: C1=C(C(=O)NC(=O)N1)[C@H]2[C@@H]([C@@H]([C@H](O2)COP(=O)([O-])OP(=O)([O-])OC[C@@H]3[C@H]([C@H]([C@@H](O3)N4C=NC5=C(N=CN=C54)N)O)O)O)O)O
[22:46:51] SMILES Parse Error: Failed parsing SMILES 'C1=C(C(=O)NC(=O)N1)[C@H]2[C@@H]([C@@H]([C@H](O2)COP(=O)([O-])OP(=O)([O-])OC[C@@H]3[C@H]([C@H]([C@@H](O3)N4C=NC5=C(N=CN=C54)N)O)O)O)O)O' for input: 'C1=C(C(=O)NC(=O)N1)[C@H]2[C@@H]([C@@H]([C@H](O2)COP(=O)([O-])OP(=O)([O-])OC[C@@H]3[C@H]([C@H]([C@@H](O3)N4C=NC5=C(N=CN=C54)N)O)O)O)O)O'

Progress: 1603/2000
Progress: 1604/2000[22:46:54] SMILES Parse Error: extra close parentheses while parsing: C1=C(C(=O)NC(=O)N1)[C@@H]2[C@H]([C@@H]([C@H](O2)COP(=O)([O-])OP(=O)([O-])OC[C@@H]3[C@H]([C@H]([C@@H](O3)N4C=NC5=C4N=C(NC5=O)N)O)O)O)O)N
[22:46:54] SMILES Parse Error: Failed parsing SMILES 'C1=C(C(=O)NC(=O)N1)[C@@H]2[C@H]([C@@H]([C@H](O2)COP(=O)([O-])OP(=O)([O-])OC[C@@H]3[C@H]([C@H]([C@@H](O3)N4C=NC5=C4N=C(NC5=O)N)O)O)O)O)N' for input: 'C1=C(C(=O)NC(=O)N1)[C@@H]2[C@H]([C@@H]([C@H](O2)COP(=O)([O-])OP(=O)([O-])OC[C@@H]3[C@H]([C@H]([C@@H](O3)N4C=NC5=C4N=C(NC5=O)N)O)O)O)O)N'

Progress: 1605/2000
Progress: 1606/2000
Progress: 1607/2000
Progress: 1608/2000
Progress: 1609/2000[22:47:02] SMILES Parse Error: extra open parentheses for input: 'CC1=C(C(=O)C2=NC3=C(N=C(NC3=O)[O-])N(C2=C1)C[C@@H]([C@@H]([C@@H](COP(=O)([O-])[O-])O)O)O'

Progress: 1610/2000[22:47:03] SMILES Parse Error: extra close parentheses while parsing: C1[C@@H]([C@H](O[C@H]1N2C=NC3=C2N=C(NC3=O)N)COP(=O)(O)OP(=O)(O)OC[C@@H]4[C@H]([C@H]([C@@H](O4)N5C=NC6=C5N=C(NC6=O)N)O)O)O)O
[22:47:03] SMILES Parse Error: Failed parsing SMILES 'C1[C@@H]([C@H](O[C@H]1N2C=NC3=C2N=C(NC3=O)N)COP(=O)(O)OP(=O)(O)OC[C@@H]4[C@H]([C@H]([C@@H](O4)N5C=NC6=C5N=C(NC6=O)N)O)O)O)O' for input: 'C1[C@@H]([C@H](O[C@H]1N2C=NC3=C2N=C(NC3=O)N)COP(=O)(O)OP(=O)(O)OC[C@@H]4[C@H]([C@H]([C@@H](O4)N5C=NC6=C5N=C(NC6=O)N)O)O)O)O'

Progress: 1611/2000
Progress: 1612/2000[22:47:06] SMILES Parse Error: extra close parentheses while parsing: C1C=CN(C=C1C(=O)N)[C@H]2[C@@H]([C@@H]([C@H](O2)COP(=O)(O)OP(=O)(O)OC[C@@H]3[C@H]([C@H]([C@@H](O3)N4C=NC5=C(N=CN=C54)N)O)O)O)O)N
[22:47:06] SMILES Parse Error: Failed parsing SMILES 'C1C=CN(C=C1C(=O)N)[C@H]2[C@@H]([C@@H]([C@H](O2)COP(=O)(O)OP(=O)(O)OC[C@@H]3[C@H]([C@H]([C@@H](O3)N4C=NC5=C(N=CN=C54)N)O)O)O)O)N' for input: 'C1C=CN(C=C1C(=O)N)[C@H]2[C@@H]([C@@H]([C@H](O2)COP(=O)(O)OP(=O)(O)OC[C@@H]3[C@H]([C@H]([C@@H](O3)N4C=NC5=C(N=CN=C54)N)O)O)O)O)N'

Progress: 1613/2000[22:47:08] SMILES Parse Error: extra close parentheses while parsing: C1=C(C(=O)NC(=O)N1[C@H]2[C@@H]([C@@H]([C@H](O2)COP(=O)([O-])OP(=O)([O-])OC[C@@H]3[C@H]([C@H]([C@@H](O3)N4C=NC5=C(N=CN=C54)N)O)O)O)O)O)N
[22:47:08] SMILES Parse Error: Failed parsing SMILES 'C1=C(C(=O)NC(=O)N1[C@H]2[C@@H]([C@@H]([C@H](O2)COP(=O)([O-])OP(=O)([O-])OC[C@@H]3[C@H]([C@H]([C@@H](O3)N4C=NC5=C(N=CN=C54)N)O)O)O)O)O)N' for input: 'C1=C(C(=O)NC(=O)N1[C@H]2[C@@H]([C@@H]([C@H](O2)COP(=O)([O-])OP(=O)([O-])OC[C@@H]3[C@H]([C@H]([C@@H](O3)N4C=NC5=C(N=CN=C54)N)O)O)O)O)O)N'

Progress: 1614/2000[22:47:10] SMILES Parse Error: extra close parentheses while parsing: C1=C(C(=O)NC(=O)N1)[C@H]2[C@@H]([C@@H]([C@H](O2)COP(=O)([O-])OP(=O)([O-])OC[C@@H]3[C@H]([C@H]([C@@H](O3)N4C=NC5=C(N=CN=C54)N)O)O)O)O)N
[22:47:10] SMILES Parse Error: Failed parsing SMILES 'C1=C(C(=O)NC(=O)N1)[C@H]2[C@@H]([C@@H]([C@H](O2)COP(=O)([O-])OP(=O)([O-])OC[C@@H]3[C@H]([C@H]([C@@H](O3)N4C=NC5=C(N=CN=C54)N)O)O)O)O)N' for input: 'C1=C(C(=O)NC(=O)N1)[C@H]2[C@@H]([C@@H]([C@H](O2)COP(=O)([O-])OP(=O)([O-])OC[C@@H]3[C@H]([C@H]([C@@H](O3)N4C=NC5=C(N=CN=C54)N)O)O)O)O)N'

Progress: 1615/2000[22:47:12] SMILES Parse Error: extra close parentheses while parsing: C1[C@@H]([C@H](O[C@H]1N2C=NC3=C2N=C(NC3=O)N)COP(=O)(O)OP(=O)(O)OC[C@@H]4[C@H]([C@H]([C@@H](O4)N5C=NC6=C5N=C(NC6=O)N)O)O)O)O
[22:47:12] SMILES Parse Error: Failed parsing SMILES 'C1[C@@H]([C@H](O[C@H]1N2C=NC3=C2N=C(NC3=O)N)COP(=O)(O)OP(=O)(O)OC[C@@H]4[C@H]([C@H]([C@@H](O4)N5C=NC6=C5N=C(NC6=O)N)O)O)O)O' for input: 'C1[C@@H]([C@H](O[C@H]1N2C=NC3=C2N=C(NC3=O)N)COP(=O)(O)OP(=O)(O)OC[C@@H]4[C@H]([C@H]([C@@H](O4)N5C=NC6=C5N=C(NC6=O)N)O)O)O)O'

Progress: 1616/2000[22:47:14] SMILES Parse Error: extra close parentheses while parsing: C1=C(C(=O)NC(=O)N1)[C@H]2[C@@H]([C@@H]([C@H](O2)COP(=O)([O-])OP(=O)([O-])OC[C@@H]3[C@H]([C@H]([C@@H](O3)N4C=NC5=C(N=CN=C54)N)O)O)O)O)O
[22:47:14] SMILES Parse Error: Failed parsing SMILES 'C1=C(C(=O)NC(=O)N1)[C@H]2[C@@H]([C@@H]([C@H](O2)COP(=O)([O-])OP(=O)([O-])OC[C@@H]3[C@H]([C@H]([C@@H](O3)N4C=NC5=C(N=CN=C54)N)O)O)O)O)O' for input: 'C1=C(C(=O)NC(=O)N1)[C@H]2[C@@H]([C@@H]([C@H](O2)COP(=O)([O-])OP(=O)([O-])OC[C@@H]3[C@H]([C@H]([C@@H](O3)N4C=NC5=C(N=CN=C54)N)O)O)O)O)O'

Progress: 1617/2000
Progress: 1618/2000
Progress: 1619/2000[22:47:19] SMILES Parse Error: extra close parentheses while parsing: C1=C(C(=O)NC(=O)N1)[C@H]2[C@@H]([C@@H]([C@H](O2)COP(=O)([O-])OP(=O)([O-])OC[C@@H]3[C@H]([C@H]([C@@H](O3)N4C=NC5=C(N=CN=C54)N)O)O)O)O)N
[22:47:19] SMILES Parse Error: Failed parsing SMILES 'C1=C(C(=O)NC(=O)N1)[C@H]2[C@@H]([C@@H]([C@H](O2)COP(=O)([O-])OP(=O)([O-])OC[C@@H]3[C@H]([C@H]([C@@H](O3)N4C=NC5=C(N=CN=C54)N)O)O)O)O)N' for input: 'C1=C(C(=O)NC(=O)N1)[C@H]2[C@@H]([C@@H]([C@H](O2)COP(=O)([O-])OP(=O)([O-])OC[C@@H]3[C@H]([C@H]([C@@H](O3)N4C=NC5=C(N=CN=C54)N)O)O)O)O)N'

Progress: 1620/2000[22:47:21] SMILES Parse Error: extra close parentheses while parsing: C1=C(C(=O)NC(=O)N1)[C@@H]2[C@H]([C@@H]([C@H](O2)COP(=O)([O-])OP(=O)([O-])OC[C@@H]3[C@H]([C@H]([C@@H](O3)N4C=NC5=C(N=CN=C54)N)O)O)O)O)O)N
[22:47:21] SMILES Parse Error: Failed parsing SMILES 'C1=C(C(=O)NC(=O)N1)[C@@H]2[C@H]([C@@H]([C@H](O2)COP(=O)([O-])OP(=O)([O-])OC[C@@H]3[C@H]([C@H]([C@@H](O3)N4C=NC5=C(N=CN=C54)N)O)O)O)O)O)N' for input: 'C1=C(C(=O)NC(=O)N1)[C@@H]2[C@H]([C@@H]([C@H](O2)COP(=O)([O-])OP(=O)([O-])OC[C@@H]3[C@H]([C@H]([C@@H](O3)N4C=NC5=C(N=CN=C54)N)O)O)O)O)O)N'

Progress: 1621/2000[22:47:23] SMILES Parse Error: extra close parentheses while parsing: C1=C(C(=O)NC(=O)N1)[C@@H]2[C@H]([C@@H]([C@H](O2)COP(=O)([O-])OP(=O)([O-])OC[C@@H]3[C@H]([C@H]([C@@H](O3)N4C=NC5=C(N=CN=C54)N)O)O)O)O)N
[22:47:23] SMILES Parse Error: Failed parsing SMILES 'C1=C(C(=O)NC(=O)N1)[C@@H]2[C@H]([C@@H]([C@H](O2)COP(=O)([O-])OP(=O)([O-])OC[C@@H]3[C@H]([C@H]([C@@H](O3)N4C=NC5=C(N=CN=C54)N)O)O)O)O)N' for input: 'C1=C(C(=O)NC(=O)N1)[C@@H]2[C@H]([C@@H]([C@H](O2)COP(=O)([O-])OP(=O)([O-])OC[C@@H]3[C@H]([C@H]([C@@H](O3)N4C=NC5=C(N=CN=C54)N)O)O)O)O)N'

Progress: 1622/2000[22:47:25] SMILES Parse Error: extra close parentheses while parsing: C1=C(C(=O)NC(=O)N1)[C@@H]2[C@H]([C@@H]([C@H](O2)COP(=O)([O-])OP(=O)([O-])OC[C@@H]3[C@H]([C@H]([C@@H](O3)N4C=NC5=C(N=CN=C54)N)O)O)O)O)O)N
[22:47:25] SMILES Parse Error: Failed parsing SMILES 'C1=C(C(=O)NC(=O)N1)[C@@H]2[C@H]([C@@H]([C@H](O2)COP(=O)([O-])OP(=O)([O-])OC[C@@H]3[C@H]([C@H]([C@@H](O3)N4C=NC5=C(N=CN=C54)N)O)O)O)O)O)N' for input: 'C1=C(C(=O)NC(=O)N1)[C@@H]2[C@H]([C@@H]([C@H](O2)COP(=O)([O-])OP(=O)([O-])OC[C@@H]3[C@H]([C@H]([C@@H](O3)N4C=NC5=C(N=CN=C54)N)O)O)O)O)O)N'

Progress: 1623/2000
Progress: 1624/2000[22:47:29] SMILES Parse Error: extra close parentheses while parsing: C1=C(C(=O)NC(=O)N1)[C@@H]2[C@H]([C@@H]([C@H](O2)COP(=O)(O)OP(=O)(O)OC[C@@H]3[C@H]([C@H]([C@@H](O3)N4C=NC5=C(N=CN=C54)N)O)O)O)O)O
[22:47:29] SMILES Parse Error: Failed parsing SMILES 'C1=C(C(=O)NC(=O)N1)[C@@H]2[C@H]([C@@H]([C@H](O2)COP(=O)(O)OP(=O)(O)OC[C@@H]3[C@H]([C@H]([C@@H](O3)N4C=NC5=C(N=CN=C54)N)O)O)O)O)O' for input: 'C1=C(C(=O)NC(=O)N1)[C@@H]2[C@H]([C@@H]([C@H](O2)COP(=O)(O)OP(=O)(O)OC[C@@H]3[C@H]([C@H]([C@@H](O3)N4C=NC5=C(N=CN=C54)N)O)O)O)O)O'

Progress: 1625/2000
Progress: 1626/2000
Progress: 1627/2000
Progress: 1628/2000
Progress: 1629/2000[22:47:38] SMILES Parse Error: extra close parentheses while parsing: C1=C(C(=O)NC(=O)N1)[C@H]2[C@@H]([C@@H]([C@H](O2)COP(=O)([O-])OP(=O)([O-])OC[C@@H]3[C@H]([C@H]([C@@H](O3)N4C=NC5=C4N=C(NC5=O)N)O)O)O)O)N
[22:47:38] SMILES Parse Error: Failed parsing SMILES 'C1=C(C(=O)NC(=O)N1)[C@H]2[C@@H]([C@@H]([C@H](O2)COP(=O)([O-])OP(=O)([O-])OC[C@@H]3[C@H]([C@H]([C@@H](O3)N4C=NC5=C4N=C(NC5=O)N)O)O)O)O)N' for input: 'C1=C(C(=O)NC(=O)N1)[C@H]2[C@@H]([C@@H]([C@H](O2)COP(=O)([O-])OP(=O)([O-])OC[C@@H]3[C@H]([C@H]([C@@H](O3)N4C=NC5=C4N=C(NC5=O)N)O)O)O)O)N'

Progress: 1630/2000
Progress: 1631/2000[22:47:40] SMILES Parse Error: extra close parentheses while parsing: C1=C(C(=O)NC(=O)N1)[C@@H]2[C@H]([C@@H]([C@H](O2)COP(=O)([O-])OP(=O)([O-])OC[C@@H]3[C@H]([C@H]([C@@H](O3)N4C=NC5=C(N=CN=C54)N)O)O)O)O)O)N
[22:47:40] SMILES Parse Error: Failed parsing SMILES 'C1=C(C(=O)NC(=O)N1)[C@@H]2[C@H]([C@@H]([C@H](O2)COP(=O)([O-])OP(=O)([O-])OC[C@@H]3[C@H]([C@H]([C@@H](O3)N4C=NC5=C(N=CN=C54)N)O)O)O)O)O)N' for input: 'C1=C(C(=O)NC(=O)N1)[C@@H]2[C@H]([C@@H]([C@H](O2)COP(=O)([O-])OP(=O)([O-])OC[C@@H]3[C@H]([C@H]([C@@H](O3)N4C=NC5=C(N=CN=C54)N)O)O)O)O)O)N'

Progress: 1632/2000[22:47:42] SMILES Parse Error: extra close parentheses while parsing: C1C=CN(C=C1C(=O)N)[C@H]2[C@@H]([C@@H]([C@H](O2)COP(=O)(O)OP(=O)(O)OC[C@@H]3[C@H]([C@H]([C@@H](O3)N4C=NC5=C(N=CN=C54)N)O)O)O)O)N
[22:47:42] SMILES Parse Error: Failed parsing SMILES 'C1C=CN(C=C1C(=O)N)[C@H]2[C@@H]([C@@H]([C@H](O2)COP(=O)(O)OP(=O)(O)OC[C@@H]3[C@H]([C@H]([C@@H](O3)N4C=NC5=C(N=CN=C54)N)O)O)O)O)N' for input: 'C1C=CN(C=C1C(=O)N)[C@H]2[C@@H]([C@@H]([C@H](O2)COP(=O)(O)OP(=O)(O)OC[C@@H]3[C@H]([C@H]([C@@H](O3)N4C=NC5=C(N=CN=C54)N)O)O)O)O)N'

Progress: 1633/2000
Progress: 1634/2000
Progress: 1635/2000
Progress: 1636/2000
Progress: 1637/2000[22:47:52] SMILES Parse Error: extra close parentheses while parsing: C1=C(C(=O)NC(=O)N1)[C@H]2[C@@H]([C@@H]([C@H](O2)COP(=O)([O-])OP(=O)([O-])OC[C@@H]3[C@H]([C@H]([C@@H](O3)N4C=NC5=C(N=CN=C54)N)O)O)O)O)N
[22:47:52] SMILES Parse Error: Failed parsing SMILES 'C1=C(C(=O)NC(=O)N1)[C@H]2[C@@H]([C@@H]([C@H](O2)COP(=O)([O-])OP(=O)([O-])OC[C@@H]3[C@H]([C@H]([C@@H](O3)N4C=NC5=C(N=CN=C54)N)O)O)O)O)N' for input: 'C1=C(C(=O)NC(=O)N1)[C@H]2[C@@H]([C@@H]([C@H](O2)COP(=O)([O-])OP(=O)([O-])OC[C@@H]3[C@H]([C@H]([C@@H](O3)N4C=NC5=C(N=CN=C54)N)O)O)O)O)N'

Progress: 1638/2000[22:47:54] SMILES Parse Error: extra close parentheses while parsing: C1=C(C(=O)NC(=O)N1)[C@@H]2[C@H]([C@@H]([C@H](O2)COP(=O)([O-])OP(=O)([O-])OC[C@@H]3[C@H]([C@H]([C@@H](O3)N4C=NC5=C(N=CN=C54)N)O)O)O)O)O)N
[22:47:54] SMILES Parse Error: Failed parsing SMILES 'C1=C(C(=O)NC(=O)N1)[C@@H]2[C@H]([C@@H]([C@H](O2)COP(=O)([O-])OP(=O)([O-])OC[C@@H]3[C@H]([C@H]([C@@H](O3)N4C=NC5=C(N=CN=C54)N)O)O)O)O)O)N' for input: 'C1=C(C(=O)NC(=O)N1)[C@@H]2[C@H]([C@@H]([C@H](O2)COP(=O)([O-])OP(=O)([O-])OC[C@@H]3[C@H]([C@H]([C@@H](O3)N4C=NC5=C(N=CN=C54)N)O)O)O)O)O)N'

Progress: 1639/2000[22:47:56] SMILES Parse Error: extra close parentheses while parsing: C1[C@@H]([C@H](O[C@H]1N2C=NC3=C2N=C(NC3=O)N)COP(=O)([O-])OP(=O)([O-])OC[C@@H]4[C@H]([C@H]([C@@H](O4)N5C=NC6=C(N=CN=C65)N)O)O)O)O)O
[22:47:56] SMILES Parse Error: Failed parsing SMILES 'C1[C@@H]([C@H](O[C@H]1N2C=NC3=C2N=C(NC3=O)N)COP(=O)([O-])OP(=O)([O-])OC[C@@H]4[C@H]([C@H]([C@@H](O4)N5C=NC6=C(N=CN=C65)N)O)O)O)O)O' for input: 'C1[C@@H]([C@H](O[C@H]1N2C=NC3=C2N=C(NC3=O)N)COP(=O)([O-])OP(=O)([O-])OC[C@@H]4[C@H]([C@H]([C@@H](O4)N5C=NC6=C(N=CN=C65)N)O)O)O)O)O'

Progress: 1640/2000
Progress: 1641/2000
Progress: 1642/2000[22:48:00] SMILES Parse Error: extra close parentheses while parsing: C1=C(C(=O)NC(=O)N1)[C@@H]2[C@H]([C@@H]([C@H](O2)COP(=O)([O-])OP(=O)([O-])OC[C@@H]3[C@H]([C@H]([C@@H](O3)N4C=NC5=C(N=CN=C54)N)O)O)O)O)O
[22:48:00] SMILES Parse Error: Failed parsing SMILES 'C1=C(C(=O)NC(=O)N1)[C@@H]2[C@H]([C@@H]([C@H](O2)COP(=O)([O-])OP(=O)([O-])OC[C@@H]3[C@H]([C@H]([C@@H](O3)N4C=NC5=C(N=CN=C54)N)O)O)O)O)O' for input: 'C1=C(C(=O)NC(=O)N1)[C@@H]2[C@H]([C@@H]([C@H](O2)COP(=O)([O-])OP(=O)([O-])OC[C@@H]3[C@H]([C@H]([C@@H](O3)N4C=NC5=C(N=CN=C54)N)O)O)O)O)O'

Progress: 1643/2000
Progress: 1644/2000[22:48:04] SMILES Parse Error: extra close parentheses while parsing: C1=C(C(=O)NC(=O)N1)[C@H]2[C@@H]([C@@H]([C@H](O2)COP(=O)([O-])OP(=O)([O-])OC[C@@H]3[C@H]([C@H]([C@@H](O3)N4C=NC5=C(N=CN=C54)N)O)O)O)O)O
[22:48:04] SMILES Parse Error: Failed parsing SMILES 'C1=C(C(=O)NC(=O)N1)[C@H]2[C@@H]([C@@H]([C@H](O2)COP(=O)([O-])OP(=O)([O-])OC[C@@H]3[C@H]([C@H]([C@@H](O3)N4C=NC5=C(N=CN=C54)N)O)O)O)O)O' for input: 'C1=C(C(=O)NC(=O)N1)[C@H]2[C@@H]([C@@H]([C@H](O2)COP(=O)([O-])OP(=O)([O-])OC[C@@H]3[C@H]([C@H]([C@@H](O3)N4C=NC5=C(N=CN=C54)N)O)O)O)O)O'

Progress: 1645/2000[22:48:06] SMILES Parse Error: extra close parentheses while parsing: C1=C(C(=O)NC(=O)N1)[C@@H]2[C@H]([C@@H]([C@H](O2)COP(=O)([O-])OP(=O)([O-])OC[C@@H]3[C@H]([C@H]([C@@H](O3)N4C=NC5=C(N=CN=C54)N)O)O)O)O)O.O.O.O
[22:48:06] SMILES Parse Error: Failed parsing SMILES 'C1=C(C(=O)NC(=O)N1)[C@@H]2[C@H]([C@@H]([C@H](O2)COP(=O)([O-])OP(=O)([O-])OC[C@@H]3[C@H]([C@H]([C@@H](O3)N4C=NC5=C(N=CN=C54)N)O)O)O)O)O.O.O.O' for input: 'C1=C(C(=O)NC(=O)N1)[C@@H]2[C@H]([C@@H]([C@H](O2)COP(=O)([O-])OP(=O)([O-])OC[C@@H]3[C@H]([C@H]([C@@H](O3)N4C=NC5=C(N=CN=C54)N)O)O)O)O)O.O.O.O'

Progress: 1646/2000
Progress: 1647/2000[22:48:09] SMILES Parse Error: extra close parentheses while parsing: C1=C(C(=O)NC(=O)N1[C@H]2[C@@H]([C@@H]([C@H](O2)COP(=O)([O-])OP(=O)([O-])OC[C@@H]3[C@H]([C@H]([C@@H](O3)N4C=NC5=C(N=CN=C54)N)O)O)O)O)O)N
[22:48:09] SMILES Parse Error: Failed parsing SMILES 'C1=C(C(=O)NC(=O)N1[C@H]2[C@@H]([C@@H]([C@H](O2)COP(=O)([O-])OP(=O)([O-])OC[C@@H]3[C@H]([C@H]([C@@H](O3)N4C=NC5=C(N=CN=C54)N)O)O)O)O)O)N' for input: 'C1=C(C(=O)NC(=O)N1[C@H]2[C@@H]([C@@H]([C@H](O2)COP(=O)([O-])OP(=O)([O-])OC[C@@H]3[C@H]([C@H]([C@@H](O3)N4C=NC5=C(N=CN=C54)N)O)O)O)O)O)N'

Progress: 1648/2000
Progress: 1649/2000[22:48:12] SMILES Parse Error: extra close parentheses while parsing: C1[C@@H]([C@H](O[C@H]1N2C=NC3=C2N=C(NC3=O)N)COP(=O)(O)OP(=O)(O)OC[C@@H]4[C@H]([C@H]([C@@H](O4)N5C=NC6=C5N=C(NC6=O)N)O)O)O)O
[22:48:12] SMILES Parse Error: Failed parsing SMILES 'C1[C@@H]([C@H](O[C@H]1N2C=NC3=C2N=C(NC3=O)N)COP(=O)(O)OP(=O)(O)OC[C@@H]4[C@H]([C@H]([C@@H](O4)N5C=NC6=C5N=C(NC6=O)N)O)O)O)O' for input: 'C1[C@@H]([C@H](O[C@H]1N2C=NC3=C2N=C(NC3=O)N)COP(=O)(O)OP(=O)(O)OC[C@@H]4[C@H]([C@H]([C@@H](O4)N5C=NC6=C5N=C(NC6=O)N)O)O)O)O'

Progress: 1650/2000[22:48:13] SMILES Parse Error: extra open parentheses for input: 'CC1=C(C(=O)C2=NC3=C(N=C(NC3=O)[O-])N(C2=C1)C[C@@H]([C@@H]([C@@H](COP(=O)([O-])[O-])O)O)O'

Progress: 1651/2000[22:48:15] SMILES Parse Error: extra open parentheses for input: 'CC1=C(C2=CC3=NC(=CC4=C(C(=C(N4)C=C5C(=C(C(=N5)C=C1N2)C)C=C)C)CCC(=O)O)CCC(=O)O'

Progress: 1652/2000[22:48:17] SMILES Parse Error: extra close parentheses while parsing: C1C=CN(C=C1C(=O)N)[C@H]2[C@@H]([C@@H]([C@H](O2)COP(=O)([O-])OP(=O)([O-])OC[C@@H]3[C@H]([C@H]([C@@H](O3)N4C=NC5=C(N=CN=C54)N)O)O)O)O)O
[22:48:17] SMILES Parse Error: Failed parsing SMILES 'C1C=CN(C=C1C(=O)N)[C@H]2[C@@H]([C@@H]([C@H](O2)COP(=O)([O-])OP(=O)([O-])OC[C@@H]3[C@H]([C@H]([C@@H](O3)N4C=NC5=C(N=CN=C54)N)O)O)O)O)O' for input: 'C1C=CN(C=C1C(=O)N)[C@H]2[C@@H]([C@@H]([C@H](O2)COP(=O)([O-])OP(=O)([O-])OC[C@@H]3[C@H]([C@H]([C@@H](O3)N4C=NC5=C(N=CN=C54)N)O)O)O)O)O'

Progress: 1653/2000
Progress: 1654/2000
Progress: 1655/2000[22:48:22] SMILES Parse Error: extra close parentheses while parsing: C1=C(C(=O)NC(=O)N1)[C@H]2[C@@H]([C@@H]([C@H](O2)COP(=O)([O-])OP(=O)([O-])OC[C@@H]3[C@H]([C@H]([C@@H](O3)N4C=NC5=C(N=CN=C54)N)O)O)O)O)N
[22:48:22] SMILES Parse Error: Failed parsing SMILES 'C1=C(C(=O)NC(=O)N1)[C@H]2[C@@H]([C@@H]([C@H](O2)COP(=O)([O-])OP(=O)([O-])OC[C@@H]3[C@H]([C@H]([C@@H](O3)N4C=NC5=C(N=CN=C54)N)O)O)O)O)N' for input: 'C1=C(C(=O)NC(=O)N1)[C@H]2[C@@H]([C@@H]([C@H](O2)COP(=O)([O-])OP(=O)([O-])OC[C@@H]3[C@H]([C@H]([C@@H](O3)N4C=NC5=C(N=CN=C54)N)O)O)O)O)N'

Progress: 1656/2000
Progress: 1657/2000
Progress: 1658/2000[22:48:28] SMILES Parse Error: extra close parentheses while parsing: C1=C(C(=O)NC(=O)N1)[C@H]2[C@@H]([C@@H]([C@H](O2)COP(=O)([O-])OP(=O)([O-])OC[C@@H]3[C@H]([C@H]([C@@H](O3)N4C=NC5=C(N=CN=C54)N)O)O)O)O)N
[22:48:28] SMILES Parse Error: Failed parsing SMILES 'C1=C(C(=O)NC(=O)N1)[C@H]2[C@@H]([C@@H]([C@H](O2)COP(=O)([O-])OP(=O)([O-])OC[C@@H]3[C@H]([C@H]([C@@H](O3)N4C=NC5=C(N=CN=C54)N)O)O)O)O)N' for input: 'C1=C(C(=O)NC(=O)N1)[C@H]2[C@@H]([C@@H]([C@H](O2)COP(=O)([O-])OP(=O)([O-])OC[C@@H]3[C@H]([C@H]([C@@H](O3)N4C=NC5=C(N=CN=C54)N)O)O)O)O)N'

Progress: 1659/2000[22:48:30] SMILES Parse Error: extra close parentheses while parsing: C1=C(C(=O)NC(=O)N1)[C@H]2[C@@H]([C@@H]([C@H](O2)COP(=O)([O-])OP(=O)([O-])OC[C@@H]3[C@H]([C@H]([C@@H](O3)N4C=NC5=C(N=CN=C54)N)O)O)O)O)O
[22:48:30] SMILES Parse Error: Failed parsing SMILES 'C1=C(C(=O)NC(=O)N1)[C@H]2[C@@H]([C@@H]([C@H](O2)COP(=O)([O-])OP(=O)([O-])OC[C@@H]3[C@H]([C@H]([C@@H](O3)N4C=NC5=C(N=CN=C54)N)O)O)O)O)O' for input: 'C1=C(C(=O)NC(=O)N1)[C@H]2[C@@H]([C@@H]([C@H](O2)COP(=O)([O-])OP(=O)([O-])OC[C@@H]3[C@H]([C@H]([C@@H](O3)N4C=NC5=C(N=CN=C54)N)O)O)O)O)O'

Progress: 1660/2000
Progress: 1661/2000[22:48:33] SMILES Parse Error: extra close parentheses while parsing: C1=C(C(=O)NC(=O)N1)[C@H]2[C@@H]([C@@H]([C@H](O2)COP(=O)([O-])OP(=O)([O-])OC[C@@H]3[C@H]([C@H]([C@@H](O3)N4C=NC5=C(N=CN=C54)N)O)O)O)O)N
[22:48:33] SMILES Parse Error: Failed parsing SMILES 'C1=C(C(=O)NC(=O)N1)[C@H]2[C@@H]([C@@H]([C@H](O2)COP(=O)([O-])OP(=O)([O-])OC[C@@H]3[C@H]([C@H]([C@@H](O3)N4C=NC5=C(N=CN=C54)N)O)O)O)O)N' for input: 'C1=C(C(=O)NC(=O)N1)[C@H]2[C@@H]([C@@H]([C@H](O2)COP(=O)([O-])OP(=O)([O-])OC[C@@H]3[C@H]([C@H]([C@@H](O3)N4C=NC5=C(N=CN=C54)N)O)O)O)O)N'

Progress: 1662/2000[22:48:35] SMILES Parse Error: extra close parentheses while parsing: C1=C(C(=O)NC(=O)N1)[C@H]2[C@@H]([C@@H]([C@H](O2)COP(=O)([O-])OP(=O)([O-])OC[C@@H]3[C@H]([C@H]([C@@H](O3)N4C=NC5=C(N=CN=C54)N)O)O)O)O)O
[22:48:35] SMILES Parse Error: Failed parsing SMILES 'C1=C(C(=O)NC(=O)N1)[C@H]2[C@@H]([C@@H]([C@H](O2)COP(=O)([O-])OP(=O)([O-])OC[C@@H]3[C@H]([C@H]([C@@H](O3)N4C=NC5=C(N=CN=C54)N)O)O)O)O)O' for input: 'C1=C(C(=O)NC(=O)N1)[C@H]2[C@@H]([C@@H]([C@H](O2)COP(=O)([O-])OP(=O)([O-])OC[C@@H]3[C@H]([C@H]([C@@H](O3)N4C=NC5=C(N=CN=C54)N)O)O)O)O)O'

Progress: 1663/2000
Progress: 1664/2000
Progress: 1665/2000
Progress: 1666/2000[22:48:43] SMILES Parse Error: extra close parentheses while parsing: C1=C(C(=O)NC(=O)N1[C@H]2[C@@H]([C@@H]([C@H](O2)COP(=O)([O-])OP(=O)([O-])OC[C@@H]3[C@H]([C@H]([C@@H](O3)N4C=NC5=C(N=CN=C54)N)O)O)O)O)O)N
[22:48:43] SMILES Parse Error: Failed parsing SMILES 'C1=C(C(=O)NC(=O)N1[C@H]2[C@@H]([C@@H]([C@H](O2)COP(=O)([O-])OP(=O)([O-])OC[C@@H]3[C@H]([C@H]([C@@H](O3)N4C=NC5=C(N=CN=C54)N)O)O)O)O)O)N' for input: 'C1=C(C(=O)NC(=O)N1[C@H]2[C@@H]([C@@H]([C@H](O2)COP(=O)([O-])OP(=O)([O-])OC[C@@H]3[C@H]([C@H]([C@@H](O3)N4C=NC5=C(N=CN=C54)N)O)O)O)O)O)N'

Progress: 1667/2000[22:48:44] SMILES Parse Error: extra close parentheses while parsing: CCC1=C(C2=NC1=CC3=C(C4=C(N3)C(=C5[C@H]([C@@H](C(=CC6=NC(=C2)C(=C6C)C=C)N5)C)CCC(=O)O)C4=N3)O)C)C
[22:48:44] SMILES Parse Error: Failed parsing SMILES 'CCC1=C(C2=NC1=CC3=C(C4=C(N3)C(=C5[C@H]([C@@H](C(=CC6=NC(=C2)C(=C6C)C=C)N5)C)CCC(=O)O)C4=N3)O)C)C' for input: 'CCC1=C(C2=NC1=CC3=C(C4=C(N3)C(=C5[C@H]([C@@H](C(=CC6=NC(=C2)C(=C6C)C=C)N5)C)CCC(=O)O)C4=N3)O)C)C'

Progress: 1668/2000[22:48:46] SMILES Parse Error: extra close parentheses while parsing: C1=C(C(=O)NC(=O)N1)[C@@H]2[C@H]([C@@H]([C@H](O2)COP(=O)(O)OP(=O)(O)OC[C@@H]3[C@H]([C@H]([C@@H](O3)N4C=NC5=C(N=CN=C54)N)O)O)O)O)O
[22:48:46] SMILES Parse Error: Failed parsing SMILES 'C1=C(C(=O)NC(=O)N1)[C@@H]2[C@H]([C@@H]([C@H](O2)COP(=O)(O)OP(=O)(O)OC[C@@H]3[C@H]([C@H]([C@@H](O3)N4C=NC5=C(N=CN=C54)N)O)O)O)O)O' for input: 'C1=C(C(=O)NC(=O)N1)[C@@H]2[C@H]([C@@H]([C@H](O2)COP(=O)(O)OP(=O)(O)OC[C@@H]3[C@H]([C@H]([C@@H](O3)N4C=NC5=C(N=CN=C54)N)O)O)O)O)O'

Progress: 1669/2000[22:48:48] SMILES Parse Error: extra close parentheses while parsing: C1=C(C(=O)NC(=O)N1)[C@@H]2[C@@H]([C@@H]([C@H](O2)COP(=O)(O)OP(=O)(O)OC[C@@H]3[C@H]([C@H]([C@@H](O3)N4C=NC5=C(N=CN=C54)N)O)O)O)O)N
[22:48:48] SMILES Parse Error: Failed parsing SMILES 'C1=C(C(=O)NC(=O)N1)[C@@H]2[C@@H]([C@@H]([C@H](O2)COP(=O)(O)OP(=O)(O)OC[C@@H]3[C@H]([C@H]([C@@H](O3)N4C=NC5=C(N=CN=C54)N)O)O)O)O)N' for input: 'C1=C(C(=O)NC(=O)N1)[C@@H]2[C@@H]([C@@H]([C@H](O2)COP(=O)(O)OP(=O)(O)OC[C@@H]3[C@H]([C@H]([C@@H](O3)N4C=NC5=C(N=CN=C54)N)O)O)O)O)N'

Progress: 1670/2000
Progress: 1671/2000[22:48:51] SMILES Parse Error: extra close parentheses while parsing: C1=C(C(=O)NC(=O)N1)[C@H]2[C@@H]([C@@H]([C@H](O2)COP(=O)([O-])OP(=O)([O-])OC[C@@H]3[C@H]([C@H]([C@@H](O3)N4C=NC5=C(N=CN=C54)N)O)O)O)O)O
[22:48:51] SMILES Parse Error: Failed parsing SMILES 'C1=C(C(=O)NC(=O)N1)[C@H]2[C@@H]([C@@H]([C@H](O2)COP(=O)([O-])OP(=O)([O-])OC[C@@H]3[C@H]([C@H]([C@@H](O3)N4C=NC5=C(N=CN=C54)N)O)O)O)O)O' for input: 'C1=C(C(=O)NC(=O)N1)[C@H]2[C@@H]([C@@H]([C@H](O2)COP(=O)([O-])OP(=O)([O-])OC[C@@H]3[C@H]([C@H]([C@@H](O3)N4C=NC5=C(N=CN=C54)N)O)O)O)O)O'

Progress: 1672/2000
Progress: 1673/2000
Progress: 1674/2000[22:48:55] SMILES Parse Error: extra close parentheses while parsing: C1C=CN(C(=O)N1)[C@H]2[C@@H]([C@@H]([C@H](O2)COP(=O)([O-])OP(=O)([O-])OC[C@@H]3[C@H]([C@H]([C@@H](O3)N4C=NC5=C(N=CN=C54)N)O)O)O)O)O
[22:48:55] SMILES Parse Error: Failed parsing SMILES 'C1C=CN(C(=O)N1)[C@H]2[C@@H]([C@@H]([C@H](O2)COP(=O)([O-])OP(=O)([O-])OC[C@@H]3[C@H]([C@H]([C@@H](O3)N4C=NC5=C(N=CN=C54)N)O)O)O)O)O' for input: 'C1C=CN(C(=O)N1)[C@H]2[C@@H]([C@@H]([C@H](O2)COP(=O)([O-])OP(=O)([O-])OC[C@@H]3[C@H]([C@H]([C@@H](O3)N4C=NC5=C(N=CN=C54)N)O)O)O)O)O'

Progress: 1675/2000[22:48:57] SMILES Parse Error: extra close parentheses while parsing: C1[C@@H]([C@H](O[C@H]1N2C=NC3=C2N=C(NC3=O)N)COP(=O)(O)OP(=O)(O)OC[C@@H]4[C@H]([C@H]([C@@H](O4)N5C=NC6=C5N=C(NC6=O)N)O)O)O)O
[22:48:57] SMILES Parse Error: Failed parsing SMILES 'C1[C@@H]([C@H](O[C@H]1N2C=NC3=C2N=C(NC3=O)N)COP(=O)(O)OP(=O)(O)OC[C@@H]4[C@H]([C@H]([C@@H](O4)N5C=NC6=C5N=C(NC6=O)N)O)O)O)O' for input: 'C1[C@@H]([C@H](O[C@H]1N2C=NC3=C2N=C(NC3=O)N)COP(=O)(O)OP(=O)(O)OC[C@@H]4[C@H]([C@H]([C@@H](O4)N5C=NC6=C5N=C(NC6=O)N)O)O)O)O'

Progress: 1676/2000[22:48:59] SMILES Parse Error: extra close parentheses while parsing: C1=C(C(=O)NC(=O)N1[C@H]2[C@@H]([C@@H]([C@H](O2)COP(=O)([O-])OP(=O)([O-])OC[C@@H]3[C@H]([C@H]([C@@H](O3)N4C=NC5=C(N=CN=C54)N)O)O)O)O)O)N
[22:48:59] SMILES Parse Error: Failed parsing SMILES 'C1=C(C(=O)NC(=O)N1[C@H]2[C@@H]([C@@H]([C@H](O2)COP(=O)([O-])OP(=O)([O-])OC[C@@H]3[C@H]([C@H]([C@@H](O3)N4C=NC5=C(N=CN=C54)N)O)O)O)O)O)N' for input: 'C1=C(C(=O)NC(=O)N1[C@H]2[C@@H]([C@@H]([C@H](O2)COP(=O)([O-])OP(=O)([O-])OC[C@@H]3[C@H]([C@H]([C@@H](O3)N4C=NC5=C(N=CN=C54)N)O)O)O)O)O)N'

Progress: 1677/2000[22:49:01] SMILES Parse Error: extra close parentheses while parsing: C1=C(C(=O)NC(=O)N1)[C@@H]2[C@@H]([C@@H]([C@H](O2)COP(=O)(O)OP(=O)(O)OC[C@@H]3[C@H]([C@H]([C@@H](O3)N4C=NC5=C(N=CN=C54)N)O)O)O)O)N
[22:49:01] SMILES Parse Error: Failed parsing SMILES 'C1=C(C(=O)NC(=O)N1)[C@@H]2[C@@H]([C@@H]([C@H](O2)COP(=O)(O)OP(=O)(O)OC[C@@H]3[C@H]([C@H]([C@@H](O3)N4C=NC5=C(N=CN=C54)N)O)O)O)O)N' for input: 'C1=C(C(=O)NC(=O)N1)[C@@H]2[C@@H]([C@@H]([C@H](O2)COP(=O)(O)OP(=O)(O)OC[C@@H]3[C@H]([C@H]([C@@H](O3)N4C=NC5=C(N=CN=C54)N)O)O)O)O)N'

Progress: 1678/2000
Progress: 1679/2000[22:49:04] SMILES Parse Error: extra close parentheses while parsing: C1C=CN(C=C1C(=O)N)[C@H]2[C@@H]([C@@H]([C@H](O2)COP(=O)([O-])OP(=O)([O-])OC[C@@H]3[C@H]([C@H]([C@@H](O3)N4C=NC5=C(N=CN=C54)N)O)O)O)O)O
[22:49:04] SMILES Parse Error: Failed parsing SMILES 'C1C=CN(C=C1C(=O)N)[C@H]2[C@@H]([C@@H]([C@H](O2)COP(=O)([O-])OP(=O)([O-])OC[C@@H]3[C@H]([C@H]([C@@H](O3)N4C=NC5=C(N=CN=C54)N)O)O)O)O)O' for input: 'C1C=CN(C=C1C(=O)N)[C@H]2[C@@H]([C@@H]([C@H](O2)COP(=O)([O-])OP(=O)([O-])OC[C@@H]3[C@H]([C@H]([C@@H](O3)N4C=NC5=C(N=CN=C54)N)O)O)O)O)O'

Progress: 1680/2000
Progress: 1681/2000
Progress: 1682/2000
Progress: 1683/2000
Progress: 1684/2000
Progress: 1685/2000
Progress: 1686/2000[22:49:13] SMILES Parse Error: extra close parentheses while parsing: C1[C@@H]([C@H](O[C@H]1N2C=NC3=C2N=C(NC3=O)N)COP(=O)(O)OP(=O)(O)OC[C@@H]4[C@H]([C@H]([C@@H](O4)N5C=NC6=C(N=CN=C65)N)O)OP(=O)(O)O)O)O
[22:49:13] SMILES Parse Error: Failed parsing SMILES 'C1[C@@H]([C@H](O[C@H]1N2C=NC3=C2N=C(NC3=O)N)COP(=O)(O)OP(=O)(O)OC[C@@H]4[C@H]([C@H]([C@@H](O4)N5C=NC6=C(N=CN=C65)N)O)OP(=O)(O)O)O)O' for input: 'C1[C@@H]([C@H](O[C@H]1N2C=NC3=C2N=C(NC3=O)N)COP(=O)(O)OP(=O)(O)OC[C@@H]4[C@H]([C@H]([C@@H](O4)N5C=NC6=C(N=CN=C65)N)O)OP(=O)(O)O)O)O'

Progress: 1687/2000
Progress: 1688/2000[22:49:17] SMILES Parse Error: extra close parentheses while parsing: C1=C(C(=O)NC(=O)N1)[C@@H]2[C@H]([C@@H]([C@H](O2)COP(=O)([O-])OP(=O)([O-])OC[C@@H]3[C@H]([C@H]([C@@H](O3)N4C=NC5=C(N=CN=C54)N)O)O)O)O)O
[22:49:17] SMILES Parse Error: Failed parsing SMILES 'C1=C(C(=O)NC(=O)N1)[C@@H]2[C@H]([C@@H]([C@H](O2)COP(=O)([O-])OP(=O)([O-])OC[C@@H]3[C@H]([C@H]([C@@H](O3)N4C=NC5=C(N=CN=C54)N)O)O)O)O)O' for input: 'C1=C(C(=O)NC(=O)N1)[C@@H]2[C@H]([C@@H]([C@H](O2)COP(=O)([O-])OP(=O)([O-])OC[C@@H]3[C@H]([C@H]([C@@H](O3)N4C=NC5=C(N=CN=C54)N)O)O)O)O)O'

Progress: 1689/2000[22:49:19] SMILES Parse Error: extra close parentheses while parsing: C1[C@@H]([C@H](O[C@H]1N2C=NC3=C2N=C(NC3=O)N)COP(=O)(O)OP(=O)(O)OC[C@@H]4[C@H]([C@H]([C@@H](O4)N5C=NC6=C5N=C(NC6=O)N)O)O)O)O
[22:49:19] SMILES Parse Error: Failed parsing SMILES 'C1[C@@H]([C@H](O[C@H]1N2C=NC3=C2N=C(NC3=O)N)COP(=O)(O)OP(=O)(O)OC[C@@H]4[C@H]([C@H]([C@@H](O4)N5C=NC6=C5N=C(NC6=O)N)O)O)O)O' for input: 'C1[C@@H]([C@H](O[C@H]1N2C=NC3=C2N=C(NC3=O)N)COP(=O)(O)OP(=O)(O)OC[C@@H]4[C@H]([C@H]([C@@H](O4)N5C=NC6=C5N=C(NC6=O)N)O)O)O)O'

Progress: 1690/2000
Progress: 1691/2000[22:49:22] SMILES Parse Error: extra close parentheses while parsing: C1=C(C(=O)NC(=O)N1)[C@H]2[C@@H]([C@@H]([C@H](O2)COP(=O)([O-])OP(=O)([O-])OC[C@@H]3[C@H]([C@H]([C@@H](O3)N4C=NC5=C(N=CN=C54)N)O)O)O)O)N
[22:49:22] SMILES Parse Error: Failed parsing SMILES 'C1=C(C(=O)NC(=O)N1)[C@H]2[C@@H]([C@@H]([C@H](O2)COP(=O)([O-])OP(=O)([O-])OC[C@@H]3[C@H]([C@H]([C@@H](O3)N4C=NC5=C(N=CN=C54)N)O)O)O)O)N' for input: 'C1=C(C(=O)NC(=O)N1)[C@H]2[C@@H]([C@@H]([C@H](O2)COP(=O)([O-])OP(=O)([O-])OC[C@@H]3[C@H]([C@H]([C@@H](O3)N4C=NC5=C(N=CN=C54)N)O)O)O)O)N'

Progress: 1692/2000
Progress: 1693/2000
Progress: 1694/2000
Progress: 1695/2000
Progress: 1696/2000[22:49:31] SMILES Parse Error: extra close parentheses while parsing: C1=C(C(=O)NC(=O)N1)[C@H]2[C@@H]([C@@H]([C@H](O2)COP(=O)([O-])OP(=O)([O-])OC[C@@H]3[C@H]([C@H]([C@@H](O3)N4C=NC5=C(N=CN=C54)N)O)O)O)O)O
[22:49:31] SMILES Parse Error: Failed parsing SMILES 'C1=C(C(=O)NC(=O)N1)[C@H]2[C@@H]([C@@H]([C@H](O2)COP(=O)([O-])OP(=O)([O-])OC[C@@H]3[C@H]([C@H]([C@@H](O3)N4C=NC5=C(N=CN=C54)N)O)O)O)O)O' for input: 'C1=C(C(=O)NC(=O)N1)[C@H]2[C@@H]([C@@H]([C@H](O2)COP(=O)([O-])OP(=O)([O-])OC[C@@H]3[C@H]([C@H]([C@@H](O3)N4C=NC5=C(N=CN=C54)N)O)O)O)O)O'

Progress: 1697/2000[22:49:32] SMILES Parse Error: extra close parentheses while parsing: C1=C(C(=O)NC(=O)N1)[C@H]2[C@@H]([C@@H]([C@H](O2)COP(=O)([O-])OP(=O)([O-])OC[C@@H]3[C@H]([C@H]([C@@H](O3)N4C=NC5=C(N=CN=C54)N)O)O)O)O)O
[22:49:32] SMILES Parse Error: Failed parsing SMILES 'C1=C(C(=O)NC(=O)N1)[C@H]2[C@@H]([C@@H]([C@H](O2)COP(=O)([O-])OP(=O)([O-])OC[C@@H]3[C@H]([C@H]([C@@H](O3)N4C=NC5=C(N=CN=C54)N)O)O)O)O)O' for input: 'C1=C(C(=O)NC(=O)N1)[C@H]2[C@@H]([C@@H]([C@H](O2)COP(=O)([O-])OP(=O)([O-])OC[C@@H]3[C@H]([C@H]([C@@H](O3)N4C=NC5=C(N=CN=C54)N)O)O)O)O)O'

Progress: 1698/2000
Progress: 1699/2000
Progress: 1700/2000
Progress: 1701/2000
Progress: 1702/2000
Progress: 1703/2000[22:49:42] SMILES Parse Error: extra close parentheses while parsing: C1=C(C(=O)NC(=O)N1)[C@@H]2[C@H]([C@@H]([C@H](O2)COP(=O)([O-])OP(=O)([O-])OC[C@@H]3[C@H]([C@H]([C@@H](O3)N4C=NC5=C4N=C(NC5=O)N)O)O)O)O)N
[22:49:42] SMILES Parse Error: Failed parsing SMILES 'C1=C(C(=O)NC(=O)N1)[C@@H]2[C@H]([C@@H]([C@H](O2)COP(=O)([O-])OP(=O)([O-])OC[C@@H]3[C@H]([C@H]([C@@H](O3)N4C=NC5=C4N=C(NC5=O)N)O)O)O)O)N' for input: 'C1=C(C(=O)NC(=O)N1)[C@@H]2[C@H]([C@@H]([C@H](O2)COP(=O)([O-])OP(=O)([O-])OC[C@@H]3[C@H]([C@H]([C@@H](O3)N4C=NC5=C4N=C(NC5=O)N)O)O)O)O)N'

Progress: 1704/2000[22:49:43] SMILES Parse Error: extra close parentheses while parsing: C1=C(C(=O)NC(=O)N1)[C@@H]2[C@H]([C@@H]([C@H](O2)COP(=O)([O-])OP(=O)([O-])OC[C@@H]3[C@H]([C@H]([C@@H](O3)N4C=NC5=C(N=CN=C54)N)O)O)O)O)O
[22:49:43] SMILES Parse Error: Failed parsing SMILES 'C1=C(C(=O)NC(=O)N1)[C@@H]2[C@H]([C@@H]([C@H](O2)COP(=O)([O-])OP(=O)([O-])OC[C@@H]3[C@H]([C@H]([C@@H](O3)N4C=NC5=C(N=CN=C54)N)O)O)O)O)O' for input: 'C1=C(C(=O)NC(=O)N1)[C@@H]2[C@H]([C@@H]([C@H](O2)COP(=O)([O-])OP(=O)([O-])OC[C@@H]3[C@H]([C@H]([C@@H](O3)N4C=NC5=C(N=CN=C54)N)O)O)O)O)O'

Progress: 1705/2000
Progress: 1706/2000[22:49:47] SMILES Parse Error: extra close parentheses while parsing: C1=C(C(=O)NC(=O)N1)[C@@H]2[C@H]([C@@H]([C@H](O2)COP(=O)([O-])OP(=O)([O-])OC[C@@H]3[C@H]([C@H]([C@@H](O3)N4C=NC5=C(N=CN=C54)N)O)O)O)O)O.C1=NC2=C(C(=O)NC2=O)C(=O)O
[22:49:47] SMILES Parse Error: Failed parsing SMILES 'C1=C(C(=O)NC(=O)N1)[C@@H]2[C@H]([C@@H]([C@H](O2)COP(=O)([O-])OP(=O)([O-])OC[C@@H]3[C@H]([C@H]([C@@H](O3)N4C=NC5=C(N=CN=C54)N)O)O)O)O)O.C1=NC2=C(C(=O)NC2=O)C(=O)O' for input: 'C1=C(C(=O)NC(=O)N1)[C@@H]2[C@H]([C@@H]([C@H](O2)COP(=O)([O-])OP(=O)([O-])OC[C@@H]3[C@H]([C@H]([C@@H](O3)N4C=NC5=C(N=CN=C54)N)O)O)O)O)O.C1=NC2=C(C(=O)NC2=O)C(=O)O'

Progress: 1707/2000[22:49:48] SMILES Parse Error: extra open parentheses for input: 'CC1=C(C(=O)C2=NC3=C(N=C(NC3=O)[O-])N(C2=C1)C[C@@H]([C@@H]([C@@H](COP(=O)([O-])[O-])O)O)O'

Progress: 1708/2000[22:49:50] SMILES Parse Error: extra close parentheses while parsing: C1=C(C(=O)NC(=O)N1)[C@H]2[C@@H]([C@@H]([C@H](O2)COP(=O)([O-])OP(=O)([O-])OC[C@@H]3[C@H]([C@H]([C@@H](O3)N4C=NC5=C(N=CN=C54)N)O)O)O)O)N
[22:49:50] SMILES Parse Error: Failed parsing SMILES 'C1=C(C(=O)NC(=O)N1)[C@H]2[C@@H]([C@@H]([C@H](O2)COP(=O)([O-])OP(=O)([O-])OC[C@@H]3[C@H]([C@H]([C@@H](O3)N4C=NC5=C(N=CN=C54)N)O)O)O)O)N' for input: 'C1=C(C(=O)NC(=O)N1)[C@H]2[C@@H]([C@@H]([C@H](O2)COP(=O)([O-])OP(=O)([O-])OC[C@@H]3[C@H]([C@H]([C@@H](O3)N4C=NC5=C(N=CN=C54)N)O)O)O)O)N'

Progress: 1709/2000
Progress: 1710/2000
Progress: 1711/2000
Progress: 1712/2000
Progress: 1713/2000[22:49:58] SMILES Parse Error: extra close parentheses while parsing: C1=C(C(=O)NC(=O)N1)[C@@H]2[C@H]([C@@H]([C@H](O2)COP(=O)([O-])OP(=O)([O-])OC[C@@H]3[C@H]([C@H]([C@@H](O3)N4C=NC5=C(N=CN=C54)N)O)O)O)O)N
[22:49:58] SMILES Parse Error: Failed parsing SMILES 'C1=C(C(=O)NC(=O)N1)[C@@H]2[C@H]([C@@H]([C@H](O2)COP(=O)([O-])OP(=O)([O-])OC[C@@H]3[C@H]([C@H]([C@@H](O3)N4C=NC5=C(N=CN=C54)N)O)O)O)O)N' for input: 'C1=C(C(=O)NC(=O)N1)[C@@H]2[C@H]([C@@H]([C@H](O2)COP(=O)([O-])OP(=O)([O-])OC[C@@H]3[C@H]([C@H]([C@@H](O3)N4C=NC5=C(N=CN=C54)N)O)O)O)O)N'

Progress: 1714/2000[22:50:00] SMILES Parse Error: extra close parentheses while parsing: C1[C@@H]([C@H](O[C@H]1N2C=NC3=C2N=C(NC3=O)N)COP(=O)(O)OP(=O)(O)OC[C@@H]4[C@H]([C@H]([C@@H](O4)N5C=NC6=C5N=C(NC6=O)N)O)O)O)O
[22:50:00] SMILES Parse Error: Failed parsing SMILES 'C1[C@@H]([C@H](O[C@H]1N2C=NC3=C2N=C(NC3=O)N)COP(=O)(O)OP(=O)(O)OC[C@@H]4[C@H]([C@H]([C@@H](O4)N5C=NC6=C5N=C(NC6=O)N)O)O)O)O' for input: 'C1[C@@H]([C@H](O[C@H]1N2C=NC3=C2N=C(NC3=O)N)COP(=O)(O)OP(=O)(O)OC[C@@H]4[C@H]([C@H]([C@@H](O4)N5C=NC6=C5N=C(NC6=O)N)O)O)O)O'

Progress: 1715/2000
Progress: 1716/2000[22:50:03] SMILES Parse Error: extra close parentheses while parsing: C1[C@@H]([C@H](O[C@H]1N2C=NC3=C2N=C(NC3=O)N)COP(=O)(O)OP(=O)(O)OC[C@@H]4[C@H]([C@H]([C@@H](O4)N5C=NC6=C5N=C(NC6=O)N)O)O)O)O
[22:50:03] SMILES Parse Error: Failed parsing SMILES 'C1[C@@H]([C@H](O[C@H]1N2C=NC3=C2N=C(NC3=O)N)COP(=O)(O)OP(=O)(O)OC[C@@H]4[C@H]([C@H]([C@@H](O4)N5C=NC6=C5N=C(NC6=O)N)O)O)O)O' for input: 'C1[C@@H]([C@H](O[C@H]1N2C=NC3=C2N=C(NC3=O)N)COP(=O)(O)OP(=O)(O)OC[C@@H]4[C@H]([C@H]([C@@H](O4)N5C=NC6=C5N=C(NC6=O)N)O)O)O)O'

Progress: 1717/2000
Progress: 1718/2000[22:50:06] SMILES Parse Error: extra close parentheses while parsing: C1C=CN(C=C1C(=O)N)[C@H]2[C@@H]([C@@H]([C@H](O2)COP(=O)(O)OP(=O)(O)OC[C@@H]3[C@H]([C@H]([C@@H](O3)N4C=NC5=C(N=CN=C54)N)O)O)O)O)N
[22:50:06] SMILES Parse Error: Failed parsing SMILES 'C1C=CN(C=C1C(=O)N)[C@H]2[C@@H]([C@@H]([C@H](O2)COP(=O)(O)OP(=O)(O)OC[C@@H]3[C@H]([C@H]([C@@H](O3)N4C=NC5=C(N=CN=C54)N)O)O)O)O)N' for input: 'C1C=CN(C=C1C(=O)N)[C@H]2[C@@H]([C@@H]([C@H](O2)COP(=O)(O)OP(=O)(O)OC[C@@H]3[C@H]([C@H]([C@@H](O3)N4C=NC5=C(N=CN=C54)N)O)O)O)O)N'

Progress: 1719/2000
Progress: 1720/2000[22:50:09] SMILES Parse Error: extra close parentheses while parsing: C1=C(C(=O)NC(=O)N1)[C@@H]2[C@@H]([C@@H]([C@H](O2)COP(=O)(O)OP(=O)(O)OC[C@@H]3[C@H]([C@H]([C@@H](O3)N4C=NC5=C(N=CN=C54)N)O)O)O)O)N
[22:50:09] SMILES Parse Error: Failed parsing SMILES 'C1=C(C(=O)NC(=O)N1)[C@@H]2[C@@H]([C@@H]([C@H](O2)COP(=O)(O)OP(=O)(O)OC[C@@H]3[C@H]([C@H]([C@@H](O3)N4C=NC5=C(N=CN=C54)N)O)O)O)O)N' for input: 'C1=C(C(=O)NC(=O)N1)[C@@H]2[C@@H]([C@@H]([C@H](O2)COP(=O)(O)OP(=O)(O)OC[C@@H]3[C@H]([C@H]([C@@H](O3)N4C=NC5=C(N=CN=C54)N)O)O)O)O)N'

Progress: 1721/2000[22:50:11] SMILES Parse Error: extra close parentheses while parsing: C1=C(C(=O)NC(=O)N1)[C@H]2[C@@H]([C@@H]([C@H](O2)COP(=O)([O-])OP(=O)([O-])OC[C@@H]3[C@H]([C@H]([C@@H](O3)N4C=NC5=C(N=CN=C54)N)O)O)O)O)N
[22:50:11] SMILES Parse Error: Failed parsing SMILES 'C1=C(C(=O)NC(=O)N1)[C@H]2[C@@H]([C@@H]([C@H](O2)COP(=O)([O-])OP(=O)([O-])OC[C@@H]3[C@H]([C@H]([C@@H](O3)N4C=NC5=C(N=CN=C54)N)O)O)O)O)N' for input: 'C1=C(C(=O)NC(=O)N1)[C@H]2[C@@H]([C@@H]([C@H](O2)COP(=O)([O-])OP(=O)([O-])OC[C@@H]3[C@H]([C@H]([C@@H](O3)N4C=NC5=C(N=CN=C54)N)O)O)O)O)N'

Progress: 1722/2000[22:50:13] SMILES Parse Error: extra close parentheses while parsing: C1[C@@H]([C@H](O[C@H]1N2C=NC3=C2N=C(NC3=O)N)COP(=O)(O)OP(=O)(O)OC[C@@H]4[C@H]([C@H]([C@@H](O4)N5C=NC6=C5N=C(NC6=O)N)O)O)O)O
[22:50:13] SMILES Parse Error: Failed parsing SMILES 'C1[C@@H]([C@H](O[C@H]1N2C=NC3=C2N=C(NC3=O)N)COP(=O)(O)OP(=O)(O)OC[C@@H]4[C@H]([C@H]([C@@H](O4)N5C=NC6=C5N=C(NC6=O)N)O)O)O)O' for input: 'C1[C@@H]([C@H](O[C@H]1N2C=NC3=C2N=C(NC3=O)N)COP(=O)(O)OP(=O)(O)OC[C@@H]4[C@H]([C@H]([C@@H](O4)N5C=NC6=C5N=C(NC6=O)N)O)O)O)O'

Progress: 1723/2000
Progress: 1724/2000
Progress: 1725/2000
Progress: 1726/2000[22:50:18] SMILES Parse Error: extra close parentheses while parsing: C1=C(C(=O)NC(=O)N1)[C@H]2[C@@H]([C@@H]([C@H](O2)COP(=O)([O-])OP(=O)([O-])OC[C@@H]3[C@H]([C@H]([C@@H](O3)N4C=NC5=C(N=CN=C54)N)O)O)O)O)N
[22:50:18] SMILES Parse Error: Failed parsing SMILES 'C1=C(C(=O)NC(=O)N1)[C@H]2[C@@H]([C@@H]([C@H](O2)COP(=O)([O-])OP(=O)([O-])OC[C@@H]3[C@H]([C@H]([C@@H](O3)N4C=NC5=C(N=CN=C54)N)O)O)O)O)N' for input: 'C1=C(C(=O)NC(=O)N1)[C@H]2[C@@H]([C@@H]([C@H](O2)COP(=O)([O-])OP(=O)([O-])OC[C@@H]3[C@H]([C@H]([C@@H](O3)N4C=NC5=C(N=CN=C54)N)O)O)O)O)N'

Progress: 1727/2000
Progress: 1728/2000[22:50:22] SMILES Parse Error: extra close parentheses while parsing: CCC1=C(C2=NC1=CC3=C(C4=C(N3)C(=C5[C@H]([C@@H](C(=CC6=NC(=C2)C(=C6C)C=C)N5)C)CCC(=O)O)C4=N3)O)C)C
[22:50:22] SMILES Parse Error: Failed parsing SMILES 'CCC1=C(C2=NC1=CC3=C(C4=C(N3)C(=C5[C@H]([C@@H](C(=CC6=NC(=C2)C(=C6C)C=C)N5)C)CCC(=O)O)C4=N3)O)C)C' for input: 'CCC1=C(C2=NC1=CC3=C(C4=C(N3)C(=C5[C@H]([C@@H](C(=CC6=NC(=C2)C(=C6C)C=C)N5)C)CCC(=O)O)C4=N3)O)C)C'

Progress: 1729/2000
Progress: 1730/2000
Progress: 1731/2000[22:50:26] SMILES Parse Error: extra open parentheses for input: 'C1C=CN(C=C1C(=O)N)[C@@H]2[C@@H]([C@H]([C@@H]([C@H](O2)COP(=O)([O-])OP(=O)([O-])OC[C@@H]3[C@H]([C@H]([C@@H](O3)N4C=NC5=C(N=CN=C54)N)O)O)O)O'

Progress: 1732/2000
Progress: 1733/2000
Progress: 1734/2000
Progress: 1735/2000[22:50:32] SMILES Parse Error: extra close parentheses while parsing: C1C=CN(C=C1C(=O)N)[C@H]2[C@@H]([C@@H]([C@H](O2)COP(=O)([O-])OP(=O)([O-])OC[C@@H]3[C@H]([C@H]([C@@H](O3)N4C=NC5=C(N=CN=C54)N)O)O)O)O)O
[22:50:32] SMILES Parse Error: Failed parsing SMILES 'C1C=CN(C=C1C(=O)N)[C@H]2[C@@H]([C@@H]([C@H](O2)COP(=O)([O-])OP(=O)([O-])OC[C@@H]3[C@H]([C@H]([C@@H](O3)N4C=NC5=C(N=CN=C54)N)O)O)O)O)O' for input: 'C1C=CN(C=C1C(=O)N)[C@H]2[C@@H]([C@@H]([C@H](O2)COP(=O)([O-])OP(=O)([O-])OC[C@@H]3[C@H]([C@H]([C@@H](O3)N4C=NC5=C(N=CN=C54)N)O)O)O)O)O'

Progress: 1736/2000[22:50:34] SMILES Parse Error: extra open parentheses for input: 'CCC1=C(C2=NC1=CC3=C(C4=C(CC(=C5[C@H]([C@@H](C(=CC6=NC(=C2)C(=C6C)C=C)N5)C)CCC(=O)OC/C=C(C)/CCC[C@H](C)CCC[C@H](C)CCCC(C)C)C(=O)OC)C)C'

Progress: 1737/2000
Progress: 1738/2000[22:50:37] SMILES Parse Error: extra close parentheses while parsing: C1C=CN(C=C1C(=O)N)[C@H]2[C@@H]([C@@H]([C@H](O2)COP(=O)([O-])OP(=O)([O-])OC[C@@H]3[C@H]([C@H]([C@@H](O3)N4C=NC5=C(N=CN=C54)N)O)O)O)O)O
[22:50:37] SMILES Parse Error: Failed parsing SMILES 'C1C=CN(C=C1C(=O)N)[C@H]2[C@@H]([C@@H]([C@H](O2)COP(=O)([O-])OP(=O)([O-])OC[C@@H]3[C@H]([C@H]([C@@H](O3)N4C=NC5=C(N=CN=C54)N)O)O)O)O)O' for input: 'C1C=CN(C=C1C(=O)N)[C@H]2[C@@H]([C@@H]([C@H](O2)COP(=O)([O-])OP(=O)([O-])OC[C@@H]3[C@H]([C@H]([C@@H](O3)N4C=NC5=C(N=CN=C54)N)O)O)O)O)O'

Progress: 1739/2000
Progress: 1740/2000[22:50:40] SMILES Parse Error: extra close parentheses while parsing: C1=C(C(=O)NC(=O)N1)[C@H]2[C@@H]([C@@H]([C@H](O2)COP(=O)([O-])OP(=O)([O-])OC[C@@H]3[C@H]([C@H]([C@@H](O3)N4C=NC5=C(N=CN=C54)N)O)O)O)O)N
[22:50:40] SMILES Parse Error: Failed parsing SMILES 'C1=C(C(=O)NC(=O)N1)[C@H]2[C@@H]([C@@H]([C@H](O2)COP(=O)([O-])OP(=O)([O-])OC[C@@H]3[C@H]([C@H]([C@@H](O3)N4C=NC5=C(N=CN=C54)N)O)O)O)O)N' for input: 'C1=C(C(=O)NC(=O)N1)[C@H]2[C@@H]([C@@H]([C@H](O2)COP(=O)([O-])OP(=O)([O-])OC[C@@H]3[C@H]([C@H]([C@@H](O3)N4C=NC5=C(N=CN=C54)N)O)O)O)O)N'

Progress: 1741/2000
Progress: 1742/2000
Progress: 1743/2000[22:50:46] SMILES Parse Error: extra close parentheses while parsing: C1=C(C(=O)NC(=O)N1)[C@H]2[C@@H]([C@@H]([C@H](O2)COP(=O)(O)OP(=O)(O)OC[C@@H]3[C@H]([C@H]([C@@H](O3)N4C=NC5=C(N=CN=C54)N)O)O)O)O)O
[22:50:46] SMILES Parse Error: Failed parsing SMILES 'C1=C(C(=O)NC(=O)N1)[C@H]2[C@@H]([C@@H]([C@H](O2)COP(=O)(O)OP(=O)(O)OC[C@@H]3[C@H]([C@H]([C@@H](O3)N4C=NC5=C(N=CN=C54)N)O)O)O)O)O' for input: 'C1=C(C(=O)NC(=O)N1)[C@H]2[C@@H]([C@@H]([C@H](O2)COP(=O)(O)OP(=O)(O)OC[C@@H]3[C@H]([C@H]([C@@H](O3)N4C=NC5=C(N=CN=C54)N)O)O)O)O)O'

Progress: 1744/2000
Progress: 1745/2000
Progress: 1746/2000[22:50:50] SMILES Parse Error: extra close parentheses while parsing: CCC1=C(C2=NC1=CC3=C(C4=C(N3)C(=C5[C@H]([C@@H](C(=CC6=NC(=C2)C(=C6C)C=C)N5)C)CCC(=O)O)C4=N3)O)C)C
[22:50:50] SMILES Parse Error: Failed parsing SMILES 'CCC1=C(C2=NC1=CC3=C(C4=C(N3)C(=C5[C@H]([C@@H](C(=CC6=NC(=C2)C(=C6C)C=C)N5)C)CCC(=O)O)C4=N3)O)C)C' for input: 'CCC1=C(C2=NC1=CC3=C(C4=C(N3)C(=C5[C@H]([C@@H](C(=CC6=NC(=C2)C(=C6C)C=C)N5)C)CCC(=O)O)C4=N3)O)C)C'

Progress: 1747/2000[22:50:52] SMILES Parse Error: extra close parentheses while parsing: C1=C(C(=O)NC(=O)N1)[C@H]2[C@@H]([C@@H]([C@H](O2)COP(=O)([O-])OP(=O)([O-])OC[C@@H]3[C@H]([C@H]([C@@H](O3)N4C=NC5=C(N=CN=C54)N)O)O)O)O)O
[22:50:52] SMILES Parse Error: Failed parsing SMILES 'C1=C(C(=O)NC(=O)N1)[C@H]2[C@@H]([C@@H]([C@H](O2)COP(=O)([O-])OP(=O)([O-])OC[C@@H]3[C@H]([C@H]([C@@H](O3)N4C=NC5=C(N=CN=C54)N)O)O)O)O)O' for input: 'C1=C(C(=O)NC(=O)N1)[C@H]2[C@@H]([C@@H]([C@H](O2)COP(=O)([O-])OP(=O)([O-])OC[C@@H]3[C@H]([C@H]([C@@H](O3)N4C=NC5=C(N=CN=C54)N)O)O)O)O)O'

Progress: 1748/2000
Progress: 1749/2000[22:50:56] SMILES Parse Error: extra close parentheses while parsing: C1=C(C(=O)NC(=O)N1)[C@@H]2[C@H]([C@@H]([C@H](O2)COP(=O)([O-])OP(=O)([O-])OC[C@@H]3[C@H]([C@H]([C@@H](O3)N4C=NC5=C(N=CN=C54)N)O)O)O)O)O)N
[22:50:56] SMILES Parse Error: Failed parsing SMILES 'C1=C(C(=O)NC(=O)N1)[C@@H]2[C@H]([C@@H]([C@H](O2)COP(=O)([O-])OP(=O)([O-])OC[C@@H]3[C@H]([C@H]([C@@H](O3)N4C=NC5=C(N=CN=C54)N)O)O)O)O)O)N' for input: 'C1=C(C(=O)NC(=O)N1)[C@@H]2[C@H]([C@@H]([C@H](O2)COP(=O)([O-])OP(=O)([O-])OC[C@@H]3[C@H]([C@H]([C@@H](O3)N4C=NC5=C(N=CN=C54)N)O)O)O)O)O)N'

Progress: 1750/2000[22:50:58] SMILES Parse Error: extra close parentheses while parsing: C1=C(C(=O)NC(=O)N1)[C@@H]2[C@H]([C@@H]([C@H](O2)COP(=O)([O-])OP(=O)([O-])OC[C@@H]3[C@H]([C@H]([C@@H](O3)N4C=NC5=C(N=CN=C54)N)O)O)O)O)O
[22:50:58] SMILES Parse Error: Failed parsing SMILES 'C1=C(C(=O)NC(=O)N1)[C@@H]2[C@H]([C@@H]([C@H](O2)COP(=O)([O-])OP(=O)([O-])OC[C@@H]3[C@H]([C@H]([C@@H](O3)N4C=NC5=C(N=CN=C54)N)O)O)O)O)O' for input: 'C1=C(C(=O)NC(=O)N1)[C@@H]2[C@H]([C@@H]([C@H](O2)COP(=O)([O-])OP(=O)([O-])OC[C@@H]3[C@H]([C@H]([C@@H](O3)N4C=NC5=C(N=CN=C54)N)O)O)O)O)O'

Progress: 1751/2000
Progress: 1752/2000
Progress: 1753/2000
Progress: 1754/2000
Progress: 1755/2000[22:51:06] SMILES Parse Error: extra close parentheses while parsing: C1[C@@H]([C@H](O[C@H]1N2C=NC3=C2N=C(NC3=O)N)COP(=O)(O)OP(=O)(O)OC[C@@H]4[C@H]([C@H]([C@@H](O4)N5C=NC6=C5N=C(NC6=O)N)O)O)O)O
[22:51:06] SMILES Parse Error: Failed parsing SMILES 'C1[C@@H]([C@H](O[C@H]1N2C=NC3=C2N=C(NC3=O)N)COP(=O)(O)OP(=O)(O)OC[C@@H]4[C@H]([C@H]([C@@H](O4)N5C=NC6=C5N=C(NC6=O)N)O)O)O)O' for input: 'C1[C@@H]([C@H](O[C@H]1N2C=NC3=C2N=C(NC3=O)N)COP(=O)(O)OP(=O)(O)OC[C@@H]4[C@H]([C@H]([C@@H](O4)N5C=NC6=C5N=C(NC6=O)N)O)O)O)O'

Progress: 1756/2000
Progress: 1757/2000[22:51:09] SMILES Parse Error: extra close parentheses while parsing: C1=C(C(=O)NC(=O)N1)[C@H]2[C@@H]([C@@H]([C@H](O2)COP(=O)([O-])OP(=O)([O-])OC[C@@H]3[C@H]([C@H]([C@@H](O3)N4C=NC5=C(N=CN=C54)N)O)O)O)O)O
[22:51:09] SMILES Parse Error: Failed parsing SMILES 'C1=C(C(=O)NC(=O)N1)[C@H]2[C@@H]([C@@H]([C@H](O2)COP(=O)([O-])OP(=O)([O-])OC[C@@H]3[C@H]([C@H]([C@@H](O3)N4C=NC5=C(N=CN=C54)N)O)O)O)O)O' for input: 'C1=C(C(=O)NC(=O)N1)[C@H]2[C@@H]([C@@H]([C@H](O2)COP(=O)([O-])OP(=O)([O-])OC[C@@H]3[C@H]([C@H]([C@@H](O3)N4C=NC5=C(N=CN=C54)N)O)O)O)O)O'

Progress: 1758/2000
Progress: 1759/2000
Progress: 1760/2000
Progress: 1761/2000
Progress: 1762/2000[22:51:18] SMILES Parse Error: extra close parentheses while parsing: C1=C(C(=O)NC(=O)N1)[C@H]2[C@@H]([C@@H]([C@H](O2)COP(=O)([O-])OP(=O)([O-])OC[C@@H]3[C@H]([C@H]([C@@H](O3)N4C=NC5=C(N=CN=C54)N)O)O)O)O)O
[22:51:18] SMILES Parse Error: Failed parsing SMILES 'C1=C(C(=O)NC(=O)N1)[C@H]2[C@@H]([C@@H]([C@H](O2)COP(=O)([O-])OP(=O)([O-])OC[C@@H]3[C@H]([C@H]([C@@H](O3)N4C=NC5=C(N=CN=C54)N)O)O)O)O)O' for input: 'C1=C(C(=O)NC(=O)N1)[C@H]2[C@@H]([C@@H]([C@H](O2)COP(=O)([O-])OP(=O)([O-])OC[C@@H]3[C@H]([C@H]([C@@H](O3)N4C=NC5=C(N=CN=C54)N)O)O)O)O)O'

Progress: 1763/2000[22:51:20] SMILES Parse Error: extra close parentheses while parsing: C1C=CN(C=C1C(=O)N)[C@H]2[C@@H]([C@@H]([C@H](O2)COP(=O)(O)OP(=O)(O)OC[C@@H]3[C@H]([C@H]([C@@H](O3)N4C=NC5=C(N=CN=C54)N)O)O)O)O)N
[22:51:20] SMILES Parse Error: Failed parsing SMILES 'C1C=CN(C=C1C(=O)N)[C@H]2[C@@H]([C@@H]([C@H](O2)COP(=O)(O)OP(=O)(O)OC[C@@H]3[C@H]([C@H]([C@@H](O3)N4C=NC5=C(N=CN=C54)N)O)O)O)O)N' for input: 'C1C=CN(C=C1C(=O)N)[C@H]2[C@@H]([C@@H]([C@H](O2)COP(=O)(O)OP(=O)(O)OC[C@@H]3[C@H]([C@H]([C@@H](O3)N4C=NC5=C(N=CN=C54)N)O)O)O)O)N'

Progress: 1764/2000
Progress: 1765/2000[22:51:22] SMILES Parse Error: extra close parentheses while parsing: C1C=CN(C=C1C(=O)N)[C@H]2[C@@H]([C@@H]([C@H](O2)COP(=O)(O)OP(=O)(O)OC[C@@H]3[C@H]([C@H]([C@@H](O3)N4C=NC5=C(N=CN=C54)N)O)O)O)O)N
[22:51:22] SMILES Parse Error: Failed parsing SMILES 'C1C=CN(C=C1C(=O)N)[C@H]2[C@@H]([C@@H]([C@H](O2)COP(=O)(O)OP(=O)(O)OC[C@@H]3[C@H]([C@H]([C@@H](O3)N4C=NC5=C(N=CN=C54)N)O)O)O)O)N' for input: 'C1C=CN(C=C1C(=O)N)[C@H]2[C@@H]([C@@H]([C@H](O2)COP(=O)(O)OP(=O)(O)OC[C@@H]3[C@H]([C@H]([C@@H](O3)N4C=NC5=C(N=CN=C54)N)O)O)O)O)N'

Progress: 1766/2000[22:51:24] SMILES Parse Error: extra close parentheses while parsing: C1=C(C(=O)NC(=O)N1)[C@H]2[C@@H]([C@@H]([C@H](O2)COP(=O)([O-])OP(=O)([O-])OC[C@@H]3[C@H]([C@H]([C@@H](O3)N4C=NC5=C(N=CN=C54)N)O)O)O)O)O
[22:51:24] SMILES Parse Error: Failed parsing SMILES 'C1=C(C(=O)NC(=O)N1)[C@H]2[C@@H]([C@@H]([C@H](O2)COP(=O)([O-])OP(=O)([O-])OC[C@@H]3[C@H]([C@H]([C@@H](O3)N4C=NC5=C(N=CN=C54)N)O)O)O)O)O' for input: 'C1=C(C(=O)NC(=O)N1)[C@H]2[C@@H]([C@@H]([C@H](O2)COP(=O)([O-])OP(=O)([O-])OC[C@@H]3[C@H]([C@H]([C@@H](O3)N4C=NC5=C(N=CN=C54)N)O)O)O)O)O'

Progress: 1767/2000
Progress: 1768/2000[22:51:28] SMILES Parse Error: extra close parentheses while parsing: C1=C(C(=O)NC(=O)N1)[C@H]2[C@@H]([C@@H]([C@H](O2)COP(=O)([O-])OP(=O)([O-])OC[C@@H]3[C@H]([C@H]([C@@H](O3)N4C=NC5=C(N=CN=C54)N)O)O)O)O)N
[22:51:28] SMILES Parse Error: Failed parsing SMILES 'C1=C(C(=O)NC(=O)N1)[C@H]2[C@@H]([C@@H]([C@H](O2)COP(=O)([O-])OP(=O)([O-])OC[C@@H]3[C@H]([C@H]([C@@H](O3)N4C=NC5=C(N=CN=C54)N)O)O)O)O)N' for input: 'C1=C(C(=O)NC(=O)N1)[C@H]2[C@@H]([C@@H]([C@H](O2)COP(=O)([O-])OP(=O)([O-])OC[C@@H]3[C@H]([C@H]([C@@H](O3)N4C=NC5=C(N=CN=C54)N)O)O)O)O)N'

Progress: 1769/2000[22:51:30] SMILES Parse Error: extra close parentheses while parsing: C1=C(C(=O)NC(=O)N1)[C@@H]2[C@H]([C@@H]([C@H](O2)COP(=O)(O)OP(=O)(O)OC[C@@H]3[C@H]([C@H]([C@@H](O3)N4C=NC5=C(N=CN=C54)N)O)O)O)O)O
[22:51:30] SMILES Parse Error: Failed parsing SMILES 'C1=C(C(=O)NC(=O)N1)[C@@H]2[C@H]([C@@H]([C@H](O2)COP(=O)(O)OP(=O)(O)OC[C@@H]3[C@H]([C@H]([C@@H](O3)N4C=NC5=C(N=CN=C54)N)O)O)O)O)O' for input: 'C1=C(C(=O)NC(=O)N1)[C@@H]2[C@H]([C@@H]([C@H](O2)COP(=O)(O)OP(=O)(O)OC[C@@H]3[C@H]([C@H]([C@@H](O3)N4C=NC5=C(N=CN=C54)N)O)O)O)O)O'

Progress: 1770/2000
Progress: 1771/2000[22:51:33] SMILES Parse Error: extra close parentheses while parsing: C1[C@@H]([C@H](O[C@H]1N2C=NC3=C2N=C(NC3=O)N)COP(=O)(O)OP(=O)(O)OC[C@@H]4[C@H]([C@H]([C@@H](O4)N5C=NC6=C5N=C(NC6=O)N)O)O)O)O
[22:51:33] SMILES Parse Error: Failed parsing SMILES 'C1[C@@H]([C@H](O[C@H]1N2C=NC3=C2N=C(NC3=O)N)COP(=O)(O)OP(=O)(O)OC[C@@H]4[C@H]([C@H]([C@@H](O4)N5C=NC6=C5N=C(NC6=O)N)O)O)O)O' for input: 'C1[C@@H]([C@H](O[C@H]1N2C=NC3=C2N=C(NC3=O)N)COP(=O)(O)OP(=O)(O)OC[C@@H]4[C@H]([C@H]([C@@H](O4)N5C=NC6=C5N=C(NC6=O)N)O)O)O)O'

Progress: 1772/2000
Progress: 1773/2000[22:51:37] SMILES Parse Error: extra close parentheses while parsing: C1C=CN(C=C1C(=O)N)[C@H]2[C@@H]([C@@H]([C@H](O2)COP(=O)(O)OP(=O)(O)OC[C@@H]3[C@H]([C@H]([C@@H](O3)N4C=NC5=C(N=CN=C54)N)O)O)O)O)N
[22:51:37] SMILES Parse Error: Failed parsing SMILES 'C1C=CN(C=C1C(=O)N)[C@H]2[C@@H]([C@@H]([C@H](O2)COP(=O)(O)OP(=O)(O)OC[C@@H]3[C@H]([C@H]([C@@H](O3)N4C=NC5=C(N=CN=C54)N)O)O)O)O)N' for input: 'C1C=CN(C=C1C(=O)N)[C@H]2[C@@H]([C@@H]([C@H](O2)COP(=O)(O)OP(=O)(O)OC[C@@H]3[C@H]([C@H]([C@@H](O3)N4C=NC5=C(N=CN=C54)N)O)O)O)O)N'

Progress: 1774/2000[22:51:39] SMILES Parse Error: extra close parentheses while parsing: C1[C@@H]([C@H](O[C@H]1N2C=NC3=C2N=C(NC3=O)N)COP(=O)(O)OP(=O)(O)OC[C@@H]4[C@H]([C@H]([C@@H](O4)N5C=NC6=C5N=C(NC6=O)N)O)O)O)O
[22:51:39] SMILES Parse Error: Failed parsing SMILES 'C1[C@@H]([C@H](O[C@H]1N2C=NC3=C2N=C(NC3=O)N)COP(=O)(O)OP(=O)(O)OC[C@@H]4[C@H]([C@H]([C@@H](O4)N5C=NC6=C5N=C(NC6=O)N)O)O)O)O' for input: 'C1[C@@H]([C@H](O[C@H]1N2C=NC3=C2N=C(NC3=O)N)COP(=O)(O)OP(=O)(O)OC[C@@H]4[C@H]([C@H]([C@@H](O4)N5C=NC6=C5N=C(NC6=O)N)O)O)O)O'

Progress: 1775/2000[22:51:41] SMILES Parse Error: extra close parentheses while parsing: C1[C@@H]([C@H](O[C@H]1N2C=NC3=C2N=C(NC3=O)N)COP(=O)(O)OP(=O)(O)OC[C@@H]4[C@H]([C@H]([C@@H](O4)N5C=NC6=C5N=C(NC6=O)N)O)O)O)O
[22:51:41] SMILES Parse Error: Failed parsing SMILES 'C1[C@@H]([C@H](O[C@H]1N2C=NC3=C2N=C(NC3=O)N)COP(=O)(O)OP(=O)(O)OC[C@@H]4[C@H]([C@H]([C@@H](O4)N5C=NC6=C5N=C(NC6=O)N)O)O)O)O' for input: 'C1[C@@H]([C@H](O[C@H]1N2C=NC3=C2N=C(NC3=O)N)COP(=O)(O)OP(=O)(O)OC[C@@H]4[C@H]([C@H]([C@@H](O4)N5C=NC6=C5N=C(NC6=O)N)O)O)O)O'

Progress: 1776/2000
Progress: 1777/2000
Progress: 1778/2000[22:51:46] SMILES Parse Error: extra close parentheses while parsing: C1[C@@H]([C@H](O[C@H]1N2C=NC3=C2N=C(NC3=O)N)COP(=O)(O)OP(=O)(O)OC[C@@H]4[C@H]([C@H]([C@@H](O4)N5C=NC6=C(N=CN=C65)N)O)O)O)O
[22:51:46] SMILES Parse Error: Failed parsing SMILES 'C1[C@@H]([C@H](O[C@H]1N2C=NC3=C2N=C(NC3=O)N)COP(=O)(O)OP(=O)(O)OC[C@@H]4[C@H]([C@H]([C@@H](O4)N5C=NC6=C(N=CN=C65)N)O)O)O)O' for input: 'C1[C@@H]([C@H](O[C@H]1N2C=NC3=C2N=C(NC3=O)N)COP(=O)(O)OP(=O)(O)OC[C@@H]4[C@H]([C@H]([C@@H](O4)N5C=NC6=C(N=CN=C65)N)O)O)O)O'

Progress: 1779/2000
Progress: 1780/2000
Progress: 1781/2000
Progress: 1782/2000
Progress: 1783/2000[22:51:55] SMILES Parse Error: extra close parentheses while parsing: C1=C(C(=O)NC(=O)N1)[C@H]2[C@@H]([C@@H]([C@H](O2)COP(=O)([O-])OP(=O)([O-])OC[C@@H]3[C@H]([C@H]([C@@H](O3)N4C=NC5=C(N=CN=C54)N)O)O)O)O)N
[22:51:55] SMILES Parse Error: Failed parsing SMILES 'C1=C(C(=O)NC(=O)N1)[C@H]2[C@@H]([C@@H]([C@H](O2)COP(=O)([O-])OP(=O)([O-])OC[C@@H]3[C@H]([C@H]([C@@H](O3)N4C=NC5=C(N=CN=C54)N)O)O)O)O)N' for input: 'C1=C(C(=O)NC(=O)N1)[C@H]2[C@@H]([C@@H]([C@H](O2)COP(=O)([O-])OP(=O)([O-])OC[C@@H]3[C@H]([C@H]([C@@H](O3)N4C=NC5=C(N=CN=C54)N)O)O)O)O)N'

Progress: 1784/2000[22:51:57] SMILES Parse Error: extra close parentheses while parsing: C1C=CN(C=C1C(=O)N)[C@H]2[C@@H]([C@@H]([C@H](O2)COP(=O)([O-])OP(=O)([O-])OC[C@@H]3[C@H]([C@H]([C@@H](O3)N4C=NC5=C(N=CN=C54)N)O)O)O)O)O
[22:51:57] SMILES Parse Error: Failed parsing SMILES 'C1C=CN(C=C1C(=O)N)[C@H]2[C@@H]([C@@H]([C@H](O2)COP(=O)([O-])OP(=O)([O-])OC[C@@H]3[C@H]([C@H]([C@@H](O3)N4C=NC5=C(N=CN=C54)N)O)O)O)O)O' for input: 'C1C=CN(C=C1C(=O)N)[C@H]2[C@@H]([C@@H]([C@H](O2)COP(=O)([O-])OP(=O)([O-])OC[C@@H]3[C@H]([C@H]([C@@H](O3)N4C=NC5=C(N=CN=C54)N)O)O)O)O)O'

Progress: 1785/2000[22:51:59] SMILES Parse Error: extra close parentheses while parsing: C1=C(C(=O)NC(=O)N1)[C@H]2[C@@H]([C@@H]([C@H](O2)COP(=O)([O-])OP(=O)([O-])OC[C@@H]3[C@H]([C@H]([C@@H](O3)N4C=NC5=C(N=CN=C54)N)O)O)O)O)O
[22:51:59] SMILES Parse Error: Failed parsing SMILES 'C1=C(C(=O)NC(=O)N1)[C@H]2[C@@H]([C@@H]([C@H](O2)COP(=O)([O-])OP(=O)([O-])OC[C@@H]3[C@H]([C@H]([C@@H](O3)N4C=NC5=C(N=CN=C54)N)O)O)O)O)O' for input: 'C1=C(C(=O)NC(=O)N1)[C@H]2[C@@H]([C@@H]([C@H](O2)COP(=O)([O-])OP(=O)([O-])OC[C@@H]3[C@H]([C@H]([C@@H](O3)N4C=NC5=C(N=CN=C54)N)O)O)O)O)O'

Progress: 1786/2000
Progress: 1787/2000
Progress: 1788/2000[22:52:03] SMILES Parse Error: extra close parentheses while parsing: C1[C@@H]([C@H](O[C@H]1N2C=NC3=C2N=C(NC3=O)N)COP(=O)(O)OP(=O)(O)OC[C@@H]4[C@H]([C@H]([C@@H](O4)N5C=NC6=C5N=C(NC6=O)N)O)O)O)O
[22:52:03] SMILES Parse Error: Failed parsing SMILES 'C1[C@@H]([C@H](O[C@H]1N2C=NC3=C2N=C(NC3=O)N)COP(=O)(O)OP(=O)(O)OC[C@@H]4[C@H]([C@H]([C@@H](O4)N5C=NC6=C5N=C(NC6=O)N)O)O)O)O' for input: 'C1[C@@H]([C@H](O[C@H]1N2C=NC3=C2N=C(NC3=O)N)COP(=O)(O)OP(=O)(O)OC[C@@H]4[C@H]([C@H]([C@@H](O4)N5C=NC6=C5N=C(NC6=O)N)O)O)O)O'

Progress: 1789/2000[22:52:05] SMILES Parse Error: extra close parentheses while parsing: C1=C(C(=O)NC(=O)N1)[C@@H]2[C@H]([C@@H]([C@H](O2)COP(=O)([O-])OP(=O)([O-])OC[C@@H]3[C@H]([C@H]([C@@H](O3)N4C=NC5=C4N=C(NC5=O)N)O)O)O)O)N
[22:52:05] SMILES Parse Error: Failed parsing SMILES 'C1=C(C(=O)NC(=O)N1)[C@@H]2[C@H]([C@@H]([C@H](O2)COP(=O)([O-])OP(=O)([O-])OC[C@@H]3[C@H]([C@H]([C@@H](O3)N4C=NC5=C4N=C(NC5=O)N)O)O)O)O)N' for input: 'C1=C(C(=O)NC(=O)N1)[C@@H]2[C@H]([C@@H]([C@H](O2)COP(=O)([O-])OP(=O)([O-])OC[C@@H]3[C@H]([C@H]([C@@H](O3)N4C=NC5=C4N=C(NC5=O)N)O)O)O)O)N'

Progress: 1790/2000
Progress: 1791/2000
Progress: 1792/2000
Progress: 1793/2000
Progress: 1794/2000
Progress: 1795/2000
Progress: 1796/2000[22:52:17] SMILES Parse Error: extra close parentheses while parsing: CCC1=C(C2=NC1=CC3=C(C4=C(N3)C(=C5[C@H]([C@@H](C(=CC6=NC(=C2)C(=C6C)C=C)N5)C)CCC(=O)O)C4=N3)O)C)C
[22:52:17] SMILES Parse Error: Failed parsing SMILES 'CCC1=C(C2=NC1=CC3=C(C4=C(N3)C(=C5[C@H]([C@@H](C(=CC6=NC(=C2)C(=C6C)C=C)N5)C)CCC(=O)O)C4=N3)O)C)C' for input: 'CCC1=C(C2=NC1=CC3=C(C4=C(N3)C(=C5[C@H]([C@@H](C(=CC6=NC(=C2)C(=C6C)C=C)N5)C)CCC(=O)O)C4=N3)O)C)C'

Progress: 1797/2000[22:52:19] SMILES Parse Error: extra close parentheses while parsing: C1=C(C(=O)NC(=O)N1)[C@@H]2[C@H]([C@@H]([C@H](O2)COP(=O)([O-])OP(=O)([O-])OC[C@@H]3[C@H]([C@H]([C@@H](O3)N4C=NC5=C(N=CN=C54)N)O)O)O)O)O
[22:52:19] SMILES Parse Error: Failed parsing SMILES 'C1=C(C(=O)NC(=O)N1)[C@@H]2[C@H]([C@@H]([C@H](O2)COP(=O)([O-])OP(=O)([O-])OC[C@@H]3[C@H]([C@H]([C@@H](O3)N4C=NC5=C(N=CN=C54)N)O)O)O)O)O' for input: 'C1=C(C(=O)NC(=O)N1)[C@@H]2[C@H]([C@@H]([C@H](O2)COP(=O)([O-])OP(=O)([O-])OC[C@@H]3[C@H]([C@H]([C@@H](O3)N4C=NC5=C(N=CN=C54)N)O)O)O)O)O'

Progress: 1798/2000
Progress: 1799/2000[22:52:22] SMILES Parse Error: extra open parentheses for input: 'C1=C(C(=C(N1)[C@H]2[C@@H]([C@@H]([C@H](O2)COP(=O)([O-])OP(=O)([O-])OC[C@@H]3[C@H]([C@H]([C@@H](O3)N4C=NC5=C(N=CN=C54)N)O)O)O)O)N'

Progress: 1800/2000
Progress: 1801/2000[22:52:26] SMILES Parse Error: extra close parentheses while parsing: C1=C(C(=O)NC(=O)N1[C@H]2[C@@H]([C@@H]([C@H](O2)COP(=O)([O-])OP(=O)([O-])OC[C@@H]3[C@H]([C@H]([C@@H](O3)N4C=NC5=C(N=CN=C54)N)O)O)O)O)O)N
[22:52:26] SMILES Parse Error: Failed parsing SMILES 'C1=C(C(=O)NC(=O)N1[C@H]2[C@@H]([C@@H]([C@H](O2)COP(=O)([O-])OP(=O)([O-])OC[C@@H]3[C@H]([C@H]([C@@H](O3)N4C=NC5=C(N=CN=C54)N)O)O)O)O)O)N' for input: 'C1=C(C(=O)NC(=O)N1[C@H]2[C@@H]([C@@H]([C@H](O2)COP(=O)([O-])OP(=O)([O-])OC[C@@H]3[C@H]([C@H]([C@@H](O3)N4C=NC5=C(N=CN=C54)N)O)O)O)O)O)N'

Progress: 1802/2000[22:52:28] SMILES Parse Error: extra close parentheses while parsing: C1=C(C(=O)NC(=O)N1)[C@@H]2[C@H]([C@@H]([C@H](O2)COP(=O)([O-])OP(=O)([O-])OC[C@@H]3[C@H]([C@H]([C@@H](O3)N4C=NC5=C(N=CN=C54)N)O)O)O)O)O)N
[22:52:28] SMILES Parse Error: Failed parsing SMILES 'C1=C(C(=O)NC(=O)N1)[C@@H]2[C@H]([C@@H]([C@H](O2)COP(=O)([O-])OP(=O)([O-])OC[C@@H]3[C@H]([C@H]([C@@H](O3)N4C=NC5=C(N=CN=C54)N)O)O)O)O)O)N' for input: 'C1=C(C(=O)NC(=O)N1)[C@@H]2[C@H]([C@@H]([C@H](O2)COP(=O)([O-])OP(=O)([O-])OC[C@@H]3[C@H]([C@H]([C@@H](O3)N4C=NC5=C(N=CN=C54)N)O)O)O)O)O)N'

Progress: 1803/2000[22:52:30] SMILES Parse Error: extra close parentheses while parsing: C1[C@@H]([C@H](O[C@H]1N2C=NC3=C2N=C(NC3=O)N)COP(=O)(O)OP(=O)(O)OC[C@@H]4[C@H]([C@H]([C@@H](O4)N5C=NC6=C5N=C(NC6=O)N)O)O)O)O
[22:52:30] SMILES Parse Error: Failed parsing SMILES 'C1[C@@H]([C@H](O[C@H]1N2C=NC3=C2N=C(NC3=O)N)COP(=O)(O)OP(=O)(O)OC[C@@H]4[C@H]([C@H]([C@@H](O4)N5C=NC6=C5N=C(NC6=O)N)O)O)O)O' for input: 'C1[C@@H]([C@H](O[C@H]1N2C=NC3=C2N=C(NC3=O)N)COP(=O)(O)OP(=O)(O)OC[C@@H]4[C@H]([C@H]([C@@H](O4)N5C=NC6=C5N=C(NC6=O)N)O)O)O)O'

Progress: 1804/2000
Progress: 1805/2000[22:52:33] SMILES Parse Error: extra close parentheses while parsing: C1=C(C(=O)NC(=O)N1)[C@H]2[C@@H]([C@@H]([C@H](O2)COP(=O)([O-])OP(=O)([O-])OC[C@@H]3[C@H]([C@H]([C@@H](O3)N4C=NC5=C(N=CN=C54)N)O)O)O)O)O
[22:52:33] SMILES Parse Error: Failed parsing SMILES 'C1=C(C(=O)NC(=O)N1)[C@H]2[C@@H]([C@@H]([C@H](O2)COP(=O)([O-])OP(=O)([O-])OC[C@@H]3[C@H]([C@H]([C@@H](O3)N4C=NC5=C(N=CN=C54)N)O)O)O)O)O' for input: 'C1=C(C(=O)NC(=O)N1)[C@H]2[C@@H]([C@@H]([C@H](O2)COP(=O)([O-])OP(=O)([O-])OC[C@@H]3[C@H]([C@H]([C@@H](O3)N4C=NC5=C(N=CN=C54)N)O)O)O)O)O'

Progress: 1806/2000
Progress: 1807/2000[22:52:39] SMILES Parse Error: extra close parentheses while parsing: C1[C@@H]([C@H](O[C@H]1N2C=NC3=C2N=C(NC3=O)N)COP(=O)(O)OP(=O)(O)OC[C@@H]4[C@H]([C@H]([C@@H](O4)N5C=NC6=C5N=C(NC6=O)N)O)O)O)O
[22:52:39] SMILES Parse Error: Failed parsing SMILES 'C1[C@@H]([C@H](O[C@H]1N2C=NC3=C2N=C(NC3=O)N)COP(=O)(O)OP(=O)(O)OC[C@@H]4[C@H]([C@H]([C@@H](O4)N5C=NC6=C5N=C(NC6=O)N)O)O)O)O' for input: 'C1[C@@H]([C@H](O[C@H]1N2C=NC3=C2N=C(NC3=O)N)COP(=O)(O)OP(=O)(O)OC[C@@H]4[C@H]([C@H]([C@@H](O4)N5C=NC6=C5N=C(NC6=O)N)O)O)O)O'

Progress: 1808/2000
Progress: 1809/2000
Progress: 1810/2000[22:52:44] SMILES Parse Error: extra close parentheses while parsing: C1C=CN(C(=O)N1)[C@H]2[C@@H]([C@@H]([C@H](O2)COP(=O)([O-])OP(=O)([O-])OC[C@@H]3[C@H]([C@H]([C@@H](O3)N4C=NC5=C(N=CN=C54)N)O)O)O)O)O
[22:52:44] SMILES Parse Error: Failed parsing SMILES 'C1C=CN(C(=O)N1)[C@H]2[C@@H]([C@@H]([C@H](O2)COP(=O)([O-])OP(=O)([O-])OC[C@@H]3[C@H]([C@H]([C@@H](O3)N4C=NC5=C(N=CN=C54)N)O)O)O)O)O' for input: 'C1C=CN(C(=O)N1)[C@H]2[C@@H]([C@@H]([C@H](O2)COP(=O)([O-])OP(=O)([O-])OC[C@@H]3[C@H]([C@H]([C@@H](O3)N4C=NC5=C(N=CN=C54)N)O)O)O)O)O'

Progress: 1811/2000
Progress: 1812/2000[22:52:47] SMILES Parse Error: extra close parentheses while parsing: C1=C(C(=O)NC(=O)N1[C@H]2[C@@H]([C@@H]([C@H](O2)COP(=O)([O-])OP(=O)([O-])OC[C@@H]3[C@H]([C@H]([C@@H](O3)N4C=NC5=C(N=CN=C54)N)O)O)O)O)O)N
[22:52:47] SMILES Parse Error: Failed parsing SMILES 'C1=C(C(=O)NC(=O)N1[C@H]2[C@@H]([C@@H]([C@H](O2)COP(=O)([O-])OP(=O)([O-])OC[C@@H]3[C@H]([C@H]([C@@H](O3)N4C=NC5=C(N=CN=C54)N)O)O)O)O)O)N' for input: 'C1=C(C(=O)NC(=O)N1[C@H]2[C@@H]([C@@H]([C@H](O2)COP(=O)([O-])OP(=O)([O-])OC[C@@H]3[C@H]([C@H]([C@@H](O3)N4C=NC5=C(N=CN=C54)N)O)O)O)O)O)N'

Progress: 1813/2000
Progress: 1814/2000[22:52:51] SMILES Parse Error: extra close parentheses while parsing: C1[C@@H]([C@H](O[C@H]1N2C=NC3=C2N=C(NC3=O)N)COP(=O)(O)OP(=O)(O)OC[C@@H]4[C@H]([C@H]([C@@H](O4)N5C=NC6=C5N=C(NC6=O)N)O)O)O)O
[22:52:51] SMILES Parse Error: Failed parsing SMILES 'C1[C@@H]([C@H](O[C@H]1N2C=NC3=C2N=C(NC3=O)N)COP(=O)(O)OP(=O)(O)OC[C@@H]4[C@H]([C@H]([C@@H](O4)N5C=NC6=C5N=C(NC6=O)N)O)O)O)O' for input: 'C1[C@@H]([C@H](O[C@H]1N2C=NC3=C2N=C(NC3=O)N)COP(=O)(O)OP(=O)(O)OC[C@@H]4[C@H]([C@H]([C@@H](O4)N5C=NC6=C5N=C(NC6=O)N)O)O)O)O'

Progress: 1815/2000[22:52:54] SMILES Parse Error: extra close parentheses while parsing: C1=C(C(=O)NC(=O)N1)[C@@H]2[C@H]([C@@H]([C@H](O2)COP(=O)(O)OP(=O)(O)OC[C@@H]3[C@H]([C@H]([C@@H](O3)N4C=NC5=C(N=CN=C54)N)O)O)O)O)O
[22:52:54] SMILES Parse Error: Failed parsing SMILES 'C1=C(C(=O)NC(=O)N1)[C@@H]2[C@H]([C@@H]([C@H](O2)COP(=O)(O)OP(=O)(O)OC[C@@H]3[C@H]([C@H]([C@@H](O3)N4C=NC5=C(N=CN=C54)N)O)O)O)O)O' for input: 'C1=C(C(=O)NC(=O)N1)[C@@H]2[C@H]([C@@H]([C@H](O2)COP(=O)(O)OP(=O)(O)OC[C@@H]3[C@H]([C@H]([C@@H](O3)N4C=NC5=C(N=CN=C54)N)O)O)O)O)O'

Progress: 1816/2000
Progress: 1817/2000
Progress: 1818/2000[22:52:58] SMILES Parse Error: extra close parentheses while parsing: C1=C(C(=O)NC(=O)N1)[C@H]2[C@@H]([C@@H]([C@H](O2)COP(=O)([O-])OP(=O)([O-])OC[C@@H]3[C@H]([C@H]([C@@H](O3)N4C=NC5=C(N=CN=C54)N)O)O)O)O)N
[22:52:58] SMILES Parse Error: Failed parsing SMILES 'C1=C(C(=O)NC(=O)N1)[C@H]2[C@@H]([C@@H]([C@H](O2)COP(=O)([O-])OP(=O)([O-])OC[C@@H]3[C@H]([C@H]([C@@H](O3)N4C=NC5=C(N=CN=C54)N)O)O)O)O)N' for input: 'C1=C(C(=O)NC(=O)N1)[C@H]2[C@@H]([C@@H]([C@H](O2)COP(=O)([O-])OP(=O)([O-])OC[C@@H]3[C@H]([C@H]([C@@H](O3)N4C=NC5=C(N=CN=C54)N)O)O)O)O)N'

Progress: 1819/2000[22:53:00] SMILES Parse Error: extra close parentheses while parsing: C1C=CN(C(=O)N1)[C@H]2[C@@H]([C@@H]([C@H](O2)COP(=O)([O-])OP(=O)([O-])OC[C@@H]3[C@H]([C@H]([C@@H](O3)N4C=NC5=C(N=CN=C54)N)O)O)O)O)O
[22:53:00] SMILES Parse Error: Failed parsing SMILES 'C1C=CN(C(=O)N1)[C@H]2[C@@H]([C@@H]([C@H](O2)COP(=O)([O-])OP(=O)([O-])OC[C@@H]3[C@H]([C@H]([C@@H](O3)N4C=NC5=C(N=CN=C54)N)O)O)O)O)O' for input: 'C1C=CN(C(=O)N1)[C@H]2[C@@H]([C@@H]([C@H](O2)COP(=O)([O-])OP(=O)([O-])OC[C@@H]3[C@H]([C@H]([C@@H](O3)N4C=NC5=C(N=CN=C54)N)O)O)O)O)O'

Progress: 1820/2000[22:53:02] SMILES Parse Error: extra close parentheses while parsing: C1=C(C(=O)NC(=O)N1)[C@H]2[C@@H]([C@@H]([C@H](O2)COP(=O)([O-])OP(=O)([O-])OC[C@@H]3[C@H]([C@H]([C@@H](O3)N4C=NC5=C(N=CN=C54)N)O)O)O)O)O
[22:53:02] SMILES Parse Error: Failed parsing SMILES 'C1=C(C(=O)NC(=O)N1)[C@H]2[C@@H]([C@@H]([C@H](O2)COP(=O)([O-])OP(=O)([O-])OC[C@@H]3[C@H]([C@H]([C@@H](O3)N4C=NC5=C(N=CN=C54)N)O)O)O)O)O' for input: 'C1=C(C(=O)NC(=O)N1)[C@H]2[C@@H]([C@@H]([C@H](O2)COP(=O)([O-])OP(=O)([O-])OC[C@@H]3[C@H]([C@H]([C@@H](O3)N4C=NC5=C(N=CN=C54)N)O)O)O)O)O'

Progress: 1821/2000[22:53:04] SMILES Parse Error: extra close parentheses while parsing: C1[C@@H]([C@H](O[C@H]1N2C=NC3=C2N=C(NC3=O)N)COP(=O)(O)OP(=O)(O)OC[C@@H]4[C@H]([C@H]([C@@H](O4)N5C=NC6=C5N=C(NC6=O)N)O)O)O)O
[22:53:04] SMILES Parse Error: Failed parsing SMILES 'C1[C@@H]([C@H](O[C@H]1N2C=NC3=C2N=C(NC3=O)N)COP(=O)(O)OP(=O)(O)OC[C@@H]4[C@H]([C@H]([C@@H](O4)N5C=NC6=C5N=C(NC6=O)N)O)O)O)O' for input: 'C1[C@@H]([C@H](O[C@H]1N2C=NC3=C2N=C(NC3=O)N)COP(=O)(O)OP(=O)(O)OC[C@@H]4[C@H]([C@H]([C@@H](O4)N5C=NC6=C5N=C(NC6=O)N)O)O)O)O'

Progress: 1822/2000
Progress: 1823/2000[22:53:08] SMILES Parse Error: extra close parentheses while parsing: C1[C@@H]([C@H]([C@@H](O[C@]1(C(=O)O)O)[C@@H](CO)O)O)OP(=O)(O)OP(=O)(O)OC[C@@H]2[C@H]([C@H]([C@@H](O2)N3C=NC4=C3N=C(NC4=O)N)O)O)O.C1[C@@H]([C@H]([C@@H](O1)N2C=NC3=C(N=CN=C32)N)O)OP(=O)(O)OC[C@@H]4[C@H]([C@H]([C@@H](O4)N5C=NC6=C5N=C(NC6=O)N)O)O)O
[22:53:08] SMILES Parse Error: Failed parsing SMILES 'C1[C@@H]([C@H]([C@@H](O[C@]1(C(=O)O)O)[C@@H](CO)O)O)OP(=O)(O)OP(=O)(O)OC[C@@H]2[C@H]([C@H]([C@@H](O2)N3C=NC4=C3N=C(NC4=O)N)O)O)O.C1[C@@H]([C@H]([C@@H](O1)N2C=NC3=C(N=CN=C32)N)O)OP(=O)(O)OC[C@@H]4[C@H]([C@H]([C@@H](O4)N5C=NC6=C5N=C(NC6=O)N)O)O)O' for input: 'C1[C@@H]([C@H]([C@@H](O[C@]1(C(=O)O)O)[C@@H](CO)O)O)OP(=O)(O)OP(=O)(O)OC[C@@H]2[C@H]([C@H]([C@@H](O2)N3C=NC4=C3N=C(NC4=O)N)O)O)O.C1[C@@H]([C@H]([C@@H](O1)N2C=NC3=C(N=CN=C32)N)O)OP(=O)(O)OC[C@@H]4[C@H]([C@H]([C@@H](O4)N5C=NC6=C5N=C(NC6=O)N)O)O)O'

Progress: 1824/2000
Progress: 1825/2000[22:53:11] SMILES Parse Error: extra close parentheses while parsing: C1=C(C(=O)NC(=O)N1)[C@@H]2[C@H]([C@@H]([C@H](O2)COP(=O)([O-])OP(=O)([O-])OC[C@@H]3[C@H]([C@H]([C@@H](O3)N4C=NC5=C4N=C(NC5=O)N)O)O)O)O)N
[22:53:11] SMILES Parse Error: Failed parsing SMILES 'C1=C(C(=O)NC(=O)N1)[C@@H]2[C@H]([C@@H]([C@H](O2)COP(=O)([O-])OP(=O)([O-])OC[C@@H]3[C@H]([C@H]([C@@H](O3)N4C=NC5=C4N=C(NC5=O)N)O)O)O)O)N' for input: 'C1=C(C(=O)NC(=O)N1)[C@@H]2[C@H]([C@@H]([C@H](O2)COP(=O)([O-])OP(=O)([O-])OC[C@@H]3[C@H]([C@H]([C@@H](O3)N4C=NC5=C4N=C(NC5=O)N)O)O)O)O)N'

Progress: 1826/2000[22:53:13] SMILES Parse Error: extra close parentheses while parsing: C1=C(C(=O)NC(=O)N1)[C@@H]2[C@H]([C@@H]([C@H](O2)COP(=O)([O-])OP(=O)([O-])OC[C@@H]3[C@H]([C@H]([C@@H](O3)N4C=NC5=C(N=CN=C54)N)O)O)O)O)N
[22:53:13] SMILES Parse Error: Failed parsing SMILES 'C1=C(C(=O)NC(=O)N1)[C@@H]2[C@H]([C@@H]([C@H](O2)COP(=O)([O-])OP(=O)([O-])OC[C@@H]3[C@H]([C@H]([C@@H](O3)N4C=NC5=C(N=CN=C54)N)O)O)O)O)N' for input: 'C1=C(C(=O)NC(=O)N1)[C@@H]2[C@H]([C@@H]([C@H](O2)COP(=O)([O-])OP(=O)([O-])OC[C@@H]3[C@H]([C@H]([C@@H](O3)N4C=NC5=C(N=CN=C54)N)O)O)O)O)N'

Progress: 1827/2000
Progress: 1828/2000[22:53:16] SMILES Parse Error: extra close parentheses while parsing: C1[C@@H]([C@H](O[C@H]1N2C=NC3=C2N=C(NC3=O)N)COP(=O)(O)OP(=O)(O)OC[C@@H]4[C@H]([C@H]([C@@H](O4)N5C=NC6=C5N=C(NC6=O)N)O)O)O)O
[22:53:16] SMILES Parse Error: Failed parsing SMILES 'C1[C@@H]([C@H](O[C@H]1N2C=NC3=C2N=C(NC3=O)N)COP(=O)(O)OP(=O)(O)OC[C@@H]4[C@H]([C@H]([C@@H](O4)N5C=NC6=C5N=C(NC6=O)N)O)O)O)O' for input: 'C1[C@@H]([C@H](O[C@H]1N2C=NC3=C2N=C(NC3=O)N)COP(=O)(O)OP(=O)(O)OC[C@@H]4[C@H]([C@H]([C@@H](O4)N5C=NC6=C5N=C(NC6=O)N)O)O)O)O'

Progress: 1829/2000
Progress: 1830/2000[22:53:19] SMILES Parse Error: extra close parentheses while parsing: C1[C@@H]([C@H](O[C@H]1N2C=NC3=C2N=C(NC3=O)N)COP(=O)(O)OP(=O)(O)OC[C@@H]4[C@H]([C@H]([C@@H](O4)N5C=NC6=C5N=C(NC6=O)N)O)O)O)O
[22:53:19] SMILES Parse Error: Failed parsing SMILES 'C1[C@@H]([C@H](O[C@H]1N2C=NC3=C2N=C(NC3=O)N)COP(=O)(O)OP(=O)(O)OC[C@@H]4[C@H]([C@H]([C@@H](O4)N5C=NC6=C5N=C(NC6=O)N)O)O)O)O' for input: 'C1[C@@H]([C@H](O[C@H]1N2C=NC3=C2N=C(NC3=O)N)COP(=O)(O)OP(=O)(O)OC[C@@H]4[C@H]([C@H]([C@@H](O4)N5C=NC6=C5N=C(NC6=O)N)O)O)O)O'

Progress: 1831/2000
Progress: 1832/2000[22:53:22] SMILES Parse Error: extra close parentheses while parsing: C1[C@@H]([C@H](O[C@H]1N2C=NC3=C2N=C(NC3=O)N)COP(=O)(O)OP(=O)(O)OC[C@@H]4[C@H]([C@H]([C@@H](O4)N5C=NC6=C5N=C(NC6=O)N)O)O)O)O
[22:53:22] SMILES Parse Error: Failed parsing SMILES 'C1[C@@H]([C@H](O[C@H]1N2C=NC3=C2N=C(NC3=O)N)COP(=O)(O)OP(=O)(O)OC[C@@H]4[C@H]([C@H]([C@@H](O4)N5C=NC6=C5N=C(NC6=O)N)O)O)O)O' for input: 'C1[C@@H]([C@H](O[C@H]1N2C=NC3=C2N=C(NC3=O)N)COP(=O)(O)OP(=O)(O)OC[C@@H]4[C@H]([C@H]([C@@H](O4)N5C=NC6=C5N=C(NC6=O)N)O)O)O)O'

Progress: 1833/2000
Progress: 1834/2000
Progress: 1835/2000
Progress: 1836/2000
Progress: 1837/2000
Progress: 1838/2000
Progress: 1839/2000
Progress: 1840/2000[22:53:34] SMILES Parse Error: extra close parentheses while parsing: C1=C(C(=O)NC(=O)N1)[C@H]2[C@@H]([C@@H]([C@H](O2)COP(=O)([O-])OP(=O)([O-])OC[C@@H]3[C@H]([C@H]([C@@H](O3)N4C=NC5=C(N=CN=C54)N)O)O)O)O)O
[22:53:34] SMILES Parse Error: Failed parsing SMILES 'C1=C(C(=O)NC(=O)N1)[C@H]2[C@@H]([C@@H]([C@H](O2)COP(=O)([O-])OP(=O)([O-])OC[C@@H]3[C@H]([C@H]([C@@H](O3)N4C=NC5=C(N=CN=C54)N)O)O)O)O)O' for input: 'C1=C(C(=O)NC(=O)N1)[C@H]2[C@@H]([C@@H]([C@H](O2)COP(=O)([O-])OP(=O)([O-])OC[C@@H]3[C@H]([C@H]([C@@H](O3)N4C=NC5=C(N=CN=C54)N)O)O)O)O)O'

Progress: 1841/2000[22:53:36] SMILES Parse Error: extra close parentheses while parsing: C1=C(C(=O)NC(=O)N1)[C@H]2[C@@H]([C@@H]([C@H](O2)COP(=O)([O-])OP(=O)([O-])OC[C@@H]3[C@H]([C@H]([C@@H](O3)N4C=NC5=C(N=CN=C54)N)O)O)O)O)N
[22:53:36] SMILES Parse Error: Failed parsing SMILES 'C1=C(C(=O)NC(=O)N1)[C@H]2[C@@H]([C@@H]([C@H](O2)COP(=O)([O-])OP(=O)([O-])OC[C@@H]3[C@H]([C@H]([C@@H](O3)N4C=NC5=C(N=CN=C54)N)O)O)O)O)N' for input: 'C1=C(C(=O)NC(=O)N1)[C@H]2[C@@H]([C@@H]([C@H](O2)COP(=O)([O-])OP(=O)([O-])OC[C@@H]3[C@H]([C@H]([C@@H](O3)N4C=NC5=C(N=CN=C54)N)O)O)O)O)N'

Progress: 1842/2000
Progress: 1843/2000[22:53:40] SMILES Parse Error: extra close parentheses while parsing: C1C=CN(C=C1C(=O)N)[C@H]2[C@@H]([C@@H]([C@H](O2)COP(=O)(O)OP(=O)(O)OC[C@@H]3[C@H]([C@H]([C@@H](O3)N4C=NC5=C(N=CN=C54)N)O)O)O)O)N
[22:53:40] SMILES Parse Error: Failed parsing SMILES 'C1C=CN(C=C1C(=O)N)[C@H]2[C@@H]([C@@H]([C@H](O2)COP(=O)(O)OP(=O)(O)OC[C@@H]3[C@H]([C@H]([C@@H](O3)N4C=NC5=C(N=CN=C54)N)O)O)O)O)N' for input: 'C1C=CN(C=C1C(=O)N)[C@H]2[C@@H]([C@@H]([C@H](O2)COP(=O)(O)OP(=O)(O)OC[C@@H]3[C@H]([C@H]([C@@H](O3)N4C=NC5=C(N=CN=C54)N)O)O)O)O)N'

Progress: 1844/2000[22:53:42] SMILES Parse Error: extra close parentheses while parsing: C1=C(C(=O)NC(=O)N1)[C@@H]2[C@H]([C@@H]([C@H](O2)COP(=O)([O-])OP(=O)([O-])OC[C@@H]3[C@H]([C@H]([C@@H](O3)N4C=NC5=C(N=CN=C54)N)O)O)O)O)O)N
[22:53:42] SMILES Parse Error: Failed parsing SMILES 'C1=C(C(=O)NC(=O)N1)[C@@H]2[C@H]([C@@H]([C@H](O2)COP(=O)([O-])OP(=O)([O-])OC[C@@H]3[C@H]([C@H]([C@@H](O3)N4C=NC5=C(N=CN=C54)N)O)O)O)O)O)N' for input: 'C1=C(C(=O)NC(=O)N1)[C@@H]2[C@H]([C@@H]([C@H](O2)COP(=O)([O-])OP(=O)([O-])OC[C@@H]3[C@H]([C@H]([C@@H](O3)N4C=NC5=C(N=CN=C54)N)O)O)O)O)O)N'

Progress: 1845/2000
Progress: 1846/2000[22:53:46] SMILES Parse Error: extra close parentheses while parsing: C1=C(C(=O)NC(=O)N1)[C@@H]2[C@H]([C@@H]([C@H](O2)COP(=O)([O-])OP(=O)([O-])OC[C@@H]3[C@H]([C@H]([C@@H](O3)N4C=NC5=C(N=CN=C54)N)O)O)O)O)O.C1=NC2=C(C(=O)NC2=O)C3=CC(=CC3=C(C=C3)O)O
[22:53:46] SMILES Parse Error: Failed parsing SMILES 'C1=C(C(=O)NC(=O)N1)[C@@H]2[C@H]([C@@H]([C@H](O2)COP(=O)([O-])OP(=O)([O-])OC[C@@H]3[C@H]([C@H]([C@@H](O3)N4C=NC5=C(N=CN=C54)N)O)O)O)O)O.C1=NC2=C(C(=O)NC2=O)C3=CC(=CC3=C(C=C3)O)O' for input: 'C1=C(C(=O)NC(=O)N1)[C@@H]2[C@H]([C@@H]([C@H](O2)COP(=O)([O-])OP(=O)([O-])OC[C@@H]3[C@H]([C@H]([C@@H](O3)N4C=NC5=C(N=CN=C54)N)O)O)O)O)O.C1=NC2=C(C(=O)NC2=O)C3=CC(=CC3=C(C=C3)O)O'

Progress: 1847/2000
Progress: 1848/2000
Progress: 1849/2000[22:53:50] SMILES Parse Error: extra close parentheses while parsing: C1=C(C(=O)NC(=O)N1)[C@@H]2[C@H]([C@@H]([C@H](O2)COP(=O)([O-])OP(=O)([O-])OC[C@@H]3[C@H]([C@H]([C@@H](O3)N4C=NC5=C(N=CN=C54)N)O)O)O)O)O)N
[22:53:50] SMILES Parse Error: Failed parsing SMILES 'C1=C(C(=O)NC(=O)N1)[C@@H]2[C@H]([C@@H]([C@H](O2)COP(=O)([O-])OP(=O)([O-])OC[C@@H]3[C@H]([C@H]([C@@H](O3)N4C=NC5=C(N=CN=C54)N)O)O)O)O)O)N' for input: 'C1=C(C(=O)NC(=O)N1)[C@@H]2[C@H]([C@@H]([C@H](O2)COP(=O)([O-])OP(=O)([O-])OC[C@@H]3[C@H]([C@H]([C@@H](O3)N4C=NC5=C(N=CN=C54)N)O)O)O)O)O)N'

Progress: 1850/2000
Progress: 1851/2000
Progress: 1852/2000[22:53:54] SMILES Parse Error: extra close parentheses while parsing: C1=C(C(=O)NC(=O)N1)[C@H]2[C@@H]([C@@H]([C@H](O2)COP(=O)([O-])OP(=O)([O-])OC[C@@H]3[C@H]([C@H]([C@@H](O3)N4C=NC5=C(N=CN=C54)N)O)O)O)O)O
[22:53:54] SMILES Parse Error: Failed parsing SMILES 'C1=C(C(=O)NC(=O)N1)[C@H]2[C@@H]([C@@H]([C@H](O2)COP(=O)([O-])OP(=O)([O-])OC[C@@H]3[C@H]([C@H]([C@@H](O3)N4C=NC5=C(N=CN=C54)N)O)O)O)O)O' for input: 'C1=C(C(=O)NC(=O)N1)[C@H]2[C@@H]([C@@H]([C@H](O2)COP(=O)([O-])OP(=O)([O-])OC[C@@H]3[C@H]([C@H]([C@@H](O3)N4C=NC5=C(N=CN=C54)N)O)O)O)O)O'

Progress: 1853/2000
Progress: 1854/2000[22:53:58] SMILES Parse Error: extra close parentheses while parsing: C1=C(C(=O)NC(=O)N1)[C@@H]2[C@H]([C@@H]([C@H](O2)COP(=O)([O-])OP(=O)([O-])OC[C@@H]3[C@H]([C@H]([C@@H](O3)N4C=NC5=C(N=CN=C54)N)O)O)O)O)O)N
[22:53:58] SMILES Parse Error: Failed parsing SMILES 'C1=C(C(=O)NC(=O)N1)[C@@H]2[C@H]([C@@H]([C@H](O2)COP(=O)([O-])OP(=O)([O-])OC[C@@H]3[C@H]([C@H]([C@@H](O3)N4C=NC5=C(N=CN=C54)N)O)O)O)O)O)N' for input: 'C1=C(C(=O)NC(=O)N1)[C@@H]2[C@H]([C@@H]([C@H](O2)COP(=O)([O-])OP(=O)([O-])OC[C@@H]3[C@H]([C@H]([C@@H](O3)N4C=NC5=C(N=CN=C54)N)O)O)O)O)O)N'

Progress: 1855/2000[22:54:00] SMILES Parse Error: extra close parentheses while parsing: C1=C(C(=O)NC(=O)N1)[C@@H]2[C@H]([C@@H]([C@H](O2)COP(=O)([O-])OP(=O)([O-])OC[C@@H]3[C@H]([C@H]([C@@H](O3)N4C=NC5=C(N=CN=C54)N)O)O)O)O)O)N
[22:54:00] SMILES Parse Error: Failed parsing SMILES 'C1=C(C(=O)NC(=O)N1)[C@@H]2[C@H]([C@@H]([C@H](O2)COP(=O)([O-])OP(=O)([O-])OC[C@@H]3[C@H]([C@H]([C@@H](O3)N4C=NC5=C(N=CN=C54)N)O)O)O)O)O)N' for input: 'C1=C(C(=O)NC(=O)N1)[C@@H]2[C@H]([C@@H]([C@H](O2)COP(=O)([O-])OP(=O)([O-])OC[C@@H]3[C@H]([C@H]([C@@H](O3)N4C=NC5=C(N=CN=C54)N)O)O)O)O)O)N'

Progress: 1856/2000[22:54:02] SMILES Parse Error: extra close parentheses while parsing: C1=C(C(=O)NC(=O)N1)[C@@H]2[C@H]([C@@H]([C@H](O2)COP(=O)([O-])OP(=O)([O-])OC[C@@H]3[C@H]([C@H]([C@@H](O3)N4C=NC5=C(N=CN=C54)N)O)O)O)O)O)N
[22:54:02] SMILES Parse Error: Failed parsing SMILES 'C1=C(C(=O)NC(=O)N1)[C@@H]2[C@H]([C@@H]([C@H](O2)COP(=O)([O-])OP(=O)([O-])OC[C@@H]3[C@H]([C@H]([C@@H](O3)N4C=NC5=C(N=CN=C54)N)O)O)O)O)O)N' for input: 'C1=C(C(=O)NC(=O)N1)[C@@H]2[C@H]([C@@H]([C@H](O2)COP(=O)([O-])OP(=O)([O-])OC[C@@H]3[C@H]([C@H]([C@@H](O3)N4C=NC5=C(N=CN=C54)N)O)O)O)O)O)N'

Progress: 1857/2000[22:54:03] SMILES Parse Error: extra open parentheses for input: 'CC1=C(C(=O)C2=NC3=C(N=C(NC3=O)[O-])N(C2=C1)C[C@@H]([C@@H]([C@@H](COP(=O)([O-])[O-])O)O)O'

Progress: 1858/2000[22:54:04] SMILES Parse Error: extra open parentheses for input: 'CC1=C(C(=O)C2=NC3=C(N=C(NC3=O)[O-])N(C2=C1)C[C@@H]([C@@H]([C@@H](COP(=O)([O-])[O-])O)O)O'

Progress: 1859/2000[22:54:06] SMILES Parse Error: extra close parentheses while parsing: C1=C(C(=O)NC(=O)N1)[C@H]2[C@@H]([C@@H]([C@H](O2)COP(=O)([O-])OP(=O)([O-])OC[C@@H]3[C@H]([C@H]([C@@H](O3)N4C=NC5=C(N=CN=C54)N)O)O)O)O)O
[22:54:06] SMILES Parse Error: Failed parsing SMILES 'C1=C(C(=O)NC(=O)N1)[C@H]2[C@@H]([C@@H]([C@H](O2)COP(=O)([O-])OP(=O)([O-])OC[C@@H]3[C@H]([C@H]([C@@H](O3)N4C=NC5=C(N=CN=C54)N)O)O)O)O)O' for input: 'C1=C(C(=O)NC(=O)N1)[C@H]2[C@@H]([C@@H]([C@H](O2)COP(=O)([O-])OP(=O)([O-])OC[C@@H]3[C@H]([C@H]([C@@H](O3)N4C=NC5=C(N=CN=C54)N)O)O)O)O)O'

Progress: 1860/2000
Progress: 1861/2000[22:54:09] SMILES Parse Error: extra close parentheses while parsing: C1=C(C(=O)NC(=O)N1)[C@H]2[C@@H]([C@@H]([C@H](O2)COP(=O)([O-])OP(=O)([O-])OC[C@@H]3[C@H]([C@H]([C@@H](O3)N4C=NC5=C4N=C(NC5=O)N)O)O)O)O)N
[22:54:09] SMILES Parse Error: Failed parsing SMILES 'C1=C(C(=O)NC(=O)N1)[C@H]2[C@@H]([C@@H]([C@H](O2)COP(=O)([O-])OP(=O)([O-])OC[C@@H]3[C@H]([C@H]([C@@H](O3)N4C=NC5=C4N=C(NC5=O)N)O)O)O)O)N' for input: 'C1=C(C(=O)NC(=O)N1)[C@H]2[C@@H]([C@@H]([C@H](O2)COP(=O)([O-])OP(=O)([O-])OC[C@@H]3[C@H]([C@H]([C@@H](O3)N4C=NC5=C4N=C(NC5=O)N)O)O)O)O)N'

Progress: 1862/2000[22:54:11] SMILES Parse Error: extra close parentheses while parsing: C1[C@@H]([C@H](O[C@H]1N2C=NC3=C2N=C(NC3=O)N)COP(=O)(O)OP(=O)(O)OC[C@@H]4[C@H]([C@H]([C@@H](O4)N5C=NC6=C(N=CN=C65)N)O)O)O)O
[22:54:11] SMILES Parse Error: Failed parsing SMILES 'C1[C@@H]([C@H](O[C@H]1N2C=NC3=C2N=C(NC3=O)N)COP(=O)(O)OP(=O)(O)OC[C@@H]4[C@H]([C@H]([C@@H](O4)N5C=NC6=C(N=CN=C65)N)O)O)O)O' for input: 'C1[C@@H]([C@H](O[C@H]1N2C=NC3=C2N=C(NC3=O)N)COP(=O)(O)OP(=O)(O)OC[C@@H]4[C@H]([C@H]([C@@H](O4)N5C=NC6=C(N=CN=C65)N)O)O)O)O'

Progress: 1863/2000[22:54:13] SMILES Parse Error: extra close parentheses while parsing: C1[C@@H]([C@H](O[C@H]1N2C=NC3=C2N=C(NC3=O)N)COP(=O)(O)OP(=O)(O)OC[C@@H]4[C@H]([C@H]([C@@H](O4)N5C=NC6=C5N=C(NC6=O)N)O)O)O)O
[22:54:13] SMILES Parse Error: Failed parsing SMILES 'C1[C@@H]([C@H](O[C@H]1N2C=NC3=C2N=C(NC3=O)N)COP(=O)(O)OP(=O)(O)OC[C@@H]4[C@H]([C@H]([C@@H](O4)N5C=NC6=C5N=C(NC6=O)N)O)O)O)O' for input: 'C1[C@@H]([C@H](O[C@H]1N2C=NC3=C2N=C(NC3=O)N)COP(=O)(O)OP(=O)(O)OC[C@@H]4[C@H]([C@H]([C@@H](O4)N5C=NC6=C5N=C(NC6=O)N)O)O)O)O'

Progress: 1864/2000
Progress: 1865/2000[22:54:17] SMILES Parse Error: extra close parentheses while parsing: C1C=CN(C=C1C(=O)N)[C@H]2[C@@H]([C@@H]([C@H](O2)COP(=O)([O-])OP(=O)([O-])OC[C@@H]3[C@H]([C@H]([C@@H](O3)N4C=NC5=C(N=CN=C54)N)O)O)O)O)O
[22:54:17] SMILES Parse Error: Failed parsing SMILES 'C1C=CN(C=C1C(=O)N)[C@H]2[C@@H]([C@@H]([C@H](O2)COP(=O)([O-])OP(=O)([O-])OC[C@@H]3[C@H]([C@H]([C@@H](O3)N4C=NC5=C(N=CN=C54)N)O)O)O)O)O' for input: 'C1C=CN(C=C1C(=O)N)[C@H]2[C@@H]([C@@H]([C@H](O2)COP(=O)([O-])OP(=O)([O-])OC[C@@H]3[C@H]([C@H]([C@@H](O3)N4C=NC5=C(N=CN=C54)N)O)O)O)O)O'

Progress: 1866/2000
Progress: 1867/2000[22:54:20] SMILES Parse Error: extra close parentheses while parsing: C1C=CN(C=C1C(=O)N)[C@H]2[C@@H]([C@@H]([C@H](O2)COP(=O)([O-])OP(=O)([O-])OC[C@@H]3[C@H]([C@H]([C@@H](O3)N4C=NC5=C(N=CN=C54)N)O)O)O)O)O
[22:54:20] SMILES Parse Error: Failed parsing SMILES 'C1C=CN(C=C1C(=O)N)[C@H]2[C@@H]([C@@H]([C@H](O2)COP(=O)([O-])OP(=O)([O-])OC[C@@H]3[C@H]([C@H]([C@@H](O3)N4C=NC5=C(N=CN=C54)N)O)O)O)O)O' for input: 'C1C=CN(C=C1C(=O)N)[C@H]2[C@@H]([C@@H]([C@H](O2)COP(=O)([O-])OP(=O)([O-])OC[C@@H]3[C@H]([C@H]([C@@H](O3)N4C=NC5=C(N=CN=C54)N)O)O)O)O)O'

Progress: 1868/2000[22:54:22] SMILES Parse Error: extra close parentheses while parsing: C1=C(C(=O)NC(=O)N1[C@H]2[C@@H]([C@@H]([C@H](O2)COP(=O)([O-])OP(=O)([O-])OC[C@@H]3[C@H]([C@H]([C@@H](O3)N4C=NC5=C(N=CN=C54)N)O)O)O)O)O)N
[22:54:22] SMILES Parse Error: Failed parsing SMILES 'C1=C(C(=O)NC(=O)N1[C@H]2[C@@H]([C@@H]([C@H](O2)COP(=O)([O-])OP(=O)([O-])OC[C@@H]3[C@H]([C@H]([C@@H](O3)N4C=NC5=C(N=CN=C54)N)O)O)O)O)O)N' for input: 'C1=C(C(=O)NC(=O)N1[C@H]2[C@@H]([C@@H]([C@H](O2)COP(=O)([O-])OP(=O)([O-])OC[C@@H]3[C@H]([C@H]([C@@H](O3)N4C=NC5=C(N=CN=C54)N)O)O)O)O)O)N'

Progress: 1869/2000
Progress: 1870/2000
Progress: 1871/2000
Progress: 1872/2000[22:54:27] SMILES Parse Error: extra close parentheses while parsing: C1[C@@H]([C@H](O[C@H]1N2C=NC3=C2N=C(NC3=O)N)COP(=O)(O)OP(=O)(O)OC[C@@H]4[C@H]([C@H]([C@@H](O4)N5C=NC6=C5N=C(NC6=O)N)O)O)O)O
[22:54:27] SMILES Parse Error: Failed parsing SMILES 'C1[C@@H]([C@H](O[C@H]1N2C=NC3=C2N=C(NC3=O)N)COP(=O)(O)OP(=O)(O)OC[C@@H]4[C@H]([C@H]([C@@H](O4)N5C=NC6=C5N=C(NC6=O)N)O)O)O)O' for input: 'C1[C@@H]([C@H](O[C@H]1N2C=NC3=C2N=C(NC3=O)N)COP(=O)(O)OP(=O)(O)OC[C@@H]4[C@H]([C@H]([C@@H](O4)N5C=NC6=C5N=C(NC6=O)N)O)O)O)O'

Progress: 1873/2000
Progress: 1874/2000[22:54:30] SMILES Parse Error: extra close parentheses while parsing: C1=C(C(=O)NC(=O)N1)[C@@H]2[C@H]([C@@H]([C@H](O2)COP(=O)([O-])OP(=O)([O-])OC[C@@H]3[C@H]([C@H]([C@@H](O3)N4C=NC5=C(N=CN=C54)N)O)O)O)O)O)N
[22:54:30] SMILES Parse Error: Failed parsing SMILES 'C1=C(C(=O)NC(=O)N1)[C@@H]2[C@H]([C@@H]([C@H](O2)COP(=O)([O-])OP(=O)([O-])OC[C@@H]3[C@H]([C@H]([C@@H](O3)N4C=NC5=C(N=CN=C54)N)O)O)O)O)O)N' for input: 'C1=C(C(=O)NC(=O)N1)[C@@H]2[C@H]([C@@H]([C@H](O2)COP(=O)([O-])OP(=O)([O-])OC[C@@H]3[C@H]([C@H]([C@@H](O3)N4C=NC5=C(N=CN=C54)N)O)O)O)O)O)N'

Progress: 1875/2000[22:54:32] SMILES Parse Error: extra close parentheses while parsing: C1=C(C(=O)NC(=O)N1)[C@H]2[C@@H]([C@@H]([C@H](O2)COP(=O)([O-])OP(=O)([O-])OC[C@@H]3[C@H]([C@H]([C@@H](O3)N4C=NC5=C(N=CN=C54)N)O)O)O)O)N
[22:54:32] SMILES Parse Error: Failed parsing SMILES 'C1=C(C(=O)NC(=O)N1)[C@H]2[C@@H]([C@@H]([C@H](O2)COP(=O)([O-])OP(=O)([O-])OC[C@@H]3[C@H]([C@H]([C@@H](O3)N4C=NC5=C(N=CN=C54)N)O)O)O)O)N' for input: 'C1=C(C(=O)NC(=O)N1)[C@H]2[C@@H]([C@@H]([C@H](O2)COP(=O)([O-])OP(=O)([O-])OC[C@@H]3[C@H]([C@H]([C@@H](O3)N4C=NC5=C(N=CN=C54)N)O)O)O)O)N'

Progress: 1876/2000
Progress: 1877/2000[22:54:35] SMILES Parse Error: extra open parentheses for input: 'C1C=CN(C=C1C(=O)N)[C@@H]2[C@@H]([C@H]([C@@H]([C@H](O2)COP(=O)([O-])OP(=O)([O-])OC[C@@H]3[C@H]([C@H]([C@@H](O3)N4C=NC5=C(N=CN=C54)N)O)O)O)O'

Progress: 1878/2000[22:54:37] SMILES Parse Error: extra close parentheses while parsing: C1=C(C(=O)NC(=O)N1[C@H]2[C@@H]([C@@H]([C@H](O2)COP(=O)([O-])OP(=O)([O-])OC[C@@H]3[C@H]([C@H]([C@@H](O3)N4C=NC5=C(N=CN=C54)N)O)O)O)O)O)N
[22:54:37] SMILES Parse Error: Failed parsing SMILES 'C1=C(C(=O)NC(=O)N1[C@H]2[C@@H]([C@@H]([C@H](O2)COP(=O)([O-])OP(=O)([O-])OC[C@@H]3[C@H]([C@H]([C@@H](O3)N4C=NC5=C(N=CN=C54)N)O)O)O)O)O)N' for input: 'C1=C(C(=O)NC(=O)N1[C@H]2[C@@H]([C@@H]([C@H](O2)COP(=O)([O-])OP(=O)([O-])OC[C@@H]3[C@H]([C@H]([C@@H](O3)N4C=NC5=C(N=CN=C54)N)O)O)O)O)O)N'

Progress: 1879/2000[22:54:39] SMILES Parse Error: extra close parentheses while parsing: C1C=CN(C=C1C(=O)N)[C@H]2[C@@H]([C@@H]([C@H](O2)COP(=O)([O-])OP(=O)([O-])OC[C@@H]3[C@H]([C@H]([C@@H](O3)N4C=NC5=C(N=CN=C54)N)O)O)O)O)O
[22:54:39] SMILES Parse Error: Failed parsing SMILES 'C1C=CN(C=C1C(=O)N)[C@H]2[C@@H]([C@@H]([C@H](O2)COP(=O)([O-])OP(=O)([O-])OC[C@@H]3[C@H]([C@H]([C@@H](O3)N4C=NC5=C(N=CN=C54)N)O)O)O)O)O' for input: 'C1C=CN(C=C1C(=O)N)[C@H]2[C@@H]([C@@H]([C@H](O2)COP(=O)([O-])OP(=O)([O-])OC[C@@H]3[C@H]([C@H]([C@@H](O3)N4C=NC5=C(N=CN=C54)N)O)O)O)O)O'

Progress: 1880/2000[22:54:41] SMILES Parse Error: extra close parentheses while parsing: C1=C(C(=O)NC(=O)N1)[C@@H]2[C@H]([C@@H]([C@H](O2)COP(=O)([O-])OP(=O)([O-])OC[C@@H]3[C@H]([C@H]([C@@H](O3)N4C=NC5=C(N=CN=C54)N)O)O)O)O)N
[22:54:41] SMILES Parse Error: Failed parsing SMILES 'C1=C(C(=O)NC(=O)N1)[C@@H]2[C@H]([C@@H]([C@H](O2)COP(=O)([O-])OP(=O)([O-])OC[C@@H]3[C@H]([C@H]([C@@H](O3)N4C=NC5=C(N=CN=C54)N)O)O)O)O)N' for input: 'C1=C(C(=O)NC(=O)N1)[C@@H]2[C@H]([C@@H]([C@H](O2)COP(=O)([O-])OP(=O)([O-])OC[C@@H]3[C@H]([C@H]([C@@H](O3)N4C=NC5=C(N=CN=C54)N)O)O)O)O)N'

Progress: 1881/2000[22:54:43] SMILES Parse Error: extra close parentheses while parsing: C1=C(C(=O)NC(=O)N1)[C@H]2[C@@H]([C@@H]([C@H](O2)COP(=O)([O-])OP(=O)([O-])OC[C@@H]3[C@H]([C@H]([C@@H](O3)N4C=NC5=C(N=CN=C54)N)O)O)O)O)N
[22:54:43] SMILES Parse Error: Failed parsing SMILES 'C1=C(C(=O)NC(=O)N1)[C@H]2[C@@H]([C@@H]([C@H](O2)COP(=O)([O-])OP(=O)([O-])OC[C@@H]3[C@H]([C@H]([C@@H](O3)N4C=NC5=C(N=CN=C54)N)O)O)O)O)N' for input: 'C1=C(C(=O)NC(=O)N1)[C@H]2[C@@H]([C@@H]([C@H](O2)COP(=O)([O-])OP(=O)([O-])OC[C@@H]3[C@H]([C@H]([C@@H](O3)N4C=NC5=C(N=CN=C54)N)O)O)O)O)N'

Progress: 1882/2000
Progress: 1883/2000
Progress: 1884/2000
Progress: 1885/2000[22:54:50] SMILES Parse Error: extra close parentheses while parsing: C1[C@@H]([C@H](O[C@H]1N2C=NC3=C2N=C(NC3=O)N)COP(=O)(O)OP(=O)(O)OC[C@@H]4[C@H]([C@H]([C@@H](O4)N5C=NC6=C5N=C(NC6=O)N)O)O)O)O
[22:54:50] SMILES Parse Error: Failed parsing SMILES 'C1[C@@H]([C@H](O[C@H]1N2C=NC3=C2N=C(NC3=O)N)COP(=O)(O)OP(=O)(O)OC[C@@H]4[C@H]([C@H]([C@@H](O4)N5C=NC6=C5N=C(NC6=O)N)O)O)O)O' for input: 'C1[C@@H]([C@H](O[C@H]1N2C=NC3=C2N=C(NC3=O)N)COP(=O)(O)OP(=O)(O)OC[C@@H]4[C@H]([C@H]([C@@H](O4)N5C=NC6=C5N=C(NC6=O)N)O)O)O)O'

Progress: 1886/2000[22:54:52] SMILES Parse Error: extra close parentheses while parsing: C1C=CN(C=C1C(=O)N)[C@H]2[C@@H]([C@@H]([C@H](O2)COP(=O)(O)OP(=O)(O)OC[C@@H]3[C@H]([C@H]([C@@H](O3)N4C=NC5=C(N=CN=C54)N)O)O)O)O)N
[22:54:52] SMILES Parse Error: Failed parsing SMILES 'C1C=CN(C=C1C(=O)N)[C@H]2[C@@H]([C@@H]([C@H](O2)COP(=O)(O)OP(=O)(O)OC[C@@H]3[C@H]([C@H]([C@@H](O3)N4C=NC5=C(N=CN=C54)N)O)O)O)O)N' for input: 'C1C=CN(C=C1C(=O)N)[C@H]2[C@@H]([C@@H]([C@H](O2)COP(=O)(O)OP(=O)(O)OC[C@@H]3[C@H]([C@H]([C@@H](O3)N4C=NC5=C(N=CN=C54)N)O)O)O)O)N'

Progress: 1887/2000[22:54:54] SMILES Parse Error: extra close parentheses while parsing: C1=C(C(=O)NC(=O)N1)[C@@H]2[C@H]([C@@H]([C@H](O2)COP(=O)([O-])OP(=O)([O-])OC[C@@H]3[C@H]([C@H]([C@@H](O3)N4C=NC5=C(N=CN=C54)N)O)O)O)O)O)N
[22:54:54] SMILES Parse Error: Failed parsing SMILES 'C1=C(C(=O)NC(=O)N1)[C@@H]2[C@H]([C@@H]([C@H](O2)COP(=O)([O-])OP(=O)([O-])OC[C@@H]3[C@H]([C@H]([C@@H](O3)N4C=NC5=C(N=CN=C54)N)O)O)O)O)O)N' for input: 'C1=C(C(=O)NC(=O)N1)[C@@H]2[C@H]([C@@H]([C@H](O2)COP(=O)([O-])OP(=O)([O-])OC[C@@H]3[C@H]([C@H]([C@@H](O3)N4C=NC5=C(N=CN=C54)N)O)O)O)O)O)N'

Progress: 1888/2000[22:54:56] SMILES Parse Error: extra close parentheses while parsing: C1[C@@H]([C@H](O[C@H]1N2C=NC3=C2N=C(NC3=O)N)COP(=O)(O)OP(=O)(O)OC[C@@H]4[C@H]([C@H]([C@@H](O4)N5C=NC6=C5N=C(NC6=O)N)O)O)O)O
[22:54:56] SMILES Parse Error: Failed parsing SMILES 'C1[C@@H]([C@H](O[C@H]1N2C=NC3=C2N=C(NC3=O)N)COP(=O)(O)OP(=O)(O)OC[C@@H]4[C@H]([C@H]([C@@H](O4)N5C=NC6=C5N=C(NC6=O)N)O)O)O)O' for input: 'C1[C@@H]([C@H](O[C@H]1N2C=NC3=C2N=C(NC3=O)N)COP(=O)(O)OP(=O)(O)OC[C@@H]4[C@H]([C@H]([C@@H](O4)N5C=NC6=C5N=C(NC6=O)N)O)O)O)O'

Progress: 1889/2000
Progress: 1890/2000[22:54:59] SMILES Parse Error: extra close parentheses while parsing: C1=C(C(=O)NC(=O)N1)[C@H]2[C@@H]([C@@H]([C@H](O2)COP(=O)([O-])OP(=O)([O-])OC[C@@H]3[C@H]([C@H]([C@@H](O3)N4C=NC5=C(N=CN=C54)N)O)O)O)O)O
[22:54:59] SMILES Parse Error: Failed parsing SMILES 'C1=C(C(=O)NC(=O)N1)[C@H]2[C@@H]([C@@H]([C@H](O2)COP(=O)([O-])OP(=O)([O-])OC[C@@H]3[C@H]([C@H]([C@@H](O3)N4C=NC5=C(N=CN=C54)N)O)O)O)O)O' for input: 'C1=C(C(=O)NC(=O)N1)[C@H]2[C@@H]([C@@H]([C@H](O2)COP(=O)([O-])OP(=O)([O-])OC[C@@H]3[C@H]([C@H]([C@@H](O3)N4C=NC5=C(N=CN=C54)N)O)O)O)O)O'

Progress: 1891/2000
Progress: 1892/2000[22:55:01] SMILES Parse Error: extra close parentheses while parsing: C1[C@@H]([C@H](O[C@H]1N2C=NC3=C2N=C(NC3=O)N)COP(=O)(O)OP(=O)(O)OC[C@@H]4[C@H]([C@H]([C@@H](O4)N5C=NC6=C5N=C(NC6=O)N)O)O)O)O
[22:55:01] SMILES Parse Error: Failed parsing SMILES 'C1[C@@H]([C@H](O[C@H]1N2C=NC3=C2N=C(NC3=O)N)COP(=O)(O)OP(=O)(O)OC[C@@H]4[C@H]([C@H]([C@@H](O4)N5C=NC6=C5N=C(NC6=O)N)O)O)O)O' for input: 'C1[C@@H]([C@H](O[C@H]1N2C=NC3=C2N=C(NC3=O)N)COP(=O)(O)OP(=O)(O)OC[C@@H]4[C@H]([C@H]([C@@H](O4)N5C=NC6=C5N=C(NC6=O)N)O)O)O)O'

Progress: 1893/2000
Progress: 1894/2000
Progress: 1895/2000[22:55:05] SMILES Parse Error: extra close parentheses while parsing: C1=C(C(=O)NC(=O)N1)[C@@H]2[C@H]([C@@H]([C@H](O2)COP(=O)(O)OP(=O)(O)OC[C@@H]3[C@H]([C@H]([C@@H](O3)N4C=NC5=C(N=CN=C54)N)O)O)O)O)O
[22:55:05] SMILES Parse Error: Failed parsing SMILES 'C1=C(C(=O)NC(=O)N1)[C@@H]2[C@H]([C@@H]([C@H](O2)COP(=O)(O)OP(=O)(O)OC[C@@H]3[C@H]([C@H]([C@@H](O3)N4C=NC5=C(N=CN=C54)N)O)O)O)O)O' for input: 'C1=C(C(=O)NC(=O)N1)[C@@H]2[C@H]([C@@H]([C@H](O2)COP(=O)(O)OP(=O)(O)OC[C@@H]3[C@H]([C@H]([C@@H](O3)N4C=NC5=C(N=CN=C54)N)O)O)O)O)O'

Progress: 1896/2000
Progress: 1897/2000[22:55:09] SMILES Parse Error: extra close parentheses while parsing: C1=C(C(=O)NC(=O)N1)[C@H]2[C@@H]([C@@H]([C@H](O2)COP(=O)([O-])OP(=O)([O-])OC[C@@H]3[C@H]([C@H]([C@@H](O3)N4C=NC5=C(N=CN=C54)N)O)O)O)O)O
[22:55:09] SMILES Parse Error: Failed parsing SMILES 'C1=C(C(=O)NC(=O)N1)[C@H]2[C@@H]([C@@H]([C@H](O2)COP(=O)([O-])OP(=O)([O-])OC[C@@H]3[C@H]([C@H]([C@@H](O3)N4C=NC5=C(N=CN=C54)N)O)O)O)O)O' for input: 'C1=C(C(=O)NC(=O)N1)[C@H]2[C@@H]([C@@H]([C@H](O2)COP(=O)([O-])OP(=O)([O-])OC[C@@H]3[C@H]([C@H]([C@@H](O3)N4C=NC5=C(N=CN=C54)N)O)O)O)O)O'

Progress: 1898/2000[22:55:11] SMILES Parse Error: extra close parentheses while parsing: CCC1=C(C2=NC1=CC3=C(C4=C(N3)C(=C5[C@H]([C@@H](C(=CC6=NC(=C2)C(=C6C)C=C)N5)C)CCC(=O)O)C4=N3)O)C)C
[22:55:11] SMILES Parse Error: Failed parsing SMILES 'CCC1=C(C2=NC1=CC3=C(C4=C(N3)C(=C5[C@H]([C@@H](C(=CC6=NC(=C2)C(=C6C)C=C)N5)C)CCC(=O)O)C4=N3)O)C)C' for input: 'CCC1=C(C2=NC1=CC3=C(C4=C(N3)C(=C5[C@H]([C@@H](C(=CC6=NC(=C2)C(=C6C)C=C)N5)C)CCC(=O)O)C4=N3)O)C)C'

Progress: 1899/2000[22:55:12] SMILES Parse Error: extra close parentheses while parsing: C1=C(C(=O)NC(=O)N1)[C@H]2[C@@H]([C@@H]([C@H](O2)COP(=O)([O-])OP(=O)([O-])OC[C@@H]3[C@H]([C@H]([C@@H](O3)N4C=NC5=C(N=CN=C54)N)O)O)O)O)N
[22:55:12] SMILES Parse Error: Failed parsing SMILES 'C1=C(C(=O)NC(=O)N1)[C@H]2[C@@H]([C@@H]([C@H](O2)COP(=O)([O-])OP(=O)([O-])OC[C@@H]3[C@H]([C@H]([C@@H](O3)N4C=NC5=C(N=CN=C54)N)O)O)O)O)N' for input: 'C1=C(C(=O)NC(=O)N1)[C@H]2[C@@H]([C@@H]([C@H](O2)COP(=O)([O-])OP(=O)([O-])OC[C@@H]3[C@H]([C@H]([C@@H](O3)N4C=NC5=C(N=CN=C54)N)O)O)O)O)N'

Progress: 1900/2000[22:55:15] SMILES Parse Error: extra close parentheses while parsing: C1[C@@H]([C@H](O[C@H]1N2C=NC3=C2N=C(NC3=O)N)COP(=O)(O)OP(=O)(O)OC[C@@H]4[C@H]([C@H]([C@@H](O4)N5C=NC6=C5N=C(NC6=O)N)O)O)O)O
[22:55:15] SMILES Parse Error: Failed parsing SMILES 'C1[C@@H]([C@H](O[C@H]1N2C=NC3=C2N=C(NC3=O)N)COP(=O)(O)OP(=O)(O)OC[C@@H]4[C@H]([C@H]([C@@H](O4)N5C=NC6=C5N=C(NC6=O)N)O)O)O)O' for input: 'C1[C@@H]([C@H](O[C@H]1N2C=NC3=C2N=C(NC3=O)N)COP(=O)(O)OP(=O)(O)OC[C@@H]4[C@H]([C@H]([C@@H](O4)N5C=NC6=C5N=C(NC6=O)N)O)O)O)O'

Progress: 1901/2000[22:55:16] SMILES Parse Error: extra close parentheses while parsing: C1=C(C(=O)NC(=O)N1[C@H]2[C@@H]([C@@H]([C@H](O2)COP(=O)([O-])OP(=O)([O-])OC[C@@H]3[C@H]([C@H]([C@@H](O3)N4C=NC5=C(N=CN=C54)N)O)O)O)O)O)N
[22:55:16] SMILES Parse Error: Failed parsing SMILES 'C1=C(C(=O)NC(=O)N1[C@H]2[C@@H]([C@@H]([C@H](O2)COP(=O)([O-])OP(=O)([O-])OC[C@@H]3[C@H]([C@H]([C@@H](O3)N4C=NC5=C(N=CN=C54)N)O)O)O)O)O)N' for input: 'C1=C(C(=O)NC(=O)N1[C@H]2[C@@H]([C@@H]([C@H](O2)COP(=O)([O-])OP(=O)([O-])OC[C@@H]3[C@H]([C@H]([C@@H](O3)N4C=NC5=C(N=CN=C54)N)O)O)O)O)O)N'

Progress: 1902/2000[22:55:19] SMILES Parse Error: extra close parentheses while parsing: C1=C(C(=O)NC(=O)N1[C@H]2[C@@H]([C@@H]([C@H](O2)COP(=O)([O-])OP(=O)([O-])OC[C@@H]3[C@H]([C@H]([C@@H](O3)N4C=NC5=C(N=CN=C54)N)O)O)O)O)O)N
[22:55:19] SMILES Parse Error: Failed parsing SMILES 'C1=C(C(=O)NC(=O)N1[C@H]2[C@@H]([C@@H]([C@H](O2)COP(=O)([O-])OP(=O)([O-])OC[C@@H]3[C@H]([C@H]([C@@H](O3)N4C=NC5=C(N=CN=C54)N)O)O)O)O)O)N' for input: 'C1=C(C(=O)NC(=O)N1[C@H]2[C@@H]([C@@H]([C@H](O2)COP(=O)([O-])OP(=O)([O-])OC[C@@H]3[C@H]([C@H]([C@@H](O3)N4C=NC5=C(N=CN=C54)N)O)O)O)O)O)N'

Progress: 1903/2000[22:55:20] SMILES Parse Error: extra open parentheses for input: 'CC1=C(C(=O)C2=NC3=C(N=C(NC3=O)[O-])N(C2=C1)C[C@@H]([C@@H]([C@@H](COP(=O)([O-])[O-])O)O)O'

Progress: 1904/2000
Progress: 1905/2000
Progress: 1906/2000[22:55:25] SMILES Parse Error: extra close parentheses while parsing: C1C=CN(C=C1C(=O)N)[C@H]2[C@@H]([C@@H]([C@H](O2)COP(=O)(O)OP(=O)(O)OC[C@@H]3[C@H]([C@H]([C@@H](O3)N4C=NC5=C(N=CN=C54)N)O)O)O)O)N
[22:55:25] SMILES Parse Error: Failed parsing SMILES 'C1C=CN(C=C1C(=O)N)[C@H]2[C@@H]([C@@H]([C@H](O2)COP(=O)(O)OP(=O)(O)OC[C@@H]3[C@H]([C@H]([C@@H](O3)N4C=NC5=C(N=CN=C54)N)O)O)O)O)N' for input: 'C1C=CN(C=C1C(=O)N)[C@H]2[C@@H]([C@@H]([C@H](O2)COP(=O)(O)OP(=O)(O)OC[C@@H]3[C@H]([C@H]([C@@H](O3)N4C=NC5=C(N=CN=C54)N)O)O)O)O)N'

Progress: 1907/2000[22:55:26] SMILES Parse Error: extra close parentheses while parsing: C1[C@@H]([C@H](O[C@H]1N2C=NC3=C2N=C(NC3=O)N)COP(=O)(O)OP(=O)(O)OC[C@@H]4[C@H]([C@H]([C@@H](O4)N5C=NC6=C5N=C(NC6=O)N)O)O)O)O
[22:55:26] SMILES Parse Error: Failed parsing SMILES 'C1[C@@H]([C@H](O[C@H]1N2C=NC3=C2N=C(NC3=O)N)COP(=O)(O)OP(=O)(O)OC[C@@H]4[C@H]([C@H]([C@@H](O4)N5C=NC6=C5N=C(NC6=O)N)O)O)O)O' for input: 'C1[C@@H]([C@H](O[C@H]1N2C=NC3=C2N=C(NC3=O)N)COP(=O)(O)OP(=O)(O)OC[C@@H]4[C@H]([C@H]([C@@H](O4)N5C=NC6=C5N=C(NC6=O)N)O)O)O)O'

Progress: 1908/2000
Progress: 1909/2000[22:55:30] SMILES Parse Error: extra close parentheses while parsing: C1=C(C(=O)NC(=O)N1)[C@H]2[C@@H]([C@@H]([C@H](O2)COP(=O)([O-])OP(=O)([O-])OC[C@@H]3[C@H]([C@H]([C@@H](O3)N4C=NC5=C(N=CN=C54)N)O)O)O)O)O
[22:55:30] SMILES Parse Error: Failed parsing SMILES 'C1=C(C(=O)NC(=O)N1)[C@H]2[C@@H]([C@@H]([C@H](O2)COP(=O)([O-])OP(=O)([O-])OC[C@@H]3[C@H]([C@H]([C@@H](O3)N4C=NC5=C(N=CN=C54)N)O)O)O)O)O' for input: 'C1=C(C(=O)NC(=O)N1)[C@H]2[C@@H]([C@@H]([C@H](O2)COP(=O)([O-])OP(=O)([O-])OC[C@@H]3[C@H]([C@H]([C@@H](O3)N4C=NC5=C(N=CN=C54)N)O)O)O)O)O'

Progress: 1910/2000
Progress: 1911/2000
Progress: 1912/2000
Progress: 1913/2000
Progress: 1914/2000
Progress: 1915/2000[22:55:40] SMILES Parse Error: extra close parentheses while parsing: C1=C(C(=O)NC(=O)N1)[C@@H]2[C@H]([C@@H]([C@H](O2)COP(=O)([O-])OP(=O)([O-])OC[C@@H]3[C@H]([C@H]([C@@H](O3)N4C=NC5=C(N=CN=C54)N)O)O)O)O)O)N
[22:55:40] SMILES Parse Error: Failed parsing SMILES 'C1=C(C(=O)NC(=O)N1)[C@@H]2[C@H]([C@@H]([C@H](O2)COP(=O)([O-])OP(=O)([O-])OC[C@@H]3[C@H]([C@H]([C@@H](O3)N4C=NC5=C(N=CN=C54)N)O)O)O)O)O)N' for input: 'C1=C(C(=O)NC(=O)N1)[C@@H]2[C@H]([C@@H]([C@H](O2)COP(=O)([O-])OP(=O)([O-])OC[C@@H]3[C@H]([C@H]([C@@H](O3)N4C=NC5=C(N=CN=C54)N)O)O)O)O)O)N'

Progress: 1916/2000
Progress: 1917/2000[22:55:43] SMILES Parse Error: extra close parentheses while parsing: C1=C(C(=O)NC(=O)N1)[C@@H]2[C@H]([C@@H]([C@H](O2)COP(=O)([O-])OP(=O)([O-])OC[C@@H]3[C@H]([C@H]([C@@H](O3)N4C=NC5=C(N=CN=C54)N)O)O)O)O)N
[22:55:43] SMILES Parse Error: Failed parsing SMILES 'C1=C(C(=O)NC(=O)N1)[C@@H]2[C@H]([C@@H]([C@H](O2)COP(=O)([O-])OP(=O)([O-])OC[C@@H]3[C@H]([C@H]([C@@H](O3)N4C=NC5=C(N=CN=C54)N)O)O)O)O)N' for input: 'C1=C(C(=O)NC(=O)N1)[C@@H]2[C@H]([C@@H]([C@H](O2)COP(=O)([O-])OP(=O)([O-])OC[C@@H]3[C@H]([C@H]([C@@H](O3)N4C=NC5=C(N=CN=C54)N)O)O)O)O)N'

Progress: 1918/2000
Progress: 1919/2000
Progress: 1920/2000
Progress: 1921/2000
Progress: 1922/2000[22:55:51] SMILES Parse Error: extra close parentheses while parsing: C1[C@@H]([C@H](O[C@H]1N2C=NC3=C2N=C(NC3=O)N)COP(=O)(O)OP(=O)(O)OC[C@@H]4[C@H]([C@H]([C@@H](O4)N5C=NC6=C5N=C(NC6=O)N)O)O)O)O
[22:55:51] SMILES Parse Error: Failed parsing SMILES 'C1[C@@H]([C@H](O[C@H]1N2C=NC3=C2N=C(NC3=O)N)COP(=O)(O)OP(=O)(O)OC[C@@H]4[C@H]([C@H]([C@@H](O4)N5C=NC6=C5N=C(NC6=O)N)O)O)O)O' for input: 'C1[C@@H]([C@H](O[C@H]1N2C=NC3=C2N=C(NC3=O)N)COP(=O)(O)OP(=O)(O)OC[C@@H]4[C@H]([C@H]([C@@H](O4)N5C=NC6=C5N=C(NC6=O)N)O)O)O)O'

Progress: 1923/2000
Progress: 1924/2000[22:55:55] SMILES Parse Error: extra close parentheses while parsing: C1=C(C(=O)NC(=O)N1[C@H]2[C@@H]([C@@H]([C@H](O2)COP(=O)([O-])OP(=O)([O-])OC[C@@H]3[C@H]([C@H]([C@@H](O3)N4C=NC5=C(N=CN=C54)N)O)O)O)O)O)N
[22:55:55] SMILES Parse Error: Failed parsing SMILES 'C1=C(C(=O)NC(=O)N1[C@H]2[C@@H]([C@@H]([C@H](O2)COP(=O)([O-])OP(=O)([O-])OC[C@@H]3[C@H]([C@H]([C@@H](O3)N4C=NC5=C(N=CN=C54)N)O)O)O)O)O)N' for input: 'C1=C(C(=O)NC(=O)N1[C@H]2[C@@H]([C@@H]([C@H](O2)COP(=O)([O-])OP(=O)([O-])OC[C@@H]3[C@H]([C@H]([C@@H](O3)N4C=NC5=C(N=CN=C54)N)O)O)O)O)O)N'

Progress: 1925/2000[22:55:56] SMILES Parse Error: extra close parentheses while parsing: C1[C@@H]([C@H](O[C@H]1N2C=NC3=C2N=C(NC3=O)N)COP(=O)(O)OP(=O)(O)OC[C@@H]4[C@H]([C@H]([C@@H](O4)N5C=NC6=C5N=C(NC6=O)N)O)O)O)O
[22:55:56] SMILES Parse Error: Failed parsing SMILES 'C1[C@@H]([C@H](O[C@H]1N2C=NC3=C2N=C(NC3=O)N)COP(=O)(O)OP(=O)(O)OC[C@@H]4[C@H]([C@H]([C@@H](O4)N5C=NC6=C5N=C(NC6=O)N)O)O)O)O' for input: 'C1[C@@H]([C@H](O[C@H]1N2C=NC3=C2N=C(NC3=O)N)COP(=O)(O)OP(=O)(O)OC[C@@H]4[C@H]([C@H]([C@@H](O4)N5C=NC6=C5N=C(NC6=O)N)O)O)O)O'

Progress: 1926/2000[22:55:58] SMILES Parse Error: extra close parentheses while parsing: C1=C(C(=O)NC(=O)N1)[C@H]2[C@@H]([C@@H]([C@H](O2)COP(=O)([O-])OP(=O)([O-])OC[C@@H]3[C@H]([C@H]([C@@H](O3)N4C=NC5=C(N=CN=C54)N)O)O)O)O)N
[22:55:58] SMILES Parse Error: Failed parsing SMILES 'C1=C(C(=O)NC(=O)N1)[C@H]2[C@@H]([C@@H]([C@H](O2)COP(=O)([O-])OP(=O)([O-])OC[C@@H]3[C@H]([C@H]([C@@H](O3)N4C=NC5=C(N=CN=C54)N)O)O)O)O)N' for input: 'C1=C(C(=O)NC(=O)N1)[C@H]2[C@@H]([C@@H]([C@H](O2)COP(=O)([O-])OP(=O)([O-])OC[C@@H]3[C@H]([C@H]([C@@H](O3)N4C=NC5=C(N=CN=C54)N)O)O)O)O)N'

Progress: 1927/2000[22:56:00] SMILES Parse Error: extra close parentheses while parsing: C1[C@@H]([C@H](O[C@H]1N2C=NC3=C2N=C(NC3=O)N)COP(=O)(O)OP(=O)(O)OC[C@@H]4[C@H]([C@H]([C@@H](O4)N5C=NC6=C5N=C(NC6=O)N)O)O)O)O
[22:56:00] SMILES Parse Error: Failed parsing SMILES 'C1[C@@H]([C@H](O[C@H]1N2C=NC3=C2N=C(NC3=O)N)COP(=O)(O)OP(=O)(O)OC[C@@H]4[C@H]([C@H]([C@@H](O4)N5C=NC6=C5N=C(NC6=O)N)O)O)O)O' for input: 'C1[C@@H]([C@H](O[C@H]1N2C=NC3=C2N=C(NC3=O)N)COP(=O)(O)OP(=O)(O)OC[C@@H]4[C@H]([C@H]([C@@H](O4)N5C=NC6=C5N=C(NC6=O)N)O)O)O)O'

Progress: 1928/2000
Progress: 1929/2000
Progress: 1930/2000[22:56:05] SMILES Parse Error: extra close parentheses while parsing: C1[C@@H]([C@H]([C@@H](O[C@@]1(C(=O)O)O)[C@@H](CO)O)O)OP(=O)(O)OP(=O)(O)OC[C@@H]2[C@H]([C@H]([C@@H](O2)N3C=NC4=C3N=C(NC4=O)N)O)O)O.O.O.O
[22:56:05] SMILES Parse Error: Failed parsing SMILES 'C1[C@@H]([C@H]([C@@H](O[C@@]1(C(=O)O)O)[C@@H](CO)O)O)OP(=O)(O)OP(=O)(O)OC[C@@H]2[C@H]([C@H]([C@@H](O2)N3C=NC4=C3N=C(NC4=O)N)O)O)O.O.O.O' for input: 'C1[C@@H]([C@H]([C@@H](O[C@@]1(C(=O)O)O)[C@@H](CO)O)O)OP(=O)(O)OP(=O)(O)OC[C@@H]2[C@H]([C@H]([C@@H](O2)N3C=NC4=C3N=C(NC4=O)N)O)O)O.O.O.O'

Progress: 1931/2000
Progress: 1932/2000
Progress: 1933/2000
Progress: 1934/2000
Progress: 1935/2000[22:56:10] SMILES Parse Error: extra close parentheses while parsing: C1=C(C(=O)NC(=O)N1)[C@H]2[C@@H]([C@@H]([C@H](O2)COP(=O)([O-])OP(=O)([O-])OC[C@@H]3[C@H]([C@H]([C@@H](O3)N4C=NC5=C(N=CN=C54)N)O)O)O)O)N
[22:56:10] SMILES Parse Error: Failed parsing SMILES 'C1=C(C(=O)NC(=O)N1)[C@H]2[C@@H]([C@@H]([C@H](O2)COP(=O)([O-])OP(=O)([O-])OC[C@@H]3[C@H]([C@H]([C@@H](O3)N4C=NC5=C(N=CN=C54)N)O)O)O)O)N' for input: 'C1=C(C(=O)NC(=O)N1)[C@H]2[C@@H]([C@@H]([C@H](O2)COP(=O)([O-])OP(=O)([O-])OC[C@@H]3[C@H]([C@H]([C@@H](O3)N4C=NC5=C(N=CN=C54)N)O)O)O)O)N'

Progress: 1936/2000
Progress: 1937/2000[22:56:13] SMILES Parse Error: extra close parentheses while parsing: C1=C(C(=O)NC(=O)N1)[C@@H]2[C@H]([C@@H]([C@H](O2)COP(=O)([O-])OP(=O)([O-])OC[C@@H]3[C@H]([C@H]([C@@H](O3)N4C=NC5=C(N=CN=C54)N)O)O)O)O)O)N
[22:56:13] SMILES Parse Error: Failed parsing SMILES 'C1=C(C(=O)NC(=O)N1)[C@@H]2[C@H]([C@@H]([C@H](O2)COP(=O)([O-])OP(=O)([O-])OC[C@@H]3[C@H]([C@H]([C@@H](O3)N4C=NC5=C(N=CN=C54)N)O)O)O)O)O)N' for input: 'C1=C(C(=O)NC(=O)N1)[C@@H]2[C@H]([C@@H]([C@H](O2)COP(=O)([O-])OP(=O)([O-])OC[C@@H]3[C@H]([C@H]([C@@H](O3)N4C=NC5=C(N=CN=C54)N)O)O)O)O)O)N'

Progress: 1938/2000
Progress: 1939/2000[22:56:16] SMILES Parse Error: extra open parentheses for input: 'CC1=C(C(=O)C2=NC3=C(N=C(NC3=O)[O-])N(C2=C1)C[C@@H]([C@@H]([C@@H](COP(=O)([O-])[O-])O)O)O'

Progress: 1940/2000
Progress: 1941/2000[22:56:19] SMILES Parse Error: extra close parentheses while parsing: C1=C(C(=O)NC(=O)N1)[C@H]2[C@@H]([C@@H]([C@H](O2)COP(=O)([O-])OP(=O)([O-])OC[C@@H]3[C@H]([C@H]([C@@H](O3)N4C=NC5=C(N=CN=C54)N)O)O)O)O)O
[22:56:19] SMILES Parse Error: Failed parsing SMILES 'C1=C(C(=O)NC(=O)N1)[C@H]2[C@@H]([C@@H]([C@H](O2)COP(=O)([O-])OP(=O)([O-])OC[C@@H]3[C@H]([C@H]([C@@H](O3)N4C=NC5=C(N=CN=C54)N)O)O)O)O)O' for input: 'C1=C(C(=O)NC(=O)N1)[C@H]2[C@@H]([C@@H]([C@H](O2)COP(=O)([O-])OP(=O)([O-])OC[C@@H]3[C@H]([C@H]([C@@H](O3)N4C=NC5=C(N=CN=C54)N)O)O)O)O)O'

Progress: 1942/2000[22:56:20] SMILES Parse Error: extra close parentheses while parsing: CCC1=C(C2=NC1=CC3=C(C4=C(N3)C(=C5[C@H]([C@@H](C(=CC6=NC(=C2)C(=C6C)C=C)N5)C)CCC(=O)O)C4=N3)O)C)C
[22:56:20] SMILES Parse Error: Failed parsing SMILES 'CCC1=C(C2=NC1=CC3=C(C4=C(N3)C(=C5[C@H]([C@@H](C(=CC6=NC(=C2)C(=C6C)C=C)N5)C)CCC(=O)O)C4=N3)O)C)C' for input: 'CCC1=C(C2=NC1=CC3=C(C4=C(N3)C(=C5[C@H]([C@@H](C(=CC6=NC(=C2)C(=C6C)C=C)N5)C)CCC(=O)O)C4=N3)O)C)C'

Progress: 1943/2000
Progress: 1944/2000
Progress: 1945/2000[22:56:27] SMILES Parse Error: extra close parentheses while parsing: C1C=CN(C=C1C(=O)N)[C@H]2[C@@H]([C@@H]([C@H](O2)COP(=O)([O-])OP(=O)([O-])OC[C@@H]3[C@H]([C@H]([C@@H](O3)N4C=NC5=C(N=CN=C54)N)O)O)O)O)O
[22:56:27] SMILES Parse Error: Failed parsing SMILES 'C1C=CN(C=C1C(=O)N)[C@H]2[C@@H]([C@@H]([C@H](O2)COP(=O)([O-])OP(=O)([O-])OC[C@@H]3[C@H]([C@H]([C@@H](O3)N4C=NC5=C(N=CN=C54)N)O)O)O)O)O' for input: 'C1C=CN(C=C1C(=O)N)[C@H]2[C@@H]([C@@H]([C@H](O2)COP(=O)([O-])OP(=O)([O-])OC[C@@H]3[C@H]([C@H]([C@@H](O3)N4C=NC5=C(N=CN=C54)N)O)O)O)O)O'

Progress: 1946/2000[22:56:30] SMILES Parse Error: extra close parentheses while parsing: C1=C(C(=O)NC(=O)N1)[C@@H]2[C@H]([C@@H]([C@H](O2)COP(=O)([O-])OP(=O)([O-])OC[C@@H]3[C@H]([C@H]([C@@H](O3)N4C=NC5=C(N=CN=C54)N)O)O)O)O)O.C1=NC2=C(C(=O)NC2=O)C3=CC=C(C=C3)O)O
[22:56:30] SMILES Parse Error: Failed parsing SMILES 'C1=C(C(=O)NC(=O)N1)[C@@H]2[C@H]([C@@H]([C@H](O2)COP(=O)([O-])OP(=O)([O-])OC[C@@H]3[C@H]([C@H]([C@@H](O3)N4C=NC5=C(N=CN=C54)N)O)O)O)O)O.C1=NC2=C(C(=O)NC2=O)C3=CC=C(C=C3)O)O' for input: 'C1=C(C(=O)NC(=O)N1)[C@@H]2[C@H]([C@@H]([C@H](O2)COP(=O)([O-])OP(=O)([O-])OC[C@@H]3[C@H]([C@H]([C@@H](O3)N4C=NC5=C(N=CN=C54)N)O)O)O)O)O.C1=NC2=C(C(=O)NC2=O)C3=CC=C(C=C3)O)O'

Progress: 1947/2000
Progress: 1948/2000
Progress: 1949/2000[22:56:35] SMILES Parse Error: extra close parentheses while parsing: C1=C(C(=O)NC(=O)N1)[C@H]2[C@@H]([C@@H]([C@H](O2)COP(=O)([O-])OP(=O)([O-])OC[C@@H]3[C@H]([C@H]([C@@H](O3)N4C=NC5=C(N=CN=C54)N)O)O)O)O)O
[22:56:35] SMILES Parse Error: Failed parsing SMILES 'C1=C(C(=O)NC(=O)N1)[C@H]2[C@@H]([C@@H]([C@H](O2)COP(=O)([O-])OP(=O)([O-])OC[C@@H]3[C@H]([C@H]([C@@H](O3)N4C=NC5=C(N=CN=C54)N)O)O)O)O)O' for input: 'C1=C(C(=O)NC(=O)N1)[C@H]2[C@@H]([C@@H]([C@H](O2)COP(=O)([O-])OP(=O)([O-])OC[C@@H]3[C@H]([C@H]([C@@H](O3)N4C=NC5=C(N=CN=C54)N)O)O)O)O)O'

Progress: 1950/2000
Progress: 1951/2000[22:56:38] SMILES Parse Error: extra close parentheses while parsing: C1=C(C(=O)NC(=O)N1)[C@@H]2[C@H]([C@@H]([C@H](O2)COP(=O)(O)OP(=O)(O)OC[C@@H]3[C@H]([C@H]([C@@H](O3)N4C=NC5=C(N=CN=C54)N)O)O)O)O)O
[22:56:38] SMILES Parse Error: Failed parsing SMILES 'C1=C(C(=O)NC(=O)N1)[C@@H]2[C@H]([C@@H]([C@H](O2)COP(=O)(O)OP(=O)(O)OC[C@@H]3[C@H]([C@H]([C@@H](O3)N4C=NC5=C(N=CN=C54)N)O)O)O)O)O' for input: 'C1=C(C(=O)NC(=O)N1)[C@@H]2[C@H]([C@@H]([C@H](O2)COP(=O)(O)OP(=O)(O)OC[C@@H]3[C@H]([C@H]([C@@H](O3)N4C=NC5=C(N=CN=C54)N)O)O)O)O)O'

Progress: 1952/2000
Progress: 1953/2000[22:56:42] SMILES Parse Error: extra close parentheses while parsing: C1=C(C(=O)NC(=O)N1)[C@H]2[C@@H]([C@@H]([C@H](O2)COP(=O)([O-])OP(=O)([O-])OC[C@@H]3[C@H]([C@H]([C@@H](O3)N4C=NC5=C(N=CN=C54)N)O)O)O)O)N
[22:56:42] SMILES Parse Error: Failed parsing SMILES 'C1=C(C(=O)NC(=O)N1)[C@H]2[C@@H]([C@@H]([C@H](O2)COP(=O)([O-])OP(=O)([O-])OC[C@@H]3[C@H]([C@H]([C@@H](O3)N4C=NC5=C(N=CN=C54)N)O)O)O)O)N' for input: 'C1=C(C(=O)NC(=O)N1)[C@H]2[C@@H]([C@@H]([C@H](O2)COP(=O)([O-])OP(=O)([O-])OC[C@@H]3[C@H]([C@H]([C@@H](O3)N4C=NC5=C(N=CN=C54)N)O)O)O)O)N'

Progress: 1954/2000[22:56:43] SMILES Parse Error: extra close parentheses while parsing: C1=C(C(=O)NC(=O)N1)[C@H]2[C@@H]([C@@H]([C@H](O2)COP(=O)([O-])OP(=O)([O-])OC[C@@H]3[C@H]([C@H]([C@@H](O3)N4C=NC5=C(N=CN=C54)N)O)O)O)O)N
[22:56:43] SMILES Parse Error: Failed parsing SMILES 'C1=C(C(=O)NC(=O)N1)[C@H]2[C@@H]([C@@H]([C@H](O2)COP(=O)([O-])OP(=O)([O-])OC[C@@H]3[C@H]([C@H]([C@@H](O3)N4C=NC5=C(N=CN=C54)N)O)O)O)O)N' for input: 'C1=C(C(=O)NC(=O)N1)[C@H]2[C@@H]([C@@H]([C@H](O2)COP(=O)([O-])OP(=O)([O-])OC[C@@H]3[C@H]([C@H]([C@@H](O3)N4C=NC5=C(N=CN=C54)N)O)O)O)O)N'

Progress: 1955/2000[22:56:45] SMILES Parse Error: extra close parentheses while parsing: C1=C(C(=O)NC(=O)N1)[C@H]2[C@@H]([C@@H]([C@H](O2)COP(=O)([O-])OP(=O)([O-])OC[C@@H]3[C@H]([C@H]([C@@H](O3)N4C=NC5=C(N=CN=C54)N)O)O)O)O)O
[22:56:45] SMILES Parse Error: Failed parsing SMILES 'C1=C(C(=O)NC(=O)N1)[C@H]2[C@@H]([C@@H]([C@H](O2)COP(=O)([O-])OP(=O)([O-])OC[C@@H]3[C@H]([C@H]([C@@H](O3)N4C=NC5=C(N=CN=C54)N)O)O)O)O)O' for input: 'C1=C(C(=O)NC(=O)N1)[C@H]2[C@@H]([C@@H]([C@H](O2)COP(=O)([O-])OP(=O)([O-])OC[C@@H]3[C@H]([C@H]([C@@H](O3)N4C=NC5=C(N=CN=C54)N)O)O)O)O)O'

Progress: 1956/2000[22:56:47] SMILES Parse Error: unclosed ring for input: 'C1CC(=O)N(C1=O)[C@H]2C(=O)N[C@@H](C3=CC(=CC(=C3)O)O)C(=O)N[C@@H](CCC(=O)O)C(=O)N[C@@H](CCC(=O)O)C(=O)N[C@@H](CCC(=O)N)C(=O)O'

Progress: 1957/2000[22:56:49] SMILES Parse Error: extra close parentheses while parsing: C1=C(C(=O)NC(=O)N1)[C@@H]2[C@H]([C@@H]([C@H](O2)COP(=O)([O-])OP(=O)([O-])OC[C@@H]3[C@H]([C@H]([C@@H](O3)N4C=NC5=C(N=CN=C54)N)O)O)O)O)O.C1=NC2=C(C(=O)NC2=O)C3=CC(=CC3=C(C=C3)O)O
[22:56:49] SMILES Parse Error: Failed parsing SMILES 'C1=C(C(=O)NC(=O)N1)[C@@H]2[C@H]([C@@H]([C@H](O2)COP(=O)([O-])OP(=O)([O-])OC[C@@H]3[C@H]([C@H]([C@@H](O3)N4C=NC5=C(N=CN=C54)N)O)O)O)O)O.C1=NC2=C(C(=O)NC2=O)C3=CC(=CC3=C(C=C3)O)O' for input: 'C1=C(C(=O)NC(=O)N1)[C@@H]2[C@H]([C@@H]([C@H](O2)COP(=O)([O-])OP(=O)([O-])OC[C@@H]3[C@H]([C@H]([C@@H](O3)N4C=NC5=C(N=CN=C54)N)O)O)O)O)O.C1=NC2=C(C(=O)NC2=O)C3=CC(=CC3=C(C=C3)O)O'

Progress: 1958/2000[22:56:51] SMILES Parse Error: extra close parentheses while parsing: C1=C(C(=O)NC(=O)N1)[C@H]2[C@@H]([C@@H]([C@H](O2)COP(=O)([O-])OP(=O)([O-])OC[C@@H]3[C@H]([C@H]([C@@H](O3)N4C=NC5=C(N=CN=C54)N)O)O)O)O)N
[22:56:51] SMILES Parse Error: Failed parsing SMILES 'C1=C(C(=O)NC(=O)N1)[C@H]2[C@@H]([C@@H]([C@H](O2)COP(=O)([O-])OP(=O)([O-])OC[C@@H]3[C@H]([C@H]([C@@H](O3)N4C=NC5=C(N=CN=C54)N)O)O)O)O)N' for input: 'C1=C(C(=O)NC(=O)N1)[C@H]2[C@@H]([C@@H]([C@H](O2)COP(=O)([O-])OP(=O)([O-])OC[C@@H]3[C@H]([C@H]([C@@H](O3)N4C=NC5=C(N=CN=C54)N)O)O)O)O)N'

Progress: 1959/2000
Progress: 1960/2000[22:56:56] SMILES Parse Error: extra close parentheses while parsing: C1=C(C(=O)NC(=O)N1)[C@@H]2[C@H]([C@@H]([C@H](O2)COP(=O)([O-])OP(=O)([O-])OC[C@@H]3[C@H]([C@H]([C@@H](O3)N4C=NC5=C(N=CN=C54)N)O)O)O)O)O)N
[22:56:56] SMILES Parse Error: Failed parsing SMILES 'C1=C(C(=O)NC(=O)N1)[C@@H]2[C@H]([C@@H]([C@H](O2)COP(=O)([O-])OP(=O)([O-])OC[C@@H]3[C@H]([C@H]([C@@H](O3)N4C=NC5=C(N=CN=C54)N)O)O)O)O)O)N' for input: 'C1=C(C(=O)NC(=O)N1)[C@@H]2[C@H]([C@@H]([C@H](O2)COP(=O)([O-])OP(=O)([O-])OC[C@@H]3[C@H]([C@H]([C@@H](O3)N4C=NC5=C(N=CN=C54)N)O)O)O)O)O)N'

Progress: 1961/2000
Progress: 1962/2000
Progress: 1963/2000
Progress: 1964/2000
Progress: 1965/2000
Progress: 1966/2000[22:57:05] SMILES Parse Error: extra close parentheses while parsing: C1=C(C(=O)NC(=O)N1)[C@@H]2[C@H]([C@@H]([C@H](O2)COP(=O)([O-])OP(=O)([O-])OC[C@@H]3[C@H]([C@H]([C@@H](O3)N4C=NC5=C(N=CN=C54)N)O)O)O)O)O.C1=NC2=C(C(=O)NC2=O)C3=CC=C(C=C3)O)O
[22:57:05] SMILES Parse Error: Failed parsing SMILES 'C1=C(C(=O)NC(=O)N1)[C@@H]2[C@H]([C@@H]([C@H](O2)COP(=O)([O-])OP(=O)([O-])OC[C@@H]3[C@H]([C@H]([C@@H](O3)N4C=NC5=C(N=CN=C54)N)O)O)O)O)O.C1=NC2=C(C(=O)NC2=O)C3=CC=C(C=C3)O)O' for input: 'C1=C(C(=O)NC(=O)N1)[C@@H]2[C@H]([C@@H]([C@H](O2)COP(=O)([O-])OP(=O)([O-])OC[C@@H]3[C@H]([C@H]([C@@H](O3)N4C=NC5=C(N=CN=C54)N)O)O)O)O)O.C1=NC2=C(C(=O)NC2=O)C3=CC=C(C=C3)O)O'

Progress: 1967/2000
Progress: 1968/2000[22:57:08] SMILES Parse Error: extra close parentheses while parsing: C1[C@@H]([C@H](O[C@H]1N2C=NC3=C2N=C(NC3=O)N)COP(=O)([O-])OP(=O)([O-])OC[C@@H]4[C@H]([C@H]([C@@H](O4)N5C=NC6=C5N=C(NC6=O)N)O)O)O)O)O
[22:57:08] SMILES Parse Error: Failed parsing SMILES 'C1[C@@H]([C@H](O[C@H]1N2C=NC3=C2N=C(NC3=O)N)COP(=O)([O-])OP(=O)([O-])OC[C@@H]4[C@H]([C@H]([C@@H](O4)N5C=NC6=C5N=C(NC6=O)N)O)O)O)O)O' for input: 'C1[C@@H]([C@H](O[C@H]1N2C=NC3=C2N=C(NC3=O)N)COP(=O)([O-])OP(=O)([O-])OC[C@@H]4[C@H]([C@H]([C@@H](O4)N5C=NC6=C5N=C(NC6=O)N)O)O)O)O)O'

Progress: 1969/2000
Progress: 1970/2000
Progress: 1971/2000[22:57:14] SMILES Parse Error: extra close parentheses while parsing: C1[C@@H]([C@H](O[C@H]1N2C=NC3=C2N=C(NC3=O)N)COP(=O)(O)OP(=O)(O)OC[C@@H]4[C@H]([C@H]([C@@H](O4)N5C=NC6=C5N=C(NC6=O)N)O)O)O)O
[22:57:14] SMILES Parse Error: Failed parsing SMILES 'C1[C@@H]([C@H](O[C@H]1N2C=NC3=C2N=C(NC3=O)N)COP(=O)(O)OP(=O)(O)OC[C@@H]4[C@H]([C@H]([C@@H](O4)N5C=NC6=C5N=C(NC6=O)N)O)O)O)O' for input: 'C1[C@@H]([C@H](O[C@H]1N2C=NC3=C2N=C(NC3=O)N)COP(=O)(O)OP(=O)(O)OC[C@@H]4[C@H]([C@H]([C@@H](O4)N5C=NC6=C5N=C(NC6=O)N)O)O)O)O'

Progress: 1972/2000[22:57:16] SMILES Parse Error: extra close parentheses while parsing: C1=C(C(=O)NC(=O)N1)[C@H]2[C@@H]([C@@H]([C@H](O2)COP(=O)([O-])OP(=O)([O-])OC[C@@H]3[C@H]([C@H]([C@@H](O3)N4C=NC5=C(N=CN=C54)N)O)O)O)O)N
[22:57:16] SMILES Parse Error: Failed parsing SMILES 'C1=C(C(=O)NC(=O)N1)[C@H]2[C@@H]([C@@H]([C@H](O2)COP(=O)([O-])OP(=O)([O-])OC[C@@H]3[C@H]([C@H]([C@@H](O3)N4C=NC5=C(N=CN=C54)N)O)O)O)O)N' for input: 'C1=C(C(=O)NC(=O)N1)[C@H]2[C@@H]([C@@H]([C@H](O2)COP(=O)([O-])OP(=O)([O-])OC[C@@H]3[C@H]([C@H]([C@@H](O3)N4C=NC5=C(N=CN=C54)N)O)O)O)O)N'

Progress: 1973/2000
Progress: 1974/2000
Progress: 1975/2000
Progress: 1976/2000
Progress: 1977/2000[22:57:23] SMILES Parse Error: extra close parentheses while parsing: C1=C(C(=O)NC(=O)N1)[C@H]2[C@@H]([C@@H]([C@H](O2)COP(=O)([O-])OP(=O)([O-])OC[C@@H]3[C@H]([C@H]([C@@H](O3)N4C=NC5=C(N=CN=C54)N)O)O)O)O)O
[22:57:23] SMILES Parse Error: Failed parsing SMILES 'C1=C(C(=O)NC(=O)N1)[C@H]2[C@@H]([C@@H]([C@H](O2)COP(=O)([O-])OP(=O)([O-])OC[C@@H]3[C@H]([C@H]([C@@H](O3)N4C=NC5=C(N=CN=C54)N)O)O)O)O)O' for input: 'C1=C(C(=O)NC(=O)N1)[C@H]2[C@@H]([C@@H]([C@H](O2)COP(=O)([O-])OP(=O)([O-])OC[C@@H]3[C@H]([C@H]([C@@H](O3)N4C=NC5=C(N=CN=C54)N)O)O)O)O)O'

Progress: 1978/2000[22:57:25] SMILES Parse Error: extra close parentheses while parsing: C1=C(C(=O)NC(=O)N1)[C@@H]2[C@H]([C@@H]([C@H](O2)COP(=O)([O-])OP(=O)([O-])OC[C@@H]3[C@H]([C@H]([C@@H](O3)N4C=NC5=C(N=CN=C54)N)O)O)O)O)O
[22:57:25] SMILES Parse Error: Failed parsing SMILES 'C1=C(C(=O)NC(=O)N1)[C@@H]2[C@H]([C@@H]([C@H](O2)COP(=O)([O-])OP(=O)([O-])OC[C@@H]3[C@H]([C@H]([C@@H](O3)N4C=NC5=C(N=CN=C54)N)O)O)O)O)O' for input: 'C1=C(C(=O)NC(=O)N1)[C@@H]2[C@H]([C@@H]([C@H](O2)COP(=O)([O-])OP(=O)([O-])OC[C@@H]3[C@H]([C@H]([C@@H](O3)N4C=NC5=C(N=CN=C54)N)O)O)O)O)O'

Progress: 1979/2000
Progress: 1980/2000
Progress: 1981/2000
Progress: 1982/2000[22:57:31] SMILES Parse Error: extra close parentheses while parsing: C1=C(C(=O)NC(=O)N1)[C@H]2[C@@H]([C@@H]([C@H](O2)COP(=O)([O-])OP(=O)([O-])OC[C@@H]3[C@H]([C@H]([C@@H](O3)N4C=NC5=C(N=CN=C54)N)O)O)O)O)N
[22:57:31] SMILES Parse Error: Failed parsing SMILES 'C1=C(C(=O)NC(=O)N1)[C@H]2[C@@H]([C@@H]([C@H](O2)COP(=O)([O-])OP(=O)([O-])OC[C@@H]3[C@H]([C@H]([C@@H](O3)N4C=NC5=C(N=CN=C54)N)O)O)O)O)N' for input: 'C1=C(C(=O)NC(=O)N1)[C@H]2[C@@H]([C@@H]([C@H](O2)COP(=O)([O-])OP(=O)([O-])OC[C@@H]3[C@H]([C@H]([C@@H](O3)N4C=NC5=C(N=CN=C54)N)O)O)O)O)N'

Progress: 1983/2000[22:57:33] SMILES Parse Error: extra open parentheses for input: 'CC1=C(C(=O)C2=NC3=C(N=C(NC3=O)[O-])N(C2=C1)C[C@@H]([C@@H]([C@@H](COP(=O)([O-])[O-])O)O)O'

Progress: 1984/2000[22:57:34] SMILES Parse Error: extra close parentheses while parsing: C1[C@@H]([C@H](O[C@H]1N2C=NC3=C2N=C(NC3=O)N)COP(=O)(O)OP(=O)(O)OC[C@@H]4[C@H]([C@H]([C@@H](O4)N5C=NC6=C5N=C(NC6=O)N)O)O)O)O
[22:57:34] SMILES Parse Error: Failed parsing SMILES 'C1[C@@H]([C@H](O[C@H]1N2C=NC3=C2N=C(NC3=O)N)COP(=O)(O)OP(=O)(O)OC[C@@H]4[C@H]([C@H]([C@@H](O4)N5C=NC6=C5N=C(NC6=O)N)O)O)O)O' for input: 'C1[C@@H]([C@H](O[C@H]1N2C=NC3=C2N=C(NC3=O)N)COP(=O)(O)OP(=O)(O)OC[C@@H]4[C@H]([C@H]([C@@H](O4)N5C=NC6=C5N=C(NC6=O)N)O)O)O)O'

Progress: 1985/2000
Progress: 1986/2000
Progress: 1987/2000[22:57:39] SMILES Parse Error: extra close parentheses while parsing: C1=C(C(=O)NC(=O)N1)[C@@H]2[C@H]([C@@H]([C@H](O2)COP(=O)([O-])OP(=O)([O-])OC[C@@H]3[C@H]([C@H]([C@@H](O3)N4C=NC5=C(N=CN=C54)N)O)O)O)O)O
[22:57:39] SMILES Parse Error: Failed parsing SMILES 'C1=C(C(=O)NC(=O)N1)[C@@H]2[C@H]([C@@H]([C@H](O2)COP(=O)([O-])OP(=O)([O-])OC[C@@H]3[C@H]([C@H]([C@@H](O3)N4C=NC5=C(N=CN=C54)N)O)O)O)O)O' for input: 'C1=C(C(=O)NC(=O)N1)[C@@H]2[C@H]([C@@H]([C@H](O2)COP(=O)([O-])OP(=O)([O-])OC[C@@H]3[C@H]([C@H]([C@@H](O3)N4C=NC5=C(N=CN=C54)N)O)O)O)O)O'

Progress: 1988/2000[22:57:41] SMILES Parse Error: extra close parentheses while parsing: C1=C(C(=O)NC(=O)N1)[C@H]2[C@@H]([C@@H]([C@H](O2)COP(=O)([O-])OP(=O)([O-])OC[C@@H]3[C@H]([C@H]([C@@H](O3)N4C=NC5=C(N=CN=C54)N)O)O)O)O)O
[22:57:41] SMILES Parse Error: Failed parsing SMILES 'C1=C(C(=O)NC(=O)N1)[C@H]2[C@@H]([C@@H]([C@H](O2)COP(=O)([O-])OP(=O)([O-])OC[C@@H]3[C@H]([C@H]([C@@H](O3)N4C=NC5=C(N=CN=C54)N)O)O)O)O)O' for input: 'C1=C(C(=O)NC(=O)N1)[C@H]2[C@@H]([C@@H]([C@H](O2)COP(=O)([O-])OP(=O)([O-])OC[C@@H]3[C@H]([C@H]([C@@H](O3)N4C=NC5=C(N=CN=C54)N)O)O)O)O)O'

Progress: 1989/2000[22:57:43] SMILES Parse Error: extra close parentheses while parsing: C1=C(C(=O)NC(=O)N1[C@H]2[C@@H]([C@@H]([C@H](O2)COP(=O)([O-])OP(=O)([O-])OC[C@@H]3[C@H]([C@H]([C@@H](O3)N4C=NC5=C(N=CN=C54)N)O)O)O)O)O)N
[22:57:43] SMILES Parse Error: Failed parsing SMILES 'C1=C(C(=O)NC(=O)N1[C@H]2[C@@H]([C@@H]([C@H](O2)COP(=O)([O-])OP(=O)([O-])OC[C@@H]3[C@H]([C@H]([C@@H](O3)N4C=NC5=C(N=CN=C54)N)O)O)O)O)O)N' for input: 'C1=C(C(=O)NC(=O)N1[C@H]2[C@@H]([C@@H]([C@H](O2)COP(=O)([O-])OP(=O)([O-])OC[C@@H]3[C@H]([C@H]([C@@H](O3)N4C=NC5=C(N=CN=C54)N)O)O)O)O)O)N'

Progress: 1990/2000[22:57:45] SMILES Parse Error: extra close parentheses while parsing: C1=C(C(=O)NC(=O)N1)[C@@H]2[C@H]([C@@H]([C@H](O2)COP(=O)([O-])OP(=O)([O-])OC[C@@H]3[C@H]([C@H]([C@@H](O3)N4C=NC5=C(N=CN=C54)N)O)O)O)O)O)N
[22:57:45] SMILES Parse Error: Failed parsing SMILES 'C1=C(C(=O)NC(=O)N1)[C@@H]2[C@H]([C@@H]([C@H](O2)COP(=O)([O-])OP(=O)([O-])OC[C@@H]3[C@H]([C@H]([C@@H](O3)N4C=NC5=C(N=CN=C54)N)O)O)O)O)O)N' for input: 'C1=C(C(=O)NC(=O)N1)[C@@H]2[C@H]([C@@H]([C@H](O2)COP(=O)([O-])OP(=O)([O-])OC[C@@H]3[C@H]([C@H]([C@@H](O3)N4C=NC5=C(N=CN=C54)N)O)O)O)O)O)N'

Progress: 1991/2000[22:57:48] SMILES Parse Error: extra close parentheses while parsing: C1C=CN(C=C1C(=O)N)[C@H]2[C@@H]([C@@H]([C@H](O2)COP(=O)([O-])OP(=O)([O-])OC[C@@H]3[C@H]([C@H]([C@@H](O3)N4C=NC5=C(N=CN=C54)N)O)O)O)O)O
[22:57:48] SMILES Parse Error: Failed parsing SMILES 'C1C=CN(C=C1C(=O)N)[C@H]2[C@@H]([C@@H]([C@H](O2)COP(=O)([O-])OP(=O)([O-])OC[C@@H]3[C@H]([C@H]([C@@H](O3)N4C=NC5=C(N=CN=C54)N)O)O)O)O)O' for input: 'C1C=CN(C=C1C(=O)N)[C@H]2[C@@H]([C@@H]([C@H](O2)COP(=O)([O-])OP(=O)([O-])OC[C@@H]3[C@H]([C@H]([C@@H](O3)N4C=NC5=C(N=CN=C54)N)O)O)O)O)O'

Progress: 1992/2000
Progress: 1993/2000[22:57:52] SMILES Parse Error: extra close parentheses while parsing: C1C=CN(C=C1C(=O)N)[C@H]2[C@@H]([C@@H]([C@H](O2)COP(=O)([O-])OP(=O)([O-])OC[C@@H]3[C@H]([C@H]([C@@H](O3)N4C=NC5=C(N=CN=C54)N)O)O)O)O)O
[22:57:52] SMILES Parse Error: Failed parsing SMILES 'C1C=CN(C=C1C(=O)N)[C@H]2[C@@H]([C@@H]([C@H](O2)COP(=O)([O-])OP(=O)([O-])OC[C@@H]3[C@H]([C@H]([C@@H](O3)N4C=NC5=C(N=CN=C54)N)O)O)O)O)O' for input: 'C1C=CN(C=C1C(=O)N)[C@H]2[C@@H]([C@@H]([C@H](O2)COP(=O)([O-])OP(=O)([O-])OC[C@@H]3[C@H]([C@H]([C@@H](O3)N4C=NC5=C(N=CN=C54)N)O)O)O)O)O'

Progress: 1994/2000
Progress: 1995/2000[22:57:55] SMILES Parse Error: extra close parentheses while parsing: C1=C(C(=O)NC(=O)N1)[C@H]2[C@@H]([C@@H]([C@H](O2)COP(=O)([O-])OP(=O)([O-])OC[C@@H]3[C@H]([C@H]([C@@H](O3)N4C=NC5=C(N=CN=C54)N)O)O)O)O)O
[22:57:55] SMILES Parse Error: Failed parsing SMILES 'C1=C(C(=O)NC(=O)N1)[C@H]2[C@@H]([C@@H]([C@H](O2)COP(=O)([O-])OP(=O)([O-])OC[C@@H]3[C@H]([C@H]([C@@H](O3)N4C=NC5=C(N=CN=C54)N)O)O)O)O)O' for input: 'C1=C(C(=O)NC(=O)N1)[C@H]2[C@@H]([C@@H]([C@H](O2)COP(=O)([O-])OP(=O)([O-])OC[C@@H]3[C@H]([C@H]([C@@H](O3)N4C=NC5=C(N=CN=C54)N)O)O)O)O)O'

Progress: 1996/2000
Progress: 1997/2000[22:57:58] SMILES Parse Error: extra close parentheses while parsing: C1=C(C(=O)NC(=O)N1)[C@@H]2[C@H]([C@@H]([C@H](O2)COP(=O)([O-])OP(=O)([O-])OC[C@@H]3[C@H]([C@H]([C@@H](O3)N4C=NC5=C(N=CN=C54)N)O)O)O)O)O
[22:57:58] SMILES Parse Error: Failed parsing SMILES 'C1=C(C(=O)NC(=O)N1)[C@@H]2[C@H]([C@@H]([C@H](O2)COP(=O)([O-])OP(=O)([O-])OC[C@@H]3[C@H]([C@H]([C@@H](O3)N4C=NC5=C(N=CN=C54)N)O)O)O)O)O' for input: 'C1=C(C(=O)NC(=O)N1)[C@@H]2[C@H]([C@@H]([C@H](O2)COP(=O)([O-])OP(=O)([O-])OC[C@@H]3[C@H]([C@H]([C@@H](O3)N4C=NC5=C(N=CN=C54)N)O)O)O)O)O'

Progress: 1998/2000[22:58:00] SMILES Parse Error: extra close parentheses while parsing: C1[C@@H]([C@H](O[C@H]1N2C=NC3=C2N=C(NC3=O)N)COP(=O)(O)OP(=O)(O)OC[C@@H]4[C@H]([C@H]([C@@H](O4)N5C=NC6=C5N=C(NC6=O)N)O)O)O)O
[22:58:00] SMILES Parse Error: Failed parsing SMILES 'C1[C@@H]([C@H](O[C@H]1N2C=NC3=C2N=C(NC3=O)N)COP(=O)(O)OP(=O)(O)OC[C@@H]4[C@H]([C@H]([C@@H](O4)N5C=NC6=C5N=C(NC6=O)N)O)O)O)O' for input: 'C1[C@@H]([C@H](O[C@H]1N2C=NC3=C2N=C(NC3=O)N)COP(=O)(O)OP(=O)(O)OC[C@@H]4[C@H]([C@H]([C@@H](O4)N5C=NC6=C5N=C(NC6=O)N)O)O)O)O'

Progress: 1999/2000
Progress: 2000/2000[22:58:03] DEPRECATION WARNING: please use MorganGenerator
[22:58:03] DEPRECATION WARNING: please use MorganGenerator
[22:58:03] DEPRECATION WARNING: please use MorganGenerator
[22:58:03] DEPRECATION WARNING: please use MorganGenerator
[22:58:03] DEPRECATION WARNING: please use MorganGenerator
[22:58:03] DEPRECATION WARNING: please use MorganGenerator
[22:58:03] DEPRECATION WARNING: please use MorganGenerator
[22:58:03] DEPRECATION WARNING: please use MorganGenerator
[22:58:03] DEPRECATION WARNING: please use MorganGenerator
[22:58:03] DEPRECATION WARNING: please use MorganGenerator
[22:58:03] DEPRECATION WARNING: please use MorganGenerator
[22:58:03] DEPRECATION WARNING: please use MorganGenerator
[22:58:03] DEPRECATION WARNING: please use MorganGenerator
[22:58:03] DEPRECATION WARNING: please use MorganGenerator
[22:58:03] DEPRECATION WARNING: please use MorganGenerator
[22:58:03] DEPRECATION WARNING: please use MorganGenerator
[22:58:03] DEPRECATION WARNING: please use MorganGenerator
[22:58:03] DEPRECATION WARNING: please use MorganGenerator
[22:58:03] DEPRECATION WARNING: please use MorganGenerator
[22:58:03] DEPRECATION WARNING: please use MorganGenerator
[22:58:03] DEPRECATION WARNING: please use MorganGenerator
[22:58:03] DEPRECATION WARNING: please use MorganGenerator
[22:58:03] DEPRECATION WARNING: please use MorganGenerator
[22:58:03] DEPRECATION WARNING: please use MorganGenerator
[22:58:03] DEPRECATION WARNING: please use MorganGenerator
[22:58:03] DEPRECATION WARNING: please use MorganGenerator
[22:58:03] DEPRECATION WARNING: please use MorganGenerator
[22:58:03] DEPRECATION WARNING: please use MorganGenerator
[22:58:03] DEPRECATION WARNING: please use MorganGenerator
[22:58:03] DEPRECATION WARNING: please use MorganGenerator
[22:58:03] DEPRECATION WARNING: please use MorganGenerator
[22:58:03] DEPRECATION WARNING: please use MorganGenerator
[22:58:03] DEPRECATION WARNING: please use MorganGenerator
[22:58:03] DEPRECATION WARNING: please use MorganGenerator
[22:58:03] DEPRECATION WARNING: please use MorganGenerator
[22:58:03] DEPRECATION WARNING: please use MorganGenerator
[22:58:03] DEPRECATION WARNING: please use MorganGenerator
[22:58:03] DEPRECATION WARNING: please use MorganGenerator
[22:58:03] DEPRECATION WARNING: please use MorganGenerator
[22:58:03] DEPRECATION WARNING: please use MorganGenerator
[22:58:03] DEPRECATION WARNING: please use MorganGenerator
[22:58:03] DEPRECATION WARNING: please use MorganGenerator
[22:58:03] DEPRECATION WARNING: please use MorganGenerator
[22:58:03] DEPRECATION WARNING: please use MorganGenerator
[22:58:03] DEPRECATION WARNING: please use MorganGenerator
[22:58:03] DEPRECATION WARNING: please use MorganGenerator
[22:58:03] DEPRECATION WARNING: please use MorganGenerator
[22:58:03] DEPRECATION WARNING: please use MorganGenerator
[22:58:03] DEPRECATION WARNING: please use MorganGenerator
[22:58:03] DEPRECATION WARNING: please use MorganGenerator
[22:58:03] DEPRECATION WARNING: please use MorganGenerator
[22:58:03] DEPRECATION WARNING: please use MorganGenerator
[22:58:03] DEPRECATION WARNING: please use MorganGenerator
[22:58:03] DEPRECATION WARNING: please use MorganGenerator
[22:58:03] DEPRECATION WARNING: please use MorganGenerator
[22:58:03] DEPRECATION WARNING: please use MorganGenerator
[22:58:03] DEPRECATION WARNING: please use MorganGenerator
[22:58:03] DEPRECATION WARNING: please use MorganGenerator
[22:58:03] DEPRECATION WARNING: please use MorganGenerator
[22:58:03] DEPRECATION WARNING: please use MorganGenerator
[22:58:03] DEPRECATION WARNING: please use MorganGenerator
[22:58:03] DEPRECATION WARNING: please use MorganGenerator
[22:58:03] DEPRECATION WARNING: please use MorganGenerator
[22:58:03] DEPRECATION WARNING: please use MorganGenerator
[22:58:03] DEPRECATION WARNING: please use MorganGenerator
[22:58:03] DEPRECATION WARNING: please use MorganGenerator
[22:58:03] DEPRECATION WARNING: please use MorganGenerator
[22:58:03] DEPRECATION WARNING: please use MorganGenerator
[22:58:03] DEPRECATION WARNING: please use MorganGenerator
[22:58:03] DEPRECATION WARNING: please use MorganGenerator
[22:58:03] DEPRECATION WARNING: please use MorganGenerator
[22:58:03] DEPRECATION WARNING: please use MorganGenerator
[22:58:03] DEPRECATION WARNING: please use MorganGenerator
[22:58:03] DEPRECATION WARNING: please use MorganGenerator
[22:58:03] DEPRECATION WARNING: please use MorganGenerator
[22:58:03] DEPRECATION WARNING: please use MorganGenerator
[22:58:03] DEPRECATION WARNING: please use MorganGenerator
[22:58:03] DEPRECATION WARNING: please use MorganGenerator
[22:58:03] DEPRECATION WARNING: please use MorganGenerator
[22:58:03] DEPRECATION WARNING: please use MorganGenerator
[22:58:03] DEPRECATION WARNING: please use MorganGenerator
[22:58:03] DEPRECATION WARNING: please use MorganGenerator
[22:58:03] DEPRECATION WARNING: please use MorganGenerator
[22:58:03] DEPRECATION WARNING: please use MorganGenerator
[22:58:03] DEPRECATION WARNING: please use MorganGenerator
[22:58:03] DEPRECATION WARNING: please use MorganGenerator
[22:58:03] DEPRECATION WARNING: please use MorganGenerator
[22:58:03] DEPRECATION WARNING: please use MorganGenerator
[22:58:03] DEPRECATION WARNING: please use MorganGenerator
[22:58:03] DEPRECATION WARNING: please use MorganGenerator
[22:58:03] DEPRECATION WARNING: please use MorganGenerator
[22:58:03] DEPRECATION WARNING: please use MorganGenerator
[22:58:03] DEPRECATION WARNING: please use MorganGenerator
[22:58:03] DEPRECATION WARNING: please use MorganGenerator
[22:58:03] DEPRECATION WARNING: please use MorganGenerator
[22:58:03] DEPRECATION WARNING: please use MorganGenerator
[22:58:03] DEPRECATION WARNING: please use MorganGenerator
[22:58:03] DEPRECATION WARNING: please use MorganGenerator
[22:58:03] DEPRECATION WARNING: please use MorganGenerator
[22:58:03] DEPRECATION WARNING: please use MorganGenerator
[22:58:03] DEPRECATION WARNING: please use MorganGenerator
[22:58:03] DEPRECATION WARNING: please use MorganGenerator
[22:58:03] DEPRECATION WARNING: please use MorganGenerator
[22:58:03] DEPRECATION WARNING: please use MorganGenerator
[22:58:03] DEPRECATION WARNING: please use MorganGenerator
[22:58:03] DEPRECATION WARNING: please use MorganGenerator
[22:58:03] DEPRECATION WARNING: please use MorganGenerator
[22:58:03] DEPRECATION WARNING: please use MorganGenerator
[22:58:03] DEPRECATION WARNING: please use MorganGenerator
[22:58:03] DEPRECATION WARNING: please use MorganGenerator
[22:58:03] DEPRECATION WARNING: please use MorganGenerator
[22:58:03] DEPRECATION WARNING: please use MorganGenerator
[22:58:03] DEPRECATION WARNING: please use MorganGenerator
[22:58:03] DEPRECATION WARNING: please use MorganGenerator
[22:58:03] DEPRECATION WARNING: please use MorganGenerator
[22:58:03] DEPRECATION WARNING: please use MorganGenerator
[22:58:03] DEPRECATION WARNING: please use MorganGenerator
[22:58:03] DEPRECATION WARNING: please use MorganGenerator
[22:58:03] DEPRECATION WARNING: please use MorganGenerator
[22:58:03] DEPRECATION WARNING: please use MorganGenerator
[22:58:03] DEPRECATION WARNING: please use MorganGenerator
[22:58:03] DEPRECATION WARNING: please use MorganGenerator
[22:58:03] DEPRECATION WARNING: please use MorganGenerator
[22:58:03] DEPRECATION WARNING: please use MorganGenerator
[22:58:03] DEPRECATION WARNING: please use MorganGenerator
[22:58:03] DEPRECATION WARNING: please use MorganGenerator
[22:58:03] DEPRECATION WARNING: please use MorganGenerator
[22:58:03] DEPRECATION WARNING: please use MorganGenerator
[22:58:03] DEPRECATION WARNING: please use MorganGenerator
[22:58:03] DEPRECATION WARNING: please use MorganGenerator
[22:58:03] DEPRECATION WARNING: please use MorganGenerator
[22:58:03] DEPRECATION WARNING: please use MorganGenerator
[22:58:03] DEPRECATION WARNING: please use MorganGenerator
[22:58:03] DEPRECATION WARNING: please use MorganGenerator
[22:58:03] DEPRECATION WARNING: please use MorganGenerator
[22:58:03] DEPRECATION WARNING: please use MorganGenerator
[22:58:03] DEPRECATION WARNING: please use MorganGenerator
[22:58:03] DEPRECATION WARNING: please use MorganGenerator
[22:58:03] DEPRECATION WARNING: please use MorganGenerator
[22:58:03] DEPRECATION WARNING: please use MorganGenerator
[22:58:03] DEPRECATION WARNING: please use MorganGenerator
[22:58:03] DEPRECATION WARNING: please use MorganGenerator
[22:58:03] DEPRECATION WARNING: please use MorganGenerator
[22:58:03] DEPRECATION WARNING: please use MorganGenerator
[22:58:03] DEPRECATION WARNING: please use MorganGenerator
[22:58:03] DEPRECATION WARNING: please use MorganGenerator
[22:58:03] DEPRECATION WARNING: please use MorganGenerator
[22:58:03] DEPRECATION WARNING: please use MorganGenerator
[22:58:03] DEPRECATION WARNING: please use MorganGenerator
[22:58:03] DEPRECATION WARNING: please use MorganGenerator
[22:58:03] DEPRECATION WARNING: please use MorganGenerator
[22:58:03] DEPRECATION WARNING: please use MorganGenerator
[22:58:03] DEPRECATION WARNING: please use MorganGenerator
[22:58:03] DEPRECATION WARNING: please use MorganGenerator
[22:58:03] DEPRECATION WARNING: please use MorganGenerator
[22:58:03] DEPRECATION WARNING: please use MorganGenerator
[22:58:03] DEPRECATION WARNING: please use MorganGenerator
[22:58:03] DEPRECATION WARNING: please use MorganGenerator
[22:58:03] DEPRECATION WARNING: please use MorganGenerator
[22:58:03] DEPRECATION WARNING: please use MorganGenerator
[22:58:03] DEPRECATION WARNING: please use MorganGenerator
[22:58:03] DEPRECATION WARNING: please use MorganGenerator
[22:58:03] DEPRECATION WARNING: please use MorganGenerator
[22:58:03] DEPRECATION WARNING: please use MorganGenerator
[22:58:03] DEPRECATION WARNING: please use MorganGenerator
[22:58:03] DEPRECATION WARNING: please use MorganGenerator
[22:58:03] DEPRECATION WARNING: please use MorganGenerator
[22:58:03] DEPRECATION WARNING: please use MorganGenerator
[22:58:03] DEPRECATION WARNING: please use MorganGenerator
[22:58:03] DEPRECATION WARNING: please use MorganGenerator
[22:58:03] DEPRECATION WARNING: please use MorganGenerator
[22:58:03] DEPRECATION WARNING: please use MorganGenerator
[22:58:03] DEPRECATION WARNING: please use MorganGenerator
[22:58:03] DEPRECATION WARNING: please use MorganGenerator
[22:58:03] DEPRECATION WARNING: please use MorganGenerator
[22:58:03] DEPRECATION WARNING: please use MorganGenerator
[22:58:03] DEPRECATION WARNING: please use MorganGenerator
[22:58:03] DEPRECATION WARNING: please use MorganGenerator
[22:58:03] DEPRECATION WARNING: please use MorganGenerator
[22:58:03] DEPRECATION WARNING: please use MorganGenerator
[22:58:03] DEPRECATION WARNING: please use MorganGenerator
[22:58:03] DEPRECATION WARNING: please use MorganGenerator
[22:58:03] DEPRECATION WARNING: please use MorganGenerator
[22:58:03] DEPRECATION WARNING: please use MorganGenerator
[22:58:03] DEPRECATION WARNING: please use MorganGenerator
[22:58:03] DEPRECATION WARNING: please use MorganGenerator

[3/3] Calculating metrics...

Results:
  Validity:              1007/1007 (50.35%)
  Uniqueness:            186/1007 (18.47%)
  Diversity:             0.8502
  Scaffold preservation: 0/2000 (0.0%)
  Property satisfaction: 38/2000 (1.9%)
  Overall success:       0/2000 (0.0%)

Results saved to: /root/autodl-tmp/multimodel/ablation_study/results/molt5_results.json
================================================================================


